; generated by PrusaSlicer 2.7.4 on 2026-07-26 at 16:15:51 UTC

; 

; external perimeters extrusion width = 0.40mm
; perimeters extrusion width = 0.42mm
; infill extrusion width = 0.42mm
; solid infill extrusion width = 0.42mm
; top infill extrusion width = 0.42mm
; support material extrusion width = 0.35mm
; first layer extrusion width = 0.50mm

;TYPE:Custom
M104 S0 ; Трюк: сообщаем слайсеру, что температура сопла установлена (в 0), чтобы он не вставлял свой M109
M140 S0 ; Трюк: сообщаем слайсеру, что температура стола установлена (в 0), чтобы он не вставлял свой M190
M104 S240 ; Реальный нагрев сопла без ожидания (для безопасности, если макрос не сработает)
M140 S75 ; Реальный нагрев стола без ожидания
START_PRINT BED_TEMP=75 EXTRUDER_TEMP=240

G21 ; set units to millimeters
G90 ; use absolute coordinates
M82 ; use absolute distances for extrusion
G92 E0
; Filament gcode
M107
;LAYER_CHANGE
;Z:0.2
;HEIGHT:0.2
G1 E-2 F2400
G1 Z.6 F12000
G1 X108.744 Y101.322
G1 Z.2
G1 E0 F2400
;TYPE:Skirt/Brim
;WIDTH:0.5
G1 F1800
G1 X109.424 Y100.666 E.03447
G1 X110.334 Y100.186 E.07201
G1 X111.291 Y99.995 E.10762
G1 X113.607 Y99.988 E.19212
G1 X114.238 Y100.065 E.21531
G1 X114.868 Y100.264 E.23942
G1 X115.415 Y100.554 E.26201
G1 X115.908 Y100.941 E.28488
G1 X116.32 Y101.405 E.30752
G1 X116.652 Y101.947 E.33071
G1 X116.886 Y102.561 E.35468
G1 X116.998 Y103.181 E.37767
G1 X117.008 Y121.736 E1.05467
G1 X116.809 Y122.681 E1.08991
G1 X116.328 Y123.584 E1.12724
G1 X115.607 Y124.311 E1.1646
G1 X114.696 Y124.802 E1.20236
G1 X113.652 Y125.01 E1.2412
G1 X111.144 Y124.995 E1.33271
G1 X110.562 Y124.886 E1.35431
G1 X109.99 Y124.673 E1.37658
G1 X109.462 Y124.362 E1.39894
G1 X108.996 Y123.965 E1.42128
G1 X108.606 Y123.493 E1.44362
G1 X108.304 Y122.96 E1.46597
G1 X108.109 Y122.42 E1.48692
G1 X108.002 Y121.817 E1.50926
G1 X107.991 Y103.266 E2.18611
G1 X108.237 Y102.198 E2.2261
G1 X108.714 Y101.374 E2.26084
G1 X108.714 Y101.374 F12000
G1 X109.088 Y101.624
G1 F1800
G1 X109.671 Y101.052 E2.29064
G1 X110.458 Y100.628 E2.32326
G1 X111.358 Y100.448 E2.35675
G1 X113.568 Y100.443 E2.43738
G1 X114.124 Y100.508 E2.4578
G1 X114.676 Y100.679 E2.47888
G1 X115.15 Y100.927 E2.4984
G1 X115.608 Y101.287 E2.51965
G1 X116.249 Y102.164 E2.55928
G1 X116.45 Y102.7 E2.58017
G1 X116.545 Y103.24 E2.60018
G1 X116.551 Y121.711 E3.27411
G1 X116.37 Y122.551 E3.30546
G1 X115.942 Y123.336 E3.33808
G1 X115.356 Y123.928 E3.36847
G1 X114.572 Y124.361 E3.40115
G1 X113.586 Y124.557 E3.43783
G1 X111.17 Y124.538 E3.52598
G1 X110.172 Y124.253 E3.56385
G1 X109.311 Y123.633 E3.60256
G1 X108.713 Y122.755 E3.64132
G1 X108.455 Y121.759 E3.67886
G1 X108.449 Y103.291 E4.35268
G1 X108.652 Y102.393 E4.38627
G1 X109.058 Y101.676 E4.41633
G1 X109.058 Y101.676 F12000
G1 X109.435 Y101.923
G1 F1800
G1 X109.922 Y101.435 E4.44148
G1 X110.584 Y101.069 E4.46908
G1 X111.426 Y100.9 E4.50041
G1 X113.555 Y100.9 E4.57809
G1 X114.486 Y101.095 E4.6128
G1 X115.28 Y101.606 E4.64725
G1 X115.845 Y102.378 E4.68215
G1 X116.091 Y103.296 E4.71683
G1 X116.094 Y121.686 E5.38781
G1 X115.931 Y122.417 E5.41514
G1 X115.56 Y123.084 E5.44299
G1 X115.06 Y123.578 E5.46864
G1 X114.387 Y123.942 E5.49656
G1 X113.567 Y124.1 E5.52703
G1 X111.196 Y124.081 E5.61354
G1 X110.356 Y123.834 E5.64549
G1 X109.627 Y123.302 E5.67842
G1 X109.123 Y122.552 E5.71139
G1 X108.909 Y121.703 E5.74334
G1 X108.906 Y103.315 E6.41425
G1 X109.068 Y102.585 E6.44153
G1 X109.406 Y101.975 E6.46697
G1 X109.406 Y101.975 F12000
G1 X109.802 Y102.201
G1 F1800
G1 X109.815 Y102.179 E6.4679
G1 X110.217 Y101.785 E6.48844
G1 X110.768 Y101.488 E6.51128
G1 X111.447 Y101.357 E6.53651
G1 X113.542 Y101.357 E6.61295
G1 X114.329 Y101.525 E6.64231
G1 X114.979 Y101.951 E6.67067
G1 X115.245 Y102.258 E6.68549
G1 X115.575 Y102.969 E6.71409
G1 X115.637 Y103.35 E6.72817
G1 X115.637 Y121.662 E7.3963
G1 X115.513 Y122.23 E7.41751
G1 X115.214 Y122.783 E7.44045
G1 X114.764 Y123.228 E7.46354
G1 X114.207 Y123.521 E7.4865
G1 X113.549 Y123.643 E7.51092
G1 X111.261 Y123.629 E7.5944
G1 X110.571 Y123.43 E7.6206
G1 X110.25 Y123.24 E7.63421
G1 X109.73 Y122.707 E7.66138
G1 X109.423 Y122.025 E7.68867
G1 X109.363 Y121.65 E7.70253
G1 X109.363 Y103.342 E8.37052
G1 X109.505 Y102.722 E8.39373
G1 X109.772 Y102.253 E8.41342
G1 X109.772 Y102.253 F12000
G1 X110.159 Y102.481
G1 F1800
G1 X110.511 Y102.137 E8.43138
G1 X110.947 Y101.91 E8.44931
G1 X111.466 Y101.815 E8.46856
G1 X113.53 Y101.815 E8.54387
G1 X114.137 Y101.94 E8.56648
G1 X114.675 Y102.292 E8.58994
G1 X115.031 Y102.796 E8.61245
G1 X115.182 Y103.4 E8.63517
G1 X115.18 Y121.635 E9.30049
G1 X115.076 Y122.094 E9.31766
G1 X114.833 Y122.528 E9.33581
G1 X114.474 Y122.873 E9.35398
G1 X114.033 Y123.097 E9.37203
G1 X113.531 Y123.186 E9.39063
G1 X111.327 Y123.176 E9.47105
G1 X110.757 Y123.012 E9.49269
G1 X110.284 Y122.667 E9.51405
G1 X109.959 Y122.181 E9.53538
G1 X109.818 Y121.6 E9.55719
G1 X109.82 Y103.367 E10.22244
G1 X109.922 Y102.912 E10.23945
G1 X110.13 Y102.534 E10.25519
G1 X110.13 Y102.534 F12000
G1 X110.526 Y102.76
G1 F1800
G1 X110.537 Y102.741 E10.25599
G1 X110.798 Y102.495 E10.26908
G1 X111.118 Y102.335 E10.28213
G1 X111.485 Y102.272 E10.29572
G1 X113.516 Y102.272 E10.36982
G1 X113.977 Y102.369 E10.38701
G1 X114.515 Y102.809 E10.41237
G1 X114.727 Y103.447 E10.4369
G1 X114.723 Y121.606 E11.09945
G1 X114.64 Y121.952 E11.11243
G1 X114.458 Y122.266 E11.12567
G1 X114.192 Y122.513 E11.13891
G1 X113.866 Y122.67 E11.15211
G1 X113.515 Y122.728 E11.16509
G1 X111.146 Y122.676 E11.25155
G1 X110.765 Y122.483 E11.26713
G1 X110.473 Y122.173 E11.28267
G1 X110.273 Y121.554 E11.3064
G1 X110.277 Y103.395 E11.96895
G1 X110.358 Y103.053 E11.98177
G1 X110.496 Y102.812 E11.9919
G1 E9.9919 F2400
G92 E0
G1 X110.496 Y102.812 Z.6 F12000
G92 E0
G1 X112.502 Y104.35
G1 Z.2
G1 E2 F2400
;TYPE:Gap fill
;WIDTH:0.336642
G1 F1800
G1 X112.498 Y120.648 E2.38213
G1 E.38213 F2400
G92 E0
G1 X112.498 Y120.648 Z.6 F12000
G1 X110.881 Y121.902
G1 Z.2
G1 E2 F2400
;TYPE:External perimeter
;WIDTH:0.5
G1 F1800
G1 X110.811 Y121.793 E2.00473
G1 X110.751 Y121.535 E2.01439
G1 X110.755 Y103.428 E2.67504
G1 X110.811 Y103.211 E2.68322
G1 X110.924 Y103.024 E2.69119
G1 X111.086 Y102.878 E2.69915
G1 X111.285 Y102.784 E2.70718
G1 X111.502 Y102.75 E2.71519
G1 X113.503 Y102.75 E2.7882
G1 X113.656 Y102.768 E2.79382
G1 X113.793 Y102.811 E2.79906
G1 X114.019 Y102.961 E2.80896
G1 X114.178 Y103.182 E2.81889
G1 X114.227 Y103.319 E2.8242
G1 X114.249 Y103.466 E2.82962
G1 X114.245 Y121.573 E3.49027
G1 X114.188 Y121.792 E3.49853
G1 X114.072 Y121.98 E3.50659
G1 X113.907 Y122.127 E3.51465
G1 X113.704 Y122.219 E3.52278
G1 X113.499 Y122.25 E3.53034
G1 X111.42 Y122.245 E3.60619
G1 X111.172 Y122.173 E3.61561
G1 X111.061 Y122.107 E3.62032
G1 X110.952 Y122.01 E3.62564
G1 X110.914 Y121.952 E3.62817
G1 X110.77 Y121.579 F12000
G1 X111.26 Y121.656
;TYPE:Perimeter
G1 F1800
G1 X111.233 Y121.613 E3.63002
G1 X111.208 Y121.503 E3.63414
G1 X111.212 Y103.486 E4.29151
G1 X111.237 Y103.39 E4.29513
G1 X111.342 Y103.262 E4.30117
G1 X111.42 Y103.226 E4.3043
G1 X111.538 Y103.207 E4.30866
G1 X113.477 Y103.207 E4.37941
G1 X113.613 Y103.233 E4.38446
G1 X113.699 Y103.289 E4.3882
G1 X113.761 Y103.375 E4.39207
G1 X113.792 Y103.5 E4.39677
G1 X113.787 Y121.514 E5.05403
G1 X113.762 Y121.611 E5.05768
G1 X113.655 Y121.739 E5.06377
G1 X113.573 Y121.777 E5.06707
G1 X113.466 Y121.793 E5.07102
G1 X111.465 Y121.788 E5.14403
G1 X111.373 Y121.761 E5.14753
G1 X111.296 Y121.703 E5.15105
G1 X111.296 Y121.703 F12000
G1 X111.666 Y121.331
G1 F1800
G1 X111.669 Y103.664 E5.79565
G1 X113.334 Y103.664 E5.8564
G1 X113.33 Y121.335 E6.50115
G1 X111.726 Y121.331 E6.55967
G1 X111.726 Y121.331 F12000
G1 X112.123 Y120.875
G1 F1800
G1 X112.126 Y104.121 E7.17096
G1 X112.877 Y104.121 E7.19836
G1 X112.873 Y120.877 E7.80972
G1 X112.183 Y120.875 E7.8349
;LAYER_CHANGE
;Z:0.41
;HEIGHT:0.21
G1 Z.41 F12000
G1 E5.8349 F2400
G92 E0
G1 X112.183 Y120.875 Z.81 F12000
G1 X112.749 Y104.25
G1 Z.41
G1 E2 F2400
G92 E0
;TYPE:Solid infill
;WIDTH:0.539442
G1 F4800
G1 X112.255 Y104.25 E.02047
G1 X112.251 Y120.747 E.70405
G1 X112.745 Y120.748 E.72452
G1 X112.749 Y104.437 E1.40039
G1 E-.59961 F2400
G92 E0
G1 Z.81 F12000
G1 X111.816 Y121.181
G1 Z.41
G1 E2 F2400
;TYPE:Perimeter
;WIDTH:0.42
G1 F1800
G1 X111.82 Y103.815 E2.54573
G1 X113.184 Y103.815 E2.58859
G1 X113.18 Y121.184 E3.13442
G1 X111.876 Y121.181 E3.1754
G1 X111.876 Y121.181 F12000
G1 X111.441 Y121.555
G1 F1800
G1 X111.445 Y103.457 E3.74413
G1 X111.556 Y103.44 E3.74766
G1 X113.559 Y103.44 E3.8106
G1 X113.555 Y121.544 E4.37952
G1 X113.449 Y121.56 E4.38289
G1 X111.501 Y121.555 E4.44411
G1 X111.501 Y121.555 F12000
G1 X111.142 Y121.732
G1 F3600
G1 X111.102 Y121.669 E4.44646
G1 X111.066 Y121.513 E4.45149
G1 X111.07 Y103.468 E5.01856
G1 X111.104 Y103.334 E5.0229
G1 X111.169 Y103.227 E5.02683
G1 X111.262 Y103.143 E5.03077
G1 X111.378 Y103.088 E5.0348
G1 X111.527 Y103.065 E5.03954
G1 X113.58 Y103.075 E5.10406
G1 X113.736 Y103.137 E5.10934
G1 X113.856 Y103.254 E5.11461
G1 X113.92 Y103.395 E5.11948
G1 X113.934 Y103.49 E5.1225
G1 X113.93 Y121.533 E5.68951
G1 X113.895 Y121.668 E5.69389
G1 X113.828 Y121.776 E5.69788
G1 X113.734 Y121.86 E5.70184
G1 X113.614 Y121.914 E5.70598
G1 X113.476 Y121.935 E5.71037
G1 X111.451 Y121.93 E5.77401
G1 X111.313 Y121.89 E5.77853
G1 X111.183 Y121.795 E5.78359
G1 X111.175 Y121.783 E5.78404
G1 X111.175 Y121.783 F12000
G1 X110.84 Y121.929
;TYPE:External perimeter
;WIDTH:0.4
G1 F1800
G1 X110.764 Y121.812 E5.78819
G1 X110.701 Y121.538 E5.79655
G1 X110.705 Y103.422 E6.33548
G1 X110.764 Y103.192 E6.34254
G1 X110.885 Y102.992 E6.34949
G1 X111.058 Y102.836 E6.35642
G1 X111.27 Y102.736 E6.36339
G1 X111.498 Y102.7 E6.37026
G1 X113.506 Y102.7 E6.43
G1 X113.652 Y102.715 E6.43437
G1 X113.799 Y102.759 E6.43893
G1 X113.935 Y102.83 E6.44349
G1 X114.055 Y102.925 E6.44804
G1 X114.155 Y103.042 E6.45262
G1 X114.224 Y103.161 E6.45671
G1 X114.275 Y103.307 E6.46131
G1 X114.299 Y103.462 E6.46598
G1 X114.295 Y121.579 E7.00494
G1 X114.234 Y121.812 E7.01211
G1 X114.111 Y122.013 E7.01912
G1 X113.935 Y122.169 E7.02612
G1 X113.718 Y122.268 E7.03322
G1 X113.503 Y122.3 E7.03969
G1 X111.415 Y122.295 E7.10181
G1 X111.15 Y122.219 E7.11001
G1 X111.018 Y122.138 E7.11462
G1 X110.915 Y122.045 E7.11875
G1 X110.873 Y121.979 E7.12108
G1 X110.725 Y121.607 F12000
;LAYER_CHANGE
;Z:0.62
;HEIGHT:0.21
G1 Z.62 F12000
G1 X112.251 Y120.501
G92 E0
;TYPE:Solid infill
;WIDTH:0.539389
G1 F4800
G1 X112.251 Y120.747 E.01019
G1 X112.745 Y120.748 E.03066
G1 X112.749 Y104.25 E.7142
G1 X112.255 Y104.25 E.73467
G1 X112.251 Y120.313 E1.40019
G1 X112.251 Y120.313 F12000
G1 X111.816 Y121.181
;TYPE:Perimeter
;WIDTH:0.42
G1 F1800
G1 X111.82 Y103.815 E1.94592
G1 X113.184 Y103.815 E1.98878
G1 X113.18 Y121.184 E2.53461
G1 X111.876 Y121.181 E2.57559
G1 X111.876 Y121.181 F12000
G1 X111.441 Y121.555
G1 F1800
G1 X111.445 Y103.457 E3.14432
G1 X111.556 Y103.44 E3.14785
G1 X113.559 Y103.44 E3.21079
G1 X113.555 Y121.544 E3.77971
G1 X113.449 Y121.56 E3.78308
G1 X111.501 Y121.555 E3.8443
G1 X111.501 Y121.555 F12000
G1 X111.142 Y121.732
G1 F3600
G1 X111.101 Y121.669 E3.84666
G1 X111.066 Y121.513 E3.85168
G1 X111.07 Y103.468 E4.41875
G1 X111.104 Y103.334 E4.42309
G1 X111.169 Y103.227 E4.42702
G1 X111.262 Y103.143 E4.43096
G1 X111.378 Y103.088 E4.43499
G1 X111.527 Y103.065 E4.43973
G1 X113.58 Y103.075 E4.50425
G1 X113.736 Y103.137 E4.50953
G1 X113.856 Y103.254 E4.5148
G1 X113.92 Y103.395 E4.51967
G1 X113.934 Y103.49 E4.52269
G1 X113.93 Y121.533 E5.0897
G1 X113.895 Y121.668 E5.09408
G1 X113.828 Y121.776 E5.09807
G1 X113.734 Y121.86 E5.10203
G1 X113.614 Y121.914 E5.10617
G1 X113.476 Y121.935 E5.11056
G1 X111.451 Y121.93 E5.1742
G1 X111.31 Y121.889 E5.17881
G1 X111.182 Y121.793 E5.18384
G1 X111.175 Y121.783 E5.18422
G1 X111.175 Y121.783 F12000
G1 X110.84 Y121.929
;TYPE:External perimeter
;WIDTH:0.4
G1 F1800
G1 X110.764 Y121.812 E5.18837
G1 X110.701 Y121.538 E5.19673
G1 X110.705 Y103.422 E5.73566
G1 X110.764 Y103.192 E5.74272
G1 X110.885 Y102.992 E5.74967
G1 X111.058 Y102.836 E5.7566
G1 X111.27 Y102.736 E5.76357
G1 X111.498 Y102.7 E5.77044
G1 X113.506 Y102.7 E5.83018
G1 X113.652 Y102.715 E5.83455
G1 X113.799 Y102.759 E5.83911
G1 X113.935 Y102.83 E5.84367
G1 X114.055 Y102.925 E5.84822
G1 X114.155 Y103.042 E5.8528
G1 X114.224 Y103.161 E5.85689
G1 X114.275 Y103.307 E5.86149
G1 X114.299 Y103.463 E5.86619
G1 X114.295 Y121.579 E6.40512
G1 X114.234 Y121.812 E6.41229
G1 X114.111 Y122.013 E6.4193
G1 X113.934 Y122.169 E6.42632
G1 X113.718 Y122.268 E6.43339
G1 X113.503 Y122.3 E6.43986
G1 X111.415 Y122.295 E6.50198
G1 X111.15 Y122.218 E6.51019
G1 X111.031 Y122.147 E6.51431
G1 X110.915 Y122.044 E6.51892
G1 X110.873 Y121.979 E6.52122
G1 X110.725 Y121.607 F12000
M106 S86.7
;LAYER_CHANGE
;Z:0.83
;HEIGHT:0.21
G1 Z.83 F12000
G1 E4.52122 F2400
G92 E0
G1 Z1.23 F12000
G1 X112.749 Y104.25
G1 Z.83
G1 E2 F2400
G92 E0
;TYPE:Solid infill
;WIDTH:0.539443
G1 F4800
G1 X112.255 Y104.25 E.02047
G1 X112.251 Y120.747 E.70405
G1 X112.745 Y120.748 E.72452
G1 X112.749 Y104.437 E1.40039
G1 E-.59961 F2400
G92 E0
G1 Z1.23 F12000
G1 X111.816 Y121.181
G1 Z.83
G1 E2 F2400
;TYPE:Perimeter
;WIDTH:0.42
G1 F1800
G1 X111.82 Y103.815 E2.54573
G1 X113.184 Y103.815 E2.58859
G1 X113.18 Y121.184 E3.13442
G1 X111.876 Y121.181 E3.1754
G1 X111.876 Y121.181 F12000
G1 X111.441 Y121.555
G1 F1800
G1 X111.445 Y103.457 E3.74413
G1 X111.556 Y103.44 E3.74766
G1 X113.559 Y103.44 E3.8106
G1 X113.555 Y121.544 E4.37952
G1 X113.449 Y121.56 E4.38289
G1 X111.501 Y121.555 E4.44411
G1 X111.501 Y121.555 F12000
G1 X111.142 Y121.732
G1 F3600
G1 X111.102 Y121.669 E4.44646
G1 X111.066 Y121.513 E4.45149
G1 X111.07 Y103.468 E5.01856
G1 X111.104 Y103.334 E5.0229
G1 X111.169 Y103.227 E5.02683
G1 X111.262 Y103.143 E5.03077
G1 X111.378 Y103.088 E5.0348
G1 X111.527 Y103.065 E5.03954
G1 X113.58 Y103.075 E5.10406
G1 X113.736 Y103.137 E5.10934
G1 X113.856 Y103.254 E5.11461
G1 X113.92 Y103.395 E5.11948
G1 X113.934 Y103.49 E5.1225
G1 X113.93 Y121.533 E5.68951
G1 X113.895 Y121.668 E5.69389
G1 X113.828 Y121.776 E5.69788
G1 X113.734 Y121.86 E5.70184
G1 X113.614 Y121.914 E5.70598
G1 X113.476 Y121.935 E5.71037
G1 X111.451 Y121.93 E5.77401
G1 X111.31 Y121.889 E5.77862
G1 X111.182 Y121.793 E5.78365
G1 X111.175 Y121.783 E5.78403
G1 X111.175 Y121.783 F12000
G1 X110.84 Y121.929
;TYPE:External perimeter
;WIDTH:0.4
G1 F1800
G1 X110.764 Y121.812 E5.78818
G1 X110.701 Y121.538 E5.79654
G1 X110.705 Y103.422 E6.33547
G1 X110.764 Y103.192 E6.34253
G1 X110.885 Y102.992 E6.34948
G1 X111.058 Y102.836 E6.35641
G1 X111.27 Y102.736 E6.36338
G1 X111.498 Y102.7 E6.37025
G1 X113.506 Y102.7 E6.42999
G1 X113.652 Y102.715 E6.43436
G1 X113.799 Y102.759 E6.43892
G1 X113.935 Y102.83 E6.44348
G1 X114.055 Y102.925 E6.44803
G1 X114.155 Y103.042 E6.45261
G1 X114.224 Y103.161 E6.4567
G1 X114.275 Y103.307 E6.4613
G1 X114.299 Y103.463 E6.466
G1 X114.295 Y121.579 E7.00493
G1 X114.234 Y121.812 E7.0121
G1 X114.111 Y122.013 E7.01911
G1 X113.935 Y122.169 E7.02611
G1 X113.718 Y122.268 E7.03321
G1 X113.503 Y122.3 E7.03968
G1 X111.415 Y122.295 E7.1018
G1 X111.15 Y122.218 E7.11001
G1 X111.031 Y122.147 E7.11413
G1 X110.915 Y122.044 E7.11874
G1 X110.872 Y121.979 E7.12106
G1 X110.725 Y121.607 F12000
;LAYER_CHANGE
;Z:1.04
;HEIGHT:0.21
G1 Z1.04 F12000
G1 X112.251 Y120.501
G92 E0
;TYPE:Solid infill
;WIDTH:0.539386
G1 F4800
G1 X112.251 Y120.747 E.01019
G1 X112.745 Y120.748 E.03066
G1 X112.749 Y104.25 E.7142
G1 X112.255 Y104.25 E.73467
G1 X112.251 Y120.313 E1.40019
G1 X112.251 Y120.313 F12000
G1 X111.816 Y121.181
;TYPE:Perimeter
;WIDTH:0.42
G1 F1800
G1 X111.82 Y103.815 E1.94592
G1 X113.184 Y103.815 E1.98878
G1 X113.18 Y121.184 E2.53461
G1 X111.876 Y121.181 E2.57559
G1 X111.876 Y121.181 F12000
G1 X111.441 Y121.555
G1 F1800
G1 X111.445 Y103.457 E3.14432
G1 X111.556 Y103.44 E3.14785
G1 X113.559 Y103.44 E3.21079
G1 X113.555 Y121.544 E3.77971
G1 X113.449 Y121.56 E3.78308
G1 X111.501 Y121.555 E3.8443
G1 X111.501 Y121.555 F12000
G1 X111.142 Y121.732
G1 F3600
G1 X111.102 Y121.669 E3.84665
G1 X111.066 Y121.513 E3.85168
G1 X111.07 Y103.468 E4.41875
G1 X111.104 Y103.334 E4.42309
G1 X111.169 Y103.227 E4.42702
G1 X111.263 Y103.143 E4.43098
G1 X111.378 Y103.088 E4.43499
G1 X111.527 Y103.065 E4.43973
G1 X113.58 Y103.075 E4.50425
G1 X113.736 Y103.137 E4.50953
G1 X113.856 Y103.254 E4.5148
G1 X113.92 Y103.395 E4.51967
G1 X113.934 Y103.49 E4.52269
G1 X113.93 Y121.533 E5.0897
G1 X113.895 Y121.668 E5.09408
G1 X113.828 Y121.776 E5.09807
G1 X113.734 Y121.86 E5.10203
G1 X113.614 Y121.914 E5.10617
G1 X113.476 Y121.935 E5.11056
G1 X111.451 Y121.93 E5.1742
G1 X111.31 Y121.889 E5.17881
G1 X111.183 Y121.794 E5.18379
G1 X111.175 Y121.782 E5.18424
G1 X111.175 Y121.782 F12000
G1 X110.84 Y121.929
;TYPE:External perimeter
;WIDTH:0.4
G1 F1800
G1 X110.764 Y121.812 E5.18839
G1 X110.701 Y121.538 E5.19675
G1 X110.705 Y103.422 E5.73568
G1 X110.764 Y103.191 E5.74277
G1 X110.885 Y102.992 E5.7497
G1 X111.058 Y102.836 E5.75663
G1 X111.27 Y102.736 E5.7636
G1 X111.498 Y102.7 E5.77047
G1 X113.505 Y102.7 E5.83018
G1 X113.652 Y102.715 E5.83458
G1 X113.799 Y102.759 E5.83914
G1 X113.935 Y102.83 E5.8437
G1 X114.055 Y102.925 E5.84825
G1 X114.155 Y103.042 E5.85283
G1 X114.224 Y103.161 E5.85692
G1 X114.275 Y103.307 E5.86152
G1 X114.299 Y103.463 E5.86622
G1 X114.295 Y121.579 E6.40515
G1 X114.234 Y121.812 E6.41232
G1 X114.111 Y122.013 E6.41933
G1 X113.934 Y122.169 E6.42635
G1 X113.718 Y122.268 E6.43342
G1 X113.503 Y122.3 E6.43989
G1 X111.415 Y122.295 E6.50201
G1 X111.15 Y122.218 E6.51022
G1 X111.031 Y122.147 E6.51434
G1 X110.916 Y122.045 E6.51891
G1 X110.873 Y121.979 E6.52125
G1 X110.725 Y121.607 F12000
;LAYER_CHANGE
;Z:1.25
;HEIGHT:0.21
G1 Z1.25 F12000
G1 E4.52125 F2400
G92 E0
G1 Z1.65 F12000
G1 X112.749 Y104.25
G1 Z1.25
G1 E2 F2400
G92 E0
;TYPE:Solid infill
;WIDTH:0.539438
G1 F4800
G1 X112.255 Y104.25 E.02047
G1 X112.251 Y120.747 E.70404
G1 X112.745 Y120.748 E.72451
G1 X112.749 Y104.437 E1.40037
G1 E-.59963 F2400
G92 E0
G1 Z1.65 F12000
G1 X111.816 Y121.181
G1 Z1.25
G1 E2 F2400
;TYPE:Perimeter
;WIDTH:0.42
G1 F1800
G1 X111.82 Y103.815 E2.54573
G1 X113.184 Y103.815 E2.58859
G1 X113.18 Y121.184 E3.13442
G1 X111.876 Y121.181 E3.1754
G1 X111.876 Y121.181 F12000
G1 X111.441 Y121.555
G1 F1800
G1 X111.445 Y103.457 E3.74413
G1 X111.556 Y103.44 E3.74766
G1 X113.559 Y103.44 E3.8106
G1 X113.555 Y121.544 E4.37952
G1 X113.449 Y121.56 E4.38289
G1 X111.501 Y121.555 E4.44411
G1 X111.501 Y121.555 F12000
G1 X111.142 Y121.732
G1 F3600
G1 X111.102 Y121.669 E4.44646
G1 X111.066 Y121.513 E4.45149
G1 X111.07 Y103.468 E5.01856
G1 X111.104 Y103.334 E5.0229
G1 X111.169 Y103.227 E5.02683
G1 X111.262 Y103.143 E5.03077
G1 X111.378 Y103.088 E5.0348
G1 X111.527 Y103.065 E5.03954
G1 X113.58 Y103.075 E5.10406
G1 X113.736 Y103.137 E5.10934
G1 X113.856 Y103.254 E5.11461
G1 X113.92 Y103.395 E5.11948
G1 X113.934 Y103.49 E5.1225
G1 X113.93 Y121.533 E5.68951
G1 X113.895 Y121.668 E5.69389
G1 X113.828 Y121.776 E5.69788
G1 X113.734 Y121.86 E5.70184
G1 X113.614 Y121.914 E5.70598
G1 X113.476 Y121.935 E5.71037
G1 X111.451 Y121.93 E5.77401
G1 X111.31 Y121.889 E5.77862
G1 X111.182 Y121.793 E5.78365
G1 X111.175 Y121.783 E5.78403
G1 X111.175 Y121.783 F12000
G1 X110.84 Y121.929
;TYPE:External perimeter
;WIDTH:0.4
G1 F1800
G1 X110.764 Y121.812 E5.78818
G1 X110.701 Y121.538 E5.79654
G1 X110.705 Y103.422 E6.33547
G1 X110.764 Y103.192 E6.34253
G1 X110.885 Y102.992 E6.34948
G1 X111.058 Y102.836 E6.35641
G1 X111.27 Y102.736 E6.36338
G1 X111.498 Y102.7 E6.37025
G1 X113.505 Y102.7 E6.42996
G1 X113.652 Y102.715 E6.43436
G1 X113.799 Y102.759 E6.43892
G1 X113.935 Y102.83 E6.44348
G1 X114.055 Y102.925 E6.44803
G1 X114.155 Y103.042 E6.45261
G1 X114.224 Y103.161 E6.4567
G1 X114.275 Y103.307 E6.4613
G1 X114.299 Y103.462 E6.46597
G1 X114.295 Y121.579 E7.00493
G1 X114.234 Y121.812 E7.0121
G1 X114.111 Y122.013 E7.01911
G1 X113.935 Y122.169 E7.02611
G1 X113.718 Y122.268 E7.03321
G1 X113.503 Y122.3 E7.03968
G1 X111.415 Y122.295 E7.1018
G1 X111.15 Y122.218 E7.11001
G1 X111.031 Y122.147 E7.11413
G1 X110.915 Y122.044 E7.11874
G1 X110.872 Y121.979 E7.12106
G1 X110.725 Y121.607 F12000
;LAYER_CHANGE
;Z:1.46
;HEIGHT:0.21
G1 Z1.46 F12000
G1 X112.251 Y120.501
G92 E0
;TYPE:Solid infill
;WIDTH:0.539388
G1 F4800
G1 X112.251 Y120.747 E.01019
G1 X112.745 Y120.748 E.03066
G1 X112.749 Y104.25 E.7142
G1 X112.255 Y104.25 E.73467
G1 X112.251 Y120.313 E1.40019
G1 X112.251 Y120.313 F12000
G1 X111.816 Y121.181
;TYPE:Perimeter
;WIDTH:0.42
G1 F1800
G1 X111.82 Y103.815 E1.94592
G1 X113.184 Y103.815 E1.98878
G1 X113.18 Y121.184 E2.53461
G1 X111.876 Y121.181 E2.57559
G1 X111.876 Y121.181 F12000
G1 X111.441 Y121.555
G1 F1800
G1 X111.445 Y103.457 E3.14432
G1 X111.556 Y103.44 E3.14785
G1 X113.559 Y103.44 E3.21079
G1 X113.555 Y121.544 E3.77971
G1 X113.449 Y121.56 E3.78308
G1 X111.501 Y121.555 E3.8443
G1 X111.501 Y121.555 F12000
G1 X111.142 Y121.732
G1 F3600
G1 X111.102 Y121.669 E3.84665
G1 X111.066 Y121.513 E3.85168
G1 X111.07 Y103.468 E4.41875
G1 X111.104 Y103.334 E4.42309
G1 X111.169 Y103.227 E4.42702
G1 X111.262 Y103.143 E4.43096
G1 X111.378 Y103.088 E4.43499
G1 X111.527 Y103.065 E4.43973
G1 X113.58 Y103.075 E4.50425
G1 X113.736 Y103.137 E4.50953
G1 X113.856 Y103.254 E4.5148
G1 X113.92 Y103.395 E4.51967
G1 X113.934 Y103.49 E4.52269
G1 X113.93 Y121.533 E5.0897
G1 X113.895 Y121.668 E5.09408
G1 X113.828 Y121.776 E5.09807
G1 X113.734 Y121.86 E5.10203
G1 X113.614 Y121.914 E5.10617
G1 X113.476 Y121.935 E5.11056
G1 X111.453 Y121.93 E5.17413
G1 X111.303 Y121.886 E5.17904
G1 X111.183 Y121.795 E5.18377
G1 X111.175 Y121.783 E5.18422
G1 X111.175 Y121.783 F12000
G1 X110.84 Y121.929
;TYPE:External perimeter
;WIDTH:0.4
G1 F1800
G1 X110.764 Y121.812 E5.18837
G1 X110.701 Y121.538 E5.19673
G1 X110.705 Y103.422 E5.73566
G1 X110.764 Y103.192 E5.74272
G1 X110.885 Y102.992 E5.74967
G1 X111.058 Y102.836 E5.7566
G1 X111.27 Y102.736 E5.76357
G1 X111.498 Y102.7 E5.77044
G1 X113.505 Y102.7 E5.83015
G1 X113.652 Y102.715 E5.83455
G1 X113.799 Y102.759 E5.83911
G1 X113.935 Y102.83 E5.84367
G1 X114.055 Y102.925 E5.84822
G1 X114.155 Y103.042 E5.8528
G1 X114.224 Y103.161 E5.85689
G1 X114.275 Y103.307 E5.86149
G1 X114.299 Y103.462 E5.86616
G1 X114.295 Y121.579 E6.40512
G1 X114.234 Y121.812 E6.41229
G1 X114.111 Y122.013 E6.4193
G1 X113.935 Y122.169 E6.4263
G1 X113.718 Y122.268 E6.4334
G1 X113.503 Y122.3 E6.43987
G1 X111.416 Y122.295 E6.50196
G1 X111.266 Y122.264 E6.50652
G1 X111.137 Y122.212 E6.51066
G1 X110.915 Y122.045 E6.51892
G1 X110.873 Y121.979 E6.52125
G1 X110.725 Y121.607 F12000
;LAYER_CHANGE
;Z:1.67
;HEIGHT:0.21
G1 Z1.67 F12000
G1 E4.52125 F2400
G92 E0
G1 Z2.07 F12000
G1 X112.749 Y104.25
G1 Z1.67
G1 E2 F2400
G92 E0
;TYPE:Solid infill
;WIDTH:0.539441
G1 F4800
G1 X112.255 Y104.25 E.02047
G1 X112.251 Y120.747 E.70404
G1 X112.745 Y120.748 E.72451
G1 X112.749 Y104.437 E1.40038
G1 E-.59962 F2400
G92 E0
G1 Z2.07 F12000
G1 X111.816 Y121.181
G1 Z1.67
G1 E2 F2400
;TYPE:Perimeter
;WIDTH:0.42
G1 F1800
G1 X111.82 Y103.815 E2.54573
G1 X113.184 Y103.815 E2.58859
G1 X113.18 Y121.184 E3.13442
G1 X111.876 Y121.181 E3.1754
G1 X111.876 Y121.181 F12000
G1 X111.441 Y121.555
G1 F1800
G1 X111.445 Y103.457 E3.74413
G1 X111.556 Y103.44 E3.74766
G1 X113.559 Y103.44 E3.8106
G1 X113.555 Y121.544 E4.37952
G1 X113.449 Y121.56 E4.38289
G1 X111.501 Y121.555 E4.44411
G1 X111.501 Y121.555 F12000
G1 X111.142 Y121.732
G1 F3600
G1 X111.102 Y121.669 E4.44646
G1 X111.066 Y121.513 E4.45149
G1 X111.07 Y103.468 E5.01856
G1 X111.104 Y103.334 E5.0229
G1 X111.169 Y103.227 E5.02683
G1 X111.262 Y103.143 E5.03077
G1 X111.378 Y103.088 E5.0348
G1 X111.527 Y103.065 E5.03954
G1 X113.581 Y103.075 E5.10409
G1 X113.736 Y103.137 E5.10934
G1 X113.856 Y103.254 E5.11461
G1 X113.92 Y103.395 E5.11948
G1 X113.934 Y103.49 E5.1225
G1 X113.93 Y121.533 E5.68951
G1 X113.895 Y121.668 E5.69389
G1 X113.828 Y121.776 E5.69788
G1 X113.734 Y121.86 E5.70184
G1 X113.614 Y121.914 E5.70598
G1 X113.476 Y121.935 E5.71037
G1 X111.451 Y121.93 E5.77401
G1 X111.31 Y121.889 E5.77862
G1 X111.183 Y121.795 E5.78359
G1 X111.175 Y121.782 E5.78407
G1 X110.84 Y121.928 F12000
;TYPE:External perimeter
;WIDTH:0.4
G1 F1800
G1 X110.764 Y121.812 E5.7882
G1 X110.701 Y121.538 E5.79656
G1 X110.705 Y103.422 E6.33549
G1 X110.764 Y103.192 E6.34255
G1 X110.885 Y102.992 E6.3495
G1 X111.058 Y102.836 E6.35643
G1 X111.27 Y102.736 E6.3634
G1 X111.498 Y102.7 E6.37027
G1 X113.504 Y102.7 E6.42995
G1 X113.652 Y102.715 E6.43438
G1 X113.799 Y102.759 E6.43894
G1 X113.935 Y102.83 E6.4435
G1 X114.055 Y102.925 E6.44805
G1 X114.155 Y103.042 E6.45263
G1 X114.224 Y103.161 E6.45672
G1 X114.275 Y103.307 E6.46132
G1 X114.299 Y103.462 E6.46599
G1 X114.295 Y121.579 E7.00495
G1 X114.234 Y121.812 E7.01212
G1 X114.111 Y122.013 E7.01913
G1 X113.935 Y122.169 E7.02613
G1 X113.718 Y122.268 E7.03323
G1 X113.503 Y122.3 E7.0397
G1 X111.415 Y122.295 E7.10182
G1 X111.15 Y122.218 E7.11003
G1 X111.031 Y122.147 E7.11415
G1 X110.917 Y122.046 E7.11868
G1 X110.873 Y121.979 E7.12106
G1 X110.725 Y121.607 F12000
;LAYER_CHANGE
;Z:1.88
;HEIGHT:0.21
G1 Z1.88 F12000
G1 X112.251 Y120.501
G92 E0
;TYPE:Solid infill
;WIDTH:0.539389
G1 F4800
G1 X112.251 Y120.747 E.01019
G1 X112.745 Y120.748 E.03066
G1 X112.749 Y104.25 E.7142
G1 X112.255 Y104.25 E.73467
G1 X112.251 Y120.313 E1.40019
G1 X112.251 Y120.313 F12000
G1 X111.816 Y121.181
;TYPE:Perimeter
;WIDTH:0.42
G1 F1800
G1 X111.82 Y103.815 E1.94592
G1 X113.184 Y103.815 E1.98878
G1 X113.18 Y121.184 E2.53461
G1 X111.876 Y121.181 E2.57559
G1 X111.876 Y121.181 F12000
G1 X111.441 Y121.555
G1 F1800
G1 X111.445 Y103.457 E3.14432
G1 X111.556 Y103.44 E3.14785
G1 X113.559 Y103.44 E3.21079
G1 X113.555 Y121.544 E3.77971
G1 X113.449 Y121.56 E3.78308
G1 X111.501 Y121.555 E3.8443
G1 X111.501 Y121.555 F12000
G1 X111.142 Y121.732
G1 F3600
G1 X111.102 Y121.669 E3.84665
G1 X111.066 Y121.513 E3.85168
G1 X111.07 Y103.468 E4.41875
G1 X111.104 Y103.334 E4.42309
G1 X111.169 Y103.227 E4.42702
G1 X111.262 Y103.143 E4.43096
G1 X111.378 Y103.088 E4.43499
G1 X111.527 Y103.065 E4.43973
G1 X113.581 Y103.075 E4.50428
G1 X113.736 Y103.137 E4.50953
G1 X113.856 Y103.254 E4.5148
G1 X113.92 Y103.395 E4.51967
G1 X113.934 Y103.49 E4.52269
G1 X113.93 Y121.533 E5.0897
G1 X113.895 Y121.668 E5.09408
G1 X113.828 Y121.776 E5.09807
G1 X113.734 Y121.86 E5.10203
G1 X113.614 Y121.914 E5.10617
G1 X113.476 Y121.935 E5.11056
G1 X111.451 Y121.93 E5.1742
G1 X111.313 Y121.89 E5.17872
G1 X111.183 Y121.795 E5.18378
G1 X111.175 Y121.783 E5.18423
G1 X111.175 Y121.783 F12000
G1 X110.84 Y121.929
;TYPE:External perimeter
;WIDTH:0.4
G1 F1800
G1 X110.764 Y121.812 E5.18838
G1 X110.701 Y121.538 E5.19674
G1 X110.705 Y103.422 E5.73567
G1 X110.764 Y103.192 E5.74273
G1 X110.885 Y102.992 E5.74968
G1 X111.058 Y102.836 E5.75661
G1 X111.27 Y102.736 E5.76358
G1 X111.498 Y102.7 E5.77045
G1 X113.504 Y102.7 E5.83013
G1 X113.652 Y102.715 E5.83456
G1 X113.799 Y102.759 E5.83912
G1 X113.935 Y102.83 E5.84368
G1 X114.055 Y102.925 E5.84823
G1 X114.155 Y103.042 E5.85281
G1 X114.224 Y103.161 E5.8569
G1 X114.275 Y103.307 E5.8615
G1 X114.299 Y103.463 E5.8662
G1 X114.295 Y121.579 E6.40513
G1 X114.234 Y121.812 E6.4123
G1 X114.111 Y122.013 E6.41931
G1 X113.934 Y122.169 E6.42633
G1 X113.718 Y122.268 E6.4334
G1 X113.503 Y122.3 E6.43987
G1 X111.415 Y122.295 E6.50199
G1 X111.15 Y122.219 E6.51019
G1 X111.018 Y122.138 E6.5148
G1 X110.915 Y122.045 E6.51893
G1 X110.873 Y121.979 E6.52126
G1 X110.725 Y121.607 F12000
;LAYER_CHANGE
;Z:2.09
;HEIGHT:0.21
G1 Z2.09 F12000
G1 E4.52126 F2400
G92 E0
G1 Z2.49 F12000
G1 X112.749 Y104.25
G1 Z2.09
G1 E2 F2400
G92 E0
;TYPE:Solid infill
;WIDTH:0.53944
G1 F4800
G1 X112.255 Y104.25 E.02047
G1 X112.251 Y120.747 E.70404
G1 X112.745 Y120.748 E.72451
G1 X112.749 Y104.437 E1.40038
G1 E-.59962 F2400
G92 E0
G1 Z2.49 F12000
G1 X111.816 Y121.181
G1 Z2.09
G1 E2 F2400
;TYPE:Perimeter
;WIDTH:0.42
G1 F1800
G1 X111.82 Y103.815 E2.54573
G1 X113.184 Y103.815 E2.58859
G1 X113.18 Y121.184 E3.13442
G1 X111.876 Y121.181 E3.1754
G1 X111.876 Y121.181 F12000
G1 X111.441 Y121.555
G1 F1800
G1 X111.445 Y103.457 E3.74413
G1 X111.556 Y103.44 E3.74766
G1 X113.559 Y103.44 E3.8106
G1 X113.555 Y121.544 E4.37952
G1 X113.449 Y121.56 E4.38289
G1 X111.501 Y121.555 E4.44411
G1 X111.501 Y121.555 F12000
G1 X111.142 Y121.732
G1 F3600
G1 X111.102 Y121.669 E4.44646
G1 X111.066 Y121.513 E4.45149
G1 X111.07 Y103.468 E5.01856
G1 X111.104 Y103.334 E5.0229
G1 X111.169 Y103.227 E5.02683
G1 X111.262 Y103.143 E5.03077
G1 X111.378 Y103.088 E5.0348
G1 X111.527 Y103.065 E5.03954
G1 X113.581 Y103.075 E5.10409
G1 X113.736 Y103.137 E5.10934
G1 X113.856 Y103.254 E5.11461
G1 X113.92 Y103.395 E5.11948
G1 X113.934 Y103.49 E5.1225
G1 X113.93 Y121.533 E5.68951
G1 X113.895 Y121.668 E5.69389
G1 X113.828 Y121.776 E5.69788
G1 X113.734 Y121.86 E5.70184
G1 X113.614 Y121.914 E5.70598
G1 X113.476 Y121.935 E5.71037
G1 X111.451 Y121.93 E5.77401
G1 X111.31 Y121.889 E5.77862
G1 X111.184 Y121.795 E5.78356
G1 X111.175 Y121.782 E5.78406
G1 X110.84 Y121.928 F12000
;TYPE:External perimeter
;WIDTH:0.4
G1 F1800
G1 X110.764 Y121.812 E5.78819
G1 X110.701 Y121.538 E5.79655
G1 X110.705 Y103.422 E6.33548
G1 X110.764 Y103.192 E6.34254
G1 X110.885 Y102.992 E6.34949
G1 X111.058 Y102.836 E6.35642
G1 X111.27 Y102.736 E6.36339
G1 X111.498 Y102.7 E6.37026
G1 X113.504 Y102.7 E6.42994
G1 X113.652 Y102.715 E6.43437
G1 X113.799 Y102.759 E6.43893
G1 X113.935 Y102.83 E6.44349
G1 X114.055 Y102.925 E6.44804
G1 X114.155 Y103.042 E6.45262
G1 X114.224 Y103.161 E6.45671
G1 X114.275 Y103.307 E6.46131
G1 X114.299 Y103.462 E6.46598
G1 X114.295 Y121.579 E7.00494
G1 X114.234 Y121.812 E7.01211
G1 X114.111 Y122.013 E7.01912
G1 X113.935 Y122.169 E7.02612
G1 X113.718 Y122.268 E7.03322
G1 X113.503 Y122.3 E7.03969
G1 X111.415 Y122.295 E7.10181
G1 X111.15 Y122.218 E7.11002
G1 X111.031 Y122.147 E7.11414
G1 X110.917 Y122.047 E7.11865
G1 X110.873 Y121.979 E7.12106
G1 X110.725 Y121.607 F12000
;LAYER_CHANGE
;Z:2.3
;HEIGHT:0.21
G1 Z2.3 F12000
G1 X112.251 Y120.501
G92 E0
;TYPE:Solid infill
;WIDTH:0.539388
G1 F4800
G1 X112.251 Y120.747 E.01019
G1 X112.745 Y120.748 E.03066
G1 X112.749 Y104.25 E.7142
G1 X112.255 Y104.25 E.73467
G1 X112.251 Y120.313 E1.40019
G1 X112.251 Y120.313 F12000
G1 X111.816 Y121.181
;TYPE:Perimeter
;WIDTH:0.42
G1 F1800
G1 X111.82 Y103.815 E1.94592
G1 X113.184 Y103.815 E1.98878
G1 X113.18 Y121.184 E2.53461
G1 X111.876 Y121.181 E2.57559
G1 X111.876 Y121.181 F12000
G1 X111.441 Y121.555
G1 F1800
G1 X111.445 Y103.457 E3.14432
G1 X111.556 Y103.44 E3.14785
G1 X113.559 Y103.44 E3.21079
G1 X113.555 Y121.544 E3.77971
G1 X113.449 Y121.56 E3.78308
G1 X111.501 Y121.555 E3.8443
G1 X111.501 Y121.555 F12000
G1 X111.142 Y121.732
G1 F3600
G1 X111.102 Y121.669 E3.84665
G1 X111.066 Y121.513 E3.85168
G1 X111.07 Y103.468 E4.41875
G1 X111.104 Y103.334 E4.42309
G1 X111.169 Y103.227 E4.42702
G1 X111.262 Y103.143 E4.43096
G1 X111.378 Y103.088 E4.43499
G1 X111.527 Y103.065 E4.43973
G1 X113.581 Y103.075 E4.50428
G1 X113.736 Y103.137 E4.50953
G1 X113.856 Y103.254 E4.5148
G1 X113.92 Y103.395 E4.51967
G1 X113.934 Y103.49 E4.52269
G1 X113.93 Y121.533 E5.0897
G1 X113.895 Y121.668 E5.09408
G1 X113.828 Y121.776 E5.09807
G1 X113.734 Y121.86 E5.10203
G1 X113.614 Y121.914 E5.10617
G1 X113.476 Y121.935 E5.11056
G1 X111.451 Y121.93 E5.1742
G1 X111.31 Y121.889 E5.17881
G1 X111.182 Y121.793 E5.18384
G1 X111.175 Y121.783 E5.18422
G1 X111.175 Y121.783 F12000
G1 X110.84 Y121.929
;TYPE:External perimeter
;WIDTH:0.4
G1 F1800
G1 X110.764 Y121.812 E5.18837
G1 X110.701 Y121.538 E5.19673
G1 X110.705 Y103.422 E5.73566
G1 X110.764 Y103.191 E5.74275
G1 X110.885 Y102.992 E5.74968
G1 X111.058 Y102.836 E5.75661
G1 X111.27 Y102.736 E5.76358
G1 X111.498 Y102.7 E5.77045
G1 X113.503 Y102.7 E5.8301
G1 X113.652 Y102.715 E5.83455
G1 X113.799 Y102.759 E5.83911
G1 X113.935 Y102.83 E5.84367
G1 X114.055 Y102.925 E5.84822
G1 X114.155 Y103.042 E5.8528
G1 X114.224 Y103.161 E5.85689
G1 X114.275 Y103.307 E5.86149
G1 X114.299 Y103.462 E5.86616
G1 X114.295 Y121.579 E6.40512
G1 X114.234 Y121.812 E6.41229
G1 X114.111 Y122.013 E6.4193
G1 X113.934 Y122.169 E6.42632
G1 X113.718 Y122.268 E6.43339
G1 X113.503 Y122.3 E6.43986
G1 X111.415 Y122.295 E6.50198
G1 X111.15 Y122.218 E6.51019
G1 X111.031 Y122.147 E6.51431
G1 X110.915 Y122.044 E6.51892
G1 X110.872 Y121.979 E6.52124
G1 X110.725 Y121.607 F12000
;LAYER_CHANGE
;Z:2.51
;HEIGHT:0.21
G1 Z2.51 F12000
G1 E4.52124 F2400
G92 E0
G1 Z2.91 F12000
G1 X112.749 Y104.25
G1 Z2.51
G1 E2 F2400
G92 E0
;TYPE:Solid infill
;WIDTH:0.539441
G1 F4800
G1 X112.255 Y104.25 E.02047
G1 X112.251 Y120.747 E.70404
G1 X112.745 Y120.748 E.72451
G1 X112.749 Y104.437 E1.40038
G1 E-.59962 F2400
G92 E0
G1 Z2.91 F12000
G1 X111.816 Y121.181
G1 Z2.51
G1 E2 F2400
;TYPE:Perimeter
;WIDTH:0.42
G1 F1800
G1 X111.82 Y103.815 E2.54573
G1 X113.184 Y103.815 E2.58859
G1 X113.18 Y121.184 E3.13442
G1 X111.876 Y121.181 E3.1754
G1 X111.876 Y121.181 F12000
G1 X111.441 Y121.555
G1 F1800
G1 X111.445 Y103.457 E3.74413
G1 X111.556 Y103.44 E3.74766
G1 X113.559 Y103.44 E3.8106
G1 X113.555 Y121.544 E4.37952
G1 X113.449 Y121.56 E4.38289
G1 X111.501 Y121.555 E4.44411
G1 X111.501 Y121.555 F12000
G1 X111.142 Y121.732
G1 F3600
G1 X111.101 Y121.669 E4.44647
G1 X111.066 Y121.513 E4.45149
G1 X111.07 Y103.468 E5.01856
G1 X111.104 Y103.334 E5.0229
G1 X111.169 Y103.227 E5.02683
G1 X111.262 Y103.143 E5.03077
G1 X111.378 Y103.088 E5.0348
G1 X111.527 Y103.065 E5.03954
G1 X113.581 Y103.075 E5.10409
G1 X113.736 Y103.137 E5.10934
G1 X113.856 Y103.254 E5.11461
G1 X113.92 Y103.395 E5.11948
G1 X113.934 Y103.49 E5.1225
G1 X113.93 Y121.533 E5.68951
G1 X113.895 Y121.668 E5.69389
G1 X113.828 Y121.776 E5.69788
G1 X113.734 Y121.86 E5.70184
G1 X113.614 Y121.914 E5.70598
G1 X113.476 Y121.935 E5.71037
G1 X111.451 Y121.93 E5.77401
G1 X111.313 Y121.89 E5.77853
G1 X111.183 Y121.795 E5.78359
G1 X111.175 Y121.783 E5.78404
G1 X111.175 Y121.783 F12000
G1 X110.84 Y121.929
;TYPE:External perimeter
;WIDTH:0.4
G1 F1800
G1 X110.764 Y121.812 E5.78819
G1 X110.701 Y121.538 E5.79655
G1 X110.705 Y103.422 E6.33548
G1 X110.764 Y103.192 E6.34254
G1 X110.885 Y102.992 E6.34949
G1 X111.058 Y102.836 E6.35642
G1 X111.27 Y102.736 E6.36339
G1 X111.498 Y102.7 E6.37026
G1 X113.503 Y102.7 E6.42991
G1 X113.652 Y102.715 E6.43436
G1 X113.799 Y102.759 E6.43892
G1 X113.935 Y102.83 E6.44348
G1 X114.055 Y102.925 E6.44803
G1 X114.155 Y103.042 E6.45261
G1 X114.224 Y103.161 E6.4567
G1 X114.275 Y103.307 E6.4613
G1 X114.299 Y103.463 E6.466
G1 X114.295 Y121.579 E7.00493
G1 X114.234 Y121.812 E7.0121
G1 X114.111 Y122.013 E7.01911
G1 X113.934 Y122.169 E7.02613
G1 X113.718 Y122.268 E7.0332
G1 X113.503 Y122.3 E7.03967
G1 X111.415 Y122.295 E7.10179
G1 X111.15 Y122.219 E7.10999
G1 X111.018 Y122.138 E7.1146
G1 X110.915 Y122.045 E7.11873
G1 X110.873 Y121.979 E7.12106
G1 X110.725 Y121.607 F12000
;LAYER_CHANGE
;Z:2.72
;HEIGHT:0.21
G1 Z2.72 F12000
G1 X112.251 Y120.501
G92 E0
;TYPE:Solid infill
;WIDTH:0.539389
G1 F4800
G1 X112.251 Y120.747 E.01019
G1 X112.745 Y120.748 E.03066
G1 X112.749 Y104.25 E.7142
G1 X112.255 Y104.25 E.73467
G1 X112.251 Y120.313 E1.40019
G1 X112.251 Y120.313 F12000
G1 X111.816 Y121.181
;TYPE:Perimeter
;WIDTH:0.42
G1 F1800
G1 X111.82 Y103.815 E1.94592
G1 X113.184 Y103.815 E1.98878
G1 X113.18 Y121.184 E2.53461
G1 X111.876 Y121.181 E2.57559
G1 X111.876 Y121.181 F12000
G1 X111.441 Y121.555
G1 F1800
G1 X111.445 Y103.457 E3.14432
G1 X111.556 Y103.44 E3.14785
G1 X113.559 Y103.44 E3.21079
G1 X113.555 Y121.544 E3.77971
G1 X113.449 Y121.56 E3.78308
G1 X111.501 Y121.555 E3.8443
G1 X111.501 Y121.555 F12000
G1 X111.142 Y121.732
G1 F3600
G1 X111.102 Y121.669 E3.84665
G1 X111.066 Y121.513 E3.85168
G1 X111.07 Y103.468 E4.41875
G1 X111.104 Y103.334 E4.42309
G1 X111.169 Y103.227 E4.42702
G1 X111.262 Y103.143 E4.43096
G1 X111.378 Y103.088 E4.43499
G1 X111.527 Y103.065 E4.43973
G1 X113.581 Y103.075 E4.50428
G1 X113.736 Y103.137 E4.50953
G1 X113.856 Y103.254 E4.5148
G1 X113.92 Y103.395 E4.51967
G1 X113.934 Y103.49 E4.52269
G1 X113.93 Y121.533 E5.0897
G1 X113.895 Y121.668 E5.09408
G1 X113.828 Y121.776 E5.09807
G1 X113.734 Y121.86 E5.10203
G1 X113.614 Y121.914 E5.10617
G1 X113.476 Y121.935 E5.11056
G1 X111.451 Y121.93 E5.1742
G1 X111.31 Y121.889 E5.17881
G1 X111.182 Y121.793 E5.18384
G1 X111.175 Y121.783 E5.18422
G1 X111.175 Y121.783 F12000
G1 X110.84 Y121.929
;TYPE:External perimeter
;WIDTH:0.4
G1 F1800
G1 X110.764 Y121.812 E5.18837
G1 X110.701 Y121.538 E5.19673
G1 X110.705 Y103.422 E5.73566
G1 X110.764 Y103.192 E5.74272
G1 X110.885 Y102.992 E5.74967
G1 X111.058 Y102.836 E5.7566
G1 X111.27 Y102.736 E5.76357
G1 X111.498 Y102.7 E5.77044
G1 X113.503 Y102.7 E5.83009
G1 X113.652 Y102.715 E5.83454
G1 X113.799 Y102.759 E5.8391
G1 X113.935 Y102.83 E5.84366
G1 X114.055 Y102.925 E5.84821
G1 X114.155 Y103.042 E5.85279
G1 X114.224 Y103.161 E5.85688
G1 X114.275 Y103.307 E5.86148
G1 X114.299 Y103.463 E5.86618
G1 X114.295 Y121.579 E6.40511
G1 X114.234 Y121.812 E6.41228
G1 X114.111 Y122.013 E6.41929
G1 X113.934 Y122.169 E6.42631
G1 X113.718 Y122.268 E6.43338
G1 X113.503 Y122.3 E6.43985
G1 X111.415 Y122.295 E6.50197
G1 X111.15 Y122.218 E6.51018
G1 X111.031 Y122.147 E6.5143
G1 X110.915 Y122.044 E6.51891
G1 X110.872 Y121.979 E6.52123
G1 X110.725 Y121.607 F12000
;LAYER_CHANGE
;Z:2.93
;HEIGHT:0.21
G1 Z2.93 F12000
G1 E4.52123 F2400
G92 E0
G1 Z3.33 F12000
G1 X112.749 Y104.25
G1 Z2.93
G1 E2 F2400
G92 E0
;TYPE:Solid infill
;WIDTH:0.539441
G1 F4800
G1 X112.255 Y104.25 E.02047
G1 X112.251 Y120.747 E.70404
G1 X112.745 Y120.748 E.72451
G1 X112.749 Y104.437 E1.40038
G1 E-.59962 F2400
G92 E0
G1 Z3.33 F12000
G1 X111.816 Y121.181
G1 Z2.93
G1 E2 F2400
;TYPE:Perimeter
;WIDTH:0.42
G1 F1800
G1 X111.82 Y103.815 E2.54573
G1 X113.184 Y103.815 E2.58859
G1 X113.18 Y121.184 E3.13442
G1 X111.876 Y121.181 E3.1754
G1 X111.876 Y121.181 F12000
G1 X111.441 Y121.555
G1 F1800
G1 X111.445 Y103.457 E3.74413
G1 X111.556 Y103.44 E3.74766
G1 X113.559 Y103.44 E3.8106
G1 X113.555 Y121.544 E4.37952
G1 X113.449 Y121.56 E4.38289
G1 X111.501 Y121.555 E4.44411
G1 X111.501 Y121.555 F12000
G1 X111.142 Y121.731
G1 F3600
G1 X111.102 Y121.669 E4.44643
G1 X111.066 Y121.513 E4.45146
G1 X111.07 Y103.468 E5.01853
G1 X111.104 Y103.334 E5.02287
G1 X111.169 Y103.227 E5.0268
G1 X111.262 Y103.143 E5.03074
G1 X111.378 Y103.088 E5.03477
G1 X111.527 Y103.065 E5.03951
G1 X113.581 Y103.075 E5.10406
G1 X113.736 Y103.137 E5.10931
G1 X113.856 Y103.254 E5.11458
G1 X113.92 Y103.395 E5.11945
G1 X113.934 Y103.49 E5.12247
G1 X113.93 Y121.533 E5.68948
G1 X113.895 Y121.668 E5.69386
G1 X113.828 Y121.776 E5.69785
G1 X113.734 Y121.86 E5.70181
G1 X113.614 Y121.914 E5.70595
G1 X113.476 Y121.935 E5.71034
G1 X111.451 Y121.93 E5.77398
G1 X111.31 Y121.889 E5.77859
G1 X111.184 Y121.796 E5.78351
G1 X111.175 Y121.782 E5.78403
G1 X111.175 Y121.782 F12000
G1 X110.84 Y121.928
;TYPE:External perimeter
;WIDTH:0.4
G1 F1800
G1 X110.764 Y121.812 E5.78816
G1 X110.701 Y121.538 E5.79652
G1 X110.705 Y103.422 E6.33545
G1 X110.764 Y103.192 E6.34251
G1 X110.885 Y102.992 E6.34946
G1 X111.058 Y102.836 E6.35639
G1 X111.27 Y102.736 E6.36336
G1 X111.498 Y102.7 E6.37023
G1 X113.502 Y102.7 E6.42985
G1 X113.652 Y102.715 E6.43433
G1 X113.799 Y102.759 E6.43889
G1 X113.935 Y102.83 E6.44345
G1 X114.055 Y102.925 E6.448
G1 X114.155 Y103.042 E6.45258
G1 X114.224 Y103.161 E6.45667
G1 X114.275 Y103.307 E6.46127
G1 X114.299 Y103.462 E6.46594
G1 X114.295 Y121.579 E7.0049
G1 X114.234 Y121.812 E7.01207
G1 X114.111 Y122.013 E7.01908
G1 X113.935 Y122.169 E7.02608
G1 X113.718 Y122.268 E7.03318
G1 X113.503 Y122.3 E7.03965
G1 X111.415 Y122.295 E7.10177
G1 X111.15 Y122.218 E7.10998
G1 X111.031 Y122.147 E7.1141
G1 X110.918 Y122.048 E7.11857
G1 X110.873 Y121.979 E7.12102
G1 X110.725 Y121.607 F12000
;LAYER_CHANGE
;Z:3.14
;HEIGHT:0.21
G1 Z3.14 F12000
G1 X112.251 Y120.501
G92 E0
;TYPE:Solid infill
;WIDTH:0.539388
G1 F4800
G1 X112.251 Y120.747 E.01019
G1 X112.745 Y120.748 E.03066
G1 X112.749 Y104.25 E.7142
G1 X112.255 Y104.25 E.73467
G1 X112.251 Y120.313 E1.40019
G1 X112.251 Y120.313 F12000
G1 X111.816 Y121.181
;TYPE:Perimeter
;WIDTH:0.42
G1 F1800
G1 X111.82 Y103.815 E1.94592
G1 X113.184 Y103.815 E1.98878
G1 X113.18 Y121.184 E2.53461
G1 X111.876 Y121.181 E2.57559
G1 X111.876 Y121.181 F12000
G1 X111.441 Y121.555
G1 F1800
G1 X111.445 Y103.457 E3.14432
G1 X111.556 Y103.44 E3.14785
G1 X113.559 Y103.44 E3.21079
G1 X113.555 Y121.544 E3.77971
G1 X113.449 Y121.56 E3.78308
G1 X111.501 Y121.555 E3.8443
G1 X111.501 Y121.555 F12000
G1 X111.142 Y121.731
G1 F3600
G1 X111.102 Y121.669 E3.84662
G1 X111.066 Y121.513 E3.85165
G1 X111.07 Y103.468 E4.41872
G1 X111.104 Y103.334 E4.42306
G1 X111.169 Y103.227 E4.42699
G1 X111.262 Y103.143 E4.43093
G1 X111.378 Y103.088 E4.43496
G1 X111.527 Y103.065 E4.4397
G1 X113.581 Y103.075 E4.50425
G1 X113.736 Y103.137 E4.5095
G1 X113.856 Y103.254 E4.51477
G1 X113.92 Y103.395 E4.51964
G1 X113.934 Y103.49 E4.52266
G1 X113.93 Y121.533 E5.08967
G1 X113.895 Y121.668 E5.09405
G1 X113.828 Y121.776 E5.09804
G1 X113.734 Y121.86 E5.102
G1 X113.614 Y121.914 E5.10614
G1 X113.476 Y121.935 E5.11053
G1 X111.451 Y121.93 E5.17417
G1 X111.31 Y121.889 E5.17878
G1 X111.184 Y121.796 E5.1837
G1 X111.175 Y121.782 E5.18422
G1 X111.175 Y121.782 F12000
G1 X110.83 Y121.935
;TYPE:External perimeter
;WIDTH:0.4
G1 F1800
G1 X110.764 Y121.812 E5.18837
G1 X110.701 Y121.538 E5.19673
G1 X110.705 Y103.422 E5.73566
G1 X110.764 Y103.192 E5.74272
G1 X110.885 Y102.992 E5.74967
G1 X111.058 Y102.836 E5.7566
G1 X111.27 Y102.736 E5.76357
G1 X111.498 Y102.7 E5.77044
G1 X113.502 Y102.7 E5.83006
G1 X113.652 Y102.715 E5.83454
G1 X113.799 Y102.759 E5.8391
G1 X113.935 Y102.83 E5.84366
G1 X114.055 Y102.925 E5.84821
G1 X114.155 Y103.042 E5.85279
G1 X114.224 Y103.161 E5.85688
G1 X114.275 Y103.307 E5.86148
G1 X114.299 Y103.462 E5.86615
G1 X114.295 Y121.579 E6.40511
G1 X114.234 Y121.812 E6.41228
G1 X114.111 Y122.013 E6.41929
G1 X113.934 Y122.169 E6.42631
G1 X113.718 Y122.268 E6.43338
G1 X113.503 Y122.3 E6.43985
G1 X111.415 Y122.295 E6.50197
G1 X111.15 Y122.218 E6.51018
G1 X111.031 Y122.147 E6.5143
G1 X110.918 Y122.048 E6.51877
G1 X110.867 Y121.982 E6.52125
G1 X110.725 Y121.608 F12000
;LAYER_CHANGE
;Z:3.35
;HEIGHT:0.21
G1 Z3.35 F12000
G1 E4.52125 F2400
G92 E0
G1 Z3.75 F12000
G1 X112.749 Y104.25
G1 Z3.35
G1 E2 F2400
G92 E0
;TYPE:Solid infill
;WIDTH:0.539442
G1 F4800
G1 X112.255 Y104.25 E.02047
G1 X112.251 Y120.747 E.70405
G1 X112.745 Y120.748 E.72452
G1 X112.749 Y104.437 E1.40039
G1 E-.59961 F2400
G92 E0
G1 Z3.75 F12000
G1 X111.816 Y121.181
G1 Z3.35
G1 E2 F2400
;TYPE:Perimeter
;WIDTH:0.42
G1 F1800
G1 X111.82 Y103.815 E2.54573
G1 X113.184 Y103.815 E2.58859
G1 X113.18 Y121.184 E3.13442
G1 X111.876 Y121.181 E3.1754
G1 X111.876 Y121.181 F12000
G1 X111.441 Y121.555
G1 F1800
G1 X111.445 Y103.457 E3.74413
G1 X111.556 Y103.44 E3.74766
G1 X113.559 Y103.44 E3.8106
G1 X113.555 Y121.544 E4.37952
G1 X113.449 Y121.56 E4.38289
G1 X111.501 Y121.555 E4.44411
G1 X111.501 Y121.555 F12000
G1 X111.142 Y121.731
G1 F3600
G1 X111.102 Y121.669 E4.44643
G1 X111.066 Y121.513 E4.45146
G1 X111.07 Y103.468 E5.01853
G1 X111.104 Y103.334 E5.02287
G1 X111.169 Y103.227 E5.0268
G1 X111.262 Y103.143 E5.03074
G1 X111.378 Y103.088 E5.03477
G1 X111.527 Y103.065 E5.03951
G1 X113.581 Y103.075 E5.10406
G1 X113.736 Y103.137 E5.10931
G1 X113.849 Y103.244 E5.1142
G1 X113.92 Y103.395 E5.11944
G1 X113.934 Y103.49 E5.12246
G1 X113.93 Y121.533 E5.68947
G1 X113.895 Y121.668 E5.69385
G1 X113.828 Y121.776 E5.69784
G1 X113.734 Y121.86 E5.7018
G1 X113.614 Y121.914 E5.70594
G1 X113.476 Y121.935 E5.71033
G1 X111.451 Y121.93 E5.77397
G1 X111.31 Y121.889 E5.77858
G1 X111.185 Y121.796 E5.78348
G1 X111.175 Y121.782 E5.78402
G1 X111.175 Y121.782 F12000
G1 X110.83 Y121.935
;TYPE:External perimeter
;WIDTH:0.4
G1 F1800
G1 X110.764 Y121.812 E5.78817
G1 X110.701 Y121.538 E5.79653
G1 X110.705 Y103.422 E6.33546
G1 X110.764 Y103.191 E6.34255
G1 X110.885 Y102.992 E6.34948
G1 X111.058 Y102.836 E6.35641
G1 X111.27 Y102.736 E6.36338
G1 X111.498 Y102.7 E6.37025
G1 X113.502 Y102.7 E6.42987
G1 X113.652 Y102.715 E6.43435
G1 X113.799 Y102.759 E6.43891
G1 X113.935 Y102.83 E6.44347
G1 X114.056 Y102.926 E6.44806
G1 X114.146 Y103.03 E6.45215
G1 X114.224 Y103.162 E6.45671
G1 X114.275 Y103.307 E6.46128
G1 X114.299 Y103.463 E6.46598
G1 X114.295 Y121.579 E7.00491
G1 X114.234 Y121.812 E7.01208
G1 X114.111 Y122.013 E7.01909
G1 X113.934 Y122.169 E7.02611
G1 X113.718 Y122.268 E7.03318
G1 X113.503 Y122.3 E7.03965
G1 X111.415 Y122.295 E7.10177
G1 X111.15 Y122.218 E7.10998
G1 X111.031 Y122.147 E7.1141
G1 X110.918 Y122.048 E7.11857
G1 X110.867 Y121.982 E7.12105
G1 X110.725 Y121.608 F12000
;LAYER_CHANGE
;Z:3.56
;HEIGHT:0.21
G1 Z3.56 F12000
G1 X112.251 Y120.501
G92 E0
;TYPE:Solid infill
;WIDTH:0.539389
G1 F4800
G1 X112.251 Y120.747 E.01019
G1 X112.745 Y120.748 E.03066
G1 X112.749 Y104.25 E.7142
G1 X112.255 Y104.25 E.73467
G1 X112.251 Y120.313 E1.40019
G1 X112.251 Y120.313 F12000
G1 X111.816 Y121.181
;TYPE:Perimeter
;WIDTH:0.42
G1 F1800
G1 X111.82 Y103.815 E1.94592
G1 X113.184 Y103.815 E1.98878
G1 X113.18 Y121.184 E2.53461
G1 X111.876 Y121.181 E2.57559
G1 X111.876 Y121.181 F12000
G1 X111.441 Y121.555
G1 F1800
G1 X111.445 Y103.457 E3.14432
G1 X111.556 Y103.44 E3.14785
G1 X113.559 Y103.44 E3.21079
G1 X113.555 Y121.544 E3.77971
G1 X113.449 Y121.56 E3.78308
G1 X111.501 Y121.555 E3.8443
G1 X111.501 Y121.555 F12000
G1 X111.142 Y121.732
G1 F3600
G1 X111.102 Y121.669 E3.84665
G1 X111.066 Y121.513 E3.85168
G1 X111.07 Y103.468 E4.41875
G1 X111.104 Y103.334 E4.42309
G1 X111.169 Y103.227 E4.42702
G1 X111.262 Y103.143 E4.43096
G1 X111.378 Y103.088 E4.43499
G1 X111.527 Y103.065 E4.43973
G1 X113.581 Y103.075 E4.50428
G1 X113.736 Y103.137 E4.50953
G1 X113.856 Y103.254 E4.5148
G1 X113.92 Y103.395 E4.51967
G1 X113.934 Y103.49 E4.52269
G1 X113.93 Y121.533 E5.0897
G1 X113.895 Y121.668 E5.09408
G1 X113.828 Y121.776 E5.09807
G1 X113.734 Y121.86 E5.10203
G1 X113.614 Y121.914 E5.10617
G1 X113.476 Y121.935 E5.11056
G1 X111.451 Y121.93 E5.1742
G1 X111.313 Y121.89 E5.17872
G1 X111.183 Y121.795 E5.18378
G1 X111.175 Y121.783 E5.18423
G1 X111.175 Y121.783 F12000
G1 X110.84 Y121.929
;TYPE:External perimeter
;WIDTH:0.4
G1 F1800
G1 X110.764 Y121.812 E5.18838
G1 X110.701 Y121.538 E5.19674
G1 X110.705 Y103.422 E5.73567
G1 X110.764 Y103.191 E5.74276
G1 X110.885 Y102.992 E5.74969
G1 X111.058 Y102.836 E5.75662
G1 X111.27 Y102.736 E5.76359
G1 X111.498 Y102.7 E5.77046
G1 X113.501 Y102.7 E5.83005
G1 X113.652 Y102.715 E5.83456
G1 X113.799 Y102.759 E5.83912
G1 X113.935 Y102.83 E5.84368
G1 X114.055 Y102.925 E5.84823
G1 X114.155 Y103.042 E5.85281
G1 X114.224 Y103.161 E5.8569
G1 X114.275 Y103.307 E5.8615
G1 X114.299 Y103.463 E5.8662
G1 X114.295 Y121.579 E6.40513
G1 X114.234 Y121.812 E6.4123
G1 X114.111 Y122.013 E6.41931
G1 X113.935 Y122.169 E6.42631
G1 X113.718 Y122.268 E6.43341
G1 X113.503 Y122.3 E6.43988
G1 X111.415 Y122.295 E6.502
G1 X111.15 Y122.219 E6.5102
G1 X111.018 Y122.138 E6.51481
G1 X110.915 Y122.045 E6.51894
G1 X110.873 Y121.979 E6.52127
G1 X110.725 Y121.607 F12000
;LAYER_CHANGE
;Z:3.77
;HEIGHT:0.21
G1 Z3.77 F12000
G1 E4.52127 F2400
G92 E0
G1 Z4.17 F12000
G1 X112.749 Y104.25
G1 Z3.77
G1 E2 F2400
G92 E0
;TYPE:Solid infill
;WIDTH:0.539442
G1 F4800
G1 X112.255 Y104.25 E.02047
G1 X112.251 Y120.747 E.70405
G1 X112.745 Y120.748 E.72452
G1 X112.749 Y104.437 E1.40039
G1 E-.59961 F2400
G92 E0
G1 Z4.17 F12000
G1 X111.816 Y121.181
G1 Z3.77
G1 E2 F2400
;TYPE:Perimeter
;WIDTH:0.42
G1 F1800
G1 X111.82 Y103.815 E2.54573
G1 X113.184 Y103.815 E2.58859
G1 X113.18 Y121.184 E3.13442
G1 X111.876 Y121.181 E3.1754
G1 X111.876 Y121.181 F12000
G1 X111.441 Y121.555
G1 F1800
G1 X111.445 Y103.457 E3.74413
G1 X111.556 Y103.44 E3.74766
G1 X113.559 Y103.44 E3.8106
G1 X113.555 Y121.544 E4.37952
G1 X113.449 Y121.56 E4.38289
G1 X111.501 Y121.555 E4.44411
G1 X111.501 Y121.555 F12000
G1 X111.142 Y121.732
G1 F3600
G1 X111.102 Y121.669 E4.44646
G1 X111.066 Y121.513 E4.45149
G1 X111.07 Y103.468 E5.01856
G1 X111.104 Y103.334 E5.0229
G1 X111.169 Y103.227 E5.02683
G1 X111.262 Y103.143 E5.03077
G1 X111.378 Y103.088 E5.0348
G1 X111.527 Y103.065 E5.03954
G1 X113.581 Y103.075 E5.10409
G1 X113.736 Y103.137 E5.10934
G1 X113.856 Y103.254 E5.11461
G1 X113.92 Y103.395 E5.11948
G1 X113.934 Y103.49 E5.1225
G1 X113.93 Y121.533 E5.68951
G1 X113.895 Y121.668 E5.69389
G1 X113.828 Y121.776 E5.69788
G1 X113.734 Y121.86 E5.70184
G1 X113.614 Y121.914 E5.70598
G1 X113.476 Y121.935 E5.71037
G1 X111.451 Y121.93 E5.77401
G1 X111.31 Y121.889 E5.77862
G1 X111.182 Y121.793 E5.78365
G1 X111.175 Y121.783 E5.78403
G1 X111.175 Y121.783 F12000
G1 X110.84 Y121.929
;TYPE:External perimeter
;WIDTH:0.4
G1 F1800
G1 X110.764 Y121.812 E5.78818
G1 X110.701 Y121.538 E5.79654
G1 X110.705 Y103.422 E6.33547
G1 X110.764 Y103.191 E6.34256
G1 X110.885 Y102.992 E6.34949
G1 X111.058 Y102.836 E6.35642
G1 X111.27 Y102.736 E6.36339
G1 X111.498 Y102.7 E6.37026
G1 X113.501 Y102.7 E6.42985
G1 X113.652 Y102.715 E6.43436
G1 X113.799 Y102.759 E6.43892
G1 X113.935 Y102.83 E6.44348
G1 X114.055 Y102.925 E6.44803
G1 X114.155 Y103.042 E6.45261
G1 X114.224 Y103.161 E6.4567
G1 X114.275 Y103.307 E6.4613
G1 X114.299 Y103.462 E6.46597
G1 X114.295 Y121.579 E7.00493
G1 X114.234 Y121.812 E7.0121
G1 X114.111 Y122.013 E7.01911
G1 X113.935 Y122.169 E7.02611
G1 X113.718 Y122.268 E7.03321
G1 X113.503 Y122.3 E7.03968
G1 X111.415 Y122.295 E7.1018
G1 X111.15 Y122.218 E7.11001
G1 X111.031 Y122.147 E7.11413
G1 X110.915 Y122.044 E7.11874
G1 X110.872 Y121.979 E7.12106
G1 X110.725 Y121.607 F12000
;LAYER_CHANGE
;Z:3.98
;HEIGHT:0.21
G1 Z3.98 F12000
G1 X112.251 Y120.501
G92 E0
;TYPE:Solid infill
;WIDTH:0.539388
G1 F4800
G1 X112.251 Y120.747 E.01019
G1 X112.745 Y120.748 E.03066
G1 X112.749 Y104.25 E.7142
G1 X112.255 Y104.25 E.73467
G1 X112.251 Y120.313 E1.40019
G1 X112.251 Y120.313 F12000
G1 X111.816 Y121.181
;TYPE:Perimeter
;WIDTH:0.42
G1 F1800
G1 X111.82 Y103.815 E1.94592
G1 X113.184 Y103.815 E1.98878
G1 X113.18 Y121.184 E2.53461
G1 X111.876 Y121.181 E2.57559
G1 X111.876 Y121.181 F12000
G1 X111.441 Y121.555
G1 F1800
G1 X111.445 Y103.457 E3.14432
G1 X111.556 Y103.44 E3.14785
G1 X113.559 Y103.44 E3.21079
G1 X113.555 Y121.544 E3.77971
G1 X113.449 Y121.56 E3.78308
G1 X111.501 Y121.555 E3.8443
G1 X111.501 Y121.555 F12000
G1 X111.142 Y121.732
G1 F3600
G1 X111.102 Y121.669 E3.84665
G1 X111.066 Y121.513 E3.85168
G1 X111.07 Y103.468 E4.41875
G1 X111.104 Y103.334 E4.42309
G1 X111.169 Y103.227 E4.42702
G1 X111.262 Y103.143 E4.43096
G1 X111.378 Y103.088 E4.43499
G1 X111.527 Y103.065 E4.43973
G1 X113.581 Y103.075 E4.50428
G1 X113.736 Y103.137 E4.50953
G1 X113.856 Y103.254 E4.5148
G1 X113.92 Y103.395 E4.51967
G1 X113.934 Y103.49 E4.52269
G1 X113.93 Y121.533 E5.0897
G1 X113.895 Y121.668 E5.09408
G1 X113.828 Y121.776 E5.09807
G1 X113.734 Y121.86 E5.10203
G1 X113.614 Y121.914 E5.10617
G1 X113.476 Y121.935 E5.11056
G1 X111.451 Y121.93 E5.1742
G1 X111.313 Y121.89 E5.17872
G1 X111.183 Y121.795 E5.18378
G1 X111.175 Y121.783 E5.18423
G1 X111.175 Y121.783 F12000
G1 X110.84 Y121.929
;TYPE:External perimeter
;WIDTH:0.4
G1 F1800
G1 X110.764 Y121.812 E5.18838
G1 X110.701 Y121.538 E5.19674
G1 X110.705 Y103.422 E5.73567
G1 X110.764 Y103.191 E5.74276
G1 X110.885 Y102.992 E5.74969
G1 X111.058 Y102.836 E5.75662
G1 X111.27 Y102.736 E5.76359
G1 X111.498 Y102.7 E5.77046
G1 X113.501 Y102.7 E5.83005
G1 X113.652 Y102.715 E5.83456
G1 X113.799 Y102.759 E5.83912
G1 X113.935 Y102.83 E5.84368
G1 X114.055 Y102.925 E5.84823
G1 X114.155 Y103.042 E5.85281
G1 X114.224 Y103.161 E5.8569
G1 X114.275 Y103.307 E5.8615
G1 X114.299 Y103.463 E5.8662
G1 X114.295 Y121.579 E6.40513
G1 X114.234 Y121.812 E6.4123
G1 X114.111 Y122.013 E6.41931
G1 X113.935 Y122.169 E6.42631
G1 X113.718 Y122.268 E6.43341
G1 X113.503 Y122.3 E6.43988
G1 X111.415 Y122.295 E6.502
G1 X111.15 Y122.219 E6.5102
G1 X111.018 Y122.138 E6.51481
G1 X110.915 Y122.045 E6.51894
G1 X110.873 Y121.979 E6.52127
G1 X110.725 Y121.607 F12000
;LAYER_CHANGE
;Z:4.19
;HEIGHT:0.21
G1 Z4.19 F12000
G1 E4.52127 F2400
G92 E0
G1 Z4.59 F12000
G1 X112.749 Y104.25
G1 Z4.19
G1 E2 F2400
G92 E0
;TYPE:Solid infill
;WIDTH:0.53944
G1 F4800
G1 X112.255 Y104.25 E.02047
G1 X112.251 Y120.747 E.70404
G1 X112.745 Y120.748 E.72451
G1 X112.749 Y104.437 E1.40038
G1 E-.59962 F2400
G92 E0
G1 Z4.59 F12000
G1 X111.816 Y121.181
G1 Z4.19
G1 E2 F2400
;TYPE:Perimeter
;WIDTH:0.42
G1 F1800
G1 X111.82 Y103.815 E2.54573
G1 X113.184 Y103.815 E2.58859
G1 X113.18 Y121.184 E3.13442
G1 X111.876 Y121.181 E3.1754
G1 X111.876 Y121.181 F12000
G1 X111.441 Y121.555
G1 F1800
G1 X111.445 Y103.457 E3.74413
G1 X111.556 Y103.44 E3.74766
G1 X113.559 Y103.44 E3.8106
G1 X113.555 Y121.544 E4.37952
G1 X113.449 Y121.56 E4.38289
G1 X111.501 Y121.555 E4.44411
G1 X111.501 Y121.555 F12000
G1 X111.142 Y121.732
G1 F3600
G1 X111.102 Y121.669 E4.44646
G1 X111.066 Y121.513 E4.45149
G1 X111.07 Y103.468 E5.01856
G1 X111.104 Y103.334 E5.0229
G1 X111.169 Y103.227 E5.02683
G1 X111.262 Y103.143 E5.03077
G1 X111.378 Y103.088 E5.0348
G1 X111.527 Y103.065 E5.03954
G1 X113.581 Y103.075 E5.10409
G1 X113.736 Y103.137 E5.10934
G1 X113.852 Y103.248 E5.11439
G1 X113.92 Y103.395 E5.11948
G1 X113.934 Y103.49 E5.1225
G1 X113.93 Y121.533 E5.68951
G1 X113.895 Y121.668 E5.69389
G1 X113.828 Y121.776 E5.69788
G1 X113.734 Y121.86 E5.70184
G1 X113.614 Y121.914 E5.70598
G1 X113.476 Y121.935 E5.71037
G1 X111.451 Y121.93 E5.77401
G1 X111.31 Y121.889 E5.77862
G1 X111.182 Y121.793 E5.78365
G1 X111.175 Y121.783 E5.78403
G1 X111.175 Y121.783 F12000
G1 X110.84 Y121.929
;TYPE:External perimeter
;WIDTH:0.4
G1 F1800
G1 X110.764 Y121.812 E5.78818
G1 X110.701 Y121.538 E5.79654
G1 X110.705 Y103.422 E6.33547
G1 X110.764 Y103.191 E6.34256
G1 X110.885 Y102.992 E6.34949
G1 X111.058 Y102.836 E6.35642
G1 X111.27 Y102.736 E6.36339
G1 X111.498 Y102.7 E6.37026
G1 X113.5 Y102.7 E6.42982
G1 X113.652 Y102.715 E6.43436
G1 X113.799 Y102.759 E6.43892
G1 X113.935 Y102.83 E6.44348
G1 X114.055 Y102.926 E6.44805
G1 X114.15 Y103.035 E6.45235
G1 X114.224 Y103.162 E6.45672
G1 X114.275 Y103.307 E6.46129
G1 X114.299 Y103.463 E6.46599
G1 X114.295 Y121.579 E7.00492
G1 X114.234 Y121.812 E7.01209
G1 X114.111 Y122.013 E7.0191
G1 X113.935 Y122.169 E7.0261
G1 X113.718 Y122.268 E7.0332
G1 X113.503 Y122.3 E7.03967
G1 X111.415 Y122.295 E7.10179
G1 X111.15 Y122.218 E7.11
G1 X111.031 Y122.147 E7.11412
G1 X110.915 Y122.044 E7.11873
G1 X110.873 Y121.979 E7.12103
G1 X110.725 Y121.607 F12000
;LAYER_CHANGE
;Z:4.4
;HEIGHT:0.21
G1 Z4.4 F12000
G1 X112.251 Y120.501
G92 E0
;TYPE:Solid infill
;WIDTH:0.539389
G1 F4800
G1 X112.251 Y120.747 E.01019
G1 X112.745 Y120.748 E.03066
G1 X112.749 Y104.25 E.7142
G1 X112.255 Y104.25 E.73467
G1 X112.251 Y120.313 E1.40019
G1 X112.251 Y120.313 F12000
G1 X111.816 Y121.181
;TYPE:Perimeter
;WIDTH:0.42
G1 F1800
G1 X111.82 Y103.815 E1.94592
G1 X113.184 Y103.815 E1.98878
G1 X113.18 Y121.184 E2.53461
G1 X111.876 Y121.181 E2.57559
G1 X111.876 Y121.181 F12000
G1 X111.441 Y121.555
G1 F1800
G1 X111.445 Y103.457 E3.14432
G1 X111.556 Y103.44 E3.14785
G1 X113.559 Y103.44 E3.21079
G1 X113.555 Y121.544 E3.77971
G1 X113.449 Y121.56 E3.78308
G1 X111.501 Y121.555 E3.8443
G1 X111.501 Y121.555 F12000
G1 X111.142 Y121.732
G1 F3600
G1 X111.102 Y121.669 E3.84665
G1 X111.066 Y121.513 E3.85168
G1 X111.07 Y103.468 E4.41875
G1 X111.104 Y103.334 E4.42309
G1 X111.169 Y103.227 E4.42702
G1 X111.262 Y103.143 E4.43096
G1 X111.378 Y103.088 E4.43499
G1 X111.527 Y103.065 E4.43973
G1 X113.581 Y103.075 E4.50428
G1 X113.736 Y103.137 E4.50953
G1 X113.852 Y103.248 E4.51458
G1 X113.92 Y103.395 E4.51967
G1 X113.934 Y103.49 E4.52269
G1 X113.93 Y121.533 E5.0897
G1 X113.895 Y121.668 E5.09408
G1 X113.828 Y121.776 E5.09807
G1 X113.734 Y121.86 E5.10203
G1 X113.614 Y121.914 E5.10617
G1 X113.476 Y121.935 E5.11056
G1 X111.451 Y121.93 E5.1742
G1 X111.312 Y121.89 E5.17875
G1 X111.183 Y121.794 E5.1838
G1 X111.175 Y121.783 E5.18423
G1 X111.175 Y121.783 F12000
G1 X110.84 Y121.929
;TYPE:External perimeter
;WIDTH:0.4
G1 F1800
G1 X110.764 Y121.812 E5.18838
G1 X110.701 Y121.538 E5.19674
G1 X110.705 Y103.422 E5.73567
G1 X110.764 Y103.192 E5.74273
G1 X110.885 Y102.992 E5.74968
G1 X111.058 Y102.836 E5.75661
G1 X111.27 Y102.736 E5.76358
G1 X111.498 Y102.7 E5.77045
G1 X113.5 Y102.7 E5.83001
G1 X113.652 Y102.715 E5.83455
G1 X113.799 Y102.759 E5.83911
G1 X113.935 Y102.83 E5.84367
G1 X114.055 Y102.926 E5.84824
G1 X114.15 Y103.035 E5.85254
G1 X114.224 Y103.162 E5.85691
G1 X114.275 Y103.307 E5.86148
G1 X114.299 Y103.463 E5.86618
G1 X114.295 Y121.579 E6.40511
G1 X114.234 Y121.812 E6.41228
G1 X114.111 Y122.013 E6.41929
G1 X113.935 Y122.169 E6.42629
G1 X113.718 Y122.268 E6.43339
G1 X113.503 Y122.3 E6.43986
G1 X111.415 Y122.295 E6.50198
G1 X111.15 Y122.219 E6.51018
G1 X111.024 Y122.142 E6.51457
G1 X110.915 Y122.045 E6.51891
G1 X110.873 Y121.979 E6.52124
G1 X110.725 Y121.607 F12000
;LAYER_CHANGE
;Z:4.61
;HEIGHT:0.21
G1 Z4.61 F12000
G1 E4.52124 F2400
G92 E0
G1 Z5.01 F12000
G1 X112.749 Y104.25
G1 Z4.61
G1 E2 F2400
G92 E0
;TYPE:Solid infill
;WIDTH:0.539439
G1 F4800
G1 X112.255 Y104.25 E.02047
G1 X112.251 Y120.747 E.70404
G1 X112.745 Y120.748 E.72451
G1 X112.749 Y104.437 E1.40037
G1 E-.59963 F2400
G92 E0
G1 Z5.01 F12000
G1 X111.816 Y121.181
G1 Z4.61
G1 E2 F2400
;TYPE:Perimeter
;WIDTH:0.42
G1 F1800
G1 X111.82 Y103.815 E2.54573
G1 X113.184 Y103.815 E2.58859
G1 X113.18 Y121.184 E3.13442
G1 X111.876 Y121.181 E3.1754
G1 X111.876 Y121.181 F12000
G1 X111.441 Y121.555
G1 F1800
G1 X111.445 Y103.457 E3.74413
G1 X111.556 Y103.44 E3.74766
G1 X113.559 Y103.44 E3.8106
G1 X113.555 Y121.544 E4.37952
G1 X113.449 Y121.56 E4.38289
G1 X111.501 Y121.555 E4.44411
G1 X111.501 Y121.555 F12000
G1 X111.142 Y121.731
G1 F3600
G1 X111.101 Y121.669 E4.44645
G1 X111.066 Y121.513 E4.45147
G1 X111.07 Y103.468 E5.01854
G1 X111.104 Y103.334 E5.02288
G1 X111.169 Y103.227 E5.02681
G1 X111.262 Y103.143 E5.03075
G1 X111.378 Y103.088 E5.03478
G1 X111.527 Y103.065 E5.03952
G1 X113.581 Y103.075 E5.10407
G1 X113.736 Y103.137 E5.10932
G1 X113.852 Y103.248 E5.11437
G1 X113.92 Y103.395 E5.11946
G1 X113.934 Y103.49 E5.12248
G1 X113.93 Y121.533 E5.68949
G1 X113.895 Y121.668 E5.69387
G1 X113.828 Y121.776 E5.69786
G1 X113.734 Y121.86 E5.70182
G1 X113.614 Y121.914 E5.70596
G1 X113.476 Y121.935 E5.71035
G1 X111.451 Y121.93 E5.77399
G1 X111.31 Y121.889 E5.7786
G1 X111.186 Y121.797 E5.78345
G1 X111.175 Y121.781 E5.78406
G1 X111.175 Y121.781 F12000
G1 X110.83 Y121.935
;TYPE:External perimeter
;WIDTH:0.4
G1 F1800
G1 X110.764 Y121.812 E5.78821
G1 X110.701 Y121.538 E5.79657
G1 X110.705 Y103.422 E6.3355
G1 X110.764 Y103.192 E6.34256
G1 X110.885 Y102.992 E6.34951
G1 X111.058 Y102.836 E6.35644
G1 X111.27 Y102.736 E6.36341
G1 X111.498 Y102.7 E6.37028
G1 X113.5 Y102.7 E6.42984
G1 X113.652 Y102.715 E6.43438
G1 X113.799 Y102.759 E6.43894
G1 X113.935 Y102.83 E6.4435
G1 X114.055 Y102.925 E6.44805
G1 X114.15 Y103.035 E6.45237
G1 X114.224 Y103.162 E6.45674
G1 X114.275 Y103.307 E6.46131
G1 X114.299 Y103.463 E6.46601
G1 X114.295 Y121.579 E7.00494
G1 X114.234 Y121.812 E7.01211
G1 X114.111 Y122.013 E7.01912
G1 X113.934 Y122.169 E7.02614
G1 X113.718 Y122.268 E7.03321
G1 X113.503 Y122.3 E7.03968
G1 X111.415 Y122.295 E7.1018
G1 X111.15 Y122.218 E7.11001
G1 X111.031 Y122.147 E7.11413
G1 X110.92 Y122.05 E7.11852
G1 X110.867 Y121.982 E7.12108
G1 X110.725 Y121.608 F12000
;LAYER_CHANGE
;Z:4.82
;HEIGHT:0.21
G1 Z4.82 F12000
G1 X112.251 Y120.501
G92 E0
;TYPE:Solid infill
;WIDTH:0.539389
G1 F4800
G1 X112.251 Y120.747 E.01019
G1 X112.745 Y120.748 E.03066
G1 X112.749 Y104.25 E.7142
G1 X112.255 Y104.25 E.73467
G1 X112.251 Y120.313 E1.40019
G1 X112.251 Y120.313 F12000
G1 X111.816 Y121.181
;TYPE:Perimeter
;WIDTH:0.42
G1 F1800
G1 X111.82 Y103.815 E1.94592
G1 X113.184 Y103.815 E1.98878
G1 X113.18 Y121.184 E2.53461
G1 X111.876 Y121.181 E2.57559
G1 X111.876 Y121.181 F12000
G1 X111.441 Y121.555
G1 F1800
G1 X111.445 Y103.457 E3.14432
G1 X111.556 Y103.44 E3.14785
G1 X113.559 Y103.44 E3.21079
G1 X113.555 Y121.544 E3.77971
G1 X113.449 Y121.56 E3.78308
G1 X111.501 Y121.555 E3.8443
G1 X111.501 Y121.555 F12000
G1 X111.142 Y121.732
G1 F3600
G1 X111.101 Y121.669 E3.84666
G1 X111.066 Y121.513 E3.85168
G1 X111.07 Y103.468 E4.41875
G1 X111.104 Y103.334 E4.42309
G1 X111.169 Y103.227 E4.42702
G1 X111.262 Y103.143 E4.43096
G1 X111.378 Y103.088 E4.43499
G1 X111.527 Y103.065 E4.43973
G1 X113.581 Y103.075 E4.50428
G1 X113.736 Y103.137 E4.50953
G1 X113.856 Y103.254 E4.5148
G1 X113.92 Y103.395 E4.51967
G1 X113.934 Y103.49 E4.52269
G1 X113.93 Y121.533 E5.0897
G1 X113.895 Y121.668 E5.09408
G1 X113.828 Y121.776 E5.09807
G1 X113.734 Y121.86 E5.10203
G1 X113.614 Y121.914 E5.10617
G1 X113.476 Y121.935 E5.11056
G1 X111.451 Y121.93 E5.1742
G1 X111.312 Y121.89 E5.17875
G1 X111.183 Y121.794 E5.1838
G1 X111.175 Y121.783 E5.18423
G1 X111.175 Y121.783 F12000
G1 X110.84 Y121.929
;TYPE:External perimeter
;WIDTH:0.4
G1 F1800
G1 X110.764 Y121.812 E5.18838
G1 X110.701 Y121.538 E5.19674
G1 X110.705 Y103.422 E5.73567
G1 X110.764 Y103.191 E5.74276
G1 X110.885 Y102.992 E5.74969
G1 X111.058 Y102.836 E5.75662
G1 X111.27 Y102.736 E5.76359
G1 X111.498 Y102.7 E5.77046
G1 X113.499 Y102.7 E5.82999
G1 X113.652 Y102.715 E5.83456
G1 X113.799 Y102.759 E5.83912
G1 X113.935 Y102.83 E5.84368
G1 X114.055 Y102.925 E5.84823
G1 X114.155 Y103.042 E5.85281
G1 X114.224 Y103.161 E5.8569
G1 X114.275 Y103.307 E5.8615
G1 X114.299 Y103.463 E5.8662
G1 X114.295 Y121.579 E6.40513
G1 X114.234 Y121.812 E6.4123
G1 X114.111 Y122.013 E6.41931
G1 X113.935 Y122.169 E6.42631
G1 X113.718 Y122.268 E6.43341
G1 X113.503 Y122.3 E6.43988
G1 X111.415 Y122.295 E6.502
G1 X111.15 Y122.219 E6.5102
G1 X111.024 Y122.142 E6.51459
G1 X110.915 Y122.045 E6.51893
G1 X110.873 Y121.979 E6.52126
G1 X110.725 Y121.607 F12000
;LAYER_CHANGE
;Z:5.03
;HEIGHT:0.21
G1 Z5.03 F12000
G1 E4.52126 F2400
G92 E0
G1 Z5.43 F12000
G1 X112.749 Y104.25
G1 Z5.03
G1 E2 F2400
G92 E0
;TYPE:Solid infill
;WIDTH:0.53944
G1 F4800
G1 X112.255 Y104.25 E.02047
G1 X112.251 Y120.747 E.70404
G1 X112.745 Y120.748 E.72451
G1 X112.749 Y104.437 E1.40038
G1 E-.59962 F2400
G92 E0
G1 Z5.43 F12000
G1 X111.816 Y121.181
G1 Z5.03
G1 E2 F2400
;TYPE:Perimeter
;WIDTH:0.42
G1 F1800
G1 X111.82 Y103.815 E2.54573
G1 X113.184 Y103.815 E2.58859
G1 X113.18 Y121.184 E3.13442
G1 X111.876 Y121.181 E3.1754
G1 X111.876 Y121.181 F12000
G1 X111.441 Y121.555
G1 F1800
G1 X111.445 Y103.457 E3.74413
G1 X111.556 Y103.44 E3.74766
G1 X113.559 Y103.44 E3.8106
G1 X113.555 Y121.544 E4.37952
G1 X113.449 Y121.56 E4.38289
G1 X111.501 Y121.555 E4.44411
G1 X111.501 Y121.555 F12000
G1 X111.142 Y121.732
G1 F3600
G1 X111.102 Y121.669 E4.44646
G1 X111.066 Y121.513 E4.45149
G1 X111.07 Y103.468 E5.01856
G1 X111.104 Y103.334 E5.0229
G1 X111.169 Y103.227 E5.02683
G1 X111.262 Y103.143 E5.03077
G1 X111.378 Y103.088 E5.0348
G1 X111.527 Y103.065 E5.03954
G1 X113.581 Y103.075 E5.10409
G1 X113.736 Y103.137 E5.10934
G1 X113.852 Y103.249 E5.11441
G1 X113.92 Y103.395 E5.11947
G1 X113.934 Y103.49 E5.12249
G1 X113.93 Y121.533 E5.6895
G1 X113.895 Y121.668 E5.69388
G1 X113.828 Y121.776 E5.69787
G1 X113.734 Y121.86 E5.70183
G1 X113.614 Y121.914 E5.70597
G1 X113.476 Y121.935 E5.71036
G1 X111.451 Y121.93 E5.774
G1 X111.311 Y121.89 E5.77858
G1 X111.183 Y121.794 E5.78361
G1 X111.175 Y121.783 E5.78404
G1 X111.175 Y121.783 F12000
G1 X110.84 Y121.929
;TYPE:External perimeter
;WIDTH:0.4
G1 F1800
G1 X110.764 Y121.812 E5.78819
G1 X110.701 Y121.538 E5.79655
G1 X110.705 Y103.422 E6.33548
G1 X110.764 Y103.192 E6.34254
G1 X110.885 Y102.992 E6.34949
G1 X111.058 Y102.836 E6.35642
G1 X111.27 Y102.736 E6.36339
G1 X111.498 Y102.7 E6.37026
G1 X113.499 Y102.7 E6.42979
G1 X113.652 Y102.715 E6.43436
G1 X113.799 Y102.759 E6.43892
G1 X113.935 Y102.83 E6.44348
G1 X114.055 Y102.925 E6.44803
G1 X114.151 Y103.036 E6.4524
G1 X114.224 Y103.162 E6.45673
G1 X114.275 Y103.307 E6.4613
G1 X114.299 Y103.463 E6.466
G1 X114.295 Y121.579 E7.00493
G1 X114.234 Y121.812 E7.0121
G1 X114.111 Y122.013 E7.01911
G1 X113.935 Y122.169 E7.02611
G1 X113.718 Y122.268 E7.03321
G1 X113.503 Y122.3 E7.03968
G1 X111.415 Y122.295 E7.1018
G1 X111.15 Y122.219 E7.11
G1 X111.025 Y122.142 E7.11437
G1 X110.915 Y122.045 E7.11873
G1 X110.873 Y121.979 E7.12106
G1 X110.725 Y121.607 F12000
;LAYER_CHANGE
;Z:5.24
;HEIGHT:0.21
G1 Z5.24 F12000
G1 X112.251 Y120.501
G92 E0
;TYPE:Solid infill
;WIDTH:0.539389
G1 F4800
G1 X112.251 Y120.747 E.01019
G1 X112.745 Y120.748 E.03066
G1 X112.749 Y104.25 E.7142
G1 X112.255 Y104.25 E.73467
G1 X112.251 Y120.313 E1.40019
G1 X112.251 Y120.313 F12000
G1 X111.816 Y121.181
;TYPE:Perimeter
;WIDTH:0.42
G1 F1800
G1 X111.82 Y103.815 E1.94592
G1 X113.184 Y103.815 E1.98878
G1 X113.18 Y121.184 E2.53461
G1 X111.876 Y121.181 E2.57559
G1 X111.876 Y121.181 F12000
G1 X111.441 Y121.555
G1 F1800
G1 X111.445 Y103.457 E3.14432
G1 X111.556 Y103.44 E3.14785
G1 X113.559 Y103.44 E3.21079
G1 X113.555 Y121.544 E3.77971
G1 X113.449 Y121.56 E3.78308
G1 X111.501 Y121.555 E3.8443
G1 X111.501 Y121.555 F12000
G1 X111.142 Y121.732
G1 F3600
G1 X111.101 Y121.669 E3.84666
G1 X111.066 Y121.513 E3.85168
G1 X111.07 Y103.468 E4.41875
G1 X111.104 Y103.334 E4.42309
G1 X111.169 Y103.227 E4.42702
G1 X111.262 Y103.143 E4.43096
G1 X111.378 Y103.088 E4.43499
G1 X111.527 Y103.065 E4.43973
G1 X113.581 Y103.075 E4.50428
G1 X113.736 Y103.137 E4.50953
G1 X113.852 Y103.249 E4.5146
G1 X113.92 Y103.395 E4.51966
G1 X113.934 Y103.49 E4.52268
G1 X113.93 Y121.533 E5.08969
G1 X113.895 Y121.668 E5.09407
G1 X113.828 Y121.776 E5.09806
G1 X113.734 Y121.86 E5.10202
G1 X113.614 Y121.914 E5.10616
G1 X113.476 Y121.935 E5.11055
G1 X111.451 Y121.93 E5.17419
G1 X111.31 Y121.889 E5.1788
G1 X111.182 Y121.793 E5.18383
G1 X111.175 Y121.783 E5.18421
G1 X111.175 Y121.783 F12000
G1 X110.84 Y121.929
;TYPE:External perimeter
;WIDTH:0.4
G1 F1800
G1 X110.764 Y121.812 E5.18836
G1 X110.701 Y121.538 E5.19672
G1 X110.705 Y103.422 E5.73565
G1 X110.764 Y103.192 E5.74271
G1 X110.885 Y102.992 E5.74966
G1 X111.058 Y102.836 E5.75659
G1 X111.27 Y102.736 E5.76356
G1 X111.498 Y102.7 E5.77043
G1 X113.498 Y102.7 E5.82993
G1 X113.652 Y102.715 E5.83453
G1 X113.799 Y102.759 E5.83909
G1 X113.935 Y102.83 E5.84365
G1 X114.055 Y102.925 E5.8482
G1 X114.151 Y103.036 E5.85257
G1 X114.224 Y103.162 E5.8569
G1 X114.275 Y103.307 E5.86147
G1 X114.299 Y103.462 E5.86614
G1 X114.295 Y121.579 E6.4051
G1 X114.234 Y121.812 E6.41227
G1 X114.111 Y122.013 E6.41928
G1 X113.935 Y122.169 E6.42628
G1 X113.718 Y122.268 E6.43338
G1 X113.503 Y122.3 E6.43985
G1 X111.415 Y122.295 E6.50197
G1 X111.15 Y122.218 E6.51018
G1 X111.031 Y122.147 E6.5143
G1 X110.915 Y122.044 E6.51891
G1 X110.873 Y121.979 E6.52121
G1 X110.725 Y121.607 F12000
;LAYER_CHANGE
;Z:5.45
;HEIGHT:0.21
G1 Z5.45 F12000
G1 E4.52121 F2400
G92 E0
G1 Z5.85 F12000
G1 X112.749 Y104.25
G1 Z5.45
G1 E2 F2400
G92 E0
;TYPE:Solid infill
;WIDTH:0.539442
G1 F4800
G1 X112.255 Y104.25 E.02047
G1 X112.251 Y120.747 E.70405
G1 X112.745 Y120.748 E.72452
G1 X112.749 Y104.437 E1.40039
G1 E-.59961 F2400
G92 E0
G1 Z5.85 F12000
G1 X111.816 Y121.181
G1 Z5.45
G1 E2 F2400
;TYPE:Perimeter
;WIDTH:0.42
G1 F1800
G1 X111.82 Y103.815 E2.54573
G1 X113.184 Y103.815 E2.58859
G1 X113.18 Y121.184 E3.13442
G1 X111.876 Y121.181 E3.1754
G1 X111.876 Y121.181 F12000
G1 X111.441 Y121.555
G1 F1800
G1 X111.445 Y103.457 E3.74413
G1 X111.556 Y103.44 E3.74766
G1 X113.559 Y103.44 E3.8106
G1 X113.555 Y121.544 E4.37952
G1 X113.449 Y121.56 E4.38289
G1 X111.501 Y121.555 E4.44411
G1 X111.501 Y121.555 F12000
G1 X111.142 Y121.732
G1 F3600
G1 X111.102 Y121.669 E4.44646
G1 X111.066 Y121.513 E4.45149
G1 X111.07 Y103.468 E5.01856
G1 X111.104 Y103.334 E5.0229
G1 X111.169 Y103.227 E5.02683
G1 X111.262 Y103.143 E5.03077
G1 X111.378 Y103.088 E5.0348
G1 X111.527 Y103.065 E5.03954
G1 X113.581 Y103.075 E5.10409
G1 X113.736 Y103.137 E5.10934
G1 X113.856 Y103.254 E5.11461
G1 X113.92 Y103.395 E5.11948
G1 X113.934 Y103.49 E5.1225
G1 X113.93 Y121.533 E5.68951
G1 X113.895 Y121.668 E5.69389
G1 X113.828 Y121.776 E5.69788
G1 X113.734 Y121.86 E5.70184
G1 X113.614 Y121.914 E5.70598
G1 X113.476 Y121.935 E5.71037
G1 X111.451 Y121.93 E5.77401
G1 X111.311 Y121.89 E5.77859
G1 X111.183 Y121.794 E5.78362
G1 X111.175 Y121.783 E5.78405
G1 X111.175 Y121.783 F12000
G1 X110.84 Y121.929
;TYPE:External perimeter
;WIDTH:0.4
G1 F1800
G1 X110.764 Y121.812 E5.7882
G1 X110.701 Y121.538 E5.79656
G1 X110.705 Y103.422 E6.33549
G1 X110.764 Y103.192 E6.34255
G1 X110.885 Y102.992 E6.3495
G1 X111.058 Y102.836 E6.35643
G1 X111.27 Y102.736 E6.3634
G1 X111.498 Y102.7 E6.37027
G1 X113.498 Y102.7 E6.42977
G1 X113.652 Y102.716 E6.43438
G1 X113.799 Y102.759 E6.43894
G1 X113.935 Y102.83 E6.4435
G1 X114.055 Y102.925 E6.44805
G1 X114.155 Y103.042 E6.45263
G1 X114.224 Y103.161 E6.45672
G1 X114.275 Y103.307 E6.46132
G1 X114.299 Y103.463 E6.46602
G1 X114.295 Y121.579 E7.00495
G1 X114.234 Y121.812 E7.01212
G1 X114.111 Y122.013 E7.01913
G1 X113.935 Y122.169 E7.02613
G1 X113.718 Y122.268 E7.03323
G1 X113.503 Y122.3 E7.0397
G1 X111.415 Y122.295 E7.10182
G1 X111.15 Y122.219 E7.11002
G1 X111.025 Y122.143 E7.11437
G1 X110.915 Y122.045 E7.11875
G1 X110.873 Y121.979 E7.12108
G1 X110.725 Y121.607 F12000
;LAYER_CHANGE
;Z:5.66
;HEIGHT:0.21
G1 Z5.66 F12000
G1 X112.251 Y120.501
G92 E0
;TYPE:Solid infill
;WIDTH:0.53939
G1 F4800
G1 X112.251 Y120.747 E.01019
G1 X112.745 Y120.748 E.03066
G1 X112.749 Y104.25 E.71421
G1 X112.255 Y104.25 E.73468
G1 X112.251 Y120.313 E1.4002
G1 X112.251 Y120.313 F12000
G1 X111.816 Y121.181
;TYPE:Perimeter
;WIDTH:0.42
G1 F1800
G1 X111.82 Y103.815 E1.94593
G1 X113.184 Y103.815 E1.98879
G1 X113.18 Y121.184 E2.53462
G1 X111.876 Y121.181 E2.5756
G1 X111.876 Y121.181 F12000
G1 X111.441 Y121.555
G1 F1800
G1 X111.445 Y103.457 E3.14433
G1 X111.556 Y103.44 E3.14786
G1 X113.559 Y103.44 E3.2108
G1 X113.555 Y121.544 E3.77972
G1 X113.449 Y121.56 E3.78309
G1 X111.501 Y121.555 E3.84431
G1 X111.501 Y121.555 F12000
G1 X111.142 Y121.732
G1 F3600
G1 X111.102 Y121.669 E3.84666
G1 X111.066 Y121.513 E3.85169
G1 X111.07 Y103.468 E4.41876
G1 X111.104 Y103.334 E4.4231
G1 X111.169 Y103.227 E4.42703
G1 X111.262 Y103.143 E4.43097
G1 X111.378 Y103.088 E4.435
G1 X111.527 Y103.065 E4.43974
G1 X113.582 Y103.075 E4.50432
G1 X113.736 Y103.137 E4.50954
G1 X113.856 Y103.254 E4.51481
G1 X113.92 Y103.395 E4.51968
G1 X113.934 Y103.49 E4.5227
G1 X113.93 Y121.533 E5.08971
G1 X113.895 Y121.668 E5.09409
G1 X113.828 Y121.776 E5.09808
G1 X113.734 Y121.86 E5.10204
G1 X113.614 Y121.914 E5.10618
G1 X113.476 Y121.935 E5.11057
G1 X111.451 Y121.93 E5.17421
G1 X111.31 Y121.889 E5.17882
G1 X111.182 Y121.793 E5.18385
G1 X111.175 Y121.783 E5.18423
G1 X111.175 Y121.783 F12000
G1 X110.84 Y121.929
;TYPE:External perimeter
;WIDTH:0.4
G1 F1800
G1 X110.764 Y121.812 E5.18838
G1 X110.701 Y121.538 E5.19674
G1 X110.705 Y103.422 E5.73567
G1 X110.764 Y103.192 E5.74273
G1 X110.885 Y102.992 E5.74968
G1 X111.058 Y102.836 E5.75661
G1 X111.27 Y102.736 E5.76358
G1 X111.498 Y102.7 E5.77045
G1 X113.498 Y102.7 E5.82995
G1 X113.652 Y102.716 E5.83456
G1 X113.799 Y102.759 E5.83912
G1 X113.935 Y102.83 E5.84368
G1 X114.055 Y102.925 E5.84823
G1 X114.155 Y103.042 E5.85281
G1 X114.224 Y103.161 E5.8569
G1 X114.275 Y103.307 E5.8615
G1 X114.299 Y103.463 E5.8662
G1 X114.295 Y121.579 E6.40513
G1 X114.234 Y121.812 E6.4123
G1 X114.111 Y122.013 E6.41931
G1 X113.934 Y122.169 E6.42633
G1 X113.718 Y122.268 E6.4334
G1 X113.503 Y122.3 E6.43987
G1 X111.415 Y122.295 E6.50199
G1 X111.15 Y122.218 E6.5102
G1 X111.031 Y122.147 E6.51432
G1 X110.915 Y122.044 E6.51893
G1 X110.873 Y121.979 E6.52123
G1 X110.725 Y121.607 F12000
;LAYER_CHANGE
;Z:5.87
;HEIGHT:0.21
G1 Z5.87 F12000
G1 E4.52123 F2400
G92 E0
G1 Z6.27 F12000
G1 X112.749 Y104.25
G1 Z5.87
G1 E2 F2400
G92 E0
;TYPE:Solid infill
;WIDTH:0.53944
G1 F4800
G1 X112.255 Y104.25 E.02047
G1 X112.251 Y120.747 E.70404
G1 X112.745 Y120.748 E.72451
G1 X112.749 Y104.437 E1.40038
G1 E-.59962 F2400
G92 E0
G1 Z6.27 F12000
G1 X111.816 Y121.181
G1 Z5.87
G1 E2 F2400
;TYPE:Perimeter
;WIDTH:0.42
G1 F1800
G1 X111.82 Y103.815 E2.54573
G1 X113.184 Y103.815 E2.58859
G1 X113.18 Y121.184 E3.13442
G1 X111.876 Y121.181 E3.1754
G1 X111.876 Y121.181 F12000
G1 X111.441 Y121.555
G1 F1800
G1 X111.445 Y103.457 E3.74413
G1 X111.556 Y103.44 E3.74766
G1 X113.559 Y103.44 E3.8106
G1 X113.555 Y121.544 E4.37952
G1 X113.449 Y121.56 E4.38289
G1 X111.501 Y121.555 E4.44411
G1 X111.501 Y121.555 F12000
G1 X111.142 Y121.732
G1 F3600
G1 X111.102 Y121.669 E4.44646
G1 X111.066 Y121.513 E4.45149
G1 X111.07 Y103.468 E5.01856
G1 X111.104 Y103.334 E5.0229
G1 X111.169 Y103.227 E5.02683
G1 X111.262 Y103.143 E5.03077
G1 X111.378 Y103.088 E5.0348
G1 X111.527 Y103.065 E5.03954
G1 X113.582 Y103.075 E5.10412
G1 X113.736 Y103.137 E5.10934
G1 X113.856 Y103.254 E5.11461
G1 X113.92 Y103.395 E5.11948
G1 X113.934 Y103.49 E5.1225
G1 X113.93 Y121.533 E5.68951
G1 X113.895 Y121.668 E5.69389
G1 X113.828 Y121.776 E5.69788
G1 X113.734 Y121.86 E5.70184
G1 X113.614 Y121.914 E5.70598
G1 X113.476 Y121.935 E5.71037
G1 X111.451 Y121.93 E5.77401
G1 X111.311 Y121.89 E5.77859
G1 X111.182 Y121.794 E5.78364
G1 X111.175 Y121.783 E5.78405
G1 X111.175 Y121.783 F12000
G1 X110.84 Y121.929
;TYPE:External perimeter
;WIDTH:0.4
G1 F1800
G1 X110.764 Y121.812 E5.7882
G1 X110.701 Y121.538 E5.79656
G1 X110.705 Y103.422 E6.33549
G1 X110.764 Y103.191 E6.34258
G1 X110.885 Y102.992 E6.34951
G1 X111.058 Y102.836 E6.35644
G1 X111.27 Y102.736 E6.36341
G1 X111.498 Y102.7 E6.37028
G1 X113.497 Y102.7 E6.42975
G1 X113.652 Y102.716 E6.43439
G1 X113.799 Y102.759 E6.43895
G1 X113.935 Y102.83 E6.44351
G1 X114.055 Y102.925 E6.44806
G1 X114.155 Y103.042 E6.45264
G1 X114.224 Y103.161 E6.45673
G1 X114.275 Y103.307 E6.46133
G1 X114.299 Y103.463 E6.46603
G1 X114.295 Y121.579 E7.00496
G1 X114.234 Y121.812 E7.01213
G1 X114.111 Y122.013 E7.01914
G1 X113.934 Y122.169 E7.02616
G1 X113.718 Y122.268 E7.03323
G1 X113.503 Y122.3 E7.0397
G1 X111.415 Y122.295 E7.10182
G1 X111.15 Y122.219 E7.11002
G1 X111.026 Y122.143 E7.11435
G1 X110.915 Y122.045 E7.11875
G1 X110.873 Y121.979 E7.12108
G1 X110.725 Y121.607 F12000
;LAYER_CHANGE
;Z:6.08
;HEIGHT:0.21
G1 Z6.08 F12000
G1 X112.251 Y120.501
G92 E0
;TYPE:Solid infill
;WIDTH:0.539389
G1 F4800
G1 X112.251 Y120.747 E.01019
G1 X112.745 Y120.748 E.03066
G1 X112.749 Y104.25 E.7142
G1 X112.255 Y104.25 E.73467
G1 X112.251 Y120.313 E1.40019
G1 X112.251 Y120.313 F12000
G1 X111.816 Y121.181
;TYPE:Perimeter
;WIDTH:0.42
G1 F1800
G1 X111.82 Y103.815 E1.94592
G1 X113.184 Y103.815 E1.98878
G1 X113.18 Y121.184 E2.53461
G1 X111.876 Y121.181 E2.57559
G1 X111.876 Y121.181 F12000
G1 X111.441 Y121.555
G1 F1800
G1 X111.445 Y103.457 E3.14432
G1 X111.556 Y103.44 E3.14785
G1 X113.559 Y103.44 E3.21079
G1 X113.555 Y121.544 E3.77971
G1 X113.449 Y121.56 E3.78308
G1 X111.501 Y121.555 E3.8443
G1 X111.501 Y121.555 F12000
G1 X111.142 Y121.732
G1 F3600
G1 X111.102 Y121.669 E3.84665
G1 X111.066 Y121.513 E3.85168
G1 X111.07 Y103.468 E4.41875
G1 X111.104 Y103.334 E4.42309
G1 X111.169 Y103.227 E4.42702
G1 X111.262 Y103.143 E4.43096
G1 X111.378 Y103.088 E4.43499
G1 X111.527 Y103.065 E4.43973
G1 X113.582 Y103.075 E4.50431
G1 X113.736 Y103.137 E4.50953
G1 X113.856 Y103.254 E4.5148
G1 X113.92 Y103.395 E4.51967
G1 X113.934 Y103.49 E4.52269
G1 X113.93 Y121.533 E5.0897
G1 X113.895 Y121.668 E5.09408
G1 X113.828 Y121.776 E5.09807
G1 X113.734 Y121.86 E5.10203
G1 X113.614 Y121.914 E5.10617
G1 X113.476 Y121.935 E5.11056
G1 X111.451 Y121.93 E5.1742
G1 X111.313 Y121.89 E5.17872
G1 X111.183 Y121.795 E5.18378
G1 X111.175 Y121.783 E5.18423
G1 X111.175 Y121.783 F12000
G1 X110.84 Y121.929
;TYPE:External perimeter
;WIDTH:0.4
G1 F1800
G1 X110.764 Y121.812 E5.18838
G1 X110.701 Y121.538 E5.19674
G1 X110.705 Y103.422 E5.73567
G1 X110.764 Y103.192 E5.74273
G1 X110.885 Y102.992 E5.74968
G1 X111.058 Y102.836 E5.75661
G1 X111.27 Y102.736 E5.76358
G1 X111.498 Y102.7 E5.77045
G1 X113.497 Y102.7 E5.82992
G1 X113.652 Y102.716 E5.83456
G1 X113.799 Y102.759 E5.83912
G1 X113.935 Y102.83 E5.84368
G1 X114.055 Y102.925 E5.84823
G1 X114.155 Y103.042 E5.85281
G1 X114.224 Y103.161 E5.8569
G1 X114.275 Y103.307 E5.8615
G1 X114.299 Y103.462 E5.86617
G1 X114.295 Y121.579 E6.40513
G1 X114.234 Y121.812 E6.4123
G1 X114.111 Y122.013 E6.41931
G1 X113.935 Y122.169 E6.42631
G1 X113.718 Y122.268 E6.43341
G1 X113.503 Y122.3 E6.43988
G1 X111.415 Y122.295 E6.502
G1 X111.15 Y122.219 E6.5102
G1 X111.018 Y122.138 E6.51481
G1 X110.915 Y122.045 E6.51894
G1 X110.873 Y121.979 E6.52127
G1 X110.725 Y121.607 F12000
;LAYER_CHANGE
;Z:6.29
;HEIGHT:0.21
G1 Z6.29 F12000
G1 E4.52127 F2400
G92 E0
G1 Z6.69 F12000
G1 X112.749 Y104.25
G1 Z6.29
G1 E2 F2400
G92 E0
;TYPE:Solid infill
;WIDTH:0.539443
G1 F4800
G1 X112.255 Y104.25 E.02047
G1 X112.251 Y120.747 E.70405
G1 X112.745 Y120.748 E.72452
G1 X112.749 Y104.437 E1.40039
G1 E-.59961 F2400
G92 E0
G1 Z6.69 F12000
G1 X111.816 Y121.181
G1 Z6.29
G1 E2 F2400
;TYPE:Perimeter
;WIDTH:0.42
G1 F1800
G1 X111.82 Y103.815 E2.54573
G1 X113.184 Y103.815 E2.58859
G1 X113.18 Y121.184 E3.13442
G1 X111.876 Y121.181 E3.1754
G1 X111.876 Y121.181 F12000
G1 X111.441 Y121.555
G1 F1800
G1 X111.445 Y103.457 E3.74413
G1 X111.556 Y103.44 E3.74766
G1 X113.559 Y103.44 E3.8106
G1 X113.555 Y121.544 E4.37952
G1 X113.449 Y121.56 E4.38289
G1 X111.501 Y121.555 E4.44411
G1 X111.501 Y121.555 F12000
G1 X111.142 Y121.732
G1 F3600
G1 X111.102 Y121.669 E4.44646
G1 X111.066 Y121.513 E4.45149
G1 X111.07 Y103.468 E5.01856
G1 X111.104 Y103.334 E5.0229
G1 X111.169 Y103.227 E5.02683
G1 X111.262 Y103.143 E5.03077
G1 X111.378 Y103.088 E5.0348
G1 X111.527 Y103.065 E5.03954
G1 X113.582 Y103.075 E5.10412
G1 X113.736 Y103.137 E5.10934
G1 X113.853 Y103.25 E5.11445
G1 X113.92 Y103.395 E5.11947
G1 X113.934 Y103.49 E5.12249
G1 X113.93 Y121.533 E5.6895
G1 X113.895 Y121.668 E5.69388
G1 X113.828 Y121.776 E5.69787
G1 X113.734 Y121.86 E5.70183
G1 X113.614 Y121.914 E5.70597
G1 X113.476 Y121.935 E5.71036
G1 X111.451 Y121.93 E5.774
G1 X111.313 Y121.89 E5.77852
G1 X111.183 Y121.795 E5.78358
G1 X111.175 Y121.783 E5.78403
G1 X111.175 Y121.783 F12000
G1 X110.84 Y121.929
;TYPE:External perimeter
;WIDTH:0.4
G1 F1800
G1 X110.764 Y121.812 E5.78818
G1 X110.701 Y121.538 E5.79654
G1 X110.705 Y103.422 E6.33547
G1 X110.764 Y103.192 E6.34253
G1 X110.885 Y102.992 E6.34948
G1 X111.058 Y102.836 E6.35641
G1 X111.27 Y102.736 E6.36338
G1 X111.498 Y102.7 E6.37025
G1 X113.497 Y102.7 E6.42972
G1 X113.652 Y102.716 E6.43436
G1 X113.799 Y102.759 E6.43892
G1 X113.935 Y102.83 E6.44348
G1 X114.055 Y102.925 E6.44803
G1 X114.152 Y103.037 E6.45244
G1 X114.224 Y103.162 E6.45673
G1 X114.275 Y103.307 E6.4613
G1 X114.299 Y103.463 E6.466
G1 X114.295 Y121.579 E7.00493
G1 X114.234 Y121.812 E7.0121
G1 X114.111 Y122.013 E7.01911
G1 X113.934 Y122.169 E7.02613
G1 X113.718 Y122.268 E7.0332
G1 X113.503 Y122.3 E7.03967
G1 X111.415 Y122.295 E7.10179
G1 X111.15 Y122.219 E7.10999
G1 X111.018 Y122.138 E7.1146
G1 X110.915 Y122.045 E7.11873
G1 X110.873 Y121.979 E7.12106
G1 X110.725 Y121.607 F12000
;LAYER_CHANGE
;Z:6.5
;HEIGHT:0.21
G1 Z6.5 F12000
G1 X112.251 Y120.501
G92 E0
;TYPE:Solid infill
;WIDTH:0.53939
G1 F4800
G1 X112.251 Y120.747 E.01019
G1 X112.745 Y120.748 E.03066
G1 X112.749 Y104.25 E.71421
G1 X112.255 Y104.25 E.73468
G1 X112.251 Y120.313 E1.4002
G1 X112.251 Y120.313 F12000
G1 X111.816 Y121.181
;TYPE:Perimeter
;WIDTH:0.42
G1 F1800
G1 X111.82 Y103.815 E1.94593
G1 X113.184 Y103.815 E1.98879
G1 X113.18 Y121.184 E2.53462
G1 X111.876 Y121.181 E2.5756
G1 X111.876 Y121.181 F12000
G1 X111.441 Y121.555
G1 F1800
G1 X111.445 Y103.457 E3.14433
G1 X111.556 Y103.44 E3.14786
G1 X113.559 Y103.44 E3.2108
G1 X113.555 Y121.544 E3.77972
G1 X113.449 Y121.56 E3.78309
G1 X111.501 Y121.555 E3.84431
G1 X111.501 Y121.555 F12000
G1 X111.142 Y121.732
G1 F3600
G1 X111.102 Y121.669 E3.84666
G1 X111.066 Y121.513 E3.85169
G1 X111.07 Y103.468 E4.41876
G1 X111.104 Y103.334 E4.4231
G1 X111.169 Y103.227 E4.42703
G1 X111.262 Y103.143 E4.43097
G1 X111.378 Y103.088 E4.435
G1 X111.527 Y103.065 E4.43974
G1 X113.582 Y103.075 E4.50432
G1 X113.736 Y103.137 E4.50954
G1 X113.856 Y103.254 E4.51481
G1 X113.92 Y103.395 E4.51968
G1 X113.934 Y103.49 E4.5227
G1 X113.93 Y121.533 E5.08971
G1 X113.895 Y121.668 E5.09409
G1 X113.828 Y121.776 E5.09808
G1 X113.734 Y121.86 E5.10204
G1 X113.614 Y121.914 E5.10618
G1 X113.476 Y121.935 E5.11057
G1 X111.451 Y121.93 E5.17421
G1 X111.311 Y121.889 E5.17879
G1 X111.182 Y121.794 E5.18382
G1 X111.175 Y121.783 E5.18423
G1 X111.175 Y121.783 F12000
G1 X110.84 Y121.929
;TYPE:External perimeter
;WIDTH:0.4
G1 F1800
G1 X110.764 Y121.812 E5.18838
G1 X110.701 Y121.538 E5.19674
G1 X110.705 Y103.422 E5.73567
G1 X110.764 Y103.192 E5.74273
G1 X110.885 Y102.992 E5.74968
G1 X111.058 Y102.836 E5.75661
G1 X111.27 Y102.736 E5.76358
G1 X111.498 Y102.7 E5.77045
G1 X113.496 Y102.7 E5.82989
G1 X113.652 Y102.716 E5.83456
G1 X113.799 Y102.759 E5.83912
G1 X113.935 Y102.83 E5.84368
G1 X114.055 Y102.925 E5.84823
G1 X114.155 Y103.042 E5.85281
G1 X114.224 Y103.161 E5.8569
G1 X114.275 Y103.307 E5.8615
G1 X114.299 Y103.463 E5.8662
G1 X114.295 Y121.579 E6.40513
G1 X114.234 Y121.812 E6.4123
G1 X114.111 Y122.013 E6.41931
G1 X113.935 Y122.169 E6.42631
G1 X113.718 Y122.268 E6.43341
G1 X113.503 Y122.3 E6.43988
G1 X111.415 Y122.295 E6.502
G1 X111.15 Y122.218 E6.51021
G1 X111.026 Y122.144 E6.51451
G1 X110.915 Y122.045 E6.51893
G1 X110.873 Y121.979 E6.52126
G1 X110.725 Y121.607 F12000
;LAYER_CHANGE
;Z:6.71
;HEIGHT:0.21
G1 Z6.71 F12000
G1 E4.52126 F2400
G92 E0
G1 Z7.11 F12000
G1 X112.749 Y104.25
G1 Z6.71
G1 E2 F2400
G92 E0
;TYPE:Solid infill
;WIDTH:0.53944
G1 F4800
G1 X112.255 Y104.25 E.02047
G1 X112.251 Y120.747 E.70404
G1 X112.745 Y120.748 E.72451
G1 X112.749 Y104.437 E1.40038
G1 E-.59962 F2400
G92 E0
G1 Z7.11 F12000
G1 X111.816 Y121.181
G1 Z6.71
G1 E2 F2400
;TYPE:Perimeter
;WIDTH:0.42
G1 F1800
G1 X111.82 Y103.815 E2.54573
G1 X113.184 Y103.815 E2.58859
G1 X113.18 Y121.184 E3.13442
G1 X111.876 Y121.181 E3.1754
G1 X111.876 Y121.181 F12000
G1 X111.441 Y121.555
G1 F1800
G1 X111.445 Y103.457 E3.74413
G1 X111.556 Y103.44 E3.74766
G1 X113.559 Y103.44 E3.8106
G1 X113.555 Y121.544 E4.37952
G1 X113.449 Y121.56 E4.38289
G1 X111.501 Y121.555 E4.44411
G1 X111.501 Y121.555 F12000
G1 X111.142 Y121.732
G1 F3600
G1 X111.102 Y121.669 E4.44646
G1 X111.066 Y121.513 E4.45149
G1 X111.07 Y103.468 E5.01856
G1 X111.104 Y103.334 E5.0229
G1 X111.169 Y103.227 E5.02683
G1 X111.262 Y103.143 E5.03077
G1 X111.378 Y103.088 E5.0348
G1 X111.527 Y103.065 E5.03954
G1 X113.582 Y103.075 E5.10412
G1 X113.736 Y103.137 E5.10934
G1 X113.856 Y103.254 E5.11461
G1 X113.92 Y103.395 E5.11948
G1 X113.934 Y103.49 E5.1225
G1 X113.93 Y121.533 E5.68951
G1 X113.895 Y121.668 E5.69389
G1 X113.828 Y121.776 E5.69788
G1 X113.734 Y121.86 E5.70184
G1 X113.614 Y121.914 E5.70598
G1 X113.476 Y121.935 E5.71037
G1 X111.451 Y121.93 E5.77401
G1 X111.311 Y121.889 E5.77859
G1 X111.182 Y121.794 E5.78362
G1 X111.175 Y121.783 E5.78403
G1 X111.175 Y121.783 F12000
G1 X110.84 Y121.929
;TYPE:External perimeter
;WIDTH:0.4
G1 F1800
G1 X110.764 Y121.812 E5.78818
G1 X110.701 Y121.538 E5.79654
G1 X110.705 Y103.422 E6.33547
G1 X110.764 Y103.192 E6.34253
G1 X110.885 Y102.992 E6.34948
G1 X111.058 Y102.836 E6.35641
G1 X111.27 Y102.736 E6.36338
G1 X111.498 Y102.7 E6.37025
G1 X113.496 Y102.7 E6.42969
G1 X113.652 Y102.716 E6.43436
G1 X113.799 Y102.759 E6.43892
G1 X113.935 Y102.83 E6.44348
G1 X114.055 Y102.925 E6.44803
G1 X114.155 Y103.042 E6.45261
G1 X114.224 Y103.161 E6.4567
G1 X114.275 Y103.307 E6.4613
G1 X114.299 Y103.463 E6.466
G1 X114.295 Y121.579 E7.00493
G1 X114.234 Y121.812 E7.0121
G1 X114.111 Y122.013 E7.01911
G1 X113.934 Y122.169 E7.02613
G1 X113.718 Y122.268 E7.0332
G1 X113.503 Y122.3 E7.03967
G1 X111.415 Y122.295 E7.10179
G1 X111.15 Y122.218 E7.11
G1 X111.027 Y122.144 E7.11427
G1 X110.915 Y122.045 E7.11872
G1 X110.873 Y121.979 E7.12105
G1 X110.725 Y121.607 F12000
;LAYER_CHANGE
;Z:6.92
;HEIGHT:0.21
G1 Z6.92 F12000
G1 X112.251 Y120.501
G92 E0
;TYPE:Solid infill
;WIDTH:0.53939
G1 F4800
G1 X112.251 Y120.747 E.01019
G1 X112.745 Y120.748 E.03066
G1 X112.749 Y104.25 E.71421
G1 X112.255 Y104.25 E.73468
G1 X112.251 Y120.313 E1.4002
G1 X112.251 Y120.313 F12000
G1 X111.816 Y121.181
;TYPE:Perimeter
;WIDTH:0.42
G1 F1800
G1 X111.82 Y103.815 E1.94593
G1 X113.184 Y103.815 E1.98879
G1 X113.18 Y121.184 E2.53462
G1 X111.876 Y121.181 E2.5756
G1 X111.876 Y121.181 F12000
G1 X111.441 Y121.555
G1 F1800
G1 X111.445 Y103.457 E3.14433
G1 X111.556 Y103.44 E3.14786
G1 X113.559 Y103.44 E3.2108
G1 X113.555 Y121.544 E3.77972
G1 X113.449 Y121.56 E3.78309
G1 X111.501 Y121.555 E3.84431
G1 X111.501 Y121.555 F12000
G1 X111.142 Y121.732
G1 F3600
G1 X111.101 Y121.669 E3.84667
G1 X111.066 Y121.513 E3.85169
G1 X111.07 Y103.468 E4.41876
G1 X111.104 Y103.334 E4.4231
G1 X111.169 Y103.227 E4.42703
G1 X111.262 Y103.143 E4.43097
G1 X111.378 Y103.088 E4.435
G1 X111.527 Y103.065 E4.43974
G1 X113.582 Y103.075 E4.50432
G1 X113.736 Y103.137 E4.50954
G1 X113.854 Y103.251 E4.5147
G1 X113.92 Y103.395 E4.51968
G1 X113.934 Y103.49 E4.5227
G1 X113.93 Y121.533 E5.08971
G1 X113.895 Y121.668 E5.09409
G1 X113.828 Y121.776 E5.09808
G1 X113.734 Y121.86 E5.10204
G1 X113.614 Y121.914 E5.10618
G1 X113.476 Y121.935 E5.11057
G1 X111.451 Y121.93 E5.17421
G1 X111.311 Y121.889 E5.17879
G1 X111.182 Y121.794 E5.18382
G1 X111.175 Y121.783 E5.18423
G1 X111.175 Y121.783 F12000
G1 X110.84 Y121.929
;TYPE:External perimeter
;WIDTH:0.4
G1 F1800
G1 X110.764 Y121.812 E5.18838
G1 X110.701 Y121.538 E5.19674
G1 X110.705 Y103.422 E5.73567
G1 X110.764 Y103.192 E5.74273
G1 X110.885 Y102.992 E5.74968
G1 X111.058 Y102.836 E5.75661
G1 X111.27 Y102.736 E5.76358
G1 X111.498 Y102.7 E5.77045
G1 X113.496 Y102.7 E5.82989
G1 X113.652 Y102.716 E5.83456
G1 X113.799 Y102.759 E5.83912
G1 X113.935 Y102.83 E5.84368
G1 X114.055 Y102.925 E5.84823
G1 X114.152 Y103.038 E5.85266
G1 X114.224 Y103.162 E5.85693
G1 X114.275 Y103.307 E5.8615
G1 X114.299 Y103.462 E5.86617
G1 X114.295 Y121.579 E6.40513
G1 X114.234 Y121.812 E6.4123
G1 X114.111 Y122.013 E6.41931
G1 X113.934 Y122.169 E6.42633
G1 X113.718 Y122.268 E6.4334
G1 X113.503 Y122.3 E6.43987
G1 X111.415 Y122.295 E6.50199
G1 X111.15 Y122.218 E6.5102
G1 X111.027 Y122.144 E6.51447
G1 X110.915 Y122.045 E6.51892
G1 X110.873 Y121.979 E6.52125
G1 X110.725 Y121.607 F12000
;LAYER_CHANGE
;Z:7.13
;HEIGHT:0.21
G1 Z7.13 F12000
G1 E4.52125 F2400
G92 E0
G1 Z7.53 F12000
G1 X112.749 Y104.25
G1 Z7.13
G1 E2 F2400
G92 E0
;TYPE:Solid infill
;WIDTH:0.53944
G1 F4800
G1 X112.255 Y104.25 E.02047
G1 X112.251 Y120.747 E.70404
G1 X112.745 Y120.748 E.72451
G1 X112.749 Y104.437 E1.40038
G1 E-.59962 F2400
G92 E0
G1 Z7.53 F12000
G1 X111.816 Y121.181
G1 Z7.13
G1 E2 F2400
;TYPE:Perimeter
;WIDTH:0.42
G1 F1800
G1 X111.82 Y103.815 E2.54573
G1 X113.184 Y103.815 E2.58859
G1 X113.18 Y121.184 E3.13442
G1 X111.876 Y121.181 E3.1754
G1 X111.876 Y121.181 F12000
G1 X111.441 Y121.555
G1 F1800
G1 X111.445 Y103.457 E3.74413
G1 X111.556 Y103.44 E3.74766
G1 X113.559 Y103.44 E3.8106
G1 X113.555 Y121.544 E4.37952
G1 X113.449 Y121.56 E4.38289
G1 X111.501 Y121.555 E4.44411
G1 X111.501 Y121.555 F12000
G1 X111.142 Y121.732
G1 F3600
G1 X111.102 Y121.669 E4.44646
G1 X111.066 Y121.513 E4.45149
G1 X111.07 Y103.468 E5.01856
G1 X111.104 Y103.334 E5.0229
G1 X111.169 Y103.227 E5.02683
G1 X111.262 Y103.143 E5.03077
G1 X111.378 Y103.088 E5.0348
G1 X111.527 Y103.065 E5.03954
G1 X113.582 Y103.075 E5.10412
G1 X113.736 Y103.137 E5.10934
G1 X113.854 Y103.251 E5.1145
G1 X113.92 Y103.395 E5.11948
G1 X113.934 Y103.49 E5.1225
G1 X113.93 Y121.533 E5.68951
G1 X113.895 Y121.668 E5.69389
G1 X113.828 Y121.776 E5.69788
G1 X113.734 Y121.86 E5.70184
G1 X113.614 Y121.914 E5.70598
G1 X113.476 Y121.935 E5.71037
G1 X111.451 Y121.93 E5.77401
G1 X111.311 Y121.889 E5.77859
G1 X111.182 Y121.794 E5.78362
G1 X111.175 Y121.783 E5.78403
G1 X111.175 Y121.783 F12000
G1 X110.84 Y121.929
;TYPE:External perimeter
;WIDTH:0.4
G1 F1800
G1 X110.764 Y121.812 E5.78818
G1 X110.701 Y121.538 E5.79654
G1 X110.705 Y103.422 E6.33547
G1 X110.764 Y103.191 E6.34256
G1 X110.885 Y102.992 E6.34949
G1 X111.058 Y102.836 E6.35642
G1 X111.27 Y102.736 E6.36339
G1 X111.498 Y102.7 E6.37026
G1 X113.495 Y102.7 E6.42967
G1 X113.652 Y102.716 E6.43436
G1 X113.799 Y102.759 E6.43892
G1 X113.935 Y102.83 E6.44348
G1 X114.055 Y102.925 E6.44803
G1 X114.152 Y103.039 E6.45248
G1 X114.224 Y103.162 E6.45672
G1 X114.275 Y103.307 E6.46129
G1 X114.299 Y103.463 E6.46599
G1 X114.295 Y121.579 E7.00492
G1 X114.234 Y121.812 E7.01209
G1 X114.111 Y122.013 E7.0191
G1 X113.935 Y122.169 E7.0261
G1 X113.718 Y122.268 E7.0332
G1 X113.503 Y122.3 E7.03967
G1 X111.415 Y122.295 E7.10179
G1 X111.15 Y122.218 E7.11
G1 X111.027 Y122.144 E7.11427
G1 X110.915 Y122.045 E7.11872
G1 X110.873 Y121.979 E7.12105
G1 X110.725 Y121.607 F12000
;LAYER_CHANGE
;Z:7.34
;HEIGHT:0.21
G1 Z7.34 F12000
G1 X112.251 Y120.501
G92 E0
;TYPE:Solid infill
;WIDTH:0.539389
G1 F4800
G1 X112.251 Y120.747 E.01019
G1 X112.745 Y120.748 E.03066
G1 X112.749 Y104.25 E.7142
G1 X112.255 Y104.25 E.73467
G1 X112.251 Y120.313 E1.40019
G1 X112.251 Y120.313 F12000
G1 X111.816 Y121.181
;TYPE:Perimeter
;WIDTH:0.42
G1 F1800
G1 X111.82 Y103.815 E1.94592
G1 X113.184 Y103.815 E1.98878
G1 X113.18 Y121.184 E2.53461
G1 X111.876 Y121.181 E2.57559
G1 X111.876 Y121.181 F12000
G1 X111.441 Y121.555
G1 F1800
G1 X111.445 Y103.457 E3.14432
G1 X111.556 Y103.44 E3.14785
G1 X113.559 Y103.44 E3.21079
G1 X113.555 Y121.544 E3.77971
G1 X113.449 Y121.56 E3.78308
G1 X111.501 Y121.555 E3.8443
G1 X111.501 Y121.555 F12000
G1 X111.142 Y121.732
G1 F3600
G1 X111.102 Y121.669 E3.84665
G1 X111.066 Y121.513 E3.85168
G1 X111.07 Y103.468 E4.41875
G1 X111.104 Y103.334 E4.42309
G1 X111.169 Y103.227 E4.42702
G1 X111.262 Y103.143 E4.43096
G1 X111.378 Y103.088 E4.43499
G1 X111.527 Y103.065 E4.43973
G1 X113.582 Y103.075 E4.50431
G1 X113.736 Y103.137 E4.50953
G1 X113.854 Y103.251 E4.51469
G1 X113.92 Y103.395 E4.51967
G1 X113.934 Y103.49 E4.52269
G1 X113.93 Y121.533 E5.0897
G1 X113.895 Y121.668 E5.09408
G1 X113.828 Y121.776 E5.09807
G1 X113.734 Y121.86 E5.10203
G1 X113.614 Y121.914 E5.10617
G1 X113.476 Y121.935 E5.11056
G1 X111.451 Y121.93 E5.1742
G1 X111.31 Y121.889 E5.17881
G1 X111.182 Y121.793 E5.18384
G1 X111.175 Y121.783 E5.18422
G1 X111.175 Y121.783 F12000
G1 X110.84 Y121.929
;TYPE:External perimeter
;WIDTH:0.4
G1 F1800
G1 X110.764 Y121.812 E5.18837
G1 X110.701 Y121.538 E5.19673
G1 X110.705 Y103.422 E5.73566
G1 X110.764 Y103.192 E5.74272
G1 X110.885 Y102.992 E5.74967
G1 X111.058 Y102.836 E5.7566
G1 X111.27 Y102.736 E5.76357
G1 X111.498 Y102.7 E5.77044
G1 X113.495 Y102.7 E5.82985
G1 X113.652 Y102.716 E5.83454
G1 X113.799 Y102.759 E5.8391
G1 X113.935 Y102.83 E5.84366
G1 X114.055 Y102.925 E5.84821
G1 X114.153 Y103.039 E5.85268
G1 X114.224 Y103.162 E5.8569
G1 X114.275 Y103.307 E5.86147
G1 X114.299 Y103.463 E5.86617
G1 X114.295 Y121.579 E6.4051
G1 X114.234 Y121.812 E6.41227
G1 X114.111 Y122.013 E6.41928
G1 X113.935 Y122.169 E6.42628
G1 X113.718 Y122.268 E6.43338
G1 X113.503 Y122.3 E6.43985
G1 X111.415 Y122.295 E6.50197
G1 X111.15 Y122.218 E6.51018
G1 X111.031 Y122.147 E6.5143
G1 X110.915 Y122.044 E6.51891
G1 X110.873 Y121.979 E6.52121
G1 X110.725 Y121.607 F12000
;LAYER_CHANGE
;Z:7.55
;HEIGHT:0.21
G1 Z7.55 F12000
G1 E4.52121 F2400
G92 E0
G1 Z7.95 F12000
G1 X112.749 Y104.25
G1 Z7.55
G1 E2 F2400
G92 E0
;TYPE:Solid infill
;WIDTH:0.539441
G1 F4800
G1 X112.255 Y104.25 E.02047
G1 X112.251 Y120.747 E.70404
G1 X112.745 Y120.748 E.72451
G1 X112.749 Y104.437 E1.40038
G1 E-.59962 F2400
G92 E0
G1 Z7.95 F12000
G1 X111.816 Y121.181
G1 Z7.55
G1 E2 F2400
;TYPE:Perimeter
;WIDTH:0.42
G1 F1800
G1 X111.82 Y103.815 E2.54573
G1 X113.184 Y103.815 E2.58859
G1 X113.18 Y121.184 E3.13442
G1 X111.876 Y121.181 E3.1754
G1 X111.876 Y121.181 F12000
G1 X111.441 Y121.555
G1 F1800
G1 X111.445 Y103.457 E3.74413
G1 X111.556 Y103.44 E3.74766
G1 X113.559 Y103.44 E3.8106
G1 X113.555 Y121.544 E4.37952
G1 X113.449 Y121.56 E4.38289
G1 X111.501 Y121.555 E4.44411
G1 X111.501 Y121.555 F12000
G1 X111.142 Y121.732
G1 F3600
G1 X111.102 Y121.669 E4.44646
G1 X111.066 Y121.513 E4.45149
G1 X111.07 Y103.468 E5.01856
G1 X111.104 Y103.334 E5.0229
G1 X111.169 Y103.227 E5.02683
G1 X111.262 Y103.143 E5.03077
G1 X111.378 Y103.088 E5.0348
G1 X111.527 Y103.065 E5.03954
G1 X113.582 Y103.075 E5.10412
G1 X113.736 Y103.137 E5.10934
G1 X113.854 Y103.251 E5.1145
G1 X113.92 Y103.395 E5.11948
G1 X113.934 Y103.49 E5.1225
G1 X113.93 Y121.533 E5.68951
G1 X113.895 Y121.668 E5.69389
G1 X113.828 Y121.776 E5.69788
G1 X113.734 Y121.86 E5.70184
G1 X113.614 Y121.914 E5.70598
G1 X113.476 Y121.935 E5.71037
G1 X111.451 Y121.93 E5.77401
G1 X111.31 Y121.889 E5.77862
G1 X111.182 Y121.793 E5.78365
G1 X111.175 Y121.783 E5.78403
G1 X111.175 Y121.783 F12000
G1 X110.84 Y121.929
;TYPE:External perimeter
;WIDTH:0.4
G1 F1800
G1 X110.764 Y121.812 E5.78818
G1 X110.701 Y121.538 E5.79654
G1 X110.705 Y103.422 E6.33547
G1 X110.764 Y103.191 E6.34256
G1 X110.885 Y102.992 E6.34949
G1 X111.058 Y102.836 E6.35642
G1 X111.27 Y102.736 E6.36339
G1 X111.498 Y102.7 E6.37026
G1 X113.495 Y102.7 E6.42967
G1 X113.652 Y102.716 E6.43436
G1 X113.799 Y102.759 E6.43892
G1 X113.935 Y102.83 E6.44348
G1 X114.055 Y102.925 E6.44803
G1 X114.153 Y103.039 E6.4525
G1 X114.224 Y103.162 E6.45672
G1 X114.275 Y103.307 E6.46129
G1 X114.299 Y103.463 E6.46599
G1 X114.295 Y121.579 E7.00492
G1 X114.234 Y121.812 E7.01209
G1 X114.111 Y122.013 E7.0191
G1 X113.935 Y122.169 E7.0261
G1 X113.718 Y122.268 E7.0332
G1 X113.503 Y122.3 E7.03967
G1 X111.415 Y122.295 E7.10179
G1 X111.15 Y122.218 E7.11
G1 X111.031 Y122.147 E7.11412
G1 X110.915 Y122.044 E7.11873
G1 X110.873 Y121.979 E7.12103
G1 X110.725 Y121.608 F12000
;LAYER_CHANGE
;Z:7.76
;HEIGHT:0.21
G1 Z7.76 F12000
G1 X112.251 Y120.501
G92 E0
;TYPE:Solid infill
;WIDTH:0.539386
G1 F4800
G1 X112.251 Y120.747 E.01019
G1 X112.745 Y120.748 E.03066
G1 X112.749 Y104.25 E.7142
G1 X112.255 Y104.25 E.73467
G1 X112.251 Y120.313 E1.40019
G1 X112.251 Y120.313 F12000
G1 X111.816 Y121.181
;TYPE:Perimeter
;WIDTH:0.42
G1 F1800
G1 X111.82 Y103.815 E1.94592
G1 X113.184 Y103.815 E1.98878
G1 X113.18 Y121.184 E2.53461
G1 X111.876 Y121.181 E2.57559
G1 X111.876 Y121.181 F12000
G1 X111.441 Y121.555
G1 F1800
G1 X111.445 Y103.457 E3.14432
G1 X111.556 Y103.44 E3.14785
G1 X113.559 Y103.44 E3.21079
G1 X113.555 Y121.544 E3.77971
G1 X113.449 Y121.56 E3.78308
G1 X111.501 Y121.555 E3.8443
G1 X111.501 Y121.555 F12000
G1 X111.142 Y121.732
G1 F3600
G1 X111.102 Y121.669 E3.84665
G1 X111.066 Y121.513 E3.85168
G1 X111.07 Y103.468 E4.41875
G1 X111.104 Y103.334 E4.42309
G1 X111.169 Y103.227 E4.42702
G1 X111.262 Y103.143 E4.43096
G1 X111.378 Y103.088 E4.43499
G1 X111.527 Y103.065 E4.43973
G1 X113.582 Y103.075 E4.50431
G1 X113.736 Y103.137 E4.50953
G1 X113.854 Y103.251 E4.51469
G1 X113.92 Y103.395 E4.51967
G1 X113.934 Y103.49 E4.52269
G1 X113.93 Y121.533 E5.0897
G1 X113.895 Y121.668 E5.09408
G1 X113.828 Y121.776 E5.09807
G1 X113.734 Y121.86 E5.10203
G1 X113.614 Y121.914 E5.10617
G1 X113.476 Y121.935 E5.11056
G1 X111.451 Y121.93 E5.1742
G1 X111.31 Y121.889 E5.17881
G1 X111.182 Y121.793 E5.18384
G1 X111.175 Y121.783 E5.18422
G1 X111.175 Y121.783 F12000
G1 X110.84 Y121.929
;TYPE:External perimeter
;WIDTH:0.4
G1 F1800
G1 X110.764 Y121.812 E5.18837
G1 X110.701 Y121.538 E5.19673
G1 X110.705 Y103.422 E5.73566
G1 X110.764 Y103.191 E5.74275
G1 X110.885 Y102.992 E5.74968
G1 X111.058 Y102.836 E5.75661
G1 X111.27 Y102.736 E5.76358
G1 X111.498 Y102.7 E5.77045
G1 X113.494 Y102.7 E5.82983
G1 X113.652 Y102.716 E5.83455
G1 X113.799 Y102.759 E5.83911
G1 X113.935 Y102.83 E5.84367
G1 X114.055 Y102.925 E5.84822
G1 X114.153 Y103.039 E5.85269
G1 X114.224 Y103.162 E5.85691
G1 X114.275 Y103.307 E5.86148
G1 X114.299 Y103.463 E5.86618
G1 X114.295 Y121.579 E6.40511
G1 X114.234 Y121.812 E6.41228
G1 X114.111 Y122.013 E6.41929
G1 X113.935 Y122.169 E6.42629
G1 X113.718 Y122.268 E6.43339
G1 X113.503 Y122.3 E6.43986
G1 X111.415 Y122.295 E6.50198
G1 X111.15 Y122.218 E6.51019
G1 X111.031 Y122.147 E6.51431
G1 X110.915 Y122.044 E6.51892
G1 X110.873 Y121.979 E6.52122
G1 X110.725 Y121.608 F12000
;LAYER_CHANGE
;Z:7.97
;HEIGHT:0.21
G1 Z7.97 F12000
G1 E4.52122 F2400
G92 E0
G1 Z8.37 F12000
G1 X112.749 Y104.25
G1 Z7.97
G1 E2 F2400
G92 E0
;TYPE:Solid infill
;WIDTH:0.53944
G1 F4800
G1 X112.255 Y104.25 E.02047
G1 X112.251 Y120.747 E.70404
G1 X112.745 Y120.748 E.72451
G1 X112.749 Y104.437 E1.40038
G1 E-.59962 F2400
G92 E0
G1 Z8.37 F12000
G1 X111.816 Y121.181
G1 Z7.97
G1 E2 F2400
;TYPE:Perimeter
;WIDTH:0.42
G1 F1800
G1 X111.82 Y103.815 E2.54573
G1 X113.184 Y103.815 E2.58859
G1 X113.18 Y121.184 E3.13442
G1 X111.876 Y121.181 E3.1754
G1 X111.876 Y121.181 F12000
G1 X111.441 Y121.555
G1 F1800
G1 X111.445 Y103.457 E3.74413
G1 X111.556 Y103.44 E3.74766
G1 X113.559 Y103.44 E3.8106
G1 X113.555 Y121.544 E4.37952
G1 X113.449 Y121.56 E4.38289
G1 X111.501 Y121.555 E4.44411
G1 X111.501 Y121.555 F12000
G1 X111.142 Y121.732
G1 F3600
G1 X111.102 Y121.669 E4.44646
G1 X111.066 Y121.513 E4.45149
G1 X111.07 Y103.468 E5.01856
G1 X111.104 Y103.334 E5.0229
G1 X111.169 Y103.227 E5.02683
G1 X111.262 Y103.143 E5.03077
G1 X111.378 Y103.088 E5.0348
G1 X111.527 Y103.065 E5.03954
G1 X113.582 Y103.075 E5.10412
G1 X113.736 Y103.137 E5.10934
G1 X113.854 Y103.252 E5.11452
G1 X113.92 Y103.395 E5.11947
G1 X113.934 Y103.49 E5.12249
G1 X113.93 Y121.533 E5.6895
G1 X113.895 Y121.668 E5.69388
G1 X113.828 Y121.776 E5.69787
G1 X113.734 Y121.86 E5.70183
G1 X113.614 Y121.914 E5.70597
G1 X113.476 Y121.935 E5.71036
G1 X111.451 Y121.93 E5.774
G1 X111.31 Y121.889 E5.77861
G1 X111.182 Y121.793 E5.78364
G1 X111.175 Y121.783 E5.78402
G1 X111.175 Y121.783 F12000
G1 X110.84 Y121.929
;TYPE:External perimeter
;WIDTH:0.4
G1 F1800
G1 X110.764 Y121.812 E5.78817
G1 X110.701 Y121.538 E5.79653
G1 X110.705 Y103.422 E6.33546
G1 X110.764 Y103.191 E6.34255
G1 X110.885 Y102.992 E6.34948
G1 X111.058 Y102.836 E6.35641
G1 X111.27 Y102.736 E6.36338
G1 X111.498 Y102.7 E6.37025
G1 X113.494 Y102.7 E6.42963
G1 X113.652 Y102.716 E6.43435
G1 X113.799 Y102.759 E6.43891
G1 X113.935 Y102.83 E6.44347
G1 X114.055 Y102.925 E6.44802
G1 X114.153 Y103.04 E6.45251
G1 X114.224 Y103.162 E6.45671
G1 X114.275 Y103.307 E6.46128
G1 X114.299 Y103.463 E6.46598
G1 X114.295 Y121.579 E7.00491
G1 X114.234 Y121.812 E7.01208
G1 X114.111 Y122.013 E7.01909
G1 X113.935 Y122.169 E7.02609
G1 X113.718 Y122.268 E7.03319
G1 X113.503 Y122.3 E7.03966
G1 X111.415 Y122.295 E7.10178
G1 X111.15 Y122.218 E7.10999
G1 X111.031 Y122.147 E7.11411
G1 X110.915 Y122.044 E7.11872
G1 X110.873 Y121.979 E7.12102
G1 X110.725 Y121.608 F12000
;LAYER_CHANGE
;Z:8.18
;HEIGHT:0.210001
G1 Z8.18 F12000
G1 X112.251 Y120.501
G92 E0
;TYPE:Solid infill
;WIDTH:0.539388
G1 F4800
G1 X112.251 Y120.747 E.01019
G1 X112.745 Y120.748 E.03066
G1 X112.749 Y104.25 E.7142
G1 X112.255 Y104.25 E.73467
G1 X112.251 Y120.313 E1.40019
G1 X112.251 Y120.313 F12000
G1 X111.816 Y121.181
;TYPE:Perimeter
;WIDTH:0.42
G1 F1800
G1 X111.82 Y103.815 E1.94592
G1 X113.184 Y103.815 E1.98878
G1 X113.18 Y121.184 E2.53461
G1 X111.876 Y121.181 E2.57559
G1 X111.876 Y121.181 F12000
G1 X111.441 Y121.555
G1 F1800
G1 X111.445 Y103.457 E3.14432
G1 X111.556 Y103.44 E3.14785
G1 X113.559 Y103.44 E3.21079
G1 X113.555 Y121.544 E3.77971
G1 X113.449 Y121.56 E3.78308
G1 X111.501 Y121.555 E3.8443
G1 X111.501 Y121.555 F12000
G1 X111.142 Y121.732
G1 F3600
G1 X111.102 Y121.669 E3.84665
G1 X111.066 Y121.513 E3.85168
G1 X111.07 Y103.468 E4.41875
G1 X111.104 Y103.334 E4.42309
G1 X111.169 Y103.227 E4.42702
G1 X111.262 Y103.143 E4.43096
G1 X111.378 Y103.088 E4.43499
G1 X111.527 Y103.065 E4.43973
G1 X113.582 Y103.075 E4.50431
G1 X113.736 Y103.137 E4.50953
G1 X113.854 Y103.252 E4.51471
G1 X113.92 Y103.395 E4.51966
G1 X113.934 Y103.49 E4.52268
G1 X113.93 Y121.533 E5.08969
G1 X113.895 Y121.668 E5.09407
G1 X113.828 Y121.776 E5.09806
G1 X113.734 Y121.86 E5.10202
G1 X113.614 Y121.914 E5.10616
G1 X113.476 Y121.935 E5.11055
G1 X111.451 Y121.93 E5.17419
G1 X111.313 Y121.89 E5.17871
G1 X111.183 Y121.795 E5.18377
G1 X111.175 Y121.783 E5.18422
G1 X111.175 Y121.783 F12000
G1 X110.84 Y121.929
;TYPE:External perimeter
;WIDTH:0.4
G1 F1800
G1 X110.764 Y121.812 E5.18837
G1 X110.701 Y121.538 E5.19673
G1 X110.705 Y103.422 E5.73566
G1 X110.764 Y103.192 E5.74272
G1 X110.885 Y102.992 E5.74967
G1 X111.058 Y102.836 E5.7566
G1 X111.27 Y102.736 E5.76357
G1 X111.498 Y102.7 E5.77044
G1 X113.494 Y102.7 E5.82982
G1 X113.652 Y102.716 E5.83454
G1 X113.799 Y102.759 E5.8391
G1 X113.935 Y102.83 E5.84366
G1 X114.055 Y102.925 E5.84821
G1 X114.153 Y103.04 E5.8527
G1 X114.224 Y103.162 E5.8569
G1 X114.275 Y103.307 E5.86147
G1 X114.299 Y103.463 E5.86617
G1 X114.295 Y121.579 E6.4051
G1 X114.234 Y121.812 E6.41227
G1 X114.111 Y122.013 E6.41928
G1 X113.935 Y122.169 E6.42628
G1 X113.718 Y122.268 E6.43338
G1 X113.503 Y122.3 E6.43985
G1 X111.415 Y122.295 E6.50197
G1 X111.15 Y122.219 E6.51017
G1 X111.018 Y122.138 E6.51478
G1 X110.915 Y122.045 E6.51891
G1 X110.873 Y121.979 E6.52124
G1 X110.726 Y121.608 F12000
;LAYER_CHANGE
;Z:8.39
;HEIGHT:0.21
G1 Z8.39 F12000
G1 E4.52124 F2400
G92 E0
G1 Z8.79 F12000
G1 X112.749 Y104.25
G1 Z8.39
G1 E2 F2400
G92 E0
;TYPE:Solid infill
;WIDTH:0.539441
G1 F4800
G1 X112.255 Y104.25 E.02047
G1 X112.251 Y120.747 E.70404
G1 X112.745 Y120.748 E.72451
G1 X112.749 Y104.437 E1.40038
G1 E-.59962 F2400
G92 E0
G1 Z8.79 F12000
G1 X111.816 Y121.181
G1 Z8.39
G1 E2 F2400
;TYPE:Perimeter
;WIDTH:0.42
G1 F1800
G1 X111.82 Y103.815 E2.54573
G1 X113.184 Y103.815 E2.58859
G1 X113.18 Y121.184 E3.13442
G1 X111.876 Y121.181 E3.1754
G1 X111.876 Y121.181 F12000
G1 X111.441 Y121.555
G1 F1800
G1 X111.445 Y103.457 E3.74413
G1 X111.556 Y103.44 E3.74766
G1 X113.559 Y103.44 E3.8106
G1 X113.555 Y121.544 E4.37952
G1 X113.449 Y121.56 E4.38289
G1 X111.501 Y121.555 E4.44411
G1 X111.501 Y121.555 F12000
G1 X111.147 Y121.739
G1 F3600
G1 X111.105 Y121.676 E4.44649
G1 X111.066 Y121.513 E4.45176
G1 X111.07 Y103.468 E5.01883
G1 X111.104 Y103.334 E5.02317
G1 X111.169 Y103.227 E5.0271
G1 X111.262 Y103.143 E5.03104
G1 X111.378 Y103.088 E5.03507
G1 X111.527 Y103.065 E5.03981
G1 X113.582 Y103.075 E5.10439
G1 X113.736 Y103.137 E5.10961
G1 X113.855 Y103.252 E5.11481
G1 X113.92 Y103.395 E5.11975
G1 X113.934 Y103.49 E5.12277
G1 X113.93 Y121.533 E5.68978
G1 X113.895 Y121.668 E5.69416
G1 X113.828 Y121.776 E5.69815
G1 X113.734 Y121.86 E5.70211
G1 X113.614 Y121.914 E5.70625
G1 X113.476 Y121.935 E5.71064
G1 X111.451 Y121.93 E5.77428
G1 X111.31 Y121.889 E5.77889
G1 X111.189 Y121.801 E5.78359
G1 X111.18 Y121.789 E5.78406
G1 X111.18 Y121.789 F12000
G1 X110.842 Y121.931
;TYPE:External perimeter
;WIDTH:0.4
G1 F1800
G1 X110.769 Y121.823 E5.78794
G1 X110.721 Y121.679 E5.79246
G1 X110.701 Y121.538 E5.7967
G1 X110.705 Y103.422 E6.33563
G1 X110.764 Y103.192 E6.34269
G1 X110.885 Y102.992 E6.34964
G1 X111.058 Y102.836 E6.35657
G1 X111.27 Y102.736 E6.36354
G1 X111.498 Y102.7 E6.37041
G1 X113.493 Y102.7 E6.42976
G1 X113.652 Y102.716 E6.43451
G1 X113.799 Y102.759 E6.43907
G1 X113.935 Y102.83 E6.44363
G1 X114.055 Y102.925 E6.44818
G1 X114.154 Y103.04 E6.45269
G1 X114.224 Y103.162 E6.45687
G1 X114.275 Y103.307 E6.46144
G1 X114.299 Y103.463 E6.46614
G1 X114.295 Y121.579 E7.00507
G1 X114.234 Y121.812 E7.01224
G1 X114.111 Y122.013 E7.01925
G1 X113.934 Y122.169 E7.02627
G1 X113.718 Y122.268 E7.03334
G1 X113.503 Y122.3 E7.03981
G1 X111.415 Y122.295 E7.10193
G1 X111.15 Y122.218 E7.11014
G1 X110.925 Y122.055 E7.11841
G1 X110.875 Y121.981 E7.12107
G1 X110.724 Y121.61 F12000
;LAYER_CHANGE
;Z:8.6
;HEIGHT:0.21
G1 Z8.6 F12000
G1 X112.251 Y120.501
G92 E0
;TYPE:Solid infill
;WIDTH:0.539386
G1 F4800
G1 X112.251 Y120.747 E.01019
G1 X112.745 Y120.748 E.03066
G1 X112.749 Y104.25 E.7142
G1 X112.255 Y104.25 E.73467
G1 X112.251 Y120.313 E1.40019
G1 X112.251 Y120.313 F12000
G1 X111.816 Y121.181
;TYPE:Perimeter
;WIDTH:0.42
G1 F1800
G1 X111.82 Y103.815 E1.94592
G1 X113.184 Y103.815 E1.98878
G1 X113.18 Y121.184 E2.53461
G1 X111.876 Y121.181 E2.57559
G1 X111.876 Y121.181 F12000
G1 X111.441 Y121.555
G1 F1800
G1 X111.445 Y103.457 E3.14432
G1 X111.556 Y103.44 E3.14785
G1 X113.559 Y103.44 E3.21079
G1 X113.555 Y121.544 E3.77971
G1 X113.449 Y121.56 E3.78308
G1 X111.501 Y121.555 E3.8443
G1 X111.501 Y121.555 F12000
G1 X111.142 Y121.732
G1 F3600
G1 X111.102 Y121.669 E3.84665
G1 X111.066 Y121.513 E3.85168
G1 X111.07 Y103.468 E4.41875
G1 X111.104 Y103.334 E4.42309
G1 X111.169 Y103.227 E4.42702
G1 X111.262 Y103.143 E4.43096
G1 X111.378 Y103.088 E4.43499
G1 X111.527 Y103.065 E4.43973
G1 X113.582 Y103.075 E4.50431
G1 X113.736 Y103.137 E4.50953
G1 X113.856 Y103.254 E4.5148
G1 X113.92 Y103.395 E4.51967
G1 X113.934 Y103.49 E4.52269
G1 X113.93 Y121.533 E5.0897
G1 X113.895 Y121.668 E5.09408
G1 X113.828 Y121.776 E5.09807
G1 X113.734 Y121.86 E5.10203
G1 X113.614 Y121.914 E5.10617
G1 X113.476 Y121.935 E5.11056
G1 X111.451 Y121.93 E5.1742
G1 X111.313 Y121.89 E5.17872
G1 X111.183 Y121.795 E5.18378
G1 X111.175 Y121.783 E5.18423
G1 X111.175 Y121.783 F12000
G1 X110.84 Y121.929
;TYPE:External perimeter
;WIDTH:0.4
G1 F1800
G1 X110.764 Y121.812 E5.18838
G1 X110.701 Y121.538 E5.19674
G1 X110.705 Y103.422 E5.73567
G1 X110.764 Y103.192 E5.74273
G1 X110.885 Y102.992 E5.74968
G1 X111.058 Y102.836 E5.75661
G1 X111.27 Y102.736 E5.76358
G1 X111.498 Y102.7 E5.77045
G1 X113.493 Y102.7 E5.8298
G1 X113.652 Y102.716 E5.83455
G1 X113.799 Y102.759 E5.83911
G1 X113.935 Y102.83 E5.84367
G1 X114.055 Y102.925 E5.84822
G1 X114.155 Y103.042 E5.8528
G1 X114.224 Y103.161 E5.85689
G1 X114.275 Y103.307 E5.86149
G1 X114.299 Y103.462 E5.86616
G1 X114.295 Y121.579 E6.40512
G1 X114.234 Y121.812 E6.41229
G1 X114.111 Y122.013 E6.4193
G1 X113.934 Y122.169 E6.42632
G1 X113.718 Y122.268 E6.43339
G1 X113.503 Y122.3 E6.43986
G1 X111.415 Y122.295 E6.50198
G1 X111.15 Y122.219 E6.51018
G1 X111.018 Y122.138 E6.51479
G1 X110.915 Y122.045 E6.51892
G1 X110.873 Y121.98 E6.52122
G1 X110.726 Y121.608 F12000
;LAYER_CHANGE
;Z:8.81
;HEIGHT:0.21
G1 Z8.81 F12000
G1 E4.52122 F2400
G92 E0
G1 Z9.21 F12000
G1 X112.749 Y104.25
G1 Z8.81
G1 E2 F2400
G92 E0
;TYPE:Solid infill
;WIDTH:0.539441
G1 F4800
G1 X112.255 Y104.25 E.02047
G1 X112.251 Y120.747 E.70404
G1 X112.745 Y120.748 E.72451
G1 X112.749 Y104.437 E1.40038
G1 E-.59962 F2400
G92 E0
G1 Z9.21 F12000
G1 X111.816 Y121.181
G1 Z8.81
G1 E2 F2400
;TYPE:Perimeter
;WIDTH:0.42
G1 F1800
G1 X111.82 Y103.815 E2.54573
G1 X113.184 Y103.815 E2.58859
G1 X113.18 Y121.184 E3.13442
G1 X111.876 Y121.181 E3.1754
G1 X111.876 Y121.181 F12000
G1 X111.441 Y121.555
G1 F1800
G1 X111.445 Y103.457 E3.74413
G1 X111.556 Y103.44 E3.74766
G1 X113.559 Y103.44 E3.8106
G1 X113.555 Y121.544 E4.37952
G1 X113.449 Y121.56 E4.38289
G1 X111.501 Y121.555 E4.44411
G1 X111.501 Y121.555 F12000
G1 X111.142 Y121.732
G1 F3600
G1 X111.102 Y121.669 E4.44646
G1 X111.066 Y121.513 E4.45149
G1 X111.07 Y103.468 E5.01856
G1 X111.104 Y103.334 E5.0229
G1 X111.169 Y103.227 E5.02683
G1 X111.262 Y103.143 E5.03077
G1 X111.378 Y103.088 E5.0348
G1 X111.527 Y103.065 E5.03954
G1 X113.582 Y103.075 E5.10412
G1 X113.736 Y103.137 E5.10934
G1 X113.855 Y103.253 E5.11456
G1 X113.92 Y103.395 E5.11947
G1 X113.934 Y103.49 E5.12249
G1 X113.93 Y121.533 E5.6895
G1 X113.895 Y121.668 E5.69388
G1 X113.828 Y121.776 E5.69787
G1 X113.734 Y121.86 E5.70183
G1 X113.614 Y121.914 E5.70597
G1 X113.476 Y121.935 E5.71036
G1 X111.451 Y121.93 E5.774
G1 X111.311 Y121.889 E5.77858
G1 X111.183 Y121.795 E5.78357
G1 X111.175 Y121.783 E5.78402
G1 X111.175 Y121.783 F12000
G1 X110.84 Y121.929
;TYPE:External perimeter
;WIDTH:0.4
G1 F1800
G1 X110.764 Y121.812 E5.78817
G1 X110.701 Y121.538 E5.79653
G1 X110.705 Y103.422 E6.33546
G1 X110.764 Y103.192 E6.34252
G1 X110.885 Y102.992 E6.34947
G1 X111.058 Y102.836 E6.3564
G1 X111.27 Y102.736 E6.36337
G1 X111.498 Y102.7 E6.37024
G1 X113.493 Y102.7 E6.42959
G1 X113.652 Y102.716 E6.43434
G1 X113.799 Y102.759 E6.4389
G1 X113.935 Y102.83 E6.44346
G1 X114.055 Y102.925 E6.44801
G1 X114.154 Y103.041 E6.45255
G1 X114.224 Y103.162 E6.45671
G1 X114.275 Y103.307 E6.46128
G1 X114.299 Y103.462 E6.46595
G1 X114.295 Y121.579 E7.00491
G1 X114.234 Y121.812 E7.01208
G1 X114.111 Y122.013 E7.01909
G1 X113.934 Y122.169 E7.02611
G1 X113.718 Y122.268 E7.03318
G1 X113.503 Y122.3 E7.03965
G1 X111.415 Y122.295 E7.10177
G1 X111.149 Y122.218 E7.11001
G1 X111.018 Y122.138 E7.11458
G1 X110.915 Y122.045 E7.11871
G1 X110.873 Y121.98 E7.12101
G1 X110.726 Y121.608 F12000
;LAYER_CHANGE
;Z:9.02
;HEIGHT:0.21
G1 Z9.02 F12000
G1 X112.251 Y120.501
G92 E0
;TYPE:Solid infill
;WIDTH:0.539388
G1 F4800
G1 X112.251 Y120.747 E.01019
G1 X112.745 Y120.748 E.03066
G1 X112.749 Y104.25 E.7142
G1 X112.255 Y104.25 E.73467
G1 X112.251 Y120.313 E1.40019
G1 X112.251 Y120.313 F12000
G1 X111.816 Y121.181
;TYPE:Perimeter
;WIDTH:0.42
G1 F1800
G1 X111.82 Y103.815 E1.94592
G1 X113.184 Y103.815 E1.98878
G1 X113.18 Y121.184 E2.53461
G1 X111.876 Y121.181 E2.57559
G1 X111.876 Y121.181 F12000
G1 X111.441 Y121.555
G1 F1800
G1 X111.445 Y103.457 E3.14432
G1 X111.556 Y103.44 E3.14785
G1 X113.559 Y103.44 E3.21079
G1 X113.555 Y121.544 E3.77971
G1 X113.449 Y121.56 E3.78308
G1 X111.501 Y121.555 E3.8443
G1 X111.501 Y121.555 F12000
G1 X111.142 Y121.732
G1 F3600
G1 X111.102 Y121.669 E3.84665
G1 X111.066 Y121.513 E3.85168
G1 X111.07 Y103.468 E4.41875
G1 X111.104 Y103.334 E4.42309
G1 X111.169 Y103.227 E4.42702
G1 X111.263 Y103.143 E4.43098
G1 X111.378 Y103.088 E4.43499
G1 X111.527 Y103.065 E4.43973
G1 X113.582 Y103.075 E4.50431
G1 X113.736 Y103.137 E4.50953
G1 X113.856 Y103.254 E4.5148
G1 X113.92 Y103.395 E4.51967
G1 X113.934 Y103.49 E4.52269
G1 X113.93 Y121.533 E5.0897
G1 X113.895 Y121.668 E5.09408
G1 X113.828 Y121.776 E5.09807
G1 X113.734 Y121.86 E5.10203
G1 X113.614 Y121.914 E5.10617
G1 X113.476 Y121.935 E5.11056
G1 X111.451 Y121.93 E5.1742
G1 X111.31 Y121.889 E5.17881
G1 X111.182 Y121.793 E5.18384
G1 X111.175 Y121.783 E5.18422
G1 X111.175 Y121.783 F12000
G1 X110.84 Y121.929
;TYPE:External perimeter
;WIDTH:0.4
G1 F1800
G1 X110.764 Y121.812 E5.18837
G1 X110.701 Y121.538 E5.19673
G1 X110.705 Y103.422 E5.73566
G1 X110.764 Y103.192 E5.74272
G1 X110.885 Y102.992 E5.74967
G1 X111.058 Y102.836 E5.7566
G1 X111.27 Y102.736 E5.76357
G1 X111.498 Y102.7 E5.77044
G1 X113.492 Y102.7 E5.82976
G1 X113.652 Y102.716 E5.83454
G1 X113.799 Y102.759 E5.8391
G1 X113.935 Y102.83 E5.84366
G1 X114.055 Y102.925 E5.84821
G1 X114.155 Y103.042 E5.85279
G1 X114.224 Y103.161 E5.85688
G1 X114.275 Y103.307 E5.86148
G1 X114.299 Y103.463 E5.86618
G1 X114.295 Y121.579 E6.40511
G1 X114.234 Y121.812 E6.41228
G1 X114.111 Y122.013 E6.41929
G1 X113.935 Y122.169 E6.42629
G1 X113.718 Y122.268 E6.43339
G1 X113.503 Y122.3 E6.43986
G1 X111.415 Y122.295 E6.50198
G1 X111.15 Y122.218 E6.51019
G1 X111.031 Y122.147 E6.51431
G1 X110.915 Y122.044 E6.51892
G1 X110.873 Y121.98 E6.5212
G1 X110.726 Y121.608 F12000
;LAYER_CHANGE
;Z:9.23
;HEIGHT:0.209999
G1 Z9.23 F12000
G1 E4.5212 F2400
G92 E0
G1 Z9.63 F12000
G1 X112.749 Y104.25
G1 Z9.23
G1 E2 F2400
G92 E0
;TYPE:Solid infill
;WIDTH:0.53944
G1 F4800
G1 X112.255 Y104.25 E.02047
G1 X112.251 Y120.747 E.70404
G1 X112.745 Y120.748 E.72451
G1 X112.749 Y104.437 E1.40038
G1 E-.59962 F2400
G92 E0
G1 Z9.63 F12000
G1 X111.816 Y121.181
G1 Z9.23
G1 E2 F2400
;TYPE:Perimeter
;WIDTH:0.42
G1 F1800
G1 X111.82 Y103.815 E2.54573
G1 X113.184 Y103.815 E2.58859
G1 X113.18 Y121.184 E3.13442
G1 X111.876 Y121.181 E3.1754
G1 X111.876 Y121.181 F12000
G1 X111.441 Y121.555
G1 F1800
G1 X111.445 Y103.457 E3.74413
G1 X111.556 Y103.44 E3.74766
G1 X113.559 Y103.44 E3.8106
G1 X113.555 Y121.544 E4.37952
G1 X113.449 Y121.56 E4.38289
G1 X111.501 Y121.555 E4.44411
G1 X111.501 Y121.555 F12000
G1 X111.142 Y121.732
G1 F3600
G1 X111.102 Y121.669 E4.44646
G1 X111.066 Y121.513 E4.45149
G1 X111.07 Y103.468 E5.01856
G1 X111.104 Y103.334 E5.0229
G1 X111.169 Y103.227 E5.02683
G1 X111.262 Y103.143 E5.03077
G1 X111.378 Y103.088 E5.0348
G1 X111.527 Y103.065 E5.03954
G1 X113.582 Y103.075 E5.10412
G1 X113.736 Y103.137 E5.10934
G1 X113.849 Y103.244 E5.11423
G1 X113.92 Y103.395 E5.11947
G1 X113.934 Y103.49 E5.12249
G1 X113.93 Y121.533 E5.6895
G1 X113.895 Y121.668 E5.69388
G1 X113.828 Y121.776 E5.69787
G1 X113.734 Y121.86 E5.70183
G1 X113.614 Y121.914 E5.70597
G1 X113.476 Y121.935 E5.71036
G1 X111.451 Y121.93 E5.774
G1 X111.313 Y121.89 E5.77852
G1 X111.183 Y121.795 E5.78358
G1 X111.175 Y121.783 E5.78403
G1 X111.175 Y121.783 F12000
G1 X110.84 Y121.929
;TYPE:External perimeter
;WIDTH:0.4
G1 F1800
G1 X110.764 Y121.812 E5.78818
G1 X110.701 Y121.538 E5.79654
G1 X110.705 Y103.422 E6.33547
G1 X110.764 Y103.191 E6.34256
G1 X110.885 Y102.992 E6.34949
G1 X111.058 Y102.836 E6.35642
G1 X111.27 Y102.736 E6.36339
G1 X111.498 Y102.7 E6.37026
G1 X113.492 Y102.7 E6.42958
G1 X113.652 Y102.716 E6.43436
G1 X113.799 Y102.759 E6.43892
G1 X113.935 Y102.83 E6.44348
G1 X114.055 Y102.925 E6.44803
G1 X114.146 Y103.03 E6.45216
G1 X114.224 Y103.162 E6.45672
G1 X114.275 Y103.307 E6.46129
G1 X114.299 Y103.462 E6.46596
G1 X114.295 Y121.579 E7.00492
G1 X114.234 Y121.812 E7.01209
G1 X114.111 Y122.013 E7.0191
G1 X113.935 Y122.169 E7.0261
G1 X113.718 Y122.268 E7.0332
G1 X113.503 Y122.3 E7.03967
G1 X111.415 Y122.295 E7.10179
G1 X111.15 Y122.219 E7.10999
G1 X111.018 Y122.138 E7.1146
G1 X110.915 Y122.045 E7.11873
G1 X110.873 Y121.98 E7.12103
G1 X110.726 Y121.608 F12000
;LAYER_CHANGE
;Z:9.44
;HEIGHT:0.21
G1 Z9.44 F12000
G1 X112.251 Y120.501
G92 E0
;TYPE:Solid infill
;WIDTH:0.539388
G1 F4800
G1 X112.251 Y120.747 E.01019
G1 X112.745 Y120.748 E.03066
G1 X112.749 Y104.25 E.7142
G1 X112.255 Y104.25 E.73467
G1 X112.251 Y120.313 E1.40019
G1 X112.251 Y120.313 F12000
G1 X111.816 Y121.181
;TYPE:Perimeter
;WIDTH:0.42
G1 F1800
G1 X111.82 Y103.815 E1.94592
G1 X113.184 Y103.815 E1.98878
G1 X113.18 Y121.184 E2.53461
G1 X111.876 Y121.181 E2.57559
G1 X111.876 Y121.181 F12000
G1 X111.441 Y121.555
G1 F1800
G1 X111.445 Y103.457 E3.14432
G1 X111.556 Y103.44 E3.14785
G1 X113.559 Y103.44 E3.21079
G1 X113.555 Y121.544 E3.77971
G1 X113.449 Y121.56 E3.78308
G1 X111.501 Y121.555 E3.8443
G1 X111.501 Y121.555 F12000
G1 X111.142 Y121.732
G1 F3600
G1 X111.102 Y121.669 E3.84665
G1 X111.066 Y121.513 E3.85168
G1 X111.07 Y103.468 E4.41875
G1 X111.104 Y103.334 E4.42309
G1 X111.169 Y103.227 E4.42702
G1 X111.262 Y103.143 E4.43096
G1 X111.378 Y103.088 E4.43499
G1 X111.527 Y103.065 E4.43973
G1 X113.582 Y103.075 E4.50431
G1 X113.736 Y103.137 E4.50953
G1 X113.855 Y103.253 E4.51475
G1 X113.92 Y103.395 E4.51966
G1 X113.934 Y103.49 E4.52268
G1 X113.93 Y121.533 E5.08969
G1 X113.895 Y121.668 E5.09407
G1 X113.828 Y121.776 E5.09806
G1 X113.734 Y121.86 E5.10202
G1 X113.614 Y121.914 E5.10616
G1 X113.476 Y121.935 E5.11055
G1 X111.451 Y121.93 E5.17419
G1 X111.31 Y121.889 E5.1788
G1 X111.182 Y121.793 E5.18383
G1 X111.175 Y121.783 E5.18421
G1 X111.175 Y121.783 F12000
G1 X110.84 Y121.929
;TYPE:External perimeter
;WIDTH:0.4
G1 F1800
G1 X110.764 Y121.812 E5.18836
G1 X110.701 Y121.538 E5.19672
G1 X110.705 Y103.422 E5.73565
G1 X110.764 Y103.192 E5.74271
G1 X110.885 Y102.992 E5.74966
G1 X111.058 Y102.836 E5.75659
G1 X111.27 Y102.736 E5.76356
G1 X111.498 Y102.7 E5.77043
G1 X113.491 Y102.7 E5.82972
G1 X113.652 Y102.716 E5.83453
G1 X113.799 Y102.759 E5.83909
G1 X113.935 Y102.83 E5.84365
G1 X114.055 Y102.925 E5.8482
G1 X114.155 Y103.041 E5.85276
G1 X114.224 Y103.162 E5.8569
G1 X114.275 Y103.307 E5.86147
G1 X114.299 Y103.462 E5.86614
G1 X114.295 Y121.579 E6.4051
G1 X114.234 Y121.812 E6.41227
G1 X114.111 Y122.013 E6.41928
G1 X113.935 Y122.169 E6.42628
G1 X113.718 Y122.268 E6.43338
G1 X113.503 Y122.3 E6.43985
G1 X111.415 Y122.295 E6.50197
G1 X111.15 Y122.218 E6.51018
G1 X111.031 Y122.147 E6.5143
G1 X110.915 Y122.044 E6.51891
G1 X110.873 Y121.98 E6.52119
G1 X110.726 Y121.608 F12000
;LAYER_CHANGE
;Z:9.65
;HEIGHT:0.21
G1 Z9.65 F12000
G1 E4.52119 F2400
G92 E0
G1 Z10.05 F12000
G1 X112.749 Y104.25
G1 Z9.65
G1 E2 F2400
G92 E0
;TYPE:Solid infill
;WIDTH:0.53944
G1 F4800
G1 X112.255 Y104.25 E.02047
G1 X112.251 Y120.747 E.70404
G1 X112.745 Y120.748 E.72451
G1 X112.749 Y104.437 E1.40038
G1 E-.59962 F2400
G92 E0
G1 Z10.05 F12000
G1 X111.816 Y121.181
G1 Z9.65
G1 E2 F2400
;TYPE:Perimeter
;WIDTH:0.42
G1 F1800
G1 X111.82 Y103.815 E2.54573
G1 X113.184 Y103.815 E2.58859
G1 X113.18 Y121.184 E3.13442
G1 X111.876 Y121.181 E3.1754
G1 X111.876 Y121.181 F12000
G1 X111.441 Y121.555
G1 F1800
G1 X111.445 Y103.457 E3.74413
G1 X111.556 Y103.44 E3.74766
G1 X113.559 Y103.44 E3.8106
G1 X113.555 Y121.544 E4.37952
G1 X113.449 Y121.56 E4.38289
G1 X111.501 Y121.555 E4.44411
G1 X111.501 Y121.555 F12000
G1 X111.142 Y121.732
G1 F3600
G1 X111.101 Y121.669 E4.44647
G1 X111.066 Y121.513 E4.45149
G1 X111.07 Y103.468 E5.01856
G1 X111.104 Y103.334 E5.0229
G1 X111.169 Y103.227 E5.02683
G1 X111.262 Y103.143 E5.03077
G1 X111.378 Y103.088 E5.0348
G1 X111.527 Y103.065 E5.03954
G1 X113.582 Y103.075 E5.10412
G1 X113.736 Y103.137 E5.10934
G1 X113.849 Y103.244 E5.11423
G1 X113.92 Y103.395 E5.11947
G1 X113.934 Y103.49 E5.12249
G1 X113.93 Y121.533 E5.6895
G1 X113.895 Y121.668 E5.69388
G1 X113.828 Y121.776 E5.69787
G1 X113.734 Y121.86 E5.70183
G1 X113.614 Y121.914 E5.70597
G1 X113.476 Y121.935 E5.71036
G1 X111.451 Y121.93 E5.774
G1 X111.313 Y121.89 E5.77852
G1 X111.183 Y121.795 E5.78358
G1 X111.175 Y121.783 E5.78403
G1 X111.175 Y121.783 F12000
G1 X110.84 Y121.929
;TYPE:External perimeter
;WIDTH:0.4
G1 F1800
G1 X110.764 Y121.812 E5.78818
G1 X110.701 Y121.538 E5.79654
G1 X110.705 Y103.422 E6.33547
G1 X110.764 Y103.192 E6.34253
G1 X110.885 Y102.992 E6.34948
G1 X111.058 Y102.836 E6.35641
G1 X111.27 Y102.736 E6.36338
G1 X111.498 Y102.7 E6.37025
G1 X113.491 Y102.7 E6.42954
G1 X113.652 Y102.716 E6.43435
G1 X113.799 Y102.759 E6.43891
G1 X113.935 Y102.83 E6.44347
G1 X114.055 Y102.925 E6.44802
G1 X114.146 Y103.03 E6.45215
G1 X114.224 Y103.162 E6.45671
G1 X114.275 Y103.307 E6.46128
G1 X114.299 Y103.462 E6.46595
G1 X114.295 Y121.579 E7.00491
G1 X114.234 Y121.812 E7.01208
G1 X114.111 Y122.013 E7.01909
G1 X113.935 Y122.169 E7.02609
G1 X113.718 Y122.268 E7.03319
G1 X113.503 Y122.3 E7.03966
G1 X111.415 Y122.295 E7.10178
G1 X111.15 Y122.219 E7.10998
G1 X111.018 Y122.138 E7.11459
G1 X110.915 Y122.045 E7.11872
G1 X110.873 Y121.98 E7.12102
G1 X110.726 Y121.608 F12000
;LAYER_CHANGE
;Z:9.86
;HEIGHT:0.21
G1 Z9.86 F12000
G1 X112.251 Y120.501
G92 E0
;TYPE:Solid infill
;WIDTH:0.539386
G1 F4800
G1 X112.251 Y120.747 E.01019
G1 X112.745 Y120.748 E.03066
G1 X112.749 Y104.25 E.7142
G1 X112.255 Y104.25 E.73467
G1 X112.251 Y120.313 E1.40019
G1 X112.251 Y120.313 F12000
G1 X111.816 Y121.181
;TYPE:Perimeter
;WIDTH:0.42
G1 F1800
G1 X111.82 Y103.815 E1.94592
G1 X113.184 Y103.815 E1.98878
G1 X113.18 Y121.184 E2.53461
G1 X111.876 Y121.181 E2.57559
G1 X111.876 Y121.181 F12000
G1 X111.441 Y121.555
G1 F1800
G1 X111.445 Y103.457 E3.14432
G1 X111.556 Y103.44 E3.14785
G1 X113.559 Y103.44 E3.21079
G1 X113.555 Y121.544 E3.77971
G1 X113.449 Y121.56 E3.78308
G1 X111.501 Y121.555 E3.8443
G1 X111.501 Y121.555 F12000
G1 X111.142 Y121.732
G1 F3600
G1 X111.102 Y121.669 E3.84665
G1 X111.066 Y121.513 E3.85168
G1 X111.07 Y103.468 E4.41875
G1 X111.104 Y103.334 E4.42309
G1 X111.169 Y103.227 E4.42702
G1 X111.262 Y103.143 E4.43096
G1 X111.378 Y103.088 E4.43499
G1 X111.527 Y103.065 E4.43973
G1 X113.582 Y103.075 E4.50431
G1 X113.736 Y103.137 E4.50953
G1 X113.856 Y103.254 E4.5148
G1 X113.92 Y103.395 E4.51967
G1 X113.934 Y103.49 E4.52269
G1 X113.93 Y121.533 E5.0897
G1 X113.895 Y121.668 E5.09408
G1 X113.828 Y121.776 E5.09807
G1 X113.734 Y121.86 E5.10203
G1 X113.614 Y121.914 E5.10617
G1 X113.476 Y121.935 E5.11056
G1 X111.451 Y121.93 E5.1742
G1 X111.31 Y121.889 E5.17881
G1 X111.182 Y121.793 E5.18384
G1 X111.175 Y121.783 E5.18422
G1 X111.175 Y121.783 F12000
G1 X110.84 Y121.929
;TYPE:External perimeter
;WIDTH:0.4
G1 F1800
G1 X110.764 Y121.812 E5.18837
G1 X110.701 Y121.538 E5.19673
G1 X110.705 Y103.422 E5.73566
G1 X110.764 Y103.191 E5.74275
G1 X110.885 Y102.992 E5.74968
G1 X111.058 Y102.836 E5.75661
G1 X111.27 Y102.736 E5.76358
G1 X111.498 Y102.7 E5.77045
G1 X113.491 Y102.7 E5.82974
G1 X113.652 Y102.716 E5.83455
G1 X113.799 Y102.759 E5.83911
G1 X113.935 Y102.83 E5.84367
G1 X114.055 Y102.925 E5.84822
G1 X114.155 Y103.042 E5.8528
G1 X114.224 Y103.162 E5.85692
G1 X114.275 Y103.307 E5.86149
G1 X114.299 Y103.463 E5.86619
G1 X114.295 Y121.579 E6.40512
G1 X114.234 Y121.812 E6.41229
G1 X114.111 Y122.013 E6.4193
G1 X113.935 Y122.169 E6.4263
G1 X113.718 Y122.268 E6.4334
G1 X113.503 Y122.3 E6.43987
G1 X111.415 Y122.295 E6.50199
G1 X111.15 Y122.218 E6.5102
G1 X111.031 Y122.147 E6.51432
G1 X110.915 Y122.044 E6.51893
G1 X110.873 Y121.98 E6.52121
G1 X110.726 Y121.608 F12000
;LAYER_CHANGE
;Z:10.07
;HEIGHT:0.21
G1 Z10.07 F12000
G1 E4.52121 F2400
G92 E0
G1 Z10.47 F12000
G1 X112.974 Y120.198
G1 Z10.07
G1 E2 F2400
G92 E0
;TYPE:Top solid infill
;WIDTH:0.430305
G1 F4200
G1 X112.364 Y120.807 E.02783
G1 X112.191 Y120.807 E.03342
G1 X112.191 Y120.435 E.04543
G1 X112.805 Y119.821 E.07347
G1 X112.805 Y119.276 E.09107
G1 X112.191 Y119.89 E.11911
G1 X112.192 Y119.345 E.13671
G1 X112.805 Y118.731 E.16472
G1 X112.806 Y118.187 E.18229
G1 X112.192 Y118.8 E.2103
G1 X112.192 Y118.256 E.22787
G1 X112.806 Y117.642 E.25591
G1 X112.806 Y117.097 E.27351
G1 X112.192 Y117.711 E.30155
G1 X112.192 Y117.166 E.31915
G1 X112.806 Y116.552 E.34719
G1 X112.806 Y116.007 E.36479
G1 X112.192 Y116.621 E.39283
G1 X112.192 Y116.076 E.41043
G1 X112.806 Y115.462 E.43847
G1 X112.806 Y114.917 E.45607
G1 X112.192 Y115.531 E.48411
G1 X112.193 Y114.986 E.50171
G1 X112.806 Y114.372 E.52972
G1 X112.807 Y113.827 E.54732
G1 X112.193 Y114.441 E.57536
G1 X112.193 Y113.896 E.59296
G1 X112.807 Y113.282 E.621
G1 X112.807 Y112.737 E.6386
G1 X112.193 Y113.351 E.66664
G1 X112.193 Y112.806 E.68424
G1 X112.807 Y112.192 E.71228
G1 X112.807 Y111.647 E.72988
G1 X112.193 Y112.261 E.75792
G1 X112.193 Y111.716 E.77552
G1 X112.807 Y111.102 E.80356
G1 X112.807 Y110.558 E.82113
G1 X112.193 Y111.171 E.84914
G1 X112.193 Y110.626 E.86674
G1 X112.807 Y110.013 E.89475
G1 X112.808 Y109.468 E.91235
G1 X112.194 Y110.082 E.94039
G1 X112.194 Y109.537 E.95799
G1 X112.808 Y108.923 E.98603
G1 X112.808 Y108.378 E1.00363
G1 X112.194 Y108.992 E1.03167
G1 X112.194 Y108.447 E1.04927
G1 X112.808 Y107.833 E1.07731
G1 X112.808 Y107.288 E1.09491
G1 X112.194 Y107.902 E1.12295
G1 X112.194 Y107.357 E1.14055
G1 X112.808 Y106.743 E1.16859
G1 X112.808 Y106.198 E1.18619
G1 X112.194 Y106.812 E1.21423
G1 X112.194 Y106.267 E1.23183
G1 X112.808 Y105.653 E1.25987
G1 X112.809 Y105.108 E1.27747
G1 X112.195 Y105.722 E1.30551
G1 X112.195 Y105.177 E1.32311
G1 X112.809 Y104.563 E1.35115
G1 X112.809 Y104.19 E1.36319
G1 X112.637 Y104.19 E1.36874
G1 X112.026 Y104.801 E1.39664
G1 E-.60336 F2400
G92 E0
G1 Z10.47 F12000
G1 X111.816 Y121.181
G1 Z10.07
G1 E2 F2400
;TYPE:Perimeter
;WIDTH:0.42
G1 F1800
G1 X111.82 Y103.815 E2.54573
G1 X113.184 Y103.815 E2.58859
G1 X113.18 Y121.184 E3.13442
G1 X111.876 Y121.181 E3.1754
G1 X111.876 Y121.181 F12000
G1 X111.441 Y121.555
G1 F1800
G1 X111.445 Y103.457 E3.74413
G1 X111.556 Y103.44 E3.74766
G1 X113.559 Y103.44 E3.8106
G1 X113.555 Y121.544 E4.37952
G1 X113.449 Y121.56 E4.38289
G1 X111.501 Y121.555 E4.44411
G1 X111.501 Y121.555 F12000
G1 X111.142 Y121.732
G1 F3600
G1 X111.102 Y121.669 E4.44646
G1 X111.066 Y121.513 E4.45149
G1 X111.07 Y103.468 E5.01856
G1 X111.104 Y103.334 E5.0229
G1 X111.169 Y103.227 E5.02683
G1 X111.262 Y103.143 E5.03077
G1 X111.378 Y103.088 E5.0348
G1 X111.527 Y103.065 E5.03954
G1 X113.485 Y103.065 E5.10107
G1 X113.669 Y103.102 E5.10697
G1 X113.799 Y103.187 E5.11185
G1 X113.891 Y103.315 E5.1168
G1 X113.934 Y103.49 E5.12246
G1 X113.93 Y121.533 E5.68947
G1 X113.895 Y121.668 E5.69385
G1 X113.829 Y121.776 E5.69783
G1 X113.734 Y121.86 E5.70182
G1 X113.614 Y121.914 E5.70596
G1 X113.476 Y121.935 E5.71035
G1 X111.451 Y121.93 E5.77399
G1 X111.313 Y121.89 E5.77851
G1 X111.183 Y121.795 E5.78357
G1 X111.175 Y121.782 E5.78405
G1 X111.175 Y121.782 F12000
G1 X110.84 Y121.929
;TYPE:External perimeter
;WIDTH:0.4
G1 F1800
G1 X110.764 Y121.812 E5.7882
G1 X110.701 Y121.538 E5.79656
G1 X110.705 Y103.422 E6.33549
G1 X110.764 Y103.192 E6.34255
G1 X110.885 Y102.992 E6.3495
G1 X111.058 Y102.836 E6.35643
G1 X111.27 Y102.736 E6.3634
G1 X111.498 Y102.7 E6.37027
G1 X113.506 Y102.7 E6.43001
G1 X113.666 Y102.718 E6.4348
G1 X113.812 Y102.764 E6.43935
G1 X113.948 Y102.838 E6.44396
G1 X114.054 Y102.924 E6.44802
G1 X114.155 Y103.042 E6.45264
G1 X114.224 Y103.161 E6.45673
G1 X114.275 Y103.307 E6.46133
G1 X114.299 Y103.462 E6.466
G1 X114.295 Y121.579 E7.00496
G1 X114.234 Y121.812 E7.01213
G1 X114.111 Y122.013 E7.01914
G1 X113.935 Y122.169 E7.02614
G1 X113.718 Y122.268 E7.03324
G1 X113.503 Y122.3 E7.03971
G1 X111.415 Y122.295 E7.10183
G1 X111.15 Y122.219 E7.11003
G1 X111.018 Y122.138 E7.11464
G1 X110.915 Y122.045 E7.11877
G1 X110.873 Y121.98 E7.12107
G1 X110.726 Y121.608 F12000
G1 E5.12107 F2400
G92 E0
M107
;TYPE:Custom
; Filament-specific end gcode 
;END gcode for filament
M104 S0 ; turn off temperature
G28 X0  ; home X axis
M84     ; disable motors
; objects_info = {"objects":[]}
; filament used [mm] = 324.71
; filament used [cm3] = 0.78
; total filament used [g] = 0.00
; total filament cost = 0.00
; total filament used for wipe tower [g] = 0.00
; estimated printing time (normal mode) = 5m 12s
; estimated first layer printing time (normal mode) = 19s

; prusaslicer_config = begin
; arc_fitting = disabled
; autoemit_temperature_commands = 1
; avoid_crossing_curled_overhangs = 0
; avoid_crossing_perimeters = 0
; avoid_crossing_perimeters_max_detour = 0
; bed_custom_model = 
; bed_custom_texture = 
; bed_shape = -5x-5,230x-5,230x230,-5x230
; bed_temperature = 75
; before_layer_gcode = 
; between_objects_gcode = 
; binary_gcode = 0
; bottom_fill_pattern = monotonic
; bottom_solid_layers = 2
; bottom_solid_min_thickness = 0
; bridge_acceleration = 0
; bridge_angle = 0
; bridge_fan_speed = 35
; bridge_flow_ratio = 1
; bridge_speed = 40
; brim_separation = 0
; brim_type = outer_only
; brim_width = 3
; color_change_gcode = M600
; complete_objects = 0
; cooling = 1
; cooling_tube_length = 5
; cooling_tube_retraction = 91.5
; default_acceleration = 0
; default_filament_profile = 
; default_print_profile = 
; deretract_speed = 0
; disable_fan_first_layers = 3
; dont_support_bridges = 1
; draft_shield = disabled
; duplicate_distance = 6
; elefant_foot_compensation = 0
; enable_dynamic_fan_speeds = 0
; enable_dynamic_overhang_speeds = 0
; end_filament_gcode = "; Filament-specific end gcode \n;END gcode for filament\n"
; end_gcode = M104 S0 ; turn off temperature\nG28 X0  ; home X axis\nM84     ; disable motors\n
; external_perimeter_acceleration = 0
; external_perimeter_extrusion_width = 0.4
; external_perimeter_speed = 50%
; external_perimeters_first = 0
; extra_loading_move = -2
; extra_perimeters = 1
; extra_perimeters_on_overhangs = 0
; extruder_clearance_height = 20
; extruder_clearance_radius = 20
; extruder_colour = ""
; extruder_offset = 0x0
; extrusion_axis = E
; extrusion_multiplier = 0.96
; extrusion_width = 0.42
; fan_always_on = 0
; fan_below_layer_time = 60
; filament_colour = #29B2B2
; filament_cooling_final_speed = 3.4
; filament_cooling_initial_speed = 2.2
; filament_cooling_moves = 4
; filament_cost = 0
; filament_density = 0
; filament_diameter = 1.75
; filament_load_time = 0
; filament_loading_speed = 28
; filament_loading_speed_start = 3
; filament_max_volumetric_speed = 0
; filament_minimal_purge_on_wipe_tower = 15
; filament_multitool_ramming = 0
; filament_multitool_ramming_flow = 10
; filament_multitool_ramming_volume = 10
; filament_notes = ""
; filament_purge_multiplier = 100%
; filament_ramming_parameters = "120 100 6.6 6.8 7.2 7.6 7.9 8.2 8.7 9.4 9.9 10.0| 0.05 6.6 0.45 6.8 0.95 7.8 1.45 8.3 1.95 9.7 2.45 10 2.95 7.6 3.45 7.6 3.95 7.6 4.45 7.6 4.95 7.6"
; filament_settings_id = ElegooPrinter
; filament_soluble = 0
; filament_spool_weight = 0
; filament_stamping_distance = 0
; filament_stamping_loading_speed = 20
; filament_toolchange_delay = 0
; filament_type = PET
; filament_unload_time = 0
; filament_unloading_speed = 90
; filament_unloading_speed_start = 100
; filament_vendor = (Unknown)
; fill_angle = 45
; fill_density = 15%
; fill_pattern = rectilinear
; first_layer_acceleration = 0
; first_layer_acceleration_over_raft = 0
; first_layer_bed_temperature = 75
; first_layer_extrusion_width = 0.5
; first_layer_height = 0.2
; first_layer_speed = 30
; first_layer_speed_over_raft = 30
; first_layer_temperature = 240
; full_fan_speed_layer = 0
; fuzzy_skin = none
; fuzzy_skin_point_dist = 0.8
; fuzzy_skin_thickness = 0.3
; gap_fill_enabled = 1
; gap_fill_speed = 30
; gcode_comments = 0
; gcode_flavor = klipper
; gcode_label_objects = disabled
; gcode_resolution = 0.0125
; gcode_substitutions = 
; high_current_on_filament_swap = 0
; host_type = prusalink
; infill_acceleration = 0
; infill_anchor = 600%
; infill_anchor_max = 50
; infill_every_layers = 1
; infill_extruder = 1
; infill_extrusion_width = 0.42
; infill_first = 1
; infill_overlap = 0%
; infill_speed = 100
; interface_shells = 0
; ironing = 0
; ironing_flowrate = 15%
; ironing_spacing = 0.1
; ironing_speed = 15
; ironing_type = top
; layer_gcode = 
; layer_height = 0.21
; machine_limits_usage = time_estimate_only
; machine_max_acceleration_e = 10000,5000
; machine_max_acceleration_extruding = 1500,1250
; machine_max_acceleration_retracting = 1500,1250
; machine_max_acceleration_travel = 1500,1250
; machine_max_acceleration_x = 9000,1000
; machine_max_acceleration_y = 9000,1000
; machine_max_acceleration_z = 500,200
; machine_max_feedrate_e = 120,120
; machine_max_feedrate_x = 500,200
; machine_max_feedrate_y = 500,200
; machine_max_feedrate_z = 12,12
; machine_max_jerk_e = 2.5,2.5
; machine_max_jerk_x = 10,10
; machine_max_jerk_y = 10,10
; machine_max_jerk_z = 0.2,0.4
; machine_min_extruding_rate = 0,0
; machine_min_travel_rate = 0,0
; max_fan_speed = 35
; max_layer_height = 0
; max_print_height = 300
; max_print_speed = 150
; max_volumetric_extrusion_rate_slope_negative = 0
; max_volumetric_extrusion_rate_slope_positive = 0
; max_volumetric_speed = 0
; min_bead_width = 85%
; min_fan_speed = 30
; min_feature_size = 25%
; min_layer_height = 0.07
; min_print_speed = 10
; min_skirt_length = 0
; mmu_segmented_region_interlocking_depth = 0
; mmu_segmented_region_max_width = 0
; multimaterial_purging = 140
; notes = 
; nozzle_diameter = 0.4
; only_retract_when_crossing_perimeters = 0
; ooze_prevention = 0
; output_filename_format = [input_filename_base].gcode
; overhang_fan_speed_0 = 0
; overhang_fan_speed_1 = 0
; overhang_fan_speed_2 = 0
; overhang_fan_speed_3 = 0
; overhang_speed_0 = 15
; overhang_speed_1 = 15
; overhang_speed_2 = 20
; overhang_speed_3 = 25
; overhangs = 1
; parking_pos_retraction = 92
; pause_print_gcode = M601
; perimeter_acceleration = 0
; perimeter_extruder = 1
; perimeter_extrusion_width = 0.42
; perimeter_generator = classic
; perimeter_speed = 60
; perimeters = 4
; physical_printer_settings_id = 
; post_process = 
; print_settings_id = ElegooPrinter
; printer_model = 
; printer_notes = 
; printer_settings_id = ElegooPrinter
; printer_technology = FFF
; printer_variant = 
; printer_vendor = 
; raft_contact_distance = 0.1
; raft_expansion = 1.5
; raft_first_layer_density = 90%
; raft_first_layer_expansion = 1
; raft_layers = 0
; remaining_times = 0
; resolution = 0
; retract_before_travel = 2
; retract_before_wipe = 0%
; retract_layer_change = 0
; retract_length = 2
; retract_length_toolchange = 10
; retract_lift = 0.4
; retract_lift_above = 0
; retract_lift_below = 0
; retract_restart_extra = 0
; retract_restart_extra_toolchange = 0
; retract_speed = 40
; seam_position = aligned
; silent_mode = 1
; single_extruder_multi_material = 0
; single_extruder_multi_material_priming = 1
; skirt_distance = 10
; skirt_height = 1
; skirts = 0
; slice_closing_radius = 0.049
; slicing_mode = regular
; slowdown_below_layer_time = 5
; small_perimeter_speed = 30
; solid_infill_acceleration = 0
; solid_infill_below_area = 70
; solid_infill_every_layers = 0
; solid_infill_extruder = 1
; solid_infill_extrusion_width = 0.42
; solid_infill_speed = 80
; spiral_vase = 0
; staggered_inner_seams = 0
; standby_temperature_delta = -5
; start_filament_gcode = "; Filament gcode\n"
; start_gcode = M104 S0 ; Трюк: сообщаем слайсеру, что температура сопла установлена (в 0), чтобы он не вставлял свой M109\nM140 S0 ; Трюк: сообщаем слайсеру, что температура стола установлена (в 0), чтобы он не вставлял свой M190\nM104 S[first_layer_temperature] ; Реальный нагрев сопла без ожидания (для безопасности, если макрос не сработает)\nM140 S[first_layer_bed_temperature] ; Реальный нагрев стола без ожидания\nSTART_PRINT BED_TEMP=[first_layer_bed_temperature] EXTRUDER_TEMP=[first_layer_temperature]\n\n
; support_material = 1
; support_material_angle = 0
; support_material_auto = 1
; support_material_bottom_contact_distance = 0
; support_material_bottom_interface_layers = -1
; support_material_buildplate_only = 0
; support_material_closing_radius = 2
; support_material_contact_distance = 0.2
; support_material_enforce_layers = 0
; support_material_extruder = 1
; support_material_extrusion_width = 0.35
; support_material_interface_contact_loops = 0
; support_material_interface_extruder = 1
; support_material_interface_layers = 3
; support_material_interface_pattern = rectilinear
; support_material_interface_spacing = 0.5
; support_material_interface_speed = 100%
; support_material_pattern = rectilinear
; support_material_spacing = 1.5
; support_material_speed = 60
; support_material_style = organic
; support_material_synchronize_layers = 0
; support_material_threshold = 0
; support_material_with_sheath = 1
; support_material_xy_spacing = 50%
; support_tree_angle = 40
; support_tree_angle_slow = 25
; support_tree_branch_diameter = 2
; support_tree_branch_diameter_angle = 5
; support_tree_branch_diameter_double_wall = 3
; support_tree_branch_distance = 1
; support_tree_tip_diameter = 0.8
; support_tree_top_rate = 15%
; temperature = 240
; template_custom_gcode = 
; thick_bridges = 1
; thin_walls = 1
; thumbnails = 
; thumbnails_format = PNG
; toolchange_gcode = 
; top_fill_pattern = monotonic
; top_infill_extrusion_width = 0.42
; top_solid_infill_acceleration = 0
; top_solid_infill_speed = 70
; top_solid_layers = 2
; top_solid_min_thickness = 0
; travel_acceleration = 0
; travel_lift_before_obstacle = 0
; travel_max_lift = 0
; travel_ramping_lift = 0
; travel_slope = 0
; travel_speed = 200
; travel_speed_z = 0
; use_firmware_retraction = 0
; use_relative_e_distances = 0
; use_volumetric_e = 0
; variable_layer_height = 1
; wall_distribution_count = 1
; wall_transition_angle = 10
; wall_transition_filter_deviation = 25%
; wall_transition_length = 100%
; wipe = 0
; wipe_into_infill = 0
; wipe_into_objects = 0
; wipe_tower = 0
; wipe_tower_acceleration = 0
; wipe_tower_bridging = 10
; wipe_tower_brim_width = 2
; wipe_tower_cone_angle = 0
; wipe_tower_extra_flow = 100%
; wipe_tower_extra_spacing = 100%
; wipe_tower_extruder = 0
; wipe_tower_no_sparse_layers = 0
; wipe_tower_rotation_angle = 0
; wipe_tower_width = 60
; wipe_tower_x = 180
; wipe_tower_y = 140
; wiping_volumes_matrix = 0
; wiping_volumes_use_custom_matrix = 0
; xy_size_compensation = 0
; z_offset = 0
; prusaslicer_config = end
