; generated by PrusaSlicer 2.7.4 on 2026-07-17 at 09:20:10 UTC

; 

; external perimeters extrusion width = 0.30mm
; perimeters extrusion width = 0.30mm
; infill extrusion width = 0.25mm
; solid infill extrusion width = 0.22mm
; top infill extrusion width = 0.22mm
; support material extrusion width = 0.25mm
; first layer extrusion width = 0.50mm

;TYPE:Custom
M104 S0 ; Трюк: сообщаем слайсеру, что температура сопла установлена (в 0), чтобы он не вставлял свой M109
M140 S0 ; Трюк: сообщаем слайсеру, что температура стола установлена (в 0), чтобы он не вставлял свой M190
M104 S240 ; Реальный нагрев сопла без ожидания (для безопасности, если макрос не сработает)
M140 S70 ; Реальный нагрев стола без ожидания
START_PRINT BED_TEMP=70 EXTRUDER_TEMP=240

G21 ; set units to millimeters
G90 ; use absolute coordinates
M82 ; use absolute distances for extrusion
G92 E0
; Filament gcode
M107
;LAYER_CHANGE
;Z:0.2
;HEIGHT:0.2
G1 E-2 F2400
G1 Z.6 F7800
G1 X98.752 Y98.752
G1 Z.2
G1 E0 F2400
;TYPE:Skirt/Brim
;WIDTH:0.5
G1 F2700
G1 X99.045 Y98.459 E.01449
G1 X101.436 Y96.632 E.11971
G1 X104.223 Y95.495 E.22496
G1 X107.086 Y95.129 E.32588
G1 X117.914 Y95.129 E.70449
G1 X120.897 Y95.527 E.80972
G1 X123.671 Y96.694 E.91495
G1 X125.955 Y98.459 E1.01588
G1 X126.541 Y99.045 E1.04486
G1 X128.368 Y101.436 E1.15008
G1 X129.505 Y104.223 E1.25533
G1 X129.871 Y107.086 E1.35625
G1 X129.871 Y117.914 E1.73486
G1 X129.473 Y120.897 E1.84009
G1 X128.306 Y123.671 E1.94532
G1 X126.541 Y125.955 E2.04625
G1 X125.955 Y126.541 E2.07523
G1 X123.564 Y128.368 E2.18045
G1 X120.777 Y129.505 E2.2857
G1 X117.914 Y129.871 E2.38662
G1 X107.086 Y129.871 E2.76523
G1 X104.103 Y129.473 E2.87046
G1 X101.329 Y128.306 E2.97569
G1 X99.045 Y126.541 E3.07662
G1 X98.459 Y125.955 E3.1056
G1 X96.632 Y123.564 E3.21082
G1 X95.495 Y120.777 E3.31607
G1 X95.129 Y117.914 E3.41699
G1 X95.129 Y107.086 E3.7956
G1 X95.527 Y104.103 E3.90083
G1 X96.694 Y101.329 E4.00606
G1 X98.459 Y99.045 E4.10699
G1 X98.71 Y98.795 E4.11938
G1 X98.71 Y98.795 F7800
G1 X99.033 Y99.118
G1 F2700
G1 X99.368 Y98.783 E4.13595
G1 X101.715 Y96.999 E4.23903
G1 X104.454 Y95.908 E4.34212
G1 X107.086 Y95.586 E4.43484
G1 X117.914 Y95.586 E4.81345
G1 X120.835 Y95.984 E4.91653
G1 X123.543 Y97.149 E5.01961
G1 X125.632 Y98.783 E5.11234
G1 X126.217 Y99.368 E5.14127
G1 X128.001 Y101.715 E5.24435
G1 X129.092 Y104.454 E5.34744
G1 X129.414 Y107.086 E5.44016
G1 X129.414 Y117.914 E5.81877
G1 X129.016 Y120.835 E5.92185
G1 X127.851 Y123.543 E6.02493
G1 X126.217 Y125.632 E6.11766
G1 X125.632 Y126.217 E6.14659
G1 X123.285 Y128.001 E6.24967
G1 X120.546 Y129.092 E6.35276
G1 X117.914 Y129.414 E6.44548
G1 X107.086 Y129.414 E6.82409
G1 X104.165 Y129.016 E6.92717
G1 X101.457 Y127.851 E7.03025
G1 X99.368 Y126.217 E7.12298
G1 X98.783 Y125.632 E7.15191
G1 X96.999 Y123.285 E7.25499
G1 X95.908 Y120.546 E7.35808
G1 X95.586 Y117.914 E7.4508
G1 X95.586 Y107.086 E7.82941
G1 X95.984 Y104.165 E7.93249
G1 X97.149 Y101.457 E8.03557
G1 X98.783 Y99.368 E8.1283
G1 X98.991 Y99.16 E8.13859
G1 X98.991 Y99.16 F7800
G1 X99.314 Y99.483
G1 F2700
G1 X99.692 Y99.106 E8.15726
G1 X101.994 Y97.366 E8.25816
G1 X104.684 Y96.323 E8.35904
G1 X107.086 Y96.043 E8.4436
G1 X117.914 Y96.043 E8.82221
G1 X120.772 Y96.441 E8.92311
G1 X123.412 Y97.605 E9.02399
G1 X125.308 Y99.106 E9.10855
G1 X125.894 Y99.692 E9.13753
G1 X127.634 Y101.994 E9.23843
G1 X128.677 Y104.684 E9.33931
G1 X128.957 Y107.086 E9.42387
G1 X128.957 Y117.914 E9.80248
G1 X128.559 Y120.772 E9.90338
G1 X127.395 Y123.412 E10.00426
G1 X125.894 Y125.308 E10.08882
G1 X125.308 Y125.894 E10.1178
G1 X123.006 Y127.634 E10.2187
G1 X120.316 Y128.677 E10.31958
G1 X117.914 Y128.957 E10.40414
G1 X107.086 Y128.957 E10.78275
G1 X104.228 Y128.559 E10.88365
G1 X101.588 Y127.395 E10.98453
G1 X99.692 Y125.894 E11.06909
G1 X99.106 Y125.308 E11.09807
G1 X97.366 Y123.006 E11.19897
G1 X96.323 Y120.316 E11.29985
G1 X96.043 Y117.914 E11.38441
G1 X96.043 Y107.086 E11.76302
G1 X96.441 Y104.228 E11.86392
G1 X97.605 Y101.588 E11.9648
G1 X99.106 Y99.692 E12.04936
G1 X99.271 Y99.526 E12.05754
G1 E10.05754 F2400
G92 E0
G1 X99.271 Y99.526 Z.6 F7800
G1 X106.849 Y107.181
G1 Z.2
G1 E2 F2400
G1 F2700
G1 X107.265 Y106.814 E2.0194
G1 X117.819 Y106.849 E2.38843
G1 X118.186 Y107.265 E2.40783
G1 X118.151 Y117.819 E2.77686
G1 X117.735 Y118.186 E2.79626
G1 X107.181 Y118.151 E3.16529
G1 X106.814 Y117.735 E3.18469
G1 X106.849 Y107.241 E3.55162
G1 X106.849 Y107.241 F7800
G1 X107.271 Y107.405
G1 F2700
G1 X107.405 Y107.271 E3.55825
G1 X117.595 Y107.271 E3.91455
G1 X117.729 Y107.405 E3.92118
G1 X117.729 Y117.595 E4.27748
G1 X117.595 Y117.729 E4.28411
G1 X107.405 Y117.729 E4.64041
G1 X107.271 Y117.595 E4.64704
G1 X107.271 Y107.465 E5.00124
G1 E3.00124 F2400
G92 E0
G1 X107.271 Y107.465 Z.6 F7800
G92 E0
G1 X117.25 Y117.25
G1 Z.2
G1 E2 F2400
;TYPE:External perimeter
G1 F2700
G1 X107.75 Y117.25 E2.33218
G1 X107.75 Y107.75 E2.66436
G1 X117.25 Y107.75 E2.99654
G1 X117.25 Y117.19 E3.32662
G1 X116.854 Y117.249 F7800
G1 E1.32662 F2400
G92 E0
G1 Z.6 F7800
G1 X108.419 Y114.178
G1 Z.2
G1 E2 F2400
;TYPE:Perimeter
G1 F2700
G1 X108.642 Y114.632 E2.01769
G1 X108.884 Y115.021 E2.03371
G1 X109.166 Y115.383 E2.04976
G1 X109.463 Y115.695 E2.06482
G1 X109.809 Y115.991 E2.08074
G1 X110.116 Y116.207 E2.09387
G1 X110.486 Y116.421 E2.10882
G1 X110.831 Y116.576 E2.12204
G1 X110.785 Y116.793 E2.1298
G1 X108.207 Y116.793 E2.21994
G1 X108.207 Y114.227 E2.30966
G1 X108.361 Y114.191 E2.31519
G1 X108.361 Y114.191 F7800
G1 X108.664 Y115.52
G1 F2700
G1 X109.148 Y116.027 E2.3397
G1 X109.509 Y116.336 E2.35632
G1 X108.664 Y116.336 E2.38587
G1 X108.664 Y115.58 E2.4123
G1 E.4123 F2400
G92 E0
G1 X108.664 Y115.58 Z.6 F7800
G1 X114.181 Y116.581
G1 Z.2
G1 E2 F2400
G1 F2700
G1 X114.614 Y116.368 E2.01687
G1 X115.001 Y116.129 E2.03277
G1 X115.344 Y115.868 E2.04784
G1 X115.678 Y115.555 E2.06385
G1 X115.958 Y115.233 E2.07877
G1 X116.178 Y114.93 E2.09186
G1 X116.396 Y114.562 E2.10682
G1 X116.578 Y114.17 E2.12193
G1 X116.793 Y114.218 E2.12963
G1 X116.793 Y116.793 E2.21967
G1 X114.23 Y116.793 E2.30929
G1 X114.194 Y116.639 E2.31482
G1 X114.194 Y116.639 F7800
G1 X115.513 Y116.336
G1 F2700
G1 X116.007 Y115.872 E2.33852
G1 X116.336 Y115.495 E2.35602
G1 X116.336 Y116.336 E2.38543
G1 X115.573 Y116.336 E2.41211
G1 E.41211 F2400
G92 E0
G1 X115.573 Y116.336 Z.6 F7800
G1 X114.172 Y108.422
G1 Z.2
G1 E2 F2400
G1 F2700
G1 X114.22 Y108.207 E2.0077
G1 X116.793 Y108.207 E2.09767
G1 X116.793 Y110.771 E2.18732
G1 X116.582 Y110.821 E2.1949
G1 X116.338 Y110.333 E2.21398
G1 X116.14 Y110.014 E2.22711
G1 X115.882 Y109.673 E2.24206
G1 X115.57 Y109.337 E2.25809
G1 X115.225 Y109.035 E2.27412
G1 X114.876 Y108.788 E2.28907
G1 X114.553 Y108.6 E2.30214
G1 X114.227 Y108.447 E2.31473
G1 X114.227 Y108.447 F7800
G1 X115.495 Y108.664
G1 F2700
G1 X116.336 Y108.664 E2.34414
G1 X116.336 Y109.49 E2.37302
G1 X115.889 Y109.009 E2.39598
G1 X115.54 Y108.704 E2.41219
G1 E.41219 F2400
G92 E0
G1 X115.54 Y108.704 Z.6 F7800
G1 X108.424 Y110.83
G1 Z.2
G1 E2 F2400
G1 F2700
G1 X108.207 Y110.784 E2.00776
G1 X108.207 Y108.207 E2.09787
G1 X110.773 Y108.207 E2.18759
G1 X110.823 Y108.419 E2.19521
G1 X110.351 Y108.652 E2.21362
G1 X109.988 Y108.878 E2.22857
G1 X109.689 Y109.105 E2.2417
G1 X109.354 Y109.413 E2.25761
G1 X109.067 Y109.735 E2.27269
G1 X108.799 Y110.106 E2.28869
G1 X108.57 Y110.504 E2.30475
G1 X108.449 Y110.775 E2.31513
G1 X108.449 Y110.775 F7800
G1 X108.664 Y109.5
G1 F2700
G1 X108.664 Y108.664 E2.34436
G1 X109.493 Y108.664 E2.37335
G1 X109.028 Y109.092 E2.39545
G1 X108.704 Y109.455 E2.41246
G1 E.41246 F2400
G92 E0
G1 X108.704 Y109.455 Z.6 F7800
G1 X108.573 Y112.098
G1 Z.2
G1 E2 F2400
;TYPE:External perimeter
G1 F2700
G1 X108.617 Y111.776 E2.01136
G1 X108.713 Y111.377 E2.02571
G1 X108.821 Y111.062 E2.03735
G1 X108.978 Y110.712 E2.05076
G1 X109.183 Y110.355 E2.06515
G1 X109.424 Y110.021 E2.07955
G1 X109.68 Y109.734 E2.093
G1 X109.982 Y109.456 E2.10735
G1 X110.248 Y109.255 E2.11901
G1 X110.573 Y109.051 E2.13243
G1 X110.943 Y108.87 E2.14683
G1 X111.329 Y108.727 E2.16122
G1 X111.702 Y108.631 E2.17469
G1 X112.107 Y108.569 E2.18902
G1 X112.44 Y108.551 E2.20068
G1 X112.823 Y108.563 E2.21408
G1 X113.231 Y108.618 E2.22848
G1 X113.605 Y108.707 E2.24192
G1 X113.994 Y108.843 E2.25633
G1 X114.341 Y109.005 E2.26972
G1 X114.629 Y109.173 E2.28138
G1 X114.942 Y109.395 E2.2948
G1 X115.252 Y109.666 E2.3092
G1 X115.532 Y109.967 E2.32357
G1 X115.763 Y110.273 E2.33698
G1 X115.939 Y110.556 E2.34863
G1 X116.122 Y110.924 E2.363
G1 X116.258 Y111.284 E2.37646
G1 X116.365 Y111.681 E2.39084
G1 X116.429 Y112.088 E2.40525
G1 X116.45 Y112.472 E2.4187
G1 X116.432 Y112.882 E2.43305
G1 X116.385 Y113.212 E2.44471
G1 X116.298 Y113.586 E2.45814
G1 X116.165 Y113.975 E2.47251
G1 X115.991 Y114.349 E2.48693
G1 X115.795 Y114.678 E2.50032
G1 X115.6 Y114.948 E2.51197
G1 X115.348 Y115.237 E2.52538
G1 X115.048 Y115.519 E2.53978
G1 X114.742 Y115.752 E2.55323
G1 X114.393 Y115.967 E2.56756
G1 X114.093 Y116.114 E2.57924
G1 X113.736 Y116.252 E2.59262
G1 X113.338 Y116.36 E2.60704
G1 X112.932 Y116.427 E2.62143
G1 X112.548 Y116.45 E2.63488
G1 X112.166 Y116.436 E2.64825
G1 X111.835 Y116.394 E2.65992
G1 X111.461 Y116.311 E2.67332
G1 X111.07 Y116.182 E2.68772
G1 X110.694 Y116.013 E2.70213
G1 X110.362 Y115.822 E2.71552
G1 X110.09 Y115.63 E2.72716
G1 X109.778 Y115.363 E2.74152
G1 X109.512 Y115.084 E2.755
G1 X109.26 Y114.759 E2.76938
G1 X109.042 Y114.41 E2.78377
G1 X108.873 Y114.065 E2.7972
G1 X108.754 Y113.754 E2.80884
G1 X108.644 Y113.359 E2.82318
G1 X108.579 Y112.979 E2.83666
G1 X108.55 Y112.569 E2.85103
G1 X108.565 Y112.157 E2.86545
G1 X108.625 Y111.762 F7800
G1 X108.558 Y111.092
;TYPE:Gap fill
;WIDTH:0.4904
G1 F2700
G1 X108.256 Y111.273 E2.8775
;WIDTH:0.556713
G1 X108.235 Y111.286 E2.87847
G1 X108.188 Y111.685 E2.89426
;WIDTH:0.462043
G1 X108.158 Y112.113 E2.90802
;WIDTH:0.402618
G1 X108.166 Y113.039 E2.9335
;WIDTH:0.453706
G1 X108.204 Y113.469 E2.94707
;WIDTH:0.52767
G1 X108.273 Y113.977 E2.96608
G1 X108.273 Y113.977 F7800
G1 X108.436 Y114.855
;WIDTH:0.128349
G1 F2700
G1 X108.661 Y115.147 E2.96849
G1 X108.661 Y115.147 F7800
G1 X110.057 Y116.469
;WIDTH:0.116207
G1 F2700
G1 X110.141 Y116.528 E2.96907
G1 X110.194 Y116.542 E2.96938
G1 X110.194 Y116.542 F7800
G1 X111.033 Y116.724
;WIDTH:0.545141
G1 F2700
G1 X111.347 Y116.774 E2.9816
;WIDTH:0.4941
G1 X111.752 Y116.818 E2.99566
;WIDTH:0.412796
G1 X112.545 Y116.85 E3.01812
G1 X112.987 Y116.837 E3.03063
;WIDTH:0.488264
G1 X113.446 Y116.799 E3.04632
;WIDTH:0.562134
G1 X113.98 Y116.727 E3.06772
G1 X113.98 Y116.727 F7800
G1 X114.846 Y116.564
;WIDTH:0.147029
G1 F2700
G1 X115.113 Y116.361 E3.07039
G1 X115.113 Y116.361 F7800
G1 X116.446 Y114.979
;WIDTH:0.121835
G1 F2700
G1 X116.525 Y114.87 E3.0712
G1 X116.542 Y114.806 E3.0716
G1 X116.542 Y114.806 F7800
G1 X116.44 Y113.906
;WIDTH:0.506291
G1 F2700
G1 X116.765 Y113.716 E3.08494
G1 X116.813 Y113.302 E3.09971
;WIDTH:0.4103
G1 X116.85 Y112.479 E3.12286
G1 X116.838 Y112.035 E3.13534
;WIDTH:0.483388
G1 X116.801 Y111.577 E3.15082
;WIDTH:0.561478
G1 X116.728 Y111.021 E3.17307
G1 X116.728 Y111.021 F7800
G1 X116.564 Y110.156
;WIDTH:0.141324
G1 F2700
G1 X116.375 Y109.908 E3.17542
G1 X116.375 Y109.908 F7800
G1 X114.975 Y108.55
;WIDTH:0.121698
G1 F2700
G1 X114.872 Y108.475 E3.17619
G1 X114.808 Y108.458 E3.17659
G1 X114.808 Y108.458 F7800
G1 X113.908 Y108.558
;WIDTH:0.530529
G1 F2700
G1 X113.717 Y108.235 E3.19059
G1 X113.322 Y108.189 E3.20542
;WIDTH:0.463154
G1 X112.866 Y108.158 E3.22011
;WIDTH:0.400919
G1 X112.428 Y108.15 E3.23211
G1 X111.84 Y108.178 E3.24823
;WIDTH:0.473926
G1 X111.312 Y108.233 E3.26573
;WIDTH:0.55972
G1 X111.023 Y108.27 E3.27725
G1 X111.023 Y108.27 F7800
G1 X110.161 Y108.436
;WIDTH:0.138472
G1 F2700
G1 X109.921 Y108.619 E3.27946
G1 X109.921 Y108.619 F7800
G1 X108.572 Y109.988
;WIDTH:0.129319
G1 F2700
G1 X108.479 Y110.117 E3.28051
G1 X108.458 Y110.196 E3.28105
;LAYER_CHANGE
;Z:0.41
;HEIGHT:0.21
G1 Z.41 F7800
M104 S235 ; set temperature
G1 X108.359 Y112.163
G92 E0
;TYPE:Perimeter
;WIDTH:0.3
G1 F1200
G1 X108.36 Y112.14 E.00047
G1 X108.42 Y111.711 E.00934
G1 X108.524 Y111.292 E.01818
G1 X108.66 Y110.912 E.02644
G1 X108.794 Y110.619 E.03304
G1 X109.008 Y110.248 E.04181
G1 X109.261 Y109.897 E.05067
G1 X109.549 Y109.574 E.05953
G1 X109.869 Y109.283 E.06839
G1 X110.213 Y109.031 E.07712
G1 X110.469 Y108.875 E.08326
G1 X110.852 Y108.685 E.09201
G1 X111.257 Y108.534 E.10086
G1 X111.676 Y108.427 E.10972
G1 X112.103 Y108.363 E.11856
G1 X112.507 Y108.345 E.12684
G1 X112.829 Y108.357 E.13344
G1 X113.253 Y108.413 E.1422
G1 X113.674 Y108.514 E.15107
G1 X114.082 Y108.657 E.15992
G1 X114.468 Y108.84 E.16867
G1 X114.727 Y108.991 E.17481
G1 X115.075 Y109.238 E.18355
G1 X115.4 Y109.523 E.1924
G1 X115.694 Y109.841 E.20127
G1 X115.953 Y110.187 E.21012
G1 X116.172 Y110.555 E.21889
G1 X116.312 Y110.846 E.2255
G1 X116.455 Y111.223 E.23376
G1 X116.566 Y111.641 E.24262
G1 X116.633 Y112.068 E.25147
G1 X116.656 Y112.5 E.26033
G1 X116.633 Y112.932 E.26919
G1 X116.567 Y113.355 E.27796
G1 X116.488 Y113.667 E.28455
G1 X116.356 Y114.049 E.29283
G1 X116.175 Y114.441 E.30167
G1 X115.953 Y114.813 E.31054
G1 X115.694 Y115.158 E.31937
G1 X115.421 Y115.456 E.32765
G1 X115.183 Y115.673 E.33425
G1 X114.842 Y115.933 E.34303
G1 X114.473 Y116.158 E.35188
G1 X114.082 Y116.343 E.36074
G1 X113.674 Y116.487 E.3696
G1 X113.259 Y116.586 E.37834
G1 X112.962 Y116.63 E.38449
G1 X112.537 Y116.656 E.39321
G1 X112.133 Y116.639 E.40149
G1 X111.814 Y116.598 E.40808
G1 X111.395 Y116.506 E.41686
G1 X110.985 Y116.37 E.42571
G1 X110.591 Y116.191 E.43457
G1 X110.217 Y115.973 E.44343
G1 X109.872 Y115.719 E.4522
G1 X109.631 Y115.506 E.45879
G1 X109.352 Y115.213 E.46707
G1 X109.088 Y114.872 E.4759
G1 X108.86 Y114.505 E.48475
G1 X108.671 Y114.115 E.49362
G1 X108.524 Y113.709 E.50246
G1 X108.42 Y113.289 E.51132
G1 X108.361 Y112.866 E.52007
G1 X108.345 Y112.566 E.52622
G1 X108.357 Y112.223 E.53325
G1 X108.357 Y112.223 F7800
G1 X108.614 Y112.173
G1 F1200
G1 X108.614 Y112.162 E.53348
G1 X108.67 Y111.76 E.54179
G1 X108.768 Y111.366 E.5501
G1 X108.897 Y111.008 E.55789
G1 X109.021 Y110.736 E.56401
G1 X109.222 Y110.386 E.57227
G1 X109.46 Y110.057 E.58058
G1 X109.73 Y109.754 E.58889
G1 X110.03 Y109.481 E.5972
G1 X110.355 Y109.243 E.60545
G1 X110.592 Y109.098 E.61114
G1 X110.953 Y108.92 E.61938
G1 X111.333 Y108.778 E.62769
G1 X111.727 Y108.677 E.63602
G1 X112.128 Y108.617 E.64432
G1 X112.508 Y108.6 E.65211
G1 X112.807 Y108.612 E.65824
G1 X113.207 Y108.664 E.6665
G1 X113.602 Y108.758 E.67481
G1 X113.985 Y108.893 E.68313
G1 X114.349 Y109.066 E.69138
G1 X114.588 Y109.206 E.69705
G1 X114.917 Y109.438 E.70529
G1 X115.222 Y109.706 E.7136
G1 X115.498 Y110.004 E.72192
G1 X115.741 Y110.329 E.73023
G1 X115.947 Y110.676 E.73849
G1 X116.077 Y110.946 E.74463
G1 X116.212 Y111.302 E.75243
G1 X116.316 Y111.693 E.76071
G1 X116.379 Y112.095 E.76904
G1 X116.4 Y112.5 E.77734
G1 X116.379 Y112.905 E.78564
G1 X116.317 Y113.304 E.79391
G1 X116.243 Y113.594 E.80004
G1 X116.119 Y113.954 E.80784
G1 X115.949 Y114.322 E.81614
G1 X115.741 Y114.671 E.82446
G1 X115.498 Y114.995 E.83275
G1 X115.24 Y115.275 E.84055
G1 X115.019 Y115.477 E.84668
G1 X114.699 Y115.722 E.85493
G1 X114.352 Y115.933 E.86325
G1 X113.985 Y116.107 E.87157
G1 X113.602 Y116.242 E.87989
G1 X113.21 Y116.335 E.88814
G1 X112.936 Y116.376 E.89381
G1 X112.534 Y116.4 E.90206
G1 X112.154 Y116.385 E.90985
G1 X111.857 Y116.347 E.91598
G1 X111.463 Y116.26 E.92424
G1 X111.078 Y116.132 E.93255
G1 X110.708 Y115.965 E.94086
G1 X110.358 Y115.759 E.94918
G1 X110.033 Y115.521 E.95743
G1 X109.808 Y115.322 E.96358
G1 X109.546 Y115.047 E.97136
G1 X109.297 Y114.726 E.97968
G1 X109.083 Y114.381 E.98799
G1 X108.906 Y114.016 E.9963
G1 X108.768 Y113.634 E1.00462
G1 X108.67 Y113.24 E1.01293
G1 X108.615 Y112.842 E1.02116
G1 X108.6 Y112.564 E1.02686
G1 X108.612 Y112.233 E1.03364
G1 X108.612 Y112.233 F7800
G1 X108.875 Y112.138
;TYPE:External perimeter
G1 F1200
G1 X108.921 Y111.808 E1.04046
G1 X109.012 Y111.44 E1.04822
G1 X109.133 Y111.105 E1.05551
G1 X109.248 Y110.853 E1.06118
G1 X109.437 Y110.524 E1.06895
G1 X109.659 Y110.217 E1.07671
G1 X109.911 Y109.934 E1.08447
G1 X110.192 Y109.678 E1.09225
G1 X110.497 Y109.455 E1.09999
G1 X110.715 Y109.322 E1.10522
G1 X111.054 Y109.154 E1.11297
G1 X111.41 Y109.022 E1.12074
G1 X111.777 Y108.927 E1.1285
G1 X112.152 Y108.871 E1.13626
G1 X112.508 Y108.855 E1.14356
G1 X112.785 Y108.866 E1.14924
G1 X113.161 Y108.915 E1.157
G1 X113.53 Y109.003 E1.16477
G1 X113.888 Y109.129 E1.17254
G1 X114.229 Y109.291 E1.18027
G1 X114.45 Y109.42 E1.18551
G1 X114.759 Y109.639 E1.19327
G1 X115.044 Y109.889 E1.20103
G1 X115.301 Y110.168 E1.2088
G1 X115.529 Y110.472 E1.21658
G1 X115.723 Y110.797 E1.22433
G1 X115.842 Y111.046 E1.22998
G1 X115.969 Y111.38 E1.2373
G1 X116.066 Y111.746 E1.24505
G1 X116.125 Y112.121 E1.25282
G1 X116.145 Y112.5 E1.26059
G1 X116.125 Y112.879 E1.26836
G1 X116.067 Y113.253 E1.27611
G1 X115.999 Y113.522 E1.28179
G1 X115.883 Y113.858 E1.28907
G1 X115.723 Y114.203 E1.29686
G1 X115.529 Y114.528 E1.30461
G1 X115.302 Y114.832 E1.31238
G1 X115.06 Y115.094 E1.31968
G1 X114.856 Y115.282 E1.32536
G1 X114.555 Y115.511 E1.3331
G1 X114.231 Y115.708 E1.34086
G1 X113.888 Y115.871 E1.34864
G1 X113.53 Y115.997 E1.35641
G1 X113.162 Y116.085 E1.36416
G1 X112.909 Y116.122 E1.3694
G1 X112.532 Y116.145 E1.37713
G1 X112.176 Y116.13 E1.38443
G1 X111.901 Y116.096 E1.3901
G1 X111.531 Y116.014 E1.39786
G1 X111.171 Y115.894 E1.40563
G1 X110.825 Y115.738 E1.4134
G1 X110.498 Y115.546 E1.42116
G1 X110.193 Y115.322 E1.42891
G1 X109.985 Y115.138 E1.4346
G1 X109.739 Y114.88 E1.4419
G1 X109.507 Y114.581 E1.44965
G1 X109.307 Y114.258 E1.45743
G1 X109.141 Y113.917 E1.4652
G1 X109.012 Y113.56 E1.47297
G1 X108.921 Y113.192 E1.48073
G1 X108.869 Y112.817 E1.48848
G1 X108.855 Y112.562 E1.49371
G1 X108.868 Y112.198 E1.50117
G1 X108.928 Y111.802 F7800
G1 E-.49883 F2400
G92 E0
G1 Z.81 F7800
G1 X116.84 Y116.84
G1 Z.41
G1 E2 F2400
;TYPE:Perimeter
G1 F1200
G1 X108.16 Y116.84 E2.17774
G1 X108.16 Y108.16 E2.35548
G1 X116.84 Y108.16 E2.53322
G1 X116.84 Y116.78 E2.70973
G1 X116.84 Y116.78 F7800
G1 X117.095 Y117.095
G1 F1200
G1 X107.905 Y117.095 E2.89791
G1 X107.905 Y107.905 E3.08609
G1 X117.095 Y107.905 E3.27427
G1 X117.095 Y117.035 E3.46123
G1 X117.35 Y117.35 F7800
;TYPE:External perimeter
G1 F1200
G1 X107.65 Y117.35 E3.65986
G1 X107.65 Y107.65 E3.85849
G1 X117.35 Y107.65 E4.05712
G1 X117.35 Y117.29 E4.25452
G1 X116.954 Y117.349 F7800
G1 E2.25452 F2400
G92 E0
G1 Z.81 F7800
G1 X114.272 Y116.399
G1 Z.41
G1 E2 F2400
;TYPE:Gap fill
;WIDTH:0.306311
G1 F1800
G1 X114.179 Y116.582 E2.00431
G1 X113.951 Y116.621 E2.00916
;WIDTH:0.228007
G1 X113.728 Y116.659 E2.01248
;WIDTH:0.151822
G1 X113.411 Y116.697 E2.01522
G1 X113.411 Y116.697 F7800
G1 X111.592 Y116.697
;WIDTH:0.129398
G1 F1800
G1 X111.199 Y116.646 E2.0179
;WIDTH:0.226882
G1 X110.902 Y116.598 E2.02229
;WIDTH:0.279592
G1 X110.687 Y116.557 E2.02641
G1 E.02641 F2400
G92 E0
G1 X110.687 Y116.557 Z.81 F7800
G1 X108.621 Y114.493
G1 Z.41
G1 E2 F2400
;TYPE:Solid infill
;WIDTH:0.219999
G1 X108.375 Y114.536 E2.00351
G1 X108.375 Y116.625 E2.03286
G1 X110.455 Y116.625 E2.06209
G1 X110.501 Y116.38 E2.06559
G1 X110.093 Y116.148 E2.07218
G1 X109.488 Y115.666 E2.08305
G1 X108.917 Y115.002 E2.09536
G1 X108.665 Y114.569 E2.1024
G1 X108.55 Y114.72 E2.10507
G1 X108.55 Y116.45 E2.12938
G1 X110.27 Y116.45 E2.15355
G1 X109.984 Y116.285 E2.15819
G1 X109.379 Y115.803 E2.16906
G1 X108.784 Y115.116 E2.18183
G1 X108.594 Y114.795 E2.18707
G1 X108.594 Y114.795 F7800
G1 X108.725 Y115.316
G1 F2400
G1 X108.725 Y116.275 E2.20055
G1 X109.691 Y116.275 E2.21412
G1 X109.27 Y115.94 E2.22168
G1 X108.782 Y115.381 E2.23211
G1 X108.782 Y115.381 F7800
G1 X109.025 Y116.005
;WIDTH:0.388578
G1 F2400
G1 X108.954 Y115.986 E2.23414
G1 X108.973 Y116.058 E2.23619
G1 X109.014 Y116.046 E2.23737
G1 X109.014 Y116.046 F7800
G1 X108.441 Y114.307
;TYPE:Gap fill
;WIDTH:0.307298
G1 F1800
G1 X108.378 Y113.946 E2.24509
;WIDTH:0.21108
G1 X108.324 Y113.587 E2.24993
;WIDTH:0.121114
G1 X108.303 Y113.414 E2.25099
G1 X108.303 Y113.414 F7800
G1 X108.303 Y111.586
;WIDTH:0.162715
G1 F1800
G1 X108.346 Y111.235 E2.25433
;WIDTH:0.259321
G1 X108.394 Y110.958 E2.25917
;WIDTH:0.309688
G1 X108.42 Y110.814 E2.26228
G1 X108.605 Y110.719 E2.2667
G1 E.2667 F2400
G92 E0
G1 X108.605 Y110.719 Z.81 F7800
G1 X108.462 Y108.375
G1 Z.41
G1 E2 F2400
;TYPE:Solid infill
;WIDTH:0.219999
G1 X110.464 Y108.375 E2.02813
G1 X110.508 Y108.619 E2.03161
G1 X110.086 Y108.857 E2.03842
G1 X109.39 Y109.43 E2.05109
G1 X108.78 Y110.213 E2.06504
G1 X108.698 Y110.355 E2.06734
G1 X108.59 Y110.322 E2.06893
G1 X108.375 Y110.409 E2.07219
G1 X108.375 Y108.375 E2.10077
G1 X108.375 Y108.375 F7800
G1 X110.198 Y108.593
G1 F2400
G1 X109.976 Y108.722 E2.10438
G1 X109.254 Y109.32 E2.11755
G1 X108.628 Y110.126 E2.13189
G1 X108.55 Y110.156 E2.13306
G1 X108.55 Y108.55 E2.15563
G1 X110.274 Y108.55 E2.17985
G1 X110.274 Y108.55 F7800
G1 X109.696 Y108.725
G1 F2400
G1 X108.725 Y108.725 E2.19349
G1 X108.725 Y109.699 E2.20718
G1 X109.117 Y109.21 E2.21599
G1 X109.629 Y108.781 E2.22538
G1 X109.629 Y108.781 F7800
G1 X109.022 Y108.97
;WIDTH:0.38268
G1 F2400
G1 X108.951 Y108.951 E2.22737
G1 X108.97 Y109.022 E2.22936
G1 X109.011 Y109.011 E2.23051
G1 X109.011 Y109.011 F7800
G1 X110.694 Y108.442
;TYPE:Gap fill
;WIDTH:0.308328
G1 F1800
G1 X110.862 Y108.412 E2.23412
;WIDTH:0.219077
G1 X111.196 Y108.352 E2.23886
;WIDTH:0.126735
G1 X111.582 Y108.303 E2.24141
G1 X113.411 Y108.303 F7800
;WIDTH:0.151818
G1 F1800
G1 X113.728 Y108.341 E2.24415
;WIDTH:0.227999
G1 X113.951 Y108.379 E2.24747
;WIDTH:0.306309
G1 X114.179 Y108.418 E2.25232
G1 X114.272 Y108.601 E2.25663
G1 X114.272 Y108.601 F7800
G1 X114.67 Y108.375
;TYPE:Solid infill
;WIDTH:0.219999
G1 F2400
G1 X116.625 Y108.375 E2.2841
G1 X116.625 Y110.457 E2.31335
G1 X116.38 Y110.502 E2.31685
G1 X116.126 Y110.06 E2.32401
G1 X115.543 Y109.363 E2.33678
G1 X114.85 Y108.816 E2.34919
G1 X114.619 Y108.685 E2.35292
G1 X114.668 Y108.588 E2.35445
G1 X114.582 Y108.375 E2.35768
G1 X114.834 Y108.55 E2.36199
G1 X114.862 Y108.62 E2.36305
G1 X115.652 Y109.226 E2.37704
G1 X116.261 Y109.949 E2.39032
G1 X116.45 Y110.272 E2.39558
G1 X116.45 Y108.55 E2.41978
G1 X114.922 Y108.55 E2.44125
G1 X114.922 Y108.55 F7800
G1 X115.299 Y108.725
G1 F2400
G1 X115.76 Y109.089 E2.4495
G1 X116.275 Y109.693 E2.46065
G1 X116.275 Y108.725 E2.47425
G1 X115.387 Y108.725 E2.48673
G1 X115.387 Y108.725 F7800
G1 X116.059 Y108.971
;WIDTH:0.384608
G1 F2400
G1 X115.988 Y108.952 E2.48873
G1 X116.007 Y109.023 E2.49073
G1 X116.048 Y109.012 E2.49189
G1 X116.048 Y109.012 F7800
G1 X116.556 Y110.689
;TYPE:Gap fill
;WIDTH:0.269069
G1 F1800
G1 X116.613 Y111.002 E2.49761
;WIDTH:0.183804
G1 X116.661 Y111.303 E2.50101
;WIDTH:0.115312
G1 X116.697 Y111.577 E2.50257
G1 X116.697 Y111.577 F7800
G1 X116.697 Y113.424
;WIDTH:0.150531
G1 F1800
G1 X116.66 Y113.721 E2.50511
;WIDTH:0.243432
G1 X116.613 Y113.998 E2.50959
;WIDTH:0.308452
G1 X116.553 Y114.309 E2.51629
G1 X116.553 Y114.309 F7800
G1 X116.467 Y114.51
;TYPE:Solid infill
;WIDTH:0.219999
G1 F2400
G1 X116.625 Y114.545 E2.51856
G1 X116.625 Y116.625 E2.54779
G1 X114.582 Y116.625 E2.5765
G1 X114.66 Y116.447 E2.57923
G1 X114.62 Y116.334 E2.58091
G1 X114.97 Y116.106 E2.58678
G1 X115.578 Y115.602 E2.59788
G1 X116.135 Y114.927 E2.61018
G1 X116.382 Y114.492 E2.61721
G1 X116.45 Y114.726 E2.62063
G1 X116.261 Y115.051 E2.62591
G1 X115.713 Y115.713 E2.63799
G1 X115.081 Y116.24 E2.64955
G1 X114.842 Y116.409 E2.65366
G1 X114.834 Y116.45 E2.65425
G1 X116.45 Y116.45 E2.67696
G1 X116.45 Y114.813 E2.69996
G1 X116.45 Y114.813 F7800
G1 X116.275 Y115.308
G1 F2400
G1 X115.848 Y115.825 E2.70938
G1 X115.314 Y116.275 E2.71919
G1 X116.275 Y116.275 E2.73269
G1 X116.275 Y115.395 E2.74506
G1 X116.275 Y115.395 F7800
G1 X116.06 Y116.008
;WIDTH:0.383446
G1 F2400
G1 X115.989 Y115.989 E2.74706
G1 X116.008 Y116.06 E2.74906
G1 X116.049 Y116.049 E2.75021
;LAYER_CHANGE
;Z:0.62
;HEIGHT:0.21
G1 Z.62 F7800
G1 E.75021 F2400
G92 E0
G1 X116.049 Y116.049 Z1.02 F7800
G1 X108.568 Y112.182
G1 Z.62
G1 E2 F2400
G92 E0
;TYPE:Perimeter
;WIDTH:0.3
G1 F1200
G1 X108.569 Y112.158 E.00049
G1 X108.628 Y111.739 E.00915
G1 X108.813 Y111.094 E.02289
G1 X108.98 Y110.717 E.03133
G1 X109.184 Y110.362 E.03971
G1 X109.424 Y110.028 E.04813
G1 X109.706 Y109.713 E.05679
G1 X110.219 Y109.28 E.07054
G1 X110.567 Y109.06 E.07897
G1 X110.935 Y108.878 E.08738
G1 X111.32 Y108.735 E.09579
G1 X111.729 Y108.63 E.10444
G1 X112.396 Y108.555 E.11818
G1 X112.808 Y108.566 E.12662
G1 X113.215 Y108.62 E.13503
G1 X113.615 Y108.715 E.14345
G1 X114.013 Y108.855 E.15209
G1 X114.609 Y109.165 E.16585
G1 X114.945 Y109.403 E.17428
G1 X115.254 Y109.674 E.1827
G1 X115.532 Y109.975 E.19109
G1 X115.778 Y110.304 E.1995
G1 X115.989 Y110.657 E.20792
G1 X116.166 Y111.04 E.21656
G1 X116.359 Y111.673 E.23011
G1 X116.424 Y112.09 E.23875
G1 X116.446 Y112.511 E.24738
G1 X116.389 Y113.17 E.26092
G1 X116.295 Y113.582 E.26957
G1 X116.162 Y113.97 E.27797
G1 X115.989 Y114.343 E.28639
G1 X115.773 Y114.706 E.29504
G1 X115.358 Y115.221 E.30858
G1 X115.051 Y115.51 E.31721
G1 X114.724 Y115.759 E.32563
G1 X114.373 Y115.973 E.33405
G1 X113.992 Y116.154 E.34269
G1 X113.361 Y116.351 E.35623
G1 X112.944 Y116.421 E.36489
G1 X112.534 Y116.446 E.3733
G1 X112.124 Y116.428 E.3817
G1 X111.706 Y116.366 E.39035
G1 X111.072 Y116.179 E.40389
G1 X110.687 Y116.005 E.41254
G1 X110.322 Y115.791 E.4212
G1 X109.796 Y115.374 E.43495
G1 X109.512 Y115.077 E.44336
G1 X109.26 Y114.752 E.45178
G1 X109.044 Y114.403 E.46018
G1 X108.864 Y114.034 E.46859
G1 X108.725 Y113.647 E.47701
G1 X108.623 Y113.238 E.48564
G1 X108.554 Y112.58 E.49919
G1 X108.566 Y112.242 E.50612
G1 X108.566 Y112.242 F7800
G1 X108.823 Y112.192
G1 F1200
G1 X108.823 Y112.18 E.50637
G1 X108.878 Y111.792 E.51439
G1 X109.053 Y111.181 E.5274
G1 X109.208 Y110.833 E.5352
G1 X109.399 Y110.5 E.54306
G1 X109.623 Y110.188 E.55092
G1 X109.884 Y109.896 E.55894
G1 X110.37 Y109.486 E.57196
G1 X110.692 Y109.283 E.57975
G1 X111.036 Y109.112 E.58762
G1 X111.396 Y108.978 E.59549
G1 X111.775 Y108.881 E.6035
G1 X112.407 Y108.81 E.61652
G1 X112.788 Y108.821 E.62433
G1 X113.169 Y108.871 E.6322
G1 X113.543 Y108.96 E.64007
G1 X113.912 Y109.09 E.64808
G1 X114.476 Y109.383 E.66109
G1 X114.787 Y109.603 E.66889
G1 X115.075 Y109.857 E.67675
G1 X115.336 Y110.139 E.68462
G1 X115.566 Y110.446 E.69248
G1 X115.763 Y110.776 E.70035
G1 X115.928 Y111.131 E.70837
G1 X116.11 Y111.73 E.72119
G1 X116.17 Y112.116 E.72919
G1 X116.191 Y112.507 E.73721
G1 X116.137 Y113.13 E.75002
G1 X116.049 Y113.512 E.75805
G1 X115.925 Y113.875 E.7659
G1 X115.763 Y114.224 E.77378
G1 X115.563 Y114.56 E.78179
G1 X115.171 Y115.048 E.79461
G1 X114.886 Y115.316 E.80262
G1 X114.58 Y115.548 E.81048
G1 X114.252 Y115.748 E.81835
G1 X113.899 Y115.916 E.82636
G1 X113.301 Y116.103 E.83919
G1 X112.915 Y116.167 E.8472
G1 X112.532 Y116.19 E.85506
G1 X112.148 Y116.174 E.86293
G1 X111.761 Y116.116 E.87094
G1 X111.161 Y115.939 E.88375
G1 X110.805 Y115.778 E.89175
G1 X110.467 Y115.58 E.89977
G1 X109.968 Y115.185 E.9128
G1 X109.705 Y114.91 E.92059
G1 X109.47 Y114.607 E.92844
G1 X109.267 Y114.28 E.93632
G1 X109.1 Y113.934 E.94419
G1 X108.969 Y113.573 E.95205
G1 X108.875 Y113.193 E.96007
G1 X108.81 Y112.571 E.97288
G1 X108.821 Y112.252 E.97942
G1 X108.821 Y112.252 F7800
G1 X109.083 Y112.168
;TYPE:External perimeter
G1 F1200
G1 X109.128 Y111.845 E.9861
G1 X109.293 Y111.269 E.99837
G1 X109.435 Y110.948 E1.00556
G1 X109.613 Y110.638 E1.01288
G1 X109.822 Y110.348 E1.0202
G1 X110.062 Y110.079 E1.02758
G1 X110.521 Y109.692 E1.03987
G1 X110.817 Y109.505 E1.04704
G1 X111.137 Y109.347 E1.05435
G1 X111.473 Y109.222 E1.06169
G1 X111.822 Y109.132 E1.06907
G1 X112.418 Y109.066 E1.08135
G1 X112.768 Y109.075 E1.08852
G1 X113.123 Y109.122 E1.09585
G1 X113.47 Y109.205 E1.10316
G1 X113.81 Y109.324 E1.11054
G1 X114.343 Y109.601 E1.12284
G1 X114.629 Y109.804 E1.13002
G1 X114.897 Y110.04 E1.13733
G1 X115.14 Y110.302 E1.14465
G1 X115.354 Y110.588 E1.15196
G1 X115.537 Y110.895 E1.15928
G1 X115.689 Y111.222 E1.16666
G1 X115.861 Y111.787 E1.17875
G1 X115.917 Y112.143 E1.18613
G1 X115.935 Y112.503 E1.19351
G1 X115.884 Y113.091 E1.2056
G1 X115.804 Y113.442 E1.21297
G1 X115.688 Y113.78 E1.22029
G1 X115.537 Y114.105 E1.22763
G1 X115.353 Y114.414 E1.23499
G1 X114.983 Y114.874 E1.24708
G1 X114.721 Y115.121 E1.25445
G1 X114.436 Y115.338 E1.26179
G1 X114.131 Y115.523 E1.26909
G1 X113.805 Y115.678 E1.27648
G1 X113.242 Y115.854 E1.28856
G1 X112.887 Y115.913 E1.29593
G1 X112.53 Y115.935 E1.30325
G1 X112.173 Y115.92 E1.31057
G1 X111.816 Y115.867 E1.31796
G1 X111.25 Y115.7 E1.33004
G1 X110.922 Y115.551 E1.33742
G1 X110.611 Y115.369 E1.3448
G1 X110.14 Y114.997 E1.35709
G1 X109.898 Y114.743 E1.36427
G1 X109.679 Y114.461 E1.37158
G1 X109.491 Y114.157 E1.3789
G1 X109.335 Y113.835 E1.38623
G1 X109.213 Y113.499 E1.39355
G1 X109.127 Y113.149 E1.40093
G1 X109.065 Y112.562 E1.41302
G1 X109.077 Y112.227 E1.41988
G1 X109.139 Y111.832 F7800
G1 E-.58012 F2400
G92 E0
G1 Z1.02 F7800
G1 X116.84 Y116.84
G1 Z.62
G1 E2 F2400
;TYPE:Perimeter
G1 F1200
G1 X108.16 Y116.84 E2.17774
G1 X108.16 Y108.16 E2.35548
G1 X116.84 Y108.16 E2.53322
G1 X116.84 Y116.78 E2.70973
G1 X116.84 Y116.78 F7800
G1 X117.095 Y117.095
G1 F1200
G1 X107.905 Y117.095 E2.89791
G1 X107.905 Y107.905 E3.08609
G1 X117.095 Y107.905 E3.27427
G1 X117.095 Y117.035 E3.46123
G1 X117.35 Y117.35 F7800
;TYPE:External perimeter
G1 F1200
G1 X107.65 Y117.35 E3.65986
G1 X107.65 Y107.65 E3.85849
G1 X117.35 Y107.65 E4.05712
G1 X117.35 Y117.29 E4.25452
G1 X116.954 Y117.349 F7800
G1 E2.25452 F2400
G92 E0
G1 Z1.02 F7800
G1 X113.958 Y116.382
G1 Z.62
G1 E2 F2400
;TYPE:Solid infill
;WIDTH:0.219999
G1 X113.996 Y116.625 E2.00346
G1 X116.625 Y116.625 E2.0404
G1 X116.625 Y114.022 E2.07698
G1 X116.422 Y114.139 E2.08027
G1 X116.34 Y114.101 E2.08154
G1 X115.955 Y114.819 E2.09299
G1 X115.52 Y115.363 E2.10278
G1 X115.183 Y115.68 E2.10928
G1 X114.483 Y116.157 E2.12118
G1 X114.039 Y116.347 E2.12797
G1 X114.245 Y116.45 E2.13121
G1 X116.45 Y116.45 E2.16219
G1 X116.45 Y114.307 E2.1923
G1 X116.109 Y114.901 E2.20192
G1 X115.657 Y115.472 E2.21215
G1 X115.281 Y115.824 E2.21939
G1 X114.582 Y116.302 E2.23129
G1 X114.325 Y116.415 E2.23523
G1 X114.931 Y116.275 F7800
G1 F2400
G1 X116.275 Y116.275 E2.25411
G1 X116.275 Y114.962 E2.27256
G1 X115.793 Y115.582 E2.28359
G1 X115.38 Y115.969 E2.29154
G1 X115.003 Y116.226 E2.29795
G1 X115.003 Y116.226 F7800
G1 X115.607 Y116.059
;WIDTH:0.302104
G1 F2400
G1 X116.059 Y116.059 E2.30728
G1 X116.059 Y115.595 E2.31686
G1 X115.668 Y115.997 E2.32844
G1 X115.668 Y115.997 F7800
G1 X113.765 Y116.54
;TYPE:Gap fill
;WIDTH:0.345752
G1 F1800
G1 X113.427 Y116.591 E2.3367
;WIDTH:0.287628
G1 X112.972 Y116.63 E2.3456
;WIDTH:0.21136
G1 X112.532 Y116.643 E2.35148
G1 X111.881 Y116.617 E2.36018
;WIDTH:0.268449
G1 X111.434 Y116.569 E2.36825
;WIDTH:0.351075
G1 X111.221 Y116.538 E2.37354
G1 E.37354 F2400
G92 E0
G1 X111.221 Y116.538 Z1.02 F7800
G1 X108.375 Y116.538
G1 Z.62
G1 E2 F2400
;TYPE:Solid infill
;WIDTH:0.219999
G1 X108.375 Y114.002 E2.03563
G1 X108.619 Y113.972 E2.03908
G1 X108.86 Y114.515 E2.04743
G1 X109.343 Y115.21 E2.05932
G1 X109.656 Y115.537 E2.06568
G1 X110.21 Y115.974 E2.07559
G1 X111.025 Y116.389 E2.08844
G1 X110.991 Y116.625 E2.09179
G1 X108.375 Y116.625 E2.12855
G1 X108.375 Y116.625 F7800
G1 X108.766 Y114.686
G1 F2400
G1 X109.2 Y115.31 E2.13923
G1 X109.547 Y115.674 E2.1463
G1 X110.13 Y116.13 E2.1567
G1 X110.749 Y116.45 E2.16649
G1 X108.55 Y116.45 E2.19739
G1 X108.55 Y114.249 E2.22832
G1 X108.716 Y114.615 E2.23397
G1 X108.725 Y116.275 E2.2573
G1 X110.034 Y116.275 E2.27569
G1 X109.439 Y115.812 E2.28628
G1 X109.056 Y115.41 E2.29408
G1 X108.775 Y115.005 E2.30101
G1 X108.775 Y115.005 F7800
G1 X108.942 Y115.612
;WIDTH:0.302439
G1 F2400
G1 X108.941 Y116.059 E2.31025
G1 X109.403 Y116.059 E2.3198
G1 X109.005 Y115.673 E2.33126
G1 X109.005 Y115.673 F7800
G1 X108.454 Y113.776
;TYPE:Gap fill
;WIDTH:0.341912
G1 F1800
G1 X108.424 Y113.531 E2.33715
;WIDTH:0.255618
G1 X108.375 Y112.931 E2.34733
;WIDTH:0.200405
G1 X108.357 Y112.582 E2.35169
G1 X108.365 Y112.136 E2.35726
;WIDTH:0.264598
G1 X108.397 Y111.682 E2.36529
;WIDTH:0.353224
G1 X108.463 Y111.215 E2.37696
G1 E.37696 F2400
G92 E0
G1 X108.463 Y111.215 Z1.02 F7800
G1 X108.375 Y108.375
G1 Z.62
G1 E2 F2400
;TYPE:Solid infill
;WIDTH:0.219999
G1 X108.375 Y110.985 E2.03667
G1 X108.615 Y111.011 E2.04006
G1 X108.999 Y110.253 E2.052
G1 X109.549 Y109.567 E2.06435
G1 X110.087 Y109.11 E2.07427
G1 X110.469 Y108.869 E2.08062
G1 X111.029 Y108.618 E2.08924
G1 X110.998 Y108.375 E2.09268
G1 X108.462 Y108.375 E2.12831
G1 E.12831
G92 E0
G1 X108.462 Y108.375 Z1.02 F7800
G1 X108.55 Y110.665
G1 Z.62
G1 E2 F2400
G1 X108.55 Y108.55 E2.02972
G1 X110.754 Y108.55 E2.06069
G1 X110.397 Y108.709 E2.06618
G1 X109.974 Y108.976 E2.07321
G1 X109.412 Y109.457 E2.0836
G1 X108.843 Y110.174 E2.09646
G1 X108.55 Y110.752 E2.10557
G1 X108.55 Y110.752 F7800
G1 X108.725 Y110.036
G1 F2400
G1 X109.276 Y109.347 E2.11797
G1 X109.861 Y108.843 E2.12882
G1 X110.04 Y108.725 E2.13183
G1 X108.725 Y108.725 E2.15031
G1 X108.725 Y109.948 E2.16749
G1 X108.725 Y109.948 F7800
G1 X108.94 Y109.422
;WIDTH:0.300422
G1 F2400
G1 X109.196 Y109.123 E2.17556
G1 X109.413 Y108.94 E2.18138
G1 X108.94 Y108.94 E2.19108
G1 X108.94 Y109.334 E2.19916
G1 E.19916
G92 E0
G1 X108.94 Y109.334 Z1.02 F7800
G1 X111.225 Y108.455
G1 Z.62
G1 E2 F2400
;TYPE:Gap fill
;WIDTH:0.342628
G1 F1800
G1 X111.452 Y108.426 E2.00547
;WIDTH:0.262288
G1 X112.039 Y108.377 E2.01575
;WIDTH:0.197445
G1 X112.393 Y108.357 E2.02009
G1 X112.828 Y108.364 E2.02541
;WIDTH:0.254644
G1 X113.263 Y108.392 E2.03275
;WIDTH:0.341098
G1 X113.777 Y108.453 E2.04506
G1 X113.777 Y108.453 F7800
G1 X113.985 Y108.527
;TYPE:Solid infill
;WIDTH:0.219999
G1 F2400
G1 X114.003 Y108.375 E2.04721
G1 X116.625 Y108.375 E2.08405
G1 X116.625 Y110.998 E2.12091
G1 X116.381 Y111.035 E2.12438
G1 X116.174 Y110.549 E2.1318
G1 X115.692 Y109.831 E2.14395
G1 X115.085 Y109.24 E2.15585
G1 X114.716 Y108.978 E2.16221
G1 X113.974 Y108.614 E2.17382
G1 X114.271 Y108.55 E2.17809
G1 X114.797 Y108.823 E2.18642
G1 X115.207 Y109.115 E2.19349
G1 X115.814 Y109.706 E2.20539
G1 X116.32 Y110.451 E2.21804
G1 X116.45 Y110.748 E2.2226
G1 X116.45 Y108.55 E2.25348
G1 X114.358 Y108.55 E2.28288
G1 X114.358 Y108.55 F7800
G1 X114.965 Y108.725
G1 F2400
G1 X115.329 Y108.99 E2.28921
G1 X115.936 Y109.58 E2.3011
G1 X116.275 Y110.071 E2.30948
G1 X116.275 Y108.725 E2.32839
G1 X115.052 Y108.725 E2.34557
G1 X115.052 Y108.725 F7800
G1 X115.488 Y108.9
G1 F2400
G1 X116.1 Y109.506 E2.35767
G1 X116.1 Y108.9 E2.36619
G1 X115.575 Y108.9 E2.37357
G1 X115.575 Y108.9 F7800
G1 X115.917 Y109.055
;WIDTH:0.224488
G1 F2400
G1 X115.907 Y109.093 E2.37414
G1 X115.945 Y109.083 E2.37471
G1 X115.939 Y109.061 E2.37504
G1 E.37504
G92 E0
G1 Z1.02 F7800
G1 X116.539 Y111.228
G1 Z.62
G1 E2 F2400
;TYPE:Gap fill
;WIDTH:0.348404
G1 F1800
G1 X116.595 Y111.61 E2.00941
;WIDTH:0.279572
G1 X116.632 Y112.064 E2.01799
;WIDTH:0.207396
G1 X116.643 Y112.52 E2.02394
G1 X116.613 Y113.212 E2.03297
;WIDTH:0.2926
G1 X116.565 Y113.633 E2.04139
G1 X116.379 Y113.751 E2.04577
M106 S86.7
;LAYER_CHANGE
;Z:0.83
;HEIGHT:0.21
G1 Z.83 F7800
G1 E.04577 F2400
G92 E0
G1 X116.379 Y113.751 Z1.23 F7800
G1 X108.777 Y112.201
G1 Z.83
G1 E2 F2400
G92 E0
;TYPE:Perimeter
;WIDTH:0.3
G1 F1200
G1 X108.778 Y112.176 E.00051
G1 X108.832 Y111.791 E.00847
G1 X108.926 Y111.414 E.01643
G1 X109.062 Y111.037 E.02464
G1 X109.354 Y110.485 E.03743
G1 X109.588 Y110.16 E.04563
G1 X109.855 Y109.861 E.05384
G1 X110.331 Y109.457 E.06662
G1 X110.67 Y109.243 E.07483
G1 X111.018 Y109.071 E.08278
G1 X111.383 Y108.935 E.09076
G1 X111.759 Y108.838 E.09871
G1 X112.141 Y108.782 E.10662
G1 X112.448 Y108.765 E.11292
G1 X112.793 Y108.776 E.11999
G1 X113.177 Y108.826 E.12792
G1 X113.555 Y108.916 E.13588
G1 X113.922 Y109.046 E.14385
G1 X114.271 Y109.211 E.15175
G1 X114.535 Y109.368 E.15804
G1 X114.816 Y109.569 E.16511
G1 X115.107 Y109.824 E.17303
G1 X115.371 Y110.11 E.181
G1 X115.604 Y110.421 E.18896
G1 X115.803 Y110.755 E.19692
G1 X115.967 Y111.108 E.20489
G1 X116.093 Y111.476 E.21286
G1 X116.182 Y111.866 E.22105
G1 X116.236 Y112.489 E.23386
G1 X116.216 Y112.888 E.24204
G1 X116.155 Y113.272 E.25
G1 X116.055 Y113.648 E.25797
G1 X115.916 Y114.012 E.26595
G1 X115.741 Y114.359 E.27391
G1 X115.524 Y114.695 E.2821
G1 X115.116 Y115.168 E.29489
G1 X114.815 Y115.432 E.30309
G1 X114.488 Y115.664 E.3113
G1 X113.933 Y115.951 E.32409
G1 X113.557 Y116.083 E.33225
G1 X113.222 Y116.165 E.33931
G1 X112.917 Y116.212 E.34563
G1 X112.532 Y116.236 E.35353
G1 X112.147 Y116.219 E.36142
G1 X111.842 Y116.177 E.36772
G1 X111.506 Y116.101 E.37477
G1 X111.138 Y115.979 E.38271
G1 X110.784 Y115.818 E.39067
G1 X110.448 Y115.622 E.39864
G1 X110.135 Y115.392 E.40659
G1 X109.847 Y115.13 E.41456
G1 X109.588 Y114.84 E.42252
G1 X109.354 Y114.515 E.43072
G1 X109.062 Y113.963 E.44351
G1 X108.926 Y113.586 E.45172
G1 X108.829 Y113.198 E.45991
G1 X108.764 Y112.576 E.47272
G1 X108.775 Y112.261 E.47917
G1 X108.775 Y112.261 F7800
G1 X109.032 Y112.211
G1 F1200
G1 X109.033 Y112.198 E.47944
G1 X109.083 Y111.84 E.48684
G1 X109.17 Y111.488 E.49426
G1 X109.296 Y111.141 E.50182
G1 X109.571 Y110.619 E.5139
G1 X109.787 Y110.32 E.52145
G1 X110.033 Y110.044 E.52902
G1 X110.483 Y109.663 E.54109
G1 X110.795 Y109.466 E.54865
G1 X111.119 Y109.305 E.55606
G1 X111.459 Y109.179 E.56348
G1 X111.81 Y109.089 E.5709
G1 X112.166 Y109.036 E.57827
G1 X112.451 Y109.02 E.58412
G1 X112.772 Y109.03 E.5907
G1 X113.131 Y109.077 E.59811
G1 X113.483 Y109.161 E.60552
G1 X113.825 Y109.282 E.61295
G1 X114.151 Y109.436 E.62033
G1 X114.396 Y109.582 E.62617
G1 X114.657 Y109.769 E.63274
G1 X114.929 Y110.007 E.64014
G1 X115.175 Y110.273 E.64756
G1 X115.392 Y110.563 E.65498
G1 X115.577 Y110.874 E.66239
G1 X115.73 Y111.203 E.66982
G1 X115.847 Y111.546 E.67724
G1 X115.93 Y111.906 E.68481
G1 X115.981 Y112.493 E.69688
G1 X115.962 Y112.862 E.70445
G1 X115.905 Y113.22 E.71187
G1 X115.812 Y113.57 E.71929
G1 X115.683 Y113.908 E.7267
G1 X115.519 Y114.232 E.73414
G1 X115.319 Y114.542 E.74169
G1 X114.934 Y114.988 E.75375
G1 X114.657 Y115.232 E.76131
G1 X114.355 Y115.445 E.76888
G1 X113.832 Y115.716 E.78094
G1 X113.484 Y115.838 E.78849
G1 X113.172 Y115.914 E.79507
G1 X112.89 Y115.958 E.80091
G1 X112.53 Y115.98 E.8083
G1 X112.17 Y115.965 E.81568
G1 X111.887 Y115.926 E.82153
G1 X111.574 Y115.855 E.8281
G1 X111.231 Y115.741 E.8355
G1 X110.901 Y115.591 E.84292
G1 X110.588 Y115.409 E.85033
G1 X110.296 Y115.194 E.85776
G1 X110.028 Y114.95 E.86518
G1 X109.787 Y114.68 E.87259
G1 X109.571 Y114.381 E.88014
G1 X109.296 Y113.859 E.89222
G1 X109.17 Y113.512 E.89978
G1 X109.081 Y113.154 E.90733
G1 X109.02 Y112.567 E.91941
G1 X109.03 Y112.271 E.92547
G1 X109.03 Y112.271 F7800
G1 X109.29 Y112.196
;TYPE:External perimeter
G1 F1200
G1 X109.333 Y111.888 E.93184
G1 X109.414 Y111.562 E.93872
G1 X109.529 Y111.244 E.94564
G1 X109.788 Y110.754 E.95699
G1 X109.986 Y110.48 E.96391
G1 X110.211 Y110.227 E.97084
G1 X110.634 Y109.869 E.98219
G1 X110.92 Y109.688 E.98912
G1 X111.221 Y109.539 E.996
G1 X111.535 Y109.422 E1.00286
G1 X111.86 Y109.339 E1.00973
G1 X112.192 Y109.29 E1.0166
G1 X112.752 Y109.285 E1.02807
G1 X113.085 Y109.328 E1.03495
G1 X113.411 Y109.406 E1.04181
G1 X113.728 Y109.518 E1.04869
G1 X114.03 Y109.661 E1.05553
G1 X114.499 Y109.969 E1.06702
G1 X114.751 Y110.19 E1.07388
G1 X114.979 Y110.436 E1.08075
G1 X115.18 Y110.705 E1.08763
G1 X115.352 Y110.994 E1.09452
G1 X115.493 Y111.298 E1.10138
G1 X115.602 Y111.616 E1.10826
G1 X115.677 Y111.946 E1.11519
G1 X115.725 Y112.497 E1.12652
G1 X115.708 Y112.835 E1.13345
G1 X115.655 Y113.167 E1.14033
G1 X115.569 Y113.491 E1.14719
G1 X115.449 Y113.805 E1.15407
G1 X115.298 Y114.105 E1.16095
G1 X115.114 Y114.389 E1.16788
G1 X114.753 Y114.808 E1.17921
G1 X114.498 Y115.032 E1.18616
G1 X114.222 Y115.227 E1.19308
G1 X113.73 Y115.482 E1.20443
G1 X113.411 Y115.594 E1.21135
G1 X112.862 Y115.705 E1.22282
G1 X112.528 Y115.725 E1.22967
G1 X112.193 Y115.711 E1.23654
G1 X111.642 Y115.609 E1.24801
G1 X111.324 Y115.503 E1.25487
G1 X111.018 Y115.365 E1.26174
G1 X110.729 Y115.195 E1.26861
G1 X110.458 Y114.996 E1.27549
G1 X110.21 Y114.771 E1.28235
G1 X109.986 Y114.52 E1.28924
G1 X109.788 Y114.246 E1.29616
G1 X109.529 Y113.756 E1.30751
G1 X109.414 Y113.438 E1.31443
G1 X109.333 Y113.11 E1.32135
G1 X109.275 Y112.559 E1.3327
G1 X109.286 Y112.256 E1.33891
G1 X109.346 Y111.86 F7800
G1 E-.66109 F2400
G92 E0
G1 Z1.23 F7800
G1 X116.84 Y116.84
G1 Z.83
G1 E2 F2400
;TYPE:Perimeter
G1 F1200
G1 X108.16 Y116.84 E2.17774
G1 X108.16 Y108.16 E2.35548
G1 X116.84 Y108.16 E2.53322
G1 X116.84 Y116.78 E2.70973
G1 X116.84 Y116.78 F7800
G1 X117.095 Y117.095
G1 F1200
G1 X107.905 Y117.095 E2.89791
G1 X107.905 Y107.905 E3.08609
G1 X117.095 Y107.905 E3.27427
G1 X117.095 Y117.035 E3.46123
G1 X117.35 Y117.35 F7800
;TYPE:External perimeter
G1 F1200
G1 X107.65 Y117.35 E3.65986
G1 X107.65 Y107.65 E3.85849
G1 X117.35 Y107.65 E4.05712
G1 X117.35 Y117.29 E4.25452
G1 X116.954 Y117.349 F7800
G1 E2.25452 F2400
G92 E0
G1 Z1.23 F7800
G1 X112.963 Y116.525
G1 Z.83
G1 E2 F2400
;TYPE:Gap fill
;WIDTH:0.409186
G1 F1800
G1 X112.027 Y116.527 E2.02738
G1 E.02738 F2400
G92 E0
G1 X112.027 Y116.527 Z1.23 F7800
G1 X108.617 Y113.156
G1 Z.83
G1 E2 F2400
;TYPE:Solid infill
;WIDTH:0.219999
G1 X108.375 Y113.168 E2.0034
G1 X108.375 Y116.625 E2.05197
G1 X111.81 Y116.625 E2.10024
G1 X111.815 Y116.398 E2.10343
G1 X111.068 Y116.182 E2.11436
G1 X110.338 Y115.806 E2.1259
G1 X109.701 Y115.288 E2.13744
G1 X109.177 Y114.637 E2.14918
G1 X108.868 Y114.055 E2.15844
G1 X108.718 Y113.641 E2.16463
G1 X108.635 Y113.241 E2.17037
G1 X108.635 Y113.241 F7800
G1 X108.553 Y113.714
G1 F2400
G1 X108.55 Y116.45 E2.20881
G1 X111.377 Y116.45 E2.24853
G1 X110.971 Y116.331 E2.25447
G1 X110.258 Y115.962 E2.26575
G1 X109.59 Y115.423 E2.27781
G1 X109.041 Y114.747 E2.29005
G1 X108.713 Y114.137 E2.29978
G1 X108.584 Y113.796 E2.3049
G1 X108.584 Y113.796 F7800
G1 X108.725 Y114.534
G1 F2400
G1 X108.725 Y116.275 E2.32936
G1 X110.483 Y116.275 E2.35406
G1 X110.101 Y116.067 E2.36017
G1 X109.479 Y115.558 E2.37146
G1 X108.904 Y114.856 E2.38421
G1 X108.767 Y114.61 E2.38817
G1 X108.767 Y114.61 F7800
G1 X108.9 Y115.13
G1 F2400
G1 X108.9 Y116.1 E2.4018
G1 X109.866 Y116.1 E2.41537
G1 X109.369 Y115.694 E2.42439
G1 X108.956 Y115.198 E2.43346
G1 X108.956 Y115.198 F7800
G1 X109.195 Y115.834
;WIDTH:0.380686
G1 F2400
G1 X109.125 Y115.815 E2.43542
G1 X109.144 Y115.886 E2.4374
G1 X109.185 Y115.875 E2.43854
G1 E.43854
G92 E0
G1 X109.185 Y115.875 Z1.23 F7800
G1 X108.481 Y112.948
G1 Z.83
G1 E2 F2400
;TYPE:Gap fill
;WIDTH:0.406866
G1 F1800
G1 X108.462 Y112.575 E2.01085
G1 X108.471 Y112.039 E2.02643
G1 E.02643 F2400
G92 E0
G1 X108.471 Y112.039 Z1.23 F7800
G1 X111.229 Y108.768
G1 Z.83
G1 E2 F2400
;TYPE:Solid infill
;WIDTH:0.219999
G1 X110.572 Y109.052 E2.01006
G1 X110.199 Y109.288 E2.01626
G1 X109.697 Y109.715 E2.02552
G1 X109.168 Y110.376 E2.03742
G1 X108.861 Y110.96 E2.04669
G1 X108.61 Y111.826 E2.05936
G1 X108.375 Y111.822 E2.06266
G1 X108.375 Y108.375 E2.11109
G1 X111.826 Y108.375 E2.15958
G1 X111.833 Y108.616 E2.16297
G1 X111.31 Y108.733 E2.1705
G1 X111.31 Y108.733 F7800
G1 X110.52 Y108.55
G1 F2400
G1 X111.287 Y108.554 E2.18128
G1 X110.503 Y108.891 E2.19327
G1 X110.086 Y109.154 E2.2002
G1 X109.561 Y109.605 E2.20993
G1 X109.013 Y110.295 E2.22231
G1 X108.713 Y110.863 E2.23134
G1 X108.55 Y111.382 E2.23898
G1 X108.55 Y108.55 E2.27877
G1 X110.432 Y108.55 E2.30521
G1 X110.432 Y108.55 F7800
G1 X109.952 Y108.725
G1 F2400
G1 X110.432 Y108.728 E2.31195
G1 X109.973 Y109.021 E2.3196
G1 X109.425 Y109.496 E2.32979
G1 X108.904 Y110.143 E2.34146
G1 X108.725 Y110.466 E2.34665
G1 X108.725 Y108.725 E2.37111
G1 X109.864 Y108.725 E2.38711
G1 X109.845 Y108.9 E2.38958
G1 X108.9 Y108.9 E2.40286
G1 X108.9 Y109.87 E2.41649
G1 X109.288 Y109.386 E2.42521
G1 X109.78 Y108.957 E2.43438
G1 X109.78 Y108.957 F7800
G1 X109.195 Y109.144
;WIDTH:0.379912
G1 F2400
G1 X109.125 Y109.125 E2.43633
G1 X109.144 Y109.195 E2.43828
G1 X109.184 Y109.184 E2.4394
G1 E.4394
G92 E0
G1 Z1.23 F7800
G1 X112.044 Y108.473
G1 Z.83
G1 E2 F2400
;TYPE:Gap fill
;WIDTH:0.36503
G1 F1800
G1 X112.789 Y108.468 E2.01915
G1 X112.957 Y108.661 E2.02573
G1 X112.957 Y108.661 F7800
G1 X113.322 Y108.375
;TYPE:Solid infill
;WIDTH:0.219999
G1 F2400
G1 X116.625 Y108.375 E2.07214
G1 X116.625 Y111.792 E2.12015
G1 X116.384 Y111.802 E2.12354
G1 X116.162 Y111.02 E2.13496
G1 X115.777 Y110.294 E2.14651
G1 X115.251 Y109.664 E2.15804
G1 X114.646 Y109.184 E2.16889
G1 X113.995 Y108.844 E2.17921
G1 X113.34 Y108.652 E2.1888
G1 X113.363 Y108.548 E2.1903
G1 X113.235 Y108.375 E2.19332
G1 X113.235 Y108.375 F7800
G1 X114.009 Y108.67
G1 F2400
G1 X113.613 Y108.55 E2.19913
G1 X116.45 Y108.55 E2.23899
G1 X116.45 Y111.39 E2.2789
G1 X116.317 Y110.938 E2.28552
G1 X115.912 Y110.182 E2.29757
G1 X115.36 Y109.528 E2.3096
G1 X114.727 Y109.029 E2.32093
G1 X114.093 Y108.695 E2.331
G1 X114.093 Y108.695 F7800
G1 X114.524 Y108.725
G1 F2400
G1 X114.878 Y108.92 E2.33668
G1 X115.469 Y109.391 E2.3473
G1 X116.046 Y110.07 E2.35982
G1 X116.275 Y110.484 E2.36647
G1 X116.275 Y108.725 E2.39119
G1 X114.612 Y108.725 E2.41456
G1 X114.612 Y108.725 F7800
G1 X115.133 Y108.9
G1 F2400
G1 X115.578 Y109.254 E2.42255
G1 X116.1 Y109.862 E2.43381
G1 X116.1 Y108.9 E2.44733
G1 X115.221 Y108.9 E2.45968
G1 X115.221 Y108.9 F7800
G1 X115.885 Y109.145
;WIDTH:0.382002
G1 F2400
G1 X115.815 Y109.126 E2.46164
G1 X115.834 Y109.196 E2.4636
G1 X115.874 Y109.185 E2.46472
G1 E.46472
G92 E0
G1 X115.874 Y109.185 Z1.23 F7800
G1 X116.518 Y112.011
G1 Z.83
G1 E2 F2400
;TYPE:Gap fill
;WIDTH:0.408262
G1 F1800
G1 X116.538 Y112.471 E2.01343
G1 X116.526 Y112.954 E2.02752
G1 X116.526 Y112.954 F7800
G1 X116.494 Y113.188
;TYPE:Solid infill
;WIDTH:0.259854
G1 F2400
G1 X116.605 Y113.191 E2.02944
G1 X116.625 Y114.17 E2.04633
;WIDTH:0.219999
G1 X116.625 Y116.625 E2.08083
G1 X113.181 Y116.625 E2.12922
G1 X113.174 Y116.385 E2.13259
G1 X114.024 Y116.146 E2.145
G1 X114.609 Y115.841 E2.15427
G1 X115.271 Y115.317 E2.16613
G1 X115.702 Y114.815 E2.17543
G1 X116.116 Y114.09 E2.18716
;WIDTH:0.259854
G1 X116.406 Y113.185 E2.20356
G1 X116.406 Y113.185 F7800
G1 X116.45 Y113.625
;WIDTH:0.219999
G1 F2400
G1 X116.283 Y114.144 E2.21122
G1 X115.853 Y114.902 E2.22347
G1 X115.4 Y115.436 E2.23331
G1 X114.717 Y115.979 E2.24557
G1 X114.104 Y116.301 E2.2553
G1 X113.688 Y116.45 E2.26151
G1 X116.45 Y116.45 E2.30032
G1 X116.45 Y113.713 E2.33878
G1 X116.45 Y113.713 F7800
G1 X116.275 Y114.519
G1 F2400
G1 X116.005 Y114.989 E2.3464
G1 X115.528 Y115.554 E2.35679
G1 X114.825 Y116.116 E2.36944
G1 X114.535 Y116.275 E2.37409
G1 X116.275 Y116.275 E2.39854
G1 X116.275 Y114.607 E2.42198
G1 X116.275 Y114.607 F7800
G1 X116.1 Y115.156
G1 F2400
G1 X115.657 Y115.672 E2.43154
G1 X115.127 Y116.1 E2.44111
G1 X116.1 Y116.1 E2.45478
G1 X116.1 Y115.244 E2.46681
G1 X116.1 Y115.244 F7800
G1 X115.886 Y115.834
;WIDTH:0.380702
G1 F2400
G1 X115.815 Y115.815 E2.46879
G1 X115.834 Y115.886 E2.47077
G1 X115.875 Y115.875 E2.47191
;LAYER_CHANGE
;Z:1.04
;HEIGHT:0.21
G1 Z1.04 F7800
G1 E.47191 F2400
G92 E0
G1 X115.875 Y115.875 Z1.44 F7800
G1 X108.987 Y112.219
G1 Z1.04
G1 E2 F2400
G92 E0
;TYPE:Perimeter
;WIDTH:0.3
G1 F1200
G1 X108.988 Y112.195 E.00049
G1 X109.032 Y111.863 E.00735
G1 X109.117 Y111.509 E.0148
G1 X109.221 Y111.205 E.02138
G1 X109.358 Y110.901 E.02821
G1 X109.541 Y110.584 E.03571
G1 X109.756 Y110.287 E.04322
G1 X109.978 Y110.036 E.05008
G1 X110.246 Y109.789 E.05754
G1 X110.502 Y109.595 E.06412
G1 X110.785 Y109.42 E.07093
G1 X111.114 Y109.258 E.07844
G1 X111.458 Y109.132 E.08594
G1 X111.782 Y109.048 E.09279
G1 X112.143 Y108.993 E.10027
G1 X112.464 Y108.975 E.10685
G1 X112.796 Y108.987 E.11365
G1 X113.157 Y109.036 E.12111
G1 X113.483 Y109.114 E.12797
G1 X113.842 Y109.239 E.13575
G1 X114.394 Y109.525 E.14848
G1 X114.678 Y109.727 E.15562
G1 X114.954 Y109.968 E.16312
G1 X115.203 Y110.237 E.17063
G1 X115.404 Y110.502 E.17744
G1 X115.575 Y110.775 E.18404
G1 X115.736 Y111.101 E.19149
G1 X115.854 Y111.414 E.19834
G1 X115.949 Y111.769 E.20587
G1 X116.006 Y112.131 E.21337
G1 X116.025 Y112.465 E.22022
G1 X116.01 Y112.829 E.22768
G1 X115.965 Y113.148 E.23428
G1 X115.889 Y113.471 E.24107
G1 X115.77 Y113.818 E.24858
G1 X115.616 Y114.15 E.25607
G1 X115.438 Y114.45 E.26321
G1 X115.05 Y114.936 E.27594
G1 X114.773 Y115.195 E.28371
G1 X114.507 Y115.399 E.29057
G1 X114.197 Y115.59 E.29803
G1 X113.908 Y115.732 E.30462
G1 X113.597 Y115.851 E.31144
G1 X113.244 Y115.946 E.31893
G1 X112.882 Y116.005 E.32644
G1 X112.534 Y116.026 E.33358
G1 X111.916 Y115.978 E.34627
G1 X111.576 Y115.902 E.3534
G1 X111.228 Y115.788 E.3609
G1 X110.893 Y115.638 E.36842
G1 X110.605 Y115.473 E.37522
G1 X110.342 Y115.288 E.3818
G1 X110.065 Y115.05 E.38928
G1 X109.834 Y114.808 E.39613
G1 X109.609 Y114.518 E.40365
G1 X109.415 Y114.207 E.41116
G1 X109.268 Y113.909 E.41796
G1 X109.153 Y113.608 E.42456
G1 X109.057 Y113.257 E.43201
G1 X109 Y112.927 E.43887
G1 X108.975 Y112.561 E.44638
G1 X108.985 Y112.279 E.45216
G1 X108.985 Y112.279 F7800
G1 X109.241 Y112.229
G1 F1200
G1 X109.242 Y112.217 E.45241
G1 X109.283 Y111.91 E.45875
G1 X109.362 Y111.58 E.4657
G1 X109.458 Y111.299 E.47178
G1 X109.585 Y111.017 E.47811
G1 X109.755 Y110.722 E.48508
G1 X109.955 Y110.446 E.49206
G1 X110.16 Y110.215 E.49838
G1 X110.41 Y109.985 E.50534
G1 X110.647 Y109.806 E.51142
G1 X110.908 Y109.643 E.51772
G1 X111.214 Y109.493 E.5247
G1 X111.534 Y109.376 E.53168
G1 X111.834 Y109.298 E.53803
G1 X112.169 Y109.246 E.54497
G1 X112.466 Y109.23 E.55106
G1 X112.774 Y109.241 E.55737
G1 X113.11 Y109.287 E.56431
G1 X113.412 Y109.359 E.57067
G1 X113.741 Y109.474 E.57781
G1 X114.26 Y109.743 E.58978
G1 X114.519 Y109.928 E.5963
G1 X114.776 Y110.151 E.60327
G1 X115.008 Y110.401 E.61025
G1 X115.194 Y110.647 E.61657
G1 X115.352 Y110.899 E.62266
G1 X115.502 Y111.203 E.6296
G1 X115.611 Y111.493 E.63594
G1 X115.699 Y111.822 E.64291
G1 X115.753 Y112.158 E.64988
G1 X115.77 Y112.467 E.65622
G1 X115.756 Y112.806 E.66317
G1 X115.715 Y113.101 E.66927
G1 X115.644 Y113.4 E.67556
G1 X115.533 Y113.723 E.68255
G1 X115.39 Y114.031 E.6895
G1 X115.228 Y114.305 E.69602
G1 X114.862 Y114.762 E.70801
G1 X114.608 Y115.001 E.71515
G1 X114.362 Y115.189 E.72149
G1 X114.073 Y115.367 E.72844
G1 X113.806 Y115.498 E.73453
G1 X113.518 Y115.608 E.74084
G1 X113.19 Y115.697 E.7478
G1 X112.854 Y115.751 E.75477
G1 X112.536 Y115.771 E.76129
G1 X111.954 Y115.725 E.77324
G1 X111.643 Y115.656 E.77976
G1 X111.32 Y115.55 E.78672
G1 X111.009 Y115.411 E.7937
G1 X110.742 Y115.257 E.80001
G1 X110.498 Y115.086 E.80611
G1 X110.241 Y114.865 E.81305
G1 X110.028 Y114.641 E.81938
G1 X109.818 Y114.372 E.82637
G1 X109.638 Y114.083 E.83334
G1 X109.502 Y113.807 E.83964
G1 X109.396 Y113.529 E.84573
G1 X109.306 Y113.202 E.85267
G1 X109.254 Y112.897 E.85901
G1 X109.23 Y112.557 E.86599
G1 X109.239 Y112.289 E.87148
G1 X109.239 Y112.289 F7800
G1 X109.498 Y112.224
;TYPE:External perimeter
G1 F1200
G1 X109.534 Y111.956 E.87702
G1 X109.607 Y111.651 E.88344
G1 X109.696 Y111.392 E.88905
G1 X109.812 Y111.134 E.89484
G1 X109.969 Y110.861 E.90129
G1 X110.154 Y110.606 E.90774
G1 X110.343 Y110.394 E.91356
G1 X110.573 Y110.181 E.91998
G1 X110.791 Y110.016 E.92558
G1 X111.032 Y109.866 E.93139
G1 X111.315 Y109.728 E.93784
G1 X111.61 Y109.619 E.94428
G1 X111.885 Y109.548 E.9501
G1 X112.196 Y109.5 E.95654
G1 X112.468 Y109.485 E.96212
G1 X112.752 Y109.495 E.96794
G1 X113.063 Y109.538 E.97437
G1 X113.34 Y109.604 E.9802
G1 X113.64 Y109.708 E.9867
G1 X114.127 Y109.961 E.99794
G1 X114.361 Y110.128 E1.00383
G1 X114.598 Y110.335 E1.01027
G1 X114.813 Y110.565 E1.01672
G1 X114.984 Y110.791 E1.02252
G1 X115.129 Y111.023 E1.02812
G1 X115.268 Y111.305 E1.03456
G1 X115.368 Y111.571 E1.04038
G1 X115.45 Y111.874 E1.04681
G1 X115.499 Y112.185 E1.05326
G1 X115.515 Y112.469 E1.05908
G1 X115.502 Y112.783 E1.06552
G1 X115.464 Y113.053 E1.0711
G1 X115.399 Y113.33 E1.07693
G1 X115.297 Y113.627 E1.08336
G1 X115.164 Y113.912 E1.0898
G1 X115.018 Y114.159 E1.09568
G1 X114.675 Y114.589 E1.10694
G1 X114.443 Y114.806 E1.11344
G1 X114.217 Y114.978 E1.11926
G1 X113.95 Y115.144 E1.1257
G1 X113.705 Y115.264 E1.13129
G1 X113.439 Y115.365 E1.13712
G1 X113.136 Y115.447 E1.14355
G1 X112.825 Y115.498 E1.15
G1 X112.539 Y115.515 E1.15587
G1 X111.991 Y115.472 E1.16713
G1 X111.711 Y115.41 E1.173
G1 X111.412 Y115.312 E1.17944
G1 X111.125 Y115.183 E1.18588
G1 X110.879 Y115.042 E1.19169
G1 X110.655 Y114.885 E1.19729
G1 X110.417 Y114.68 E1.20372
G1 X110.221 Y114.474 E1.20954
G1 X110.028 Y114.226 E1.21597
G1 X109.861 Y113.959 E1.22242
G1 X109.736 Y113.705 E1.22822
G1 X109.638 Y113.449 E1.23383
G1 X109.555 Y113.147 E1.24024
G1 X109.507 Y112.866 E1.24608
G1 X109.485 Y112.553 E1.25251
G1 X109.495 Y112.284 E1.25802
G1 X109.555 Y111.888 F7800
G1 E-.74198 F2400
G92 E0
G1 Z1.44 F7800
G1 X116.84 Y116.84
G1 Z1.04
G1 E2 F2400
;TYPE:Perimeter
G1 F1200
G1 X108.16 Y116.84 E2.17774
G1 X108.16 Y108.16 E2.35548
G1 X116.84 Y108.16 E2.53322
G1 X116.84 Y116.78 E2.70973
G1 X116.84 Y116.78 F7800
G1 X117.095 Y117.095
G1 F1200
G1 X107.905 Y117.095 E2.89791
G1 X107.905 Y107.905 E3.08609
G1 X117.095 Y107.905 E3.27427
G1 X117.095 Y117.035 E3.46123
G1 X117.35 Y117.35 F7800
;TYPE:External perimeter
G1 F1200
G1 X107.65 Y117.35 E3.65986
G1 X107.65 Y107.65 E3.85849
G1 X117.35 Y107.65 E4.05712
G1 X117.35 Y117.29 E4.25452
G1 X116.954 Y117.349 F7800
G1 E2.25452 F2400
G92 E0
G1 Z1.44 F7800
G1 X108.375 Y116.538
G1 Z1.04
G1 E2 F2400
;TYPE:Solid infill
;WIDTH:0.219999
G1 X108.375 Y108.375 E2.1147
G1 X116.625 Y108.375 E2.23062
G1 X116.625 Y116.625 E2.34654
G1 X108.375 Y116.625 E2.46246
G1 E.46246
G92 E0
G1 X108.375 Y116.625 Z1.44 F7800
G1 X108.769 Y114.172
G1 Z1.04
G1 E2 F2400
G1 X109.173 Y114.876 E2.01141
G1 X109.708 Y115.487 E2.02282
G1 X110.339 Y115.97 E2.03399
G1 X110.941 Y116.275 E2.04347
G1 X108.725 Y116.275 E2.07461
G1 X108.725 Y114.097 E2.10521
G1 X108.725 Y114.097 F7800
G1 X108.771 Y112.661
G1 F2400
G1 X108.849 Y113.312 E2.11442
G1 X109.075 Y114.003 E2.12464
G1 X109.438 Y114.648 E2.13504
G1 X109.924 Y115.211 E2.14549
G1 X110.497 Y115.658 E2.1557
G1 X111.158 Y115.992 E2.16611
G1 X111.89 Y116.191 E2.17677
G1 X112.543 Y116.241 E2.18597
G1 X113.297 Y116.154 E2.19663
G1 X114.001 Y115.925 E2.20703
G1 X114.636 Y115.571 E2.21725
G1 X115.212 Y115.077 E2.22791
G1 X115.621 Y114.563 E2.23714
G1 X115.973 Y113.89 E2.24781
G1 X116.178 Y113.179 E2.25821
G1 X116.24 Y112.455 E2.26842
G1 X116.157 Y111.715 E2.27888
G1 X115.93 Y111.008 E2.28931
G1 X115.576 Y110.373 E2.29953
G1 X115.108 Y109.818 E2.30973
G1 X114.501 Y109.339 E2.32059
G1 X113.917 Y109.038 E2.32982
G1 X113.189 Y108.824 E2.34048
G1 X112.453 Y108.76 E2.35086
G1 X111.73 Y108.84 E2.36108
G1 X111.022 Y109.064 E2.37151
G1 X110.374 Y109.423 E2.38192
G1 X109.819 Y109.892 E2.39213
G1 X109.356 Y110.474 E2.40258
G1 X109.018 Y111.134 E2.413
G1 X108.82 Y111.833 E2.42321
G1 X108.76 Y112.574 E2.43366
G1 X108.76 Y112.574 F7800
G1 X108.598 Y111.814
;WIDTH:0.315884
G1 F2400
G1 X108.724 Y111.45 E2.44204
;WIDTH:0.267942
G1 X108.85 Y111.085 E2.44895
;WIDTH:0.219999
G1 X109.2 Y110.394 E2.45983
G1 X109.682 Y109.783 E2.47077
G1 X110.261 Y109.289 E2.48146
G1 X110.937 Y108.911 E2.49234
;WIDTH:0.254513
G1 X111.179 Y108.815 E2.49672
;WIDTH:0.289027
G1 X111.421 Y108.719 E2.50182
;WIDTH:0.32354
G1 X111.663 Y108.623 E2.50764
;WIDTH:0.335834
G1 X111.701 Y108.608 E2.50859
G1 X111.445 Y108.588 E2.51459
;WIDTH:0.297223
G1 X111.189 Y108.569 E2.51979
;WIDTH:0.258611
G1 X110.933 Y108.55 E2.52419
;WIDTH:0.219999
G1 X108.55 Y108.55 E2.55767
G1 X108.55 Y111.043 E2.5927
;WIDTH:0.259083
G1 X108.569 Y111.385 E2.59859
;WIDTH:0.298166
G1 X108.589 Y111.727 E2.60555
;WIDTH:0.315884
G1 X108.583 Y112.177 E2.61534
;WIDTH:0.285923
G1 X108.568 Y112.541 E2.62239
;WIDTH:0.299101
G1 X108.589 Y112.932 E2.63038
;WIDTH:0.34224
G1 X108.611 Y113.323 E2.63973
;WIDTH:0.344904
G1 X108.591 Y113.593 E2.64625
;WIDTH:0.303269
G1 X108.571 Y113.845 E2.65149
;WIDTH:0.261634
G1 X108.55 Y114.097 E2.65589
;WIDTH:0.219999
G1 X108.55 Y116.45 E2.68895
G1 X111.073 Y116.45 E2.7244
;WIDTH:0.267491
G1 X111.444 Y116.427 E2.73104
;WIDTH:0.314982
G1 X111.815 Y116.403 E2.7391
G1 X111.464 Y116.282 E2.74715
;WIDTH:0.267491
G1 X111.112 Y116.16 E2.75381
;WIDTH:0.219999
G1 X110.418 Y115.814 E2.76471
G1 X109.816 Y115.349 E2.7754
G1 X109.305 Y114.762 E2.78634
G1 X108.922 Y114.088 E2.79723
;WIDTH:0.254795
G1 X108.83 Y113.866 E2.80128
;WIDTH:0.28959
G1 X108.738 Y113.644 E2.806
;WIDTH:0.324385
G1 X108.646 Y113.422 E2.81139
G1 X108.646 Y113.422 F7800
G1 X108.9 Y114.764
;WIDTH:0.219999
G1 F2400
G1 X108.9 Y116.1 E2.83016
G1 X110.219 Y116.1 E2.84869
G1 X109.6 Y115.625 E2.85965
G1 X109.04 Y114.99 E2.87155
G1 X108.946 Y114.839 E2.87405
G1 X108.946 Y114.839 F7800
G1 X109.115 Y115.41
;WIDTH:0.301779
G1 F2400
G1 X109.115 Y115.885 E2.88384
G1 X109.582 Y115.885 E2.89347
G1 X109.341 Y115.673 E2.90009
G1 X109.172 Y115.476 E2.90544
G1 E.90544
G92 E0
G1 X109.172 Y115.476 Z1.44 F7800
G1 X111.815 Y116.403
G1 Z1.04
G1 E2 F2400
;WIDTH:0.314982
G1 X112.163 Y116.418 E2.00755
;WIDTH:0.284901
G1 X112.511 Y116.433 E2.01426
;WIDTH:0.296732
G1 X112.909 Y116.412 E2.02232
;WIDTH:0.338644
G1 X113.306 Y116.391 E2.03169
;WIDTH:0.3415
G1 X113.407 Y116.356 E2.03424
;WIDTH:0.321774
G1 X113.634 Y116.263 E2.03969
;WIDTH:0.287849
G1 X113.86 Y116.171 E2.04445
;WIDTH:0.253924
G1 X114.086 Y116.078 E2.04855
;WIDTH:0.219999
G1 X114.749 Y115.704 E2.05925
G1 X115.349 Y115.186 E2.07039
G1 X115.775 Y114.645 E2.08007
G1 X116.14 Y113.939 E2.09124
;WIDTH:0.269093
G1 X116.271 Y113.569 E2.0983
;WIDTH:0.318186
G1 X116.401 Y113.198 E2.10692
G1 X116.409 Y113.26 E2.10829
;WIDTH:0.303039
G1 X116.43 Y113.622 E2.1158
;WIDTH:0.261519
G1 X116.45 Y113.983 E2.12209
;WIDTH:0.219999
G1 X116.45 Y116.45 E2.15675
G1 X114.095 Y116.45 E2.18984
;WIDTH:0.2605
G1 X113.839 Y116.43 E2.19428
;WIDTH:0.301
G1 X113.582 Y116.41 E2.19958
;WIDTH:0.3415
G1 X113.326 Y116.39 E2.20569
G1 X113.326 Y116.39 F7800
G1 X114.095 Y116.275
;WIDTH:0.219999
G1 F2400
G1 X116.275 Y116.275 E2.23632
G1 X116.275 Y114.07 E2.2673
G1 X115.93 Y114.726 E2.27771
G1 X115.486 Y115.295 E2.28785
G1 X114.863 Y115.837 E2.29945
G1 X114.171 Y116.232 E2.31065
G1 X114.171 Y116.232 F7800
G1 X114.766 Y116.1
G1 F2400
G1 X116.1 Y116.1 E2.32939
G1 X116.1 Y114.778 E2.34797
G1 X115.622 Y115.405 E2.35905
G1 X114.976 Y115.97 E2.37111
G1 X114.841 Y116.054 E2.37334
G1 X114.841 Y116.054 F7800
G1 X115.409 Y115.885
;WIDTH:0.30141
G1 F2400
G1 X115.885 Y115.885 E2.38314
G1 X115.885 Y115.422 E2.39267
G1 X115.673 Y115.659 E2.39922
G1 X115.475 Y115.828 E2.40458
G1 E.40458
G92 E0
G1 X115.475 Y115.828 Z1.44 F7800
G1 X116.401 Y113.198
G1 Z1.04
G1 E2 F2400
;WIDTH:0.318186
G1 X116.417 Y112.844 E2.00777
;WIDTH:0.287062
G1 X116.432 Y112.489 E2.01468
;WIDTH:0.295894
G1 X116.412 Y112.098 E2.02257
;WIDTH:0.33585
G1 X116.392 Y111.707 E2.03171
;WIDTH:0.338788
G1 X116.391 Y111.686 E2.03221
G1 E.03221
G92 E0
G1 X116.391 Y111.686 Z1.44 F7800
G1 X113.295 Y108.59
G1 Z1.04
G1 E2 F2400
;WIDTH:0.301344
G1 X113.654 Y108.57 E2.0074
;WIDTH:0.260671
G1 X114.013 Y108.55 E2.01363
;WIDTH:0.219999
G1 X116.45 Y108.55 E2.04787
G1 X116.45 Y110.916 E2.08112
;WIDTH:0.259596
G1 X116.43 Y111.173 E2.08556
;WIDTH:0.299192
G1 X116.411 Y111.43 E2.09082
;WIDTH:0.338788
G1 X116.391 Y111.686 E2.09688
G1 X116.374 Y111.646 E2.09791
;WIDTH:0.325679
G1 X116.277 Y111.405 E2.10377
;WIDTH:0.290453
G1 X116.18 Y111.164 E2.10889
;WIDTH:0.255226
G1 X116.083 Y110.923 E2.11328
;WIDTH:0.219999
G1 X115.71 Y110.26 E2.12397
G1 X115.239 Y109.702 E2.13423
G1 X114.581 Y109.183 E2.14601
G1 X113.967 Y108.87 E2.15569
;WIDTH:0.269917
G1 X113.588 Y108.735 E2.16296
;WIDTH:0.319834
G1 X113.208 Y108.6 E2.17186
G1 X112.848 Y108.584 E2.17981
;WIDTH:0.288037
G1 X112.487 Y108.568 E2.18686
;WIDTH:0.294542
G1 X112.105 Y108.587 E2.19452
;WIDTH:0.332844
G1 X111.723 Y108.606 E2.20336
;WIDTH:0.335834
G1 X111.701 Y108.608 E2.20388
G1 E.20388
G92 E0
G1 X111.701 Y108.608 Z1.44 F7800
G1 X108.725 Y110.849
G1 Z1.04
G1 E2 F2400
;WIDTH:0.219999
G1 X108.725 Y108.725 E2.02984
G1 X110.93 Y108.725 E2.06082
G1 X110.149 Y109.155 E2.07335
G1 X109.546 Y109.674 E2.08453
G1 X109.045 Y110.314 E2.09595
G1 X108.725 Y110.936 E2.10578
G1 X108.725 Y110.936 F7800
G1 X108.9 Y110.218
G1 F2400
G1 X109.409 Y109.564 E2.11742
G1 X110.036 Y109.021 E2.12907
G1 X110.233 Y108.9 E2.13232
G1 X108.9 Y108.9 E2.15105
G1 X108.9 Y110.13 E2.16833
G1 X108.9 Y110.13 F7800
G1 X109.115 Y109.588
;WIDTH:0.300322
G1 F2400
G1 X109.355 Y109.314 E2.1758
G1 X109.591 Y109.115 E2.18213
G1 X109.115 Y109.115 E2.19189
G1 X109.115 Y109.5 E2.19978
G1 E.19978
G92 E0
G1 X109.115 Y109.5 Z1.44 F7800
G1 X114.096 Y108.729
G1 Z1.04
G1 E2 F2400
;WIDTH:0.219999
G1 X114.662 Y109.028 E2.00899
G1 X115.37 Y109.586 E2.02166
G1 X115.844 Y110.147 E2.03198
G1 X116.273 Y110.916 E2.04435
G1 X116.275 Y108.725 E2.07514
G1 X114.184 Y108.729 E2.10452
G1 X114.184 Y108.729 F7800
G1 X114.784 Y108.9
G1 F2400
G1 X115.501 Y109.47 E2.11739
G1 X115.977 Y110.034 E2.12776
G1 X116.1 Y110.233 E2.13105
G1 X116.1 Y108.9 E2.14978
G1 X114.871 Y108.9 E2.16705
G1 X114.871 Y108.9 F7800
G1 X115.413 Y109.115
;WIDTH:0.300664
G1 F2400
G1 X115.662 Y109.327 E2.17376
G1 X115.885 Y109.592 E2.18087
G1 X115.885 Y109.115 E2.19066
G1 X115.501 Y109.115 E2.19854
;LAYER_CHANGE
;Z:1.25
;HEIGHT:0.21
G1 Z1.25 F7800
G1 E.19854 F2400
G92 E0
G1 X115.501 Y109.115 Z1.65 F7800
G1 X109.057 Y112.164
G1 Z1.25
G1 E2 F2400
G92 E0
;TYPE:Perimeter
;WIDTH:0.3
G1 F1200
G1 X109.058 Y112.138 E.00053
G1 X109.115 Y111.78 E.00795
G1 X109.208 Y111.433 E.01531
G1 X109.315 Y111.148 E.02154
G1 X109.446 Y110.873 E.02778
G1 X109.631 Y110.565 E.03514
G1 X109.846 Y110.279 E.04247
G1 X110.055 Y110.051 E.0488
G1 X110.32 Y109.812 E.05611
G1 X110.567 Y109.629 E.0624
G1 X110.873 Y109.446 E.0697
G1 X111.151 Y109.313 E.07601
G1 X111.485 Y109.191 E.08329
G1 X111.783 Y109.114 E.08959
G1 X112.138 Y109.058 E.09695
G1 X112.496 Y109.039 E.10429
G1 X112.804 Y109.053 E.1106
G1 X113.16 Y109.103 E.11796
G1 X113.509 Y109.19 E.12533
G1 X113.799 Y109.292 E.13162
G1 X114.125 Y109.444 E.13899
G1 X114.435 Y109.631 E.1464
G1 X114.722 Y109.847 E.15376
G1 X114.949 Y110.055 E.16006
G1 X115.19 Y110.322 E.16743
G1 X115.402 Y110.615 E.17484
G1 X115.582 Y110.926 E.1822
G1 X115.71 Y111.206 E.1885
G1 X115.825 Y111.542 E.19577
G1 X115.898 Y111.842 E.20209
G1 X115.947 Y112.194 E.20937
G1 X115.961 Y112.503 E.2157
G1 X115.942 Y112.862 E.22306
G1 X115.885 Y113.22 E.23048
G1 X115.792 Y113.567 E.23784
G1 X115.685 Y113.852 E.24407
G1 X115.554 Y114.127 E.25031
G1 X115.369 Y114.435 E.25767
G1 X115.154 Y114.721 E.265
G1 X114.945 Y114.949 E.27133
G1 X114.678 Y115.19 E.2787
G1 X114.385 Y115.402 E.28611
G1 X114.074 Y115.582 E.29347
G1 X113.794 Y115.71 E.29977
G1 X113.458 Y115.825 E.30704
G1 X113.158 Y115.898 E.31336
G1 X112.804 Y115.947 E.32068
G1 X112.497 Y115.961 E.32697
G1 X112.138 Y115.942 E.33433
G1 X111.78 Y115.885 E.34175
G1 X111.433 Y115.792 E.34911
G1 X111.148 Y115.685 E.35534
G1 X110.873 Y115.554 E.36158
G1 X110.567 Y115.371 E.36888
G1 X110.32 Y115.188 E.37517
G1 X110.053 Y114.947 E.38254
G1 X109.81 Y114.678 E.38996
G1 X109.598 Y114.385 E.39737
G1 X109.418 Y114.074 E.40473
G1 X109.29 Y113.794 E.41103
G1 X109.175 Y113.458 E.4183
G1 X109.102 Y113.158 E.42462
G1 X109.053 Y112.806 E.4319
G1 X109.039 Y112.497 E.43823
G1 X109.054 Y112.224 E.44383
G1 X109.054 Y112.224 F7800
G1 X109.31 Y112.2
G1 F1200
G1 X109.312 Y112.165 E.44455
G1 X109.365 Y111.834 E.45141
G1 X109.451 Y111.511 E.45825
G1 X109.671 Y110.994 E.46976
G1 X109.843 Y110.708 E.47659
G1 X110.042 Y110.442 E.48339
G1 X110.235 Y110.232 E.48923
G1 X110.481 Y110.01 E.49602
G1 X110.709 Y109.842 E.50182
G1 X110.994 Y109.671 E.50863
G1 X111.249 Y109.549 E.51442
G1 X111.561 Y109.435 E.52122
G1 X111.835 Y109.364 E.52702
G1 X112.165 Y109.312 E.53386
G1 X112.497 Y109.295 E.54067
G1 X112.781 Y109.307 E.54649
G1 X113.112 Y109.353 E.55333
G1 X113.435 Y109.434 E.56015
G1 X113.702 Y109.529 E.56595
G1 X114.005 Y109.67 E.57279
G1 X114.293 Y109.843 E.57967
G1 X114.559 Y110.043 E.58648
G1 X114.768 Y110.235 E.59229
G1 X114.991 Y110.483 E.59912
G1 X115.188 Y110.754 E.60598
G1 X115.355 Y111.043 E.61281
G1 X115.473 Y111.301 E.61862
G1 X115.58 Y111.613 E.62537
G1 X115.647 Y111.89 E.63121
G1 X115.693 Y112.217 E.63797
G1 X115.705 Y112.502 E.64381
G1 X115.688 Y112.835 E.65064
G1 X115.635 Y113.166 E.6575
G1 X115.549 Y113.489 E.66434
G1 X115.329 Y114.006 E.67585
G1 X115.157 Y114.292 E.68268
G1 X114.958 Y114.558 E.68948
G1 X114.765 Y114.768 E.69532
G1 X114.517 Y114.991 E.70215
G1 X114.246 Y115.188 E.70901
G1 X113.957 Y115.355 E.71584
G1 X113.699 Y115.473 E.72165
G1 X113.387 Y115.58 E.7284
G1 X113.11 Y115.647 E.73424
G1 X112.781 Y115.693 E.74104
G1 X112.498 Y115.705 E.74684
G1 X112.165 Y115.688 E.75367
G1 X111.834 Y115.635 E.76053
G1 X111.511 Y115.549 E.76737
G1 X110.994 Y115.329 E.77888
G1 X110.709 Y115.158 E.78569
G1 X110.481 Y114.99 E.79149
G1 X110.233 Y114.767 E.79832
G1 X110.009 Y114.517 E.80519
G1 X109.812 Y114.246 E.81205
G1 X109.645 Y113.957 E.81888
G1 X109.527 Y113.699 E.82469
G1 X109.42 Y113.387 E.83144
G1 X109.353 Y113.11 E.83728
G1 X109.307 Y112.783 E.84404
G1 X109.295 Y112.498 E.84988
G1 X109.307 Y112.26 E.85476
G1 X109.307 Y112.26 F7800
G1 X109.565 Y112.213
;TYPE:External perimeter
G1 F1200
G1 X109.566 Y112.192 E.85519
G1 X109.614 Y111.887 E.86151
G1 X109.694 Y111.589 E.86783
G1 X109.895 Y111.114 E.87839
G1 X110.054 Y110.85 E.8847
G1 X110.239 Y110.605 E.89099
G1 X110.414 Y110.413 E.89631
G1 X110.643 Y110.208 E.9026
G1 X110.851 Y110.054 E.9079
G1 X111.114 Y109.895 E.91419
G1 X111.348 Y109.784 E.91949
G1 X111.637 Y109.679 E.92579
G1 X111.887 Y109.614 E.93108
G1 X112.192 Y109.566 E.9374
G1 X112.498 Y109.55 E.94367
G1 X112.758 Y109.561 E.949
G1 X113.063 Y109.604 E.95531
G1 X113.362 Y109.679 E.96162
G1 X113.606 Y109.765 E.96692
G1 X113.885 Y109.895 E.97322
G1 X114.15 Y110.054 E.97955
G1 X114.396 Y110.24 E.98587
G1 X114.587 Y110.414 E.99116
G1 X114.793 Y110.643 E.99747
G1 X114.974 Y110.893 E1.00379
G1 X115.128 Y111.16 E1.0101
G1 X115.236 Y111.395 E1.0154
G1 X115.335 Y111.685 E1.02167
G1 X115.396 Y111.938 E1.027
G1 X115.439 Y112.241 E1.03327
G1 X115.45 Y112.501 E1.0386
G1 X115.434 Y112.808 E1.04489
G1 X115.386 Y113.113 E1.05121
G1 X115.306 Y113.411 E1.05753
G1 X115.105 Y113.886 E1.06809
G1 X114.946 Y114.15 E1.0744
G1 X114.761 Y114.395 E1.08069
G1 X114.586 Y114.587 E1.08601
G1 X114.357 Y114.793 E1.09232
G1 X114.107 Y114.974 E1.09864
G1 X113.84 Y115.128 E1.10495
G1 X113.605 Y115.236 E1.11025
G1 X113.315 Y115.335 E1.11652
G1 X113.062 Y115.396 E1.12185
G1 X112.758 Y115.439 E1.12814
G1 X112.499 Y115.45 E1.13345
G1 X112.192 Y115.434 E1.13974
G1 X111.887 Y115.386 E1.14606
G1 X111.589 Y115.306 E1.15238
G1 X111.114 Y115.105 E1.16294
G1 X110.851 Y114.946 E1.16923
G1 X110.643 Y114.792 E1.17453
G1 X110.414 Y114.586 E1.18084
G1 X110.207 Y114.357 E1.18716
G1 X110.026 Y114.107 E1.19348
G1 X109.872 Y113.84 E1.19979
G1 X109.764 Y113.605 E1.20509
G1 X109.665 Y113.315 E1.21136
G1 X109.604 Y113.062 E1.21669
G1 X109.561 Y112.759 E1.22296
G1 X109.55 Y112.499 E1.22829
G1 X109.562 Y112.273 E1.23292
G1 X109.623 Y111.878 F7800
G1 E-.76708 F2400
G92 E0
G1 Z1.65 F7800
G1 X116.84 Y116.84
G1 Z1.25
G1 E2 F2400
;TYPE:Perimeter
G1 F1200
G1 X108.16 Y116.84 E2.17774
G1 X108.16 Y108.16 E2.35548
G1 X116.84 Y108.16 E2.53322
G1 X116.84 Y116.78 E2.70973
G1 X116.84 Y116.78 F7800
G1 X117.095 Y117.095
G1 F1200
G1 X107.905 Y117.095 E2.89791
G1 X107.905 Y107.905 E3.08609
G1 X117.095 Y107.905 E3.27427
G1 X117.095 Y117.035 E3.46123
G1 X117.35 Y117.35 F7800
;TYPE:External perimeter
G1 F1200
G1 X107.65 Y117.35 E3.65986
G1 X107.65 Y107.65 E3.85849
G1 X117.35 Y107.65 E4.05712
G1 X117.35 Y117.29 E4.25452
G1 X116.954 Y117.349 F7800
G1 E2.25452 F2400
G92 E0
G1 Z1.65 F7800
G1 X116.625 Y108.375
G1 Z1.25
G1 E2 F2400
;TYPE:Solid infill
;WIDTH:0.219999
G1 X108.375 Y108.375 E2.11592
G1 X108.375 Y116.625 E2.23184
G1 X116.625 Y116.625 E2.34776
G1 X116.625 Y108.462 E2.46246
G1 E.46246
G92 E0
G1 X116.625 Y108.462 Z1.65 F7800
G1 X112.486 Y108.825
G1 Z1.25
G1 E2 F2400
G1 X113.193 Y108.89 E2.00998
G1 X113.872 Y109.09 E2.01993
G1 X114.548 Y109.448 E2.03068
G1 X115.095 Y109.898 E2.04063
G1 X115.577 Y110.491 E2.05137
G1 X115.906 Y111.119 E2.06133
G1 X116.107 Y111.794 E2.07123
G1 X116.175 Y112.495 E2.08113
G1 X116.097 Y113.255 E2.09186
G1 X115.886 Y113.928 E2.10177
G1 X115.552 Y114.548 E2.11167
G1 X115.097 Y115.101 E2.12173
G1 X114.509 Y115.577 E2.13236
G1 X113.881 Y115.906 E2.14232
G1 X113.206 Y116.107 E2.15222
G1 X112.505 Y116.175 E2.16212
G1 X111.745 Y116.097 E2.17285
G1 X111.072 Y115.886 E2.18276
G1 X110.455 Y115.554 E2.1926
G1 X109.907 Y115.105 E2.20255
G1 X109.423 Y114.509 E2.21334
G1 X109.094 Y113.881 E2.2233
G1 X108.893 Y113.206 E2.2332
G1 X108.825 Y112.505 E2.2431
G1 X108.903 Y111.745 E2.25383
G1 X109.114 Y111.072 E2.26374
G1 X109.448 Y110.452 E2.27364
G1 X109.898 Y109.905 E2.28359
G1 X110.441 Y109.456 E2.29349
G1 X111.06 Y109.119 E2.30339
G1 X111.731 Y108.906 E2.31328
G1 X112.399 Y108.834 E2.32272
G1 X112.399 Y108.834 F7800
G1 X111.141 Y108.725
G1 F2400
G1 X108.725 Y108.725 E2.35667
G1 X108.725 Y111.142 E2.39063
G1 X108.813 Y110.89 E2.39438
G1 X109.141 Y110.285 E2.40405
G1 X109.628 Y109.682 E2.41494
G1 X110.219 Y109.186 E2.42578
G1 X110.893 Y108.811 E2.43662
G1 X111.059 Y108.753 E2.43909
G1 X111.059 Y108.753 F7800
G1 X111.617 Y108.679
;WIDTH:0.372381
G1 F2400
G1 X111.457 Y108.75 E2.44369
;WIDTH:0.334286
G1 X111.297 Y108.822 E2.44777
;WIDTH:0.29619
G1 X111.136 Y108.893 E2.45132
;WIDTH:0.258095
G1 X110.976 Y108.965 E2.45432
;WIDTH:0.219999
G1 X110.33 Y109.321 E2.46468
G1 X109.763 Y109.793 E2.47505
G1 X109.294 Y110.368 E2.48548
G1 X108.947 Y111.019 E2.49585
;WIDTH:0.264951
G1 X108.87 Y111.194 E2.49923
;WIDTH:0.309903
G1 X108.793 Y111.368 E2.50328
;WIDTH:0.354855
G1 X108.716 Y111.543 E2.50804
;WIDTH:0.399806
G1 X108.64 Y111.717 E2.51345
G1 X108.624 Y111.646 E2.51552
;WIDTH:0.367532
G1 X108.599 Y111.416 E2.52151
;WIDTH:0.318355
G1 X108.574 Y111.187 E2.52657
;WIDTH:0.269177
G1 X108.55 Y110.958 E2.53071
;WIDTH:0.219999
G1 X108.55 Y108.55 E2.56455
G1 X110.962 Y108.55 E2.59844
;WIDTH:0.265661
G1 X111.145 Y108.573 E2.60171
;WIDTH:0.311323
G1 X111.329 Y108.595 E2.60567
;WIDTH:0.356985
G1 X111.513 Y108.618 E2.61032
;WIDTH:0.402646
G1 X111.72 Y108.639 E2.6163
;WIDTH:0.399262
G1 X112.123 Y108.62 E2.62778
;WIDTH:0.360161
G1 X112.525 Y108.6 E2.63797
;WIDTH:0.354001
G1 X112.871 Y108.617 E2.64657
;WIDTH:0.386942
G1 X113.218 Y108.633 E2.65611
G1 X113.372 Y108.61 E2.66039
;WIDTH:0.341177
G1 X113.573 Y108.59 E2.66519
;WIDTH:0.300784
G1 X113.775 Y108.57 E2.66936
;WIDTH:0.260392
G1 X113.976 Y108.55 E2.67285
;WIDTH:0.219999
G1 X116.45 Y108.55 E2.70761
G1 X116.45 Y111.031 E2.74247
;WIDTH:0.262545
G1 X116.429 Y111.213 E2.74567
;WIDTH:0.305091
G1 X116.408 Y111.395 E2.7495
;WIDTH:0.347637
G1 X116.386 Y111.577 E2.75396
;WIDTH:0.390182
G1 X116.365 Y111.758 E2.75901
G1 X116.348 Y111.722 E2.76011
;WIDTH:0.3732
G1 X116.276 Y111.551 E2.765
;WIDTH:0.3349
G1 X116.205 Y111.38 E2.76931
;WIDTH:0.2966
G1 X116.133 Y111.209 E2.77306
;WIDTH:0.2583
G1 X116.061 Y111.038 E2.77624
;WIDTH:0.219999
G1 X115.713 Y110.381 E2.78669
G1 X115.207 Y109.763 E2.79791
G1 X114.63 Y109.293 E2.80837
G1 X113.922 Y108.923 E2.81959
;WIDTH:0.261735
G1 X113.746 Y108.85 E2.82291
;WIDTH:0.303471
G1 X113.57 Y108.778 E2.82686
;WIDTH:0.345207
G1 X113.394 Y108.706 E2.83144
;WIDTH:0.386942
G1 X113.218 Y108.633 E2.83667
G1 X113.285 Y108.619 E2.83855
G1 X113.869 Y108.725 F7800
;WIDTH:0.219999
G1 F2400
G1 X114.712 Y109.139 E2.85175
G1 X115.318 Y109.628 E2.86269
G1 X115.849 Y110.27 E2.8744
G1 X116.216 Y110.957 E2.88534
G1 X116.275 Y111.129 E2.8879
G1 X116.275 Y108.725 E2.92168
G1 X113.957 Y108.725 E2.95425
G1 X113.957 Y108.725 F7800
G1 X114.635 Y108.9
G1 F2400
G1 X114.896 Y109.053 E2.9585
G1 X115.43 Y109.493 E2.96822
G1 X115.985 Y110.16 E2.98041
G1 X116.1 Y110.355 E2.98359
G1 X116.1 Y108.9 E3.00403
G1 X114.722 Y108.9 E3.02339
G1 X114.722 Y108.9 F7800
G1 X115.197 Y109.075
G1 F2400
G1 X115.594 Y109.407 E3.03066
G1 X115.925 Y109.808 E3.03797
G1 X115.925 Y109.075 E3.04827
G1 X115.285 Y109.075 E3.05726
G1 X115.285 Y109.075 F7800
G1 X115.757 Y109.262
;WIDTH:0.2586
G1 F2400
G1 X115.712 Y109.25 E3.05806
G1 X115.724 Y109.295 E3.05886
G1 X115.75 Y109.288 E3.05932
G1 E1.05932
G92 E0
G1 X115.75 Y109.288 Z1.65 F7800
G1 X110.362 Y108.9
G1 Z1.25
G1 E2 F2400
;WIDTH:0.219999
G1 X108.9 Y108.9 E2.02054
G1 X108.9 Y110.362 E2.04108
G1 X109.053 Y110.104 E2.04529
G1 X109.493 Y109.571 E2.055
G1 X110.107 Y109.05 E2.06631
G1 X110.287 Y108.944 E2.06925
G1 X110.287 Y108.944 F7800
G1 X109.803 Y109.075
G1 F2400
G1 X109.075 Y109.075 E2.07948
G1 X109.075 Y109.803 E2.08971
G1 X109.407 Y109.406 E2.09698
G1 X109.736 Y109.131 E2.10301
G1 X109.736 Y109.131 F7800
G1 X109.295 Y109.262
;WIDTH:0.25859
G1 F2400
G1 X109.25 Y109.25 E2.10381
G1 X109.262 Y109.295 E2.10461
G1 X109.288 Y109.288 E2.10507
G1 E.10507
G92 E0
G1 X109.288 Y109.288 Z1.65 F7800
G1 X108.64 Y111.717
G1 Z1.25
G1 E2 F2400
;WIDTH:0.399806
G1 X108.62 Y112.09 E2.01064
;WIDTH:0.360577
G1 X108.6 Y112.464 E2.02013
;WIDTH:0.353928
G1 X108.617 Y112.839 E2.02944
;WIDTH:0.386508
G1 X108.633 Y113.214 E2.03973
;WIDTH:0.390172
G1 X108.67 Y113.321 E2.04287
;WIDTH:0.363358
G1 X108.76 Y113.535 E2.04881
;WIDTH:0.315572
G1 X108.849 Y113.749 E2.05385
;WIDTH:0.267786
G1 X108.939 Y113.962 E2.05799
;WIDTH:0.219999
G1 X109.287 Y114.62 E2.06845
G1 X109.796 Y115.24 E2.07972
G1 X110.371 Y115.707 E2.09013
G1 X111.019 Y116.053 E2.10045
;WIDTH:0.264954
G1 X111.193 Y116.13 E2.10381
;WIDTH:0.309908
G1 X111.368 Y116.207 E2.10788
;WIDTH:0.354862
G1 X111.543 Y116.284 E2.11264
;WIDTH:0.399816
G1 X111.717 Y116.36 E2.11805
G1 X111.646 Y116.377 E2.12013
;WIDTH:0.367541
G1 X111.416 Y116.401 E2.12612
;WIDTH:0.318361
G1 X111.187 Y116.426 E2.13118
;WIDTH:0.26918
G1 X110.958 Y116.45 E2.13532
;WIDTH:0.219999
G1 X108.55 Y116.45 E2.16916
G1 X108.55 Y113.969 E2.20402
;WIDTH:0.262543
G1 X108.571 Y113.787 E2.20722
;WIDTH:0.305086
G1 X108.592 Y113.605 E2.21105
;WIDTH:0.347629
G1 X108.614 Y113.423 E2.21551
;WIDTH:0.390172
G1 X108.635 Y113.242 E2.22056
G1 X108.635 Y113.242 F7800
G1 X108.725 Y113.871
;WIDTH:0.219999
G1 F2400
G1 X108.725 Y116.275 E2.25434
G1 X111.142 Y116.275 E2.2883
G1 X110.89 Y116.187 E2.29205
G1 X110.288 Y115.861 E2.30167
G1 X109.685 Y115.375 E2.31255
G1 X109.151 Y114.73 E2.32432
G1 X108.784 Y114.043 E2.33526
G1 X108.753 Y113.954 E2.33658
G1 X108.753 Y113.954 F7800
G1 X108.9 Y114.645
G1 F2400
G1 X108.9 Y116.1 E2.35702
G1 X110.362 Y116.1 E2.37756
G1 X110.107 Y115.949 E2.38172
G1 X109.573 Y115.51 E2.39143
G1 X109.015 Y114.84 E2.40368
G1 X108.944 Y114.72 E2.40564
G1 X108.944 Y114.72 F7800
G1 X109.075 Y115.192
G1 F2400
G1 X109.075 Y115.925 E2.41594
G1 X109.803 Y115.925 E2.42617
G1 X109.406 Y115.594 E2.43343
G1 X109.13 Y115.259 E2.43953
G1 X109.13 Y115.259 F7800
G1 X109.294 Y115.724
;WIDTH:0.258442
G1 F2400
G1 X109.25 Y115.712 E2.44031
G1 X109.262 Y115.757 E2.44111
G1 X109.288 Y115.75 E2.44157
G1 E.44157
G92 E0
G1 X109.288 Y115.75 Z1.65 F7800
G1 X111.717 Y116.36
G1 Z1.25
G1 E2 F2400
;WIDTH:0.399816
G1 X112.09 Y116.38 E2.01064
;WIDTH:0.360589
G1 X112.464 Y116.4 E2.02013
;WIDTH:0.353925
G1 X112.839 Y116.383 E2.02944
;WIDTH:0.386488
G1 X113.214 Y116.367 E2.03973
;WIDTH:0.390154
G1 X113.241 Y116.365 E2.04048
G1 E.04048
G92 E0
G1 X113.241 Y116.365 Z1.65 F7800
G1 X116.378 Y113.369
G1 Z1.25
G1 E2 F2400
;WIDTH:0.3645
G1 X116.402 Y113.593 E2.00578
;WIDTH:0.316333
G1 X116.426 Y113.818 E2.01071
;WIDTH:0.268166
G1 X116.45 Y114.042 E2.01475
;WIDTH:0.219999
G1 X116.45 Y116.45 E2.04859
G1 X113.969 Y116.45 E2.08345
;WIDTH:0.262538
G1 X113.787 Y116.429 E2.08665
;WIDTH:0.305077
G1 X113.605 Y116.408 E2.09048
;WIDTH:0.347616
G1 X113.423 Y116.386 E2.09494
;WIDTH:0.390154
G1 X113.241 Y116.365 E2.10002
G1 X113.277 Y116.348 E2.10112
;WIDTH:0.373175
G1 X113.449 Y116.276 E2.10603
;WIDTH:0.334881
G1 X113.62 Y116.205 E2.11034
;WIDTH:0.296587
G1 X113.791 Y116.133 E2.11409
;WIDTH:0.258293
G1 X113.962 Y116.061 E2.11727
;WIDTH:0.219999
G1 X114.619 Y115.713 E2.12772
G1 X115.221 Y115.225 E2.13861
G1 X115.706 Y114.632 E2.14937
G1 X116.053 Y113.981 E2.15974
;WIDTH:0.264953
G1 X116.13 Y113.806 E2.16312
;WIDTH:0.309907
G1 X116.207 Y113.632 E2.16717
;WIDTH:0.354861
G1 X116.284 Y113.457 E2.17193
;WIDTH:0.399814
G1 X116.36 Y113.283 E2.17734
G1 X116.38 Y112.91 E2.18798
;WIDTH:0.360586
G1 X116.4 Y112.536 E2.19747
;WIDTH:0.353938
G1 X116.383 Y112.161 E2.20678
;WIDTH:0.386518
G1 X116.367 Y111.786 E2.21707
;WIDTH:0.390182
G1 X116.365 Y111.758 E2.21785
G1 E.21785
G92 E0
G1 X116.365 Y111.758 Z1.65 F7800
G1 X116.275 Y113.858
G1 Z1.25
G1 E2 F2400
;WIDTH:0.219999
G1 X116.187 Y114.11 E2.00375
G1 X115.859 Y114.715 E2.01342
G1 X115.345 Y115.348 E2.02488
G1 X114.73 Y115.849 E2.03603
G1 X114.043 Y116.216 E2.04697
G1 X113.871 Y116.275 E2.04953
G1 X116.275 Y116.275 E2.08331
G1 X116.275 Y113.946 E2.11604
G1 X116.275 Y113.946 F7800
G1 X116.1 Y114.638
G1 F2400
G1 X115.947 Y114.896 E2.12025
G1 X115.469 Y115.471 E2.13076
G1 X114.84 Y115.985 E2.14217
G1 X114.645 Y116.1 E2.14535
G1 X116.1 Y116.1 E2.16579
G1 X116.1 Y114.725 E2.18511
G1 X116.1 Y114.725 F7800
G1 X115.925 Y115.197
G1 F2400
G1 X115.593 Y115.594 E2.19238
G1 X115.192 Y115.925 E2.19969
G1 X115.925 Y115.925 E2.20999
G1 X115.925 Y115.285 E2.21898
G1 X115.925 Y115.285 F7800
G1 X115.757 Y115.724
;WIDTH:0.258598
G1 F2400
G1 X115.712 Y115.712 E2.21978
G1 X115.724 Y115.757 E2.22058
G1 X115.75 Y115.75 E2.22104
;LAYER_CHANGE
;Z:1.46
;HEIGHT:0.21
G1 Z1.46 F7800
G1 E.22104 F2400
G92 E0
G1 X115.75 Y115.75 Z1.86 F7800
G1 X109.052 Y112.219
G1 Z1.46
G1 E2 F2400
G92 E0
;TYPE:Perimeter
;WIDTH:0.3
G1 F1200
G1 X109.053 Y112.195 E.00049
G1 X109.103 Y111.84 E.00783
G1 X109.19 Y111.488 E.01525
G1 X109.314 Y111.148 E.02266
G1 X109.47 Y110.828 E.02995
G1 X109.631 Y110.565 E.03626
G1 X109.812 Y110.32 E.0425
G1 X110.053 Y110.053 E.04987
G1 X110.32 Y109.812 E.05724
G1 X110.567 Y109.629 E.06353
G1 X110.873 Y109.446 E.07083
G1 X111.151 Y109.313 E.07714
G1 X111.485 Y109.191 E.08442
G1 X111.783 Y109.114 E.09072
G1 X112.138 Y109.058 E.09808
G1 X112.493 Y109.039 E.10536
G1 X112.804 Y109.053 E.11173
G1 X113.157 Y109.102 E.11903
G1 X113.457 Y109.174 E.12535
G1 X113.796 Y109.291 E.13269
G1 X114.125 Y109.444 E.14012
G1 X114.433 Y109.629 E.14748
G1 X114.68 Y109.812 E.15377
G1 X114.947 Y110.053 E.16114
G1 X115.188 Y110.32 E.16851
G1 X115.371 Y110.567 E.1748
G1 X115.556 Y110.875 E.18216
G1 X115.709 Y111.203 E.18957
G1 X115.825 Y111.54 E.19687
G1 X115.898 Y111.842 E.20323
G1 X115.947 Y112.196 E.21055
G1 X115.96 Y112.5 E.21678
G1 X115.947 Y112.805 E.22303
G1 X115.897 Y113.16 E.23037
G1 X115.81 Y113.512 E.23779
G1 X115.686 Y113.852 E.2452
G1 X115.53 Y114.172 E.25249
G1 X115.369 Y114.435 E.2588
G1 X115.188 Y114.68 E.26504
G1 X114.947 Y114.947 E.27241
G1 X114.68 Y115.188 E.27978
G1 X114.433 Y115.371 E.28607
G1 X114.125 Y115.556 E.29343
G1 X113.797 Y115.709 E.30084
G1 X113.46 Y115.825 E.30814
G1 X113.158 Y115.898 E.3145
G1 X112.804 Y115.947 E.32182
G1 X112.5 Y115.96 E.32805
G1 X112.195 Y115.947 E.3343
G1 X111.84 Y115.897 E.34164
G1 X111.488 Y115.81 E.34906
G1 X111.148 Y115.686 E.35647
G1 X110.828 Y115.53 E.36376
G1 X110.565 Y115.369 E.37007
G1 X110.32 Y115.188 E.37631
G1 X110.053 Y114.947 E.38368
G1 X109.812 Y114.68 E.39105
G1 X109.629 Y114.433 E.39734
G1 X109.444 Y114.125 E.4047
G1 X109.291 Y113.797 E.41211
G1 X109.175 Y113.46 E.41941
G1 X109.102 Y113.158 E.42577
G1 X109.053 Y112.804 E.43309
G1 X109.04 Y112.5 E.43932
G1 X109.049 Y112.279 E.44385
G1 X109.049 Y112.279 F7800
G1 X109.31 Y112.198
G1 F1200
G1 X109.353 Y111.888 E.45026
G1 X109.435 Y111.563 E.45712
G1 X109.549 Y111.248 E.46398
G1 X109.694 Y110.951 E.47075
G1 X110.01 Y110.481 E.48235
G1 X110.233 Y110.233 E.48918
G1 X110.481 Y110.01 E.49601
G1 X110.709 Y109.842 E.50181
G1 X110.994 Y109.671 E.50862
G1 X111.249 Y109.549 E.51441
G1 X111.561 Y109.435 E.52121
G1 X111.835 Y109.364 E.52701
G1 X112.165 Y109.312 E.53385
G1 X112.495 Y109.295 E.54062
G1 X112.781 Y109.307 E.54648
G1 X113.11 Y109.353 E.55328
G1 X113.385 Y109.419 E.55907
G1 X113.701 Y109.528 E.56591
G1 X114.005 Y109.67 E.57278
G1 X114.291 Y109.842 E.57961
G1 X114.519 Y110.01 E.58541
G1 X114.767 Y110.233 E.59224
G1 X114.99 Y110.481 E.59907
G1 X115.158 Y110.709 E.60487
G1 X115.33 Y110.995 E.6117
G1 X115.472 Y111.299 E.61857
G1 X115.58 Y111.611 E.62533
G1 X115.647 Y111.89 E.63121
G1 X115.693 Y112.219 E.63801
G1 X115.693 Y112.781 E.64952
G1 X115.647 Y113.112 E.65636
G1 X115.565 Y113.437 E.66322
G1 X115.451 Y113.752 E.67008
G1 X115.306 Y114.049 E.67685
G1 X114.99 Y114.519 E.68845
G1 X114.767 Y114.767 E.69528
G1 X114.519 Y114.99 E.70211
G1 X114.291 Y115.158 E.70791
G1 X114.005 Y115.33 E.71474
G1 X113.701 Y115.472 E.72161
G1 X113.389 Y115.58 E.72837
G1 X113.11 Y115.647 E.73425
G1 X112.781 Y115.693 E.74105
G1 X112.219 Y115.693 E.75256
G1 X111.888 Y115.647 E.7594
G1 X111.563 Y115.565 E.76626
G1 X111.248 Y115.451 E.77312
G1 X110.951 Y115.306 E.77989
G1 X110.481 Y114.99 E.79149
G1 X110.233 Y114.767 E.79832
G1 X110.01 Y114.519 E.80515
G1 X109.842 Y114.291 E.81095
G1 X109.67 Y114.005 E.81778
G1 X109.528 Y113.701 E.82465
G1 X109.42 Y113.389 E.83141
G1 X109.353 Y113.11 E.83729
G1 X109.307 Y112.781 E.84409
G1 X109.307 Y112.258 E.8548
G1 X109.307 Y112.258 F7800
G1 X109.562 Y112.233
;TYPE:External perimeter
G1 F1200
G1 X109.604 Y111.937 E.86092
G1 X109.679 Y111.637 E.86725
G1 X109.784 Y111.347 E.87357
G1 X109.918 Y111.073 E.87982
G1 X110.208 Y110.643 E.89044
G1 X110.414 Y110.414 E.89675
G1 X110.643 Y110.208 E.90306
G1 X110.851 Y110.054 E.90836
G1 X111.114 Y109.895 E.91465
G1 X111.348 Y109.784 E.91995
G1 X111.637 Y109.679 E.92625
G1 X111.887 Y109.614 E.93154
G1 X112.192 Y109.566 E.93786
G1 X112.496 Y109.55 E.94409
G1 X112.758 Y109.561 E.94946
G1 X113.062 Y109.604 E.95575
G1 X113.314 Y109.664 E.96105
G1 X113.605 Y109.765 E.96736
G1 X113.885 Y109.895 E.97368
G1 X114.149 Y110.054 E.97999
G1 X114.357 Y110.208 E.98529
G1 X114.586 Y110.414 E.9916
G1 X114.792 Y110.643 E.99791
G1 X114.946 Y110.851 E1.00321
G1 X115.105 Y111.115 E1.00952
G1 X115.235 Y111.395 E1.01584
G1 X115.335 Y111.683 E1.02208
G1 X115.396 Y111.938 E1.02745
G1 X115.439 Y112.242 E1.03374
G1 X115.439 Y112.758 E1.04431
G1 X115.396 Y113.063 E1.05062
G1 X115.321 Y113.363 E1.05695
G1 X115.216 Y113.653 E1.06327
G1 X115.082 Y113.927 E1.06952
G1 X114.792 Y114.357 E1.08014
G1 X114.586 Y114.586 E1.08645
G1 X114.357 Y114.792 E1.09276
G1 X114.149 Y114.946 E1.09806
G1 X113.885 Y115.105 E1.10437
G1 X113.605 Y115.235 E1.11069
G1 X113.317 Y115.335 E1.11693
G1 X113.062 Y115.396 E1.1223
G1 X112.758 Y115.439 E1.12859
G1 X112.242 Y115.439 E1.13916
G1 X111.937 Y115.396 E1.14547
G1 X111.637 Y115.321 E1.1518
G1 X111.347 Y115.216 E1.15812
G1 X111.073 Y115.082 E1.16437
G1 X110.643 Y114.792 E1.17499
G1 X110.414 Y114.586 E1.1813
G1 X110.208 Y114.357 E1.18761
G1 X110.054 Y114.149 E1.19291
G1 X109.895 Y113.885 E1.19922
G1 X109.765 Y113.605 E1.20554
G1 X109.665 Y113.317 E1.21178
G1 X109.604 Y113.062 E1.21715
G1 X109.561 Y112.758 E1.22344
G1 X109.561 Y112.293 E1.23296
G1 X109.62 Y111.898 F7800
G1 E-.76704 F2400
G92 E0
G1 Z1.86 F7800
G1 X116.84 Y116.84
G1 Z1.46
G1 E2 F2400
;TYPE:Perimeter
G1 F1200
G1 X108.16 Y116.84 E2.17774
G1 X108.16 Y108.16 E2.35548
G1 X116.84 Y108.16 E2.53322
G1 X116.84 Y116.78 E2.70973
G1 X116.84 Y116.78 F7800
G1 X117.095 Y117.095
G1 F1200
G1 X107.905 Y117.095 E2.89791
G1 X107.905 Y107.905 E3.08609
G1 X117.095 Y107.905 E3.27427
G1 X117.095 Y117.035 E3.46123
G1 X117.35 Y117.35 F7800
;TYPE:External perimeter
G1 F1200
G1 X107.65 Y117.35 E3.65986
G1 X107.65 Y107.65 E3.85849
G1 X117.35 Y107.65 E4.05712
G1 X117.35 Y117.29 E4.25452
G1 X116.954 Y117.349 F7800
G1 E2.25452 F2400
G92 E0
G1 Z1.86 F7800
G1 X108.375 Y116.538
G1 Z1.46
G1 E2 F2400
;TYPE:Solid infill
;WIDTH:0.219999
G1 X108.375 Y108.375 E2.1147
G1 X116.625 Y108.375 E2.23062
G1 X116.625 Y116.625 E2.34654
G1 X108.375 Y116.625 E2.46246
G1 E.46246
G92 E0
G1 X108.375 Y116.625 Z1.86 F7800
G1 X108.753 Y113.953
G1 Z1.46
G1 E2 F2400
G1 X108.787 Y114.05 E2.00144
G1 X109.186 Y114.782 E2.01315
G1 X109.685 Y115.375 E2.02404
G1 X110.285 Y115.859 E2.03487
G1 X110.889 Y116.187 E2.04453
G1 X111.147 Y116.275 E2.04836
G1 X108.725 Y116.275 E2.08239
G1 X108.725 Y113.871 E2.11617
G1 X108.725 Y113.871 F7800
G1 X108.833 Y112.595
G1 F2400
G1 X108.893 Y113.206 E2.1248
G1 X109.096 Y113.885 E2.13476
G1 X109.456 Y114.559 E2.1455
G1 X109.907 Y115.105 E2.15545
G1 X110.452 Y115.552 E2.16535
G1 X111.073 Y115.887 E2.17526
G1 X111.807 Y116.11 E2.18604
G1 X112.508 Y116.175 E2.19593
G1 X113.206 Y116.107 E2.20578
G1 X113.885 Y115.904 E2.21574
G1 X114.559 Y115.544 E2.22648
G1 X115.105 Y115.093 E2.23643
G1 X115.552 Y114.548 E2.24633
G1 X115.887 Y113.927 E2.25624
G1 X116.11 Y113.193 E2.26702
G1 X116.175 Y112.492 E2.27691
G1 X116.107 Y111.794 E2.28676
G1 X115.904 Y111.115 E2.29672
G1 X115.544 Y110.441 E2.30746
G1 X115.099 Y109.901 E2.31729
G1 X114.545 Y109.446 E2.32736
G1 X113.869 Y109.089 E2.3381
G1 X113.19 Y108.89 E2.34804
G1 X112.483 Y108.825 E2.35802
G1 X111.731 Y108.906 E2.36865
G1 X111.06 Y109.119 E2.37854
G1 X110.441 Y109.456 E2.38844
G1 X109.895 Y109.907 E2.39839
G1 X109.448 Y110.452 E2.40829
G1 X109.113 Y111.073 E2.4182
G1 X108.89 Y111.807 E2.42898
G1 X108.825 Y112.508 E2.43887
G1 X108.825 Y112.508 F7800
G1 X108.618 Y111.712
;WIDTH:0.38695
G1 F2400
G1 X108.633 Y111.782 E2.44084
G1 X108.711 Y111.592 E2.44648
;WIDTH:0.345213
G1 X108.79 Y111.402 E2.45144
;WIDTH:0.303475
G1 X108.868 Y111.212 E2.4557
;WIDTH:0.261737
G1 X108.946 Y111.021 E2.45929
;WIDTH:0.219999
G1 X109.295 Y110.369 E2.46968
G1 X109.76 Y109.796 E2.48005
G1 X110.33 Y109.321 E2.49048
G1 X110.976 Y108.965 E2.50084
;WIDTH:0.260302
G1 X111.146 Y108.889 E2.50406
;WIDTH:0.300604
G1 X111.315 Y108.814 E2.50786
;WIDTH:0.340906
G1 X111.485 Y108.738 E2.51228
;WIDTH:0.381208
G1 X111.655 Y108.662 E2.51731
;WIDTH:0.40264
G1 X111.696 Y108.641 E2.51863
G1 X111.513 Y108.618 E2.52393
;WIDTH:0.35698
G1 X111.329 Y108.595 E2.52858
;WIDTH:0.31132
G1 X111.145 Y108.573 E2.53254
;WIDTH:0.26566
G1 X110.962 Y108.55 E2.53581
;WIDTH:0.219999
G1 X108.55 Y108.55 E2.5697
G1 X108.55 Y110.962 E2.60359
;WIDTH:0.260518
G1 X108.57 Y111.183 E2.60743
;WIDTH:0.301036
G1 X108.59 Y111.404 E2.61199
;WIDTH:0.341554
G1 X108.611 Y111.625 E2.61728
;WIDTH:0.38695
G1 X108.633 Y111.782 E2.62163
G1 X108.617 Y112.126 E2.63109
;WIDTH:0.35408
G1 X108.6 Y112.47 E2.63964
;WIDTH:0.35386
G1 X108.617 Y112.842 E2.64888
;WIDTH:0.38651
G1 X108.633 Y113.214 E2.65909
;WIDTH:0.390166
G1 X108.614 Y113.424 E2.66493
;WIDTH:0.347625
G1 X108.592 Y113.607 E2.66941
;WIDTH:0.305083
G1 X108.571 Y113.79 E2.67326
;WIDTH:0.262541
G1 X108.55 Y113.973 E2.67648
;WIDTH:0.219999
G1 X108.55 Y116.45 E2.71128
G1 X110.962 Y116.45 E2.74517
;WIDTH:0.265845
G1 X111.212 Y116.427 E2.74962
;WIDTH:0.31169
G1 X111.462 Y116.404 E2.755
;WIDTH:0.357535
G1 X111.712 Y116.382 E2.7613
;WIDTH:0.38696
G1 X111.782 Y116.367 E2.76327
G1 X111.592 Y116.289 E2.76891
;WIDTH:0.34522
G1 X111.402 Y116.21 E2.77387
;WIDTH:0.30348
G1 X111.212 Y116.132 E2.77813
;WIDTH:0.26174
G1 X111.021 Y116.054 E2.78172
;WIDTH:0.219999
G1 X110.369 Y115.705 E2.79211
G1 X109.796 Y115.24 E2.80248
G1 X109.321 Y114.67 E2.81291
G1 X108.941 Y113.968 E2.82413
;WIDTH:0.267803
G1 X108.851 Y113.752 E2.82832
;WIDTH:0.315607
G1 X108.761 Y113.537 E2.83338
;WIDTH:0.36341
G1 X108.67 Y113.321 E2.83937
G1 X108.67 Y113.321 F7800
G1 X108.9 Y114.635
;WIDTH:0.219999
G1 F2400
G1 X108.9 Y116.1 E2.85995
G1 X110.363 Y116.1 E2.88051
G1 X110.105 Y115.947 E2.88472
G1 X109.573 Y115.51 E2.89439
G1 X109.051 Y114.893 E2.90575
G1 X108.944 Y114.71 E2.90873
G1 X108.944 Y114.71 F7800
G1 X109.075 Y115.197
G1 F2400
G1 X109.075 Y115.925 E2.91896
G1 X109.803 Y115.925 E2.92919
G1 X109.406 Y115.594 E2.93645
G1 X109.131 Y115.264 E2.94249
G1 X109.131 Y115.264 F7800
G1 X109.262 Y115.706
;WIDTH:0.258448
G1 F2400
G1 X109.25 Y115.75 E2.94327
G1 X109.294 Y115.738 E2.94405
G1 X109.288 Y115.712 E2.94451
G1 E.94451
G92 E0
G1 X109.288 Y115.712 Z1.86 F7800
G1 X111.782 Y116.367
G1 Z1.46
G1 E2 F2400
;WIDTH:0.38696
G1 X112.126 Y116.383 E2.00946
;WIDTH:0.354089
G1 X112.47 Y116.4 E2.01801
;WIDTH:0.353867
G1 X112.842 Y116.383 E2.02725
;WIDTH:0.386516
G1 X113.214 Y116.367 E2.03746
;WIDTH:0.390176
G1 X113.321 Y116.33 E2.0406
;WIDTH:0.363419
G1 X113.537 Y116.239 E2.04659
;WIDTH:0.315612
G1 X113.752 Y116.149 E2.05166
;WIDTH:0.267806
G1 X113.968 Y116.059 E2.05585
;WIDTH:0.219999
G1 X114.67 Y115.679 E2.06707
G1 X115.24 Y115.204 E2.0775
G1 X115.705 Y114.631 E2.08787
G1 X116.054 Y113.979 E2.09826
;WIDTH:0.26174
G1 X116.132 Y113.788 E2.10185
;WIDTH:0.30348
G1 X116.21 Y113.598 E2.10611
;WIDTH:0.34522
G1 X116.289 Y113.408 E2.11107
;WIDTH:0.38696
G1 X116.367 Y113.218 E2.11671
G1 X116.382 Y113.288 E2.11868
;WIDTH:0.357534
G1 X116.404 Y113.538 E2.12498
;WIDTH:0.311689
G1 X116.427 Y113.788 E2.13036
;WIDTH:0.265844
G1 X116.45 Y114.038 E2.13481
;WIDTH:0.219999
G1 X116.45 Y116.45 E2.1687
G1 X113.973 Y116.45 E2.2035
;WIDTH:0.262544
G1 X113.79 Y116.429 E2.20672
;WIDTH:0.305088
G1 X113.607 Y116.408 E2.21057
;WIDTH:0.347632
G1 X113.424 Y116.386 E2.21505
;WIDTH:0.390176
G1 X113.242 Y116.365 E2.22013
G1 X113.242 Y116.365 F7800
G1 X113.871 Y116.275
;WIDTH:0.219999
G1 F2400
G1 X116.275 Y116.275 E2.25391
G1 X116.275 Y113.853 E2.28794
G1 X116.187 Y114.111 E2.29177
G1 X115.859 Y114.715 E2.30143
G1 X115.375 Y115.315 E2.31226
G1 X114.782 Y115.814 E2.32315
G1 X114.05 Y116.213 E2.33486
G1 X113.953 Y116.247 E2.3363
G1 X113.953 Y116.247 F7800
G1 X114.635 Y116.1
G1 F2400
G1 X116.1 Y116.1 E2.35688
G1 X116.1 Y114.637 E2.37744
G1 X115.947 Y114.895 E2.38165
G1 X115.51 Y115.427 E2.39132
G1 X114.893 Y115.949 E2.40268
G1 X114.71 Y116.056 E2.40566
G1 X114.71 Y116.056 F7800
G1 X115.197 Y115.925
G1 F2400
G1 X115.925 Y115.925 E2.41589
G1 X115.925 Y115.197 E2.42612
G1 X115.594 Y115.594 E2.43338
G1 X115.264 Y115.869 E2.43942
G1 X115.264 Y115.869 F7800
G1 X115.724 Y115.706
;WIDTH:0.258452
G1 F2400
G1 X115.712 Y115.75 E2.4402
G1 X115.757 Y115.738 E2.441
G1 X115.75 Y115.712 E2.44146
G1 E.44146
G92 E0
G1 X115.75 Y115.712 Z1.86 F7800
G1 X116.367 Y113.218
G1 Z1.46
G1 E2 F2400
;WIDTH:0.38696
G1 X116.383 Y112.874 E2.00946
;WIDTH:0.354088
G1 X116.4 Y112.53 E2.01801
;WIDTH:0.353867
G1 X116.383 Y112.158 E2.02725
;WIDTH:0.386518
G1 X116.367 Y111.786 E2.03746
;WIDTH:0.390176
G1 X116.365 Y111.758 E2.03824
G1 E.03824
G92 E0
G1 X116.365 Y111.758 Z1.86 F7800
G1 X113.3 Y108.617
G1 Z1.46
G1 E2 F2400
;WIDTH:0.354611
G1 X113.524 Y108.595 E2.0056
;WIDTH:0.309741
G1 X113.748 Y108.572 E2.01039
;WIDTH:0.26487
G1 X113.972 Y108.55 E2.01436
;WIDTH:0.219999
G1 X116.45 Y108.55 E2.04918
G1 X116.45 Y111.027 E2.08398
;WIDTH:0.262544
G1 X116.429 Y111.21 E2.0872
;WIDTH:0.305088
G1 X116.408 Y111.393 E2.09105
;WIDTH:0.347632
G1 X116.386 Y111.576 E2.09553
;WIDTH:0.390176
G1 X116.365 Y111.758 E2.10061
G1 X116.348 Y111.722 E2.10171
;WIDTH:0.373152
G1 X116.276 Y111.55 E2.10662
;WIDTH:0.334864
G1 X116.203 Y111.377 E2.11099
;WIDTH:0.296576
G1 X116.131 Y111.205 E2.11476
;WIDTH:0.258288
G1 X116.059 Y111.032 E2.11797
;WIDTH:0.219999
G1 X115.679 Y110.33 E2.12919
G1 X115.223 Y109.777 E2.13926
G1 X114.627 Y109.292 E2.15006
G1 X113.919 Y108.921 E2.16129
;WIDTH:0.261609
G1 X113.742 Y108.849 E2.16461
;WIDTH:0.303219
G1 X113.566 Y108.777 E2.16855
;WIDTH:0.344829
G1 X113.39 Y108.705 E2.17313
;WIDTH:0.386438
G1 X113.214 Y108.633 E2.17834
G1 X112.868 Y108.617 E2.18784
;WIDTH:0.35375
G1 X112.522 Y108.6 E2.19643
;WIDTH:0.360165
G1 X112.121 Y108.62 E2.20659
;WIDTH:0.399268
G1 X111.72 Y108.639 E2.21801
;WIDTH:0.40264
G1 X111.696 Y108.641 E2.2187
G1 E.2187
G92 E0
G1 X111.696 Y108.641 Z1.86 F7800
G1 X108.725 Y111.059
G1 Z1.46
G1 E2 F2400
;WIDTH:0.219999
G1 X108.725 Y108.725 E2.0328
G1 X111.141 Y108.725 E2.06675
G1 X110.893 Y108.811 E2.07044
G1 X110.218 Y109.186 E2.08129
G1 X109.625 Y109.685 E2.09218
G1 X109.141 Y110.285 E2.10301
G1 X108.813 Y110.889 E2.11267
G1 X108.725 Y111.146 E2.11649
G1 X108.725 Y111.146 F7800
G1 X108.9 Y110.363
G1 F2400
G1 X109.053 Y110.105 E2.1207
G1 X109.49 Y109.573 E2.13037
G1 X110.107 Y109.051 E2.14173
G1 X110.362 Y108.9 E2.14589
G1 X108.9 Y108.9 E2.16643
G1 X108.9 Y110.275 E2.18575
G1 X108.9 Y110.275 F7800
G1 X109.075 Y109.803
G1 F2400
G1 X109.406 Y109.406 E2.19301
G1 X109.803 Y109.075 E2.20027
G1 X109.075 Y109.075 E2.2105
G1 X109.075 Y109.715 E2.21949
G1 X109.075 Y109.715 F7800
G1 X109.262 Y109.243
;WIDTH:0.258442
G1 F2400
G1 X109.25 Y109.288 E2.22029
G1 X109.294 Y109.276 E2.22107
G1 X109.288 Y109.25 E2.22153
G1 E.22153
G92 E0
G1 X109.288 Y109.25 Z1.86 F7800
G1 X113.871 Y108.725
G1 Z1.46
G1 E2 F2400
;WIDTH:0.219999
G1 X114.709 Y109.137 E2.01312
G1 X115.347 Y109.653 E2.02465
G1 X115.814 Y110.218 E2.03495
G1 X116.213 Y110.95 E2.04666
G1 X116.275 Y111.129 E2.04932
G1 X116.275 Y108.725 E2.0831
G1 X113.958 Y108.725 E2.11566
G1 X113.958 Y108.725 F7800
G1 X114.635 Y108.9
G1 F2400
G1 X114.893 Y109.051 E2.11986
G1 X115.47 Y109.53 E2.1304
G1 X115.949 Y110.107 E2.14094
G1 X116.1 Y110.365 E2.14514
G1 X116.1 Y108.9 E2.16572
G1 X114.722 Y108.9 E2.18508
G1 X114.722 Y108.9 F7800
G1 X115.197 Y109.075
G1 F2400
G1 X115.594 Y109.406 E2.19234
G1 X115.925 Y109.803 E2.1996
G1 X115.925 Y109.075 E2.20983
G1 X115.285 Y109.075 E2.21882
G1 X115.285 Y109.075 F7800
G1 X115.724 Y109.243
;WIDTH:0.258448
G1 F2400
G1 X115.712 Y109.288 E2.21962
G1 X115.757 Y109.276 E2.22042
G1 X115.75 Y109.25 E2.22088
;LAYER_CHANGE
;Z:1.67
;HEIGHT:0.21
G1 Z1.67 F7800
G1 E.22088 F2400
G92 E0
G1 X115.75 Y109.25 Z2.07 F7800
G1 X109.052 Y112.219
G1 Z1.67
G1 E2 F2400
G92 E0
;TYPE:Perimeter
;WIDTH:0.3
G1 F1200
G1 X109.053 Y112.195 E.00049
G1 X109.103 Y111.84 E.00783
G1 X109.188 Y111.497 E.01507
G1 X109.292 Y111.201 E.02149
G1 X109.444 Y110.875 E.02886
G1 X109.631 Y110.565 E.03627
G1 X109.847 Y110.278 E.04363
G1 X110.055 Y110.051 E.04993
G1 X110.315 Y109.816 E.05711
G1 X110.565 Y109.631 E.06348
G1 X110.825 Y109.472 E.06972
G1 X111.148 Y109.314 E.07708
G1 X111.485 Y109.191 E.08443
G1 X111.783 Y109.114 E.09073
G1 X112.138 Y109.058 E.09809
G1 X112.491 Y109.039 E.10533
G1 X112.804 Y109.053 E.11175
G1 X113.16 Y109.103 E.11911
G1 X113.509 Y109.19 E.12648
G1 X113.799 Y109.292 E.13277
G1 X114.125 Y109.444 E.14014
G1 X114.435 Y109.631 E.14755
G1 X114.722 Y109.847 E.15491
G1 X114.949 Y110.055 E.16121
G1 X115.184 Y110.315 E.16839
G1 X115.369 Y110.565 E.17476
G1 X115.528 Y110.825 E.181
G1 X115.686 Y111.148 E.18836
G1 X115.81 Y111.488 E.19577
G1 X115.896 Y111.837 E.20313
G1 X115.942 Y112.141 E.20943
G1 X115.961 Y112.497 E.21673
G1 X115.947 Y112.805 E.22304
G1 X115.897 Y113.16 E.23038
G1 X115.812 Y113.503 E.23762
G1 X115.708 Y113.799 E.24404
G1 X115.556 Y114.125 E.25141
G1 X115.369 Y114.435 E.25882
G1 X115.153 Y114.722 E.26618
G1 X114.947 Y114.947 E.27243
G1 X114.722 Y115.153 E.27868
G1 X114.438 Y115.367 E.28596
G1 X114.175 Y115.528 E.29227
G1 X113.852 Y115.686 E.29963
G1 X113.512 Y115.81 E.30704
G1 X113.163 Y115.896 E.3144
G1 X112.859 Y115.942 E.3207
G1 X112.503 Y115.961 E.328
G1 X112.195 Y115.947 E.33431
G1 X111.84 Y115.897 E.34165
G1 X111.497 Y115.812 E.34889
G1 X111.201 Y115.708 E.35531
G1 X110.875 Y115.556 E.36268
G1 X110.565 Y115.369 E.37009
G1 X110.278 Y115.153 E.37745
G1 X110.053 Y114.947 E.3837
G1 X109.847 Y114.722 E.38995
G1 X109.631 Y114.436 E.39729
G1 X109.449 Y114.133 E.40453
G1 X109.313 Y113.85 E.41096
G1 X109.19 Y113.512 E.41833
G1 X109.103 Y113.161 E.42573
G1 X109.053 Y112.811 E.43297
G1 X109.039 Y112.5 E.43934
G1 X109.049 Y112.279 E.44387
G1 X109.049 Y112.279 F7800
G1 X109.306 Y112.231
G1 F1200
G1 X109.307 Y112.219 E.44412
G1 X109.353 Y111.889 E.45094
G1 X109.432 Y111.57 E.45767
G1 X109.529 Y111.298 E.46358
G1 X109.67 Y110.995 E.47042
G1 X109.843 Y110.707 E.4773
G1 X110.043 Y110.441 E.48411
G1 X110.235 Y110.232 E.48992
G1 X110.477 Y110.014 E.49659
G1 X110.707 Y109.843 E.50246
G1 X110.948 Y109.696 E.50824
G1 X111.248 Y109.549 E.51508
G1 X111.561 Y109.435 E.5219
G1 X111.835 Y109.364 E.5277
G1 X112.165 Y109.312 E.53454
G1 X112.492 Y109.295 E.54125
G1 X112.781 Y109.307 E.54717
G1 X113.112 Y109.353 E.55401
G1 X113.436 Y109.434 E.56085
G1 X113.702 Y109.529 E.56663
G1 X114.005 Y109.67 E.57347
G1 X114.293 Y109.843 E.58035
G1 X114.559 Y110.043 E.58716
G1 X114.768 Y110.235 E.59297
G1 X114.986 Y110.477 E.59964
G1 X115.157 Y110.707 E.60551
G1 X115.304 Y110.948 E.61129
G1 X115.451 Y111.248 E.61813
G1 X115.565 Y111.563 E.62499
G1 X115.646 Y111.887 E.63183
G1 X115.688 Y112.167 E.63763
G1 X115.705 Y112.498 E.64442
G1 X115.693 Y112.781 E.65022
G1 X115.647 Y113.111 E.65704
G1 X115.568 Y113.43 E.66377
G1 X115.471 Y113.702 E.66968
G1 X115.33 Y114.005 E.67652
G1 X115.157 Y114.293 E.6834
G1 X114.957 Y114.559 E.69021
G1 X114.559 Y114.957 E.70174
G1 X114.294 Y115.156 E.70853
G1 X114.052 Y115.304 E.71434
G1 X113.752 Y115.451 E.72118
G1 X113.437 Y115.565 E.72804
G1 X113.113 Y115.646 E.73488
G1 X112.833 Y115.688 E.74068
G1 X112.502 Y115.705 E.74747
G1 X112.219 Y115.693 E.75327
G1 X111.889 Y115.647 E.76009
G1 X111.57 Y115.568 E.76682
G1 X111.298 Y115.471 E.77273
G1 X110.995 Y115.33 E.77957
G1 X110.707 Y115.157 E.78645
G1 X110.441 Y114.957 E.79326
G1 X110.043 Y114.559 E.80479
G1 X109.843 Y114.293 E.8116
G1 X109.673 Y114.012 E.81833
G1 X109.549 Y113.751 E.82425
G1 X109.435 Y113.437 E.83109
G1 X109.353 Y113.112 E.83795
G1 X109.308 Y112.787 E.84467
G1 X109.295 Y112.5 E.85055
G1 X109.304 Y112.291 E.85483
G1 X109.304 Y112.291 F7800
G1 X109.562 Y112.233
;TYPE:External perimeter
G1 F1200
G1 X109.604 Y111.937 E.86095
G1 X109.677 Y111.644 E.86713
G1 X109.765 Y111.394 E.87256
G1 X109.895 Y111.115 E.87886
G1 X110.054 Y110.85 E.88519
G1 X110.24 Y110.604 E.89151
G1 X110.414 Y110.413 E.8968
G1 X110.639 Y110.211 E.90299
G1 X111.07 Y109.919 E.91365
G1 X111.347 Y109.784 E.91996
G1 X111.637 Y109.679 E.92628
G1 X111.887 Y109.614 E.93157
G1 X112.192 Y109.566 E.93789
G1 X112.494 Y109.55 E.94408
G1 X112.758 Y109.561 E.94949
G1 X113.063 Y109.604 E.9558
G1 X113.362 Y109.679 E.96211
G1 X113.606 Y109.765 E.96741
G1 X113.885 Y109.895 E.97371
G1 X114.15 Y110.054 E.98004
G1 X114.396 Y110.24 E.98636
G1 X114.587 Y110.414 E.99165
G1 X114.789 Y110.639 E.99784
G1 X115.081 Y111.07 E1.0085
G1 X115.216 Y111.347 E1.01481
G1 X115.321 Y111.637 E1.02113
G1 X115.396 Y111.936 E1.02744
G1 X115.434 Y112.192 E1.03274
G1 X115.45 Y112.499 E1.03903
G1 X115.439 Y112.758 E1.04434
G1 X115.396 Y113.063 E1.05065
G1 X115.323 Y113.356 E1.05683
G1 X115.235 Y113.606 E1.06226
G1 X115.105 Y113.885 E1.06856
G1 X114.946 Y114.15 E1.07489
G1 X114.76 Y114.396 E1.08121
G1 X114.396 Y114.76 E1.09175
G1 X114.15 Y114.945 E1.09805
G1 X113.93 Y115.081 E1.10335
G1 X113.653 Y115.216 E1.10966
G1 X113.363 Y115.321 E1.11598
G1 X113.064 Y115.396 E1.12229
G1 X112.808 Y115.434 E1.12759
G1 X112.501 Y115.45 E1.13388
G1 X112.242 Y115.439 E1.13919
G1 X111.937 Y115.396 E1.1455
G1 X111.644 Y115.323 E1.15168
G1 X111.394 Y115.235 E1.15711
G1 X111.115 Y115.105 E1.16341
G1 X110.85 Y114.946 E1.16974
G1 X110.604 Y114.76 E1.17606
G1 X110.24 Y114.396 E1.1866
G1 X110.054 Y114.15 E1.19292
G1 X109.898 Y113.891 E1.19911
G1 X109.784 Y113.652 E1.20453
G1 X109.679 Y113.363 E1.21083
G1 X109.604 Y113.063 E1.21716
G1 X109.562 Y112.763 E1.22336
G1 X109.561 Y112.293 E1.23298
G1 X109.62 Y111.897 F7800
G1 E-.76702 F2400
G92 E0
G1 Z2.07 F7800
G1 X116.84 Y116.84
G1 Z1.67
G1 E2 F2400
;TYPE:Perimeter
G1 F1200
G1 X108.16 Y116.84 E2.17774
G1 X108.16 Y108.16 E2.35548
G1 X116.84 Y108.16 E2.53322
G1 X116.84 Y116.78 E2.70973
G1 X116.84 Y116.78 F7800
G1 X117.095 Y117.095
G1 F1200
G1 X107.905 Y117.095 E2.89791
G1 X107.905 Y107.905 E3.08609
G1 X117.095 Y107.905 E3.27427
G1 X117.095 Y117.035 E3.46123
G1 X117.35 Y117.35 F7800
;TYPE:External perimeter
G1 F1200
G1 X107.65 Y117.35 E3.65986
G1 X107.65 Y107.65 E3.85849
G1 X117.35 Y107.65 E4.05712
G1 X117.35 Y117.29 E4.25452
G1 X116.954 Y117.349 F7800
G1 E2.25452 F2400
G92 E0
G1 Z2.07 F7800
G1 X116.625 Y108.375
G1 Z1.67
G1 E2 F2400
;TYPE:Solid infill
;WIDTH:0.219999
G1 X108.375 Y108.375 E2.11592
G1 X108.375 Y116.625 E2.23184
G1 X116.625 Y116.625 E2.34776
G1 X116.625 Y108.462 E2.46246
G1 E.46246
G92 E0
G1 X116.625 Y108.462 Z2.07 F7800
G1 X112.481 Y108.825
G1 Z1.67
G1 E2 F2400
G1 X113.193 Y108.89 E2.01005
G1 X113.872 Y109.09 E2.02
G1 X114.548 Y109.448 E2.03075
G1 X115.095 Y109.897 E2.04069
G1 X115.542 Y110.438 E2.05055
G1 X115.88 Y111.056 E2.06045
G1 X116.105 Y111.786 E2.07118
G1 X116.175 Y112.488 E2.08109
G1 X116.11 Y113.193 E2.09104
G1 X115.91 Y113.872 E2.10099
G1 X115.552 Y114.548 E2.11174
G1 X115.099 Y115.099 E2.12176
G1 X114.565 Y115.54 E2.13149
G1 X113.944 Y115.88 E2.14144
G1 X113.214 Y116.105 E2.15217
G1 X112.512 Y116.175 E2.16208
G1 X111.807 Y116.11 E2.17203
G1 X111.128 Y115.91 E2.18198
G1 X110.452 Y115.552 E2.19273
G1 X109.907 Y115.105 E2.20263
G1 X109.458 Y114.563 E2.21252
G1 X109.119 Y113.941 E2.22247
G1 X108.894 Y113.211 E2.2332
G1 X108.825 Y112.509 E2.24311
G1 X108.89 Y111.807 E2.25302
G1 X109.09 Y111.128 E2.26297
G1 X109.448 Y110.452 E2.27372
G1 X109.897 Y109.905 E2.28366
G1 X110.438 Y109.458 E2.29352
G1 X111.056 Y109.12 E2.30342
G1 X111.731 Y108.906 E2.31337
G1 X112.394 Y108.834 E2.32274
G1 X112.394 Y108.834 F7800
G1 X111.142 Y108.725
G1 F2400
G1 X108.725 Y108.725 E2.3567
G1 X108.725 Y111.13 E2.39049
G1 X109.139 Y110.288 E2.40367
G1 X109.628 Y109.682 E2.41461
G1 X110.215 Y109.188 E2.42539
G1 X110.889 Y108.813 E2.43623
G1 X111.059 Y108.753 E2.43876
G1 X111.059 Y108.753 F7800
G1 X111.617 Y108.679
;WIDTH:0.372411
G1 F2400
G1 X111.456 Y108.751 E2.4434
;WIDTH:0.334308
G1 X111.295 Y108.823 E2.4475
;WIDTH:0.296205
G1 X111.134 Y108.894 E2.45105
;WIDTH:0.258102
G1 X110.973 Y108.966 E2.45407
;WIDTH:0.219999
G1 X110.326 Y109.323 E2.46445
G1 X109.763 Y109.793 E2.47476
G1 X109.293 Y110.37 E2.48522
G1 X108.923 Y111.078 E2.49644
;WIDTH:0.261728
G1 X108.85 Y111.254 E2.49976
;WIDTH:0.303456
G1 X108.778 Y111.431 E2.50373
;WIDTH:0.345184
G1 X108.706 Y111.607 E2.50831
;WIDTH:0.386912
G1 X108.633 Y111.783 E2.51354
G1 X108.619 Y111.715 E2.51545
;WIDTH:0.358698
G1 X108.596 Y111.485 E2.52127
;WIDTH:0.312465
G1 X108.573 Y111.255 E2.52623
;WIDTH:0.266232
G1 X108.55 Y111.024 E2.53035
;WIDTH:0.219999
G1 X108.55 Y108.55 E2.56511
G1 X110.958 Y108.55 E2.59895
;WIDTH:0.265662
G1 X111.143 Y108.573 E2.60225
;WIDTH:0.311325
G1 X111.327 Y108.595 E2.60621
;WIDTH:0.356988
G1 X111.512 Y108.618 E2.61088
;WIDTH:0.40265
G1 X111.72 Y108.639 E2.61688
;WIDTH:0.399288
G1 X112.12 Y108.62 E2.62827
;WIDTH:0.360184
G1 X112.52 Y108.6 E2.63841
;WIDTH:0.354
G1 X112.868 Y108.617 E2.64706
;WIDTH:0.38692
G1 X113.217 Y108.633 E2.65665
G1 X113.372 Y108.61 E2.66095
;WIDTH:0.341074
G1 X113.573 Y108.59 E2.66575
;WIDTH:0.300716
G1 X113.775 Y108.57 E2.66992
;WIDTH:0.260358
G1 X113.976 Y108.55 E2.67341
;WIDTH:0.219999
G1 X116.45 Y108.55 E2.70817
G1 X116.45 Y110.962 E2.74206
;WIDTH:0.262866
G1 X116.429 Y111.159 E2.74553
;WIDTH:0.305733
G1 X116.407 Y111.357 E2.7497
;WIDTH:0.3486
G1 X116.386 Y111.554 E2.75453
;WIDTH:0.391466
G1 X116.365 Y111.752 E2.76007
G1 X116.346 Y111.713 E2.76128
;WIDTH:0.372813
G1 X116.268 Y111.528 E2.76657
;WIDTH:0.33461
G1 X116.19 Y111.343 E2.77124
;WIDTH:0.296406
G1 X116.112 Y111.158 E2.77529
;WIDTH:0.258203
G1 X116.034 Y110.973 E2.77873
;WIDTH:0.219999
G1 X115.677 Y110.326 E2.78911
G1 X115.207 Y109.763 E2.79942
G1 X114.63 Y109.293 E2.80988
G1 X113.922 Y108.923 E2.8211
;WIDTH:0.26173
G1 X113.746 Y108.85 E2.82442
;WIDTH:0.30346
G1 X113.57 Y108.778 E2.82837
;WIDTH:0.34519
G1 X113.393 Y108.706 E2.83298
;WIDTH:0.38692
G1 X113.217 Y108.633 E2.83821
G1 X113.285 Y108.619 E2.84012
G1 X113.869 Y108.725 F7800
;WIDTH:0.219999
G1 F2400
G1 X114.712 Y109.139 E2.85332
G1 X115.318 Y109.628 E2.86426
G1 X115.812 Y110.215 E2.87504
G1 X116.187 Y110.889 E2.88588
G1 X116.275 Y111.146 E2.8897
G1 X116.275 Y108.725 E2.92372
G1 X113.957 Y108.725 E2.95629
G1 X113.957 Y108.725 F7800
G1 X114.635 Y108.9
G1 F2400
G1 X114.896 Y109.053 E2.96054
G1 X115.429 Y109.493 E2.97025
G1 X115.947 Y110.104 E2.98151
G1 X116.1 Y110.363 E2.98574
G1 X116.1 Y108.9 E3.0063
G1 X114.722 Y108.9 E3.02566
G1 X114.722 Y108.9 F7800
G1 X115.197 Y109.075
G1 F2400
G1 X115.594 Y109.407 E3.03293
G1 X115.925 Y109.803 E3.04018
G1 X115.925 Y109.075 E3.05041
G1 X115.285 Y109.075 E3.0594
G1 X115.285 Y109.075 F7800
G1 X115.757 Y109.262
;WIDTH:0.25861
G1 F2400
G1 X115.712 Y109.25 E3.0602
G1 X115.724 Y109.295 E3.061
G1 X115.75 Y109.288 E3.06146
G1 E1.06146
G92 E0
G1 X115.75 Y109.288 Z2.07 F7800
G1 X110.363 Y108.9
G1 Z1.67
G1 E2 F2400
;WIDTH:0.219999
G1 X108.9 Y108.9 E2.02056
G1 X108.9 Y110.365 E2.04114
G1 X109.053 Y110.104 E2.04539
G1 X109.493 Y109.571 E2.0551
G1 X110.104 Y109.053 E2.06636
G1 X110.288 Y108.944 E2.06937
G1 X110.288 Y108.944 F7800
G1 X109.803 Y109.075
G1 F2400
G1 X109.075 Y109.075 E2.0796
G1 X109.075 Y109.803 E2.08983
G1 X109.407 Y109.406 E2.0971
G1 X109.735 Y109.131 E2.10311
G1 X109.735 Y109.131 F7800
G1 X109.295 Y109.262
;WIDTH:0.258606
G1 F2400
G1 X109.25 Y109.25 E2.10391
G1 X109.262 Y109.295 E2.10471
G1 X109.288 Y109.288 E2.10517
G1 E.10517
G92 E0
G1 X109.288 Y109.288 Z2.07 F7800
G1 X108.633 Y111.783
G1 Z1.67
G1 E2 F2400
;WIDTH:0.386912
G1 X108.617 Y112.127 E2.00946
;WIDTH:0.35405
G1 X108.6 Y112.471 E2.01801
G1 X108.617 Y112.844 E2.02728
;WIDTH:0.387052
G1 X108.633 Y113.218 E2.03756
;WIDTH:0.390702
G1 X108.671 Y113.325 E2.04071
;WIDTH:0.363816
G1 X108.769 Y113.558 E2.04718
;WIDTH:0.315877
G1 X108.867 Y113.791 E2.05268
;WIDTH:0.267938
G1 X108.965 Y114.024 E2.05721
;WIDTH:0.219999
G1 X109.323 Y114.674 E2.06764
G1 X109.796 Y115.24 E2.078
G1 X110.37 Y115.707 E2.0884
G1 X111.078 Y116.077 E2.09962
;WIDTH:0.261729
G1 X111.254 Y116.15 E2.10294
;WIDTH:0.303458
G1 X111.431 Y116.222 E2.10691
;WIDTH:0.345187
G1 X111.607 Y116.294 E2.11149
;WIDTH:0.386916
G1 X111.783 Y116.367 E2.11672
G1 X111.715 Y116.381 E2.11863
;WIDTH:0.358669
G1 X111.485 Y116.404 E2.12445
;WIDTH:0.312446
G1 X111.255 Y116.427 E2.12941
;WIDTH:0.266223
G1 X111.024 Y116.45 E2.13353
;WIDTH:0.219999
G1 X108.55 Y116.45 E2.16829
G1 X108.55 Y114.035 E2.20222
;WIDTH:0.262675
G1 X108.571 Y113.838 E2.20568
;WIDTH:0.305351
G1 X108.592 Y113.64 E2.20984
;WIDTH:0.348027
G1 X108.614 Y113.443 E2.21466
;WIDTH:0.390702
G1 X108.635 Y113.245 E2.22019
G1 X108.635 Y113.245 F7800
G1 X108.725 Y113.854
;WIDTH:0.219999
G1 F2400
G1 X108.725 Y116.275 E2.25421
G1 X111.13 Y116.275 E2.288
G1 X110.288 Y115.861 E2.30118
G1 X109.685 Y115.374 E2.31207
G1 X109.188 Y114.785 E2.3229
G1 X108.811 Y114.108 E2.33379
G1 X108.753 Y113.937 E2.33633
G1 X108.753 Y113.937 F7800
G1 X108.9 Y114.637
G1 F2400
G1 X108.9 Y116.1 E2.35689
G1 X110.366 Y116.1 E2.37749
G1 X110.104 Y115.947 E2.38175
G1 X109.573 Y115.509 E2.39142
G1 X109.053 Y114.897 E2.4027
G1 X108.944 Y114.713 E2.40571
G1 X108.944 Y114.713 F7800
G1 X109.075 Y115.197
G1 F2400
G1 X109.075 Y115.925 E2.41594
G1 X109.803 Y115.925 E2.42617
G1 X109.406 Y115.594 E2.43343
G1 X109.131 Y115.265 E2.43946
G1 X109.131 Y115.265 F7800
G1 X109.295 Y115.724
;WIDTH:0.258718
G1 F2400
G1 X109.25 Y115.712 E2.44026
G1 X109.262 Y115.757 E2.44106
G1 X109.288 Y115.75 E2.44152
G1 E.44152
G92 E0
G1 X109.288 Y115.75 Z2.07 F7800
G1 X111.783 Y116.367
G1 Z1.67
G1 E2 F2400
;WIDTH:0.386916
G1 X112.128 Y116.383 E2.00948
;WIDTH:0.353987
G1 X112.474 Y116.4 E2.01808
;WIDTH:0.354457
G1 X112.848 Y116.383 E2.02738
;WIDTH:0.387856
G1 X113.222 Y116.366 E2.03769
;WIDTH:0.391466
G1 X113.248 Y116.365 E2.03841
G1 E.03841
G92 E0
G1 X113.248 Y116.365 Z2.07 F7800
G1 X116.383 Y113.303
G1 Z1.67
G1 E2 F2400
;WIDTH:0.354948
G1 X116.405 Y113.527 E2.0056
;WIDTH:0.309965
G1 X116.428 Y113.752 E2.01041
;WIDTH:0.264982
G1 X116.45 Y113.976 E2.01439
;WIDTH:0.219999
G1 X116.45 Y116.45 E2.04915
G1 X114.038 Y116.45 E2.08304
;WIDTH:0.262866
G1 X113.841 Y116.429 E2.08651
;WIDTH:0.305733
G1 X113.643 Y116.407 E2.09068
;WIDTH:0.3486
G1 X113.446 Y116.386 E2.09551
;WIDTH:0.391466
G1 X113.248 Y116.365 E2.10105
G1 X113.287 Y116.346 E2.10226
;WIDTH:0.372813
G1 X113.472 Y116.268 E2.10755
;WIDTH:0.33461
G1 X113.657 Y116.19 E2.11222
;WIDTH:0.296406
G1 X113.842 Y116.112 E2.11627
;WIDTH:0.258203
G1 X114.027 Y116.034 E2.11971
;WIDTH:0.219999
G1 X114.676 Y115.675 E2.13013
G1 X115.223 Y115.223 E2.1401
G1 X115.707 Y114.63 E2.15086
G1 X116.077 Y113.922 E2.16208
;WIDTH:0.261728
G1 X116.15 Y113.746 E2.1654
;WIDTH:0.303456
G1 X116.222 Y113.569 E2.16937
;WIDTH:0.345184
G1 X116.294 Y113.393 E2.17395
;WIDTH:0.386912
G1 X116.367 Y113.217 E2.17918
G1 X116.383 Y112.872 E2.18866
;WIDTH:0.353986
G1 X116.4 Y112.526 E2.19726
;WIDTH:0.354458
G1 X116.383 Y112.152 E2.20656
;WIDTH:0.387856
G1 X116.366 Y111.778 E2.21687
;WIDTH:0.391466
G1 X116.365 Y111.752 E2.21759
G1 E.21759
G92 E0
G1 X116.365 Y111.752 Z2.07 F7800
G1 X116.275 Y113.87
G1 Z1.67
G1 E2 F2400
;WIDTH:0.219999
G1 X115.861 Y114.712 E2.01318
G1 X115.346 Y115.346 E2.02466
G1 X114.788 Y115.81 E2.03486
G1 X114.111 Y116.187 E2.04575
G1 X113.854 Y116.275 E2.04957
G1 X116.275 Y116.275 E2.08359
G1 X116.275 Y113.957 E2.11616
G1 X116.275 Y113.957 F7800
G1 X116.1 Y114.634
G1 F2400
G1 X115.947 Y114.896 E2.12042
G1 X115.47 Y115.47 E2.13091
G1 X114.899 Y115.945 E2.14135
G1 X114.637 Y116.1 E2.14563
G1 X116.1 Y116.1 E2.16619
G1 X116.1 Y114.722 E2.18555
G1 X116.1 Y114.722 F7800
G1 X115.925 Y115.197
G1 F2400
G1 X115.594 Y115.594 E2.19281
G1 X115.198 Y115.925 E2.20006
G1 X115.925 Y115.925 E2.21028
G1 X115.925 Y115.285 E2.21927
G1 X115.925 Y115.285 F7800
G1 X115.757 Y115.724
;WIDTH:0.258726
G1 F2400
G1 X115.712 Y115.712 E2.22007
G1 X115.724 Y115.757 E2.22087
G1 X115.75 Y115.75 E2.22133
;LAYER_CHANGE
;Z:1.88
;HEIGHT:0.21
G1 Z1.88 F7800
G1 E.22133 F2400
G92 E0
G1 Z2.28 F7800
G1 X109.057 Y112.164
G1 Z1.88
G1 E2 F2400
G92 E0
;TYPE:Perimeter
;WIDTH:0.3
G1 F1200
G1 X109.058 Y112.138 E.00053
G1 X109.115 Y111.78 E.00795
G1 X109.208 Y111.433 E.01531
G1 X109.316 Y111.145 E.02161
G1 X109.472 Y110.825 E.0289
G1 X109.633 Y110.562 E.03521
G1 X109.847 Y110.278 E.04249
G1 X110.053 Y110.053 E.04874
G1 X110.278 Y109.847 E.05499
G1 X110.562 Y109.633 E.06227
G1 X110.825 Y109.472 E.06858
G1 X111.148 Y109.314 E.07594
G1 X111.485 Y109.191 E.08329
G1 X111.783 Y109.114 E.08959
G1 X112.138 Y109.058 E.09695
G1 X112.489 Y109.039 E.10415
G1 X112.804 Y109.053 E.11061
G1 X113.16 Y109.103 E.11797
G1 X113.509 Y109.19 E.12534
G1 X113.799 Y109.292 E.13163
G1 X114.125 Y109.444 E.139
G1 X114.435 Y109.631 E.14641
G1 X114.722 Y109.847 E.15377
G1 X114.947 Y110.053 E.16002
G1 X115.153 Y110.278 E.16627
G1 X115.369 Y110.565 E.17363
G1 X115.555 Y110.875 E.18103
G1 X115.704 Y111.193 E.18822
G1 X115.81 Y111.49 E.19468
G1 X115.897 Y111.84 E.20207
G1 X115.947 Y112.195 E.20941
G1 X115.961 Y112.503 E.21572
G1 X115.942 Y112.862 E.22308
G1 X115.885 Y113.22 E.2305
G1 X115.792 Y113.567 E.23786
G1 X115.684 Y113.855 E.24416
G1 X115.528 Y114.175 E.25145
G1 X115.367 Y114.438 E.25776
G1 X115.153 Y114.722 E.26504
G1 X114.947 Y114.947 E.27129
G1 X114.722 Y115.153 E.27754
G1 X114.436 Y115.369 E.28488
G1 X114.135 Y115.55 E.29207
G1 X113.85 Y115.686 E.29854
G1 X113.512 Y115.81 E.30591
G1 X113.16 Y115.897 E.31333
G1 X112.805 Y115.947 E.32067
G1 X112.497 Y115.961 E.32698
G1 X112.15 Y115.943 E.3341
G1 X111.837 Y115.897 E.34058
G1 X111.488 Y115.81 E.34795
G1 X111.148 Y115.686 E.35536
G1 X110.825 Y115.528 E.36272
G1 X110.563 Y115.368 E.36901
G1 X110.284 Y115.158 E.37616
G1 X110.053 Y114.947 E.38257
G1 X109.847 Y114.722 E.38882
G1 X109.631 Y114.436 E.39616
G1 X109.45 Y114.135 E.40335
G1 X109.314 Y113.85 E.40982
G1 X109.19 Y113.512 E.41719
G1 X109.103 Y113.161 E.42459
G1 X109.054 Y112.813 E.43179
G1 X109.039 Y112.498 E.43825
G1 X109.054 Y112.224 E.44387
G1 X109.054 Y112.224 F7800
G1 X109.311 Y112.178
G1 F1200
G1 X109.312 Y112.165 E.44414
G1 X109.365 Y111.834 E.451
G1 X109.451 Y111.511 E.45784
G1 X109.55 Y111.246 E.46363
G1 X109.696 Y110.948 E.47043
G1 X109.844 Y110.706 E.47624
G1 X110.043 Y110.441 E.48303
G1 X110.441 Y110.043 E.49456
G1 X110.706 Y109.844 E.50135
G1 X110.948 Y109.696 E.50716
G1 X111.247 Y109.549 E.51398
G1 X111.561 Y109.435 E.52082
G1 X111.835 Y109.364 E.52662
G1 X112.165 Y109.312 E.53346
G1 X112.49 Y109.295 E.54012
G1 X112.781 Y109.307 E.54608
G1 X113.112 Y109.353 E.55292
G1 X113.435 Y109.434 E.55974
G1 X113.702 Y109.529 E.56554
G1 X114.005 Y109.67 E.57238
G1 X114.293 Y109.843 E.57926
G1 X114.559 Y110.043 E.58607
G1 X114.957 Y110.441 E.5976
G1 X115.157 Y110.708 E.60443
G1 X115.33 Y110.995 E.61129
G1 X115.468 Y111.29 E.61796
G1 X115.566 Y111.564 E.62392
G1 X115.647 Y111.888 E.63076
G1 X115.693 Y112.219 E.6376
G1 X115.705 Y112.502 E.6434
G1 X115.688 Y112.835 E.65023
G1 X115.635 Y113.166 E.65709
G1 X115.549 Y113.489 E.66393
G1 X115.45 Y113.754 E.66972
G1 X115.304 Y114.052 E.67652
G1 X115.156 Y114.294 E.68233
G1 X114.957 Y114.559 E.68912
G1 X114.559 Y114.957 E.70065
G1 X114.293 Y115.157 E.70746
G1 X114.014 Y115.325 E.71413
G1 X113.751 Y115.451 E.7201
G1 X113.437 Y115.565 E.72694
G1 X113.112 Y115.647 E.7338
G1 X112.781 Y115.693 E.74064
G1 X112.498 Y115.705 E.74644
G1 X112.175 Y115.689 E.75306
G1 X111.887 Y115.646 E.75902
G1 X111.563 Y115.565 E.76586
G1 X111.248 Y115.451 E.77272
G1 X110.948 Y115.304 E.77956
G1 X110.706 Y115.157 E.78536
G1 X110.447 Y114.962 E.792
G1 X110.234 Y114.767 E.79791
G1 X110.043 Y114.559 E.80369
G1 X109.843 Y114.293 E.8105
G1 X109.675 Y114.014 E.81717
G1 X109.549 Y113.751 E.82314
G1 X109.435 Y113.437 E.82998
G1 X109.353 Y113.112 E.83684
G1 X109.308 Y112.789 E.84352
G1 X109.295 Y112.499 E.84946
G1 X109.308 Y112.238 E.85481
G1 X109.308 Y112.238 F7800
G1 X109.565 Y112.217
;TYPE:External perimeter
G1 F1200
G1 X109.566 Y112.192 E.85532
G1 X109.614 Y111.887 E.86164
G1 X109.694 Y111.589 E.86796
G1 X109.785 Y111.347 E.87325
G1 X109.919 Y111.07 E.87955
G1 X110.055 Y110.85 E.88485
G1 X110.24 Y110.604 E.89115
G1 X110.604 Y110.24 E.90169
G1 X110.85 Y110.055 E.90799
G1 X111.07 Y109.919 E.91329
G1 X111.347 Y109.784 E.9196
G1 X111.637 Y109.679 E.92592
G1 X111.887 Y109.614 E.93121
G1 X112.192 Y109.566 E.93753
G1 X112.492 Y109.55 E.94368
G1 X112.758 Y109.561 E.94913
G1 X113.063 Y109.604 E.95544
G1 X113.362 Y109.679 E.96175
G1 X113.606 Y109.765 E.96705
G1 X113.885 Y109.895 E.97335
G1 X114.15 Y110.054 E.97968
G1 X114.396 Y110.24 E.986
G1 X114.76 Y110.604 E.99654
G1 X114.946 Y110.85 E1.00286
G1 X115.105 Y111.115 E1.00919
G1 X115.232 Y111.387 E1.01534
G1 X115.321 Y111.638 E1.02079
G1 X115.396 Y111.937 E1.0271
G1 X115.439 Y112.242 E1.03341
G1 X115.45 Y112.501 E1.03872
G1 X115.434 Y112.808 E1.04501
G1 X115.386 Y113.113 E1.05133
G1 X115.306 Y113.411 E1.05765
G1 X115.215 Y113.653 E1.06294
G1 X115.081 Y113.93 E1.06924
G1 X114.945 Y114.15 E1.07454
G1 X114.76 Y114.396 E1.08084
G1 X114.396 Y114.76 E1.09138
G1 X114.15 Y114.946 E1.0977
G1 X113.892 Y115.101 E1.10386
G1 X113.652 Y115.216 E1.10931
G1 X113.363 Y115.321 E1.11561
G1 X113.063 Y115.396 E1.12194
G1 X112.758 Y115.439 E1.12825
G1 X112.499 Y115.45 E1.13356
G1 X112.2 Y115.435 E1.13969
G1 X111.937 Y115.396 E1.14513
G1 X111.637 Y115.321 E1.15146
G1 X111.347 Y115.216 E1.15778
G1 X111.07 Y115.081 E1.16409
G1 X110.85 Y114.945 E1.16939
G1 X110.61 Y114.765 E1.17553
G1 X110.24 Y114.396 E1.18623
G1 X110.054 Y114.15 E1.19255
G1 X109.899 Y113.892 E1.19871
G1 X109.784 Y113.652 E1.20416
G1 X109.679 Y113.363 E1.21046
G1 X109.604 Y113.063 E1.21679
G1 X109.562 Y112.766 E1.22293
G1 X109.55 Y112.499 E1.2284
G1 X109.561 Y112.277 E1.23295
G1 X109.622 Y111.881 F7800
G1 E-.76705 F2400
G92 E0
G1 Z2.28 F7800
G1 X116.84 Y116.84
G1 Z1.88
G1 E2 F2400
;TYPE:Perimeter
G1 F1200
G1 X108.16 Y116.84 E2.17774
G1 X108.16 Y108.16 E2.35548
G1 X116.84 Y108.16 E2.53322
G1 X116.84 Y116.78 E2.70973
G1 X116.84 Y116.78 F7800
G1 X117.095 Y117.095
G1 F1200
G1 X107.905 Y117.095 E2.89791
G1 X107.905 Y107.905 E3.08609
G1 X117.095 Y107.905 E3.27427
G1 X117.095 Y117.035 E3.46123
G1 X117.35 Y117.35 F7800
;TYPE:External perimeter
G1 F1200
G1 X107.65 Y117.35 E3.65986
G1 X107.65 Y107.65 E3.85849
G1 X117.35 Y107.65 E4.05712
G1 X117.35 Y117.29 E4.25452
G1 X116.954 Y117.349 F7800
G1 E2.25452 F2400
G92 E0
G1 Z2.28 F7800
G1 X108.375 Y116.538
G1 Z1.88
G1 E2 F2400
;TYPE:Solid infill
;WIDTH:0.219999
G1 X108.375 Y108.375 E2.1147
G1 X116.625 Y108.375 E2.23062
G1 X116.625 Y116.625 E2.34654
G1 X108.375 Y116.625 E2.46246
G1 E.46246
G92 E0
G1 X108.375 Y116.625 Z2.28 F7800
G1 X108.753 Y113.937
G1 Z1.88
G1 E2 F2400
G1 X108.811 Y114.108 E2.00254
G1 X109.188 Y114.785 E2.01343
G1 X109.685 Y115.375 E2.02427
G1 X110.282 Y115.857 E2.03505
G1 X110.889 Y116.187 E2.04476
G1 X111.146 Y116.275 E2.04858
G1 X108.725 Y116.275 E2.0826
G1 X108.725 Y113.854 E2.11662
G1 X108.725 Y113.854 F7800
G1 X108.833 Y112.593
G1 F2400
G1 X108.894 Y113.211 E2.12535
G1 X109.119 Y113.941 E2.13608
G1 X109.458 Y114.563 E2.14603
G1 X109.908 Y115.105 E2.15593
G1 X110.449 Y115.55 E2.16577
G1 X111.072 Y115.887 E2.17572
G1 X111.804 Y116.109 E2.18647
G1 X112.505 Y116.175 E2.19636
G1 X113.21 Y116.106 E2.20631
G1 X113.941 Y115.881 E2.21706
G1 X114.563 Y115.542 E2.22701
G1 X115.105 Y115.093 E2.2369
G1 X115.55 Y114.551 E2.24675
G1 X115.885 Y113.932 E2.25664
G1 X116.097 Y113.255 E2.26661
G1 X116.175 Y112.495 E2.27734
G1 X116.106 Y111.79 E2.28729
G1 X115.9 Y111.103 E2.29737
G1 X115.542 Y110.438 E2.30798
G1 X115.099 Y109.901 E2.31776
G1 X114.548 Y109.448 E2.32778
G1 X113.872 Y109.09 E2.33853
G1 X113.193 Y108.89 E2.34848
G1 X112.479 Y108.825 E2.35855
G1 X111.731 Y108.906 E2.36912
G1 X111.056 Y109.12 E2.37907
G1 X110.435 Y109.46 E2.38902
G1 X109.895 Y109.907 E2.39887
G1 X109.45 Y110.449 E2.40872
G1 X109.115 Y111.068 E2.41861
G1 X108.903 Y111.745 E2.42858
G1 X108.825 Y112.506 E2.43933
G1 E.43933
G92 E0
G1 X108.825 Y112.506 Z2.28 F7800
G1 X108.9 Y114.637
G1 Z1.88
G1 E2 F2400
G1 X108.9 Y116.1 E2.02056
G1 X110.363 Y116.1 E2.04112
G1 X110.101 Y115.945 E2.0454
G1 X109.574 Y115.51 E2.055
G1 X109.053 Y114.897 E2.0663
G1 X108.944 Y114.713 E2.06931
G1 X108.944 Y114.713 F7800
G1 X109.075 Y115.197
G1 F2400
G1 X109.075 Y115.925 E2.07954
G1 X109.802 Y115.925 E2.08976
G1 X109.406 Y115.594 E2.09701
G1 X109.131 Y115.265 E2.10304
G1 X109.131 Y115.265 F7800
G1 X109.262 Y115.705
;WIDTH:0.258698
G1 F2400
G1 X109.25 Y115.75 E2.10384
G1 X109.295 Y115.738 E2.10464
G1 X109.288 Y115.712 E2.1051
G1 E.1051
G92 E0
G1 X109.288 Y115.712 Z2.28 F7800
G1 X111.779 Y116.366
G1 Z1.88
G1 E2 F2400
;WIDTH:0.387692
G1 X112.123 Y116.383 E2.00948
;WIDTH:0.354407
G1 X112.467 Y116.4 E2.01804
;WIDTH:0.354044
G1 X112.842 Y116.383 E2.02736
;WIDTH:0.386966
G1 X113.218 Y116.367 E2.0377
;WIDTH:0.390628
G1 X113.325 Y116.329 E2.04085
;WIDTH:0.363761
G1 X113.558 Y116.231 E2.04732
;WIDTH:0.315841
G1 X113.791 Y116.133 E2.05282
;WIDTH:0.26792
G1 X114.025 Y116.035 E2.05736
;WIDTH:0.219999
G1 X114.674 Y115.677 E2.06777
G1 X115.24 Y115.204 E2.07813
G1 X115.703 Y114.635 E2.08844
G1 X116.052 Y113.984 E2.09882
;WIDTH:0.264952
G1 X116.129 Y113.809 E2.1022
;WIDTH:0.309905
G1 X116.206 Y113.634 E2.10627
;WIDTH:0.354858
G1 X116.283 Y113.458 E2.11105
;WIDTH:0.39981
G1 X116.36 Y113.283 E2.1165
G1 X116.377 Y113.354 E2.11858
;WIDTH:0.367495
G1 X116.401 Y113.585 E2.12459
;WIDTH:0.31833
G1 X116.426 Y113.815 E2.12967
;WIDTH:0.269165
G1 X116.45 Y114.046 E2.13385
;WIDTH:0.219999
G1 X116.45 Y116.45 E2.16763
G1 X114.035 Y116.45 E2.20156
;WIDTH:0.262657
G1 X113.838 Y116.429 E2.20502
;WIDTH:0.305314
G1 X113.64 Y116.408 E2.20918
;WIDTH:0.347971
G1 X113.442 Y116.386 E2.21403
;WIDTH:0.390628
G1 X113.245 Y116.365 E2.21953
G1 X113.245 Y116.365 F7800
G1 X113.854 Y116.275
;WIDTH:0.219999
G1 F2400
G1 X116.275 Y116.275 E2.25355
G1 X116.275 Y113.858 E2.28751
G1 X116.186 Y114.114 E2.29132
G1 X115.857 Y114.718 E2.30098
G1 X115.374 Y115.316 E2.31178
G1 X114.785 Y115.812 E2.3226
G1 X114.108 Y116.189 E2.33349
G1 X113.937 Y116.247 E2.33603
G1 X113.937 Y116.247 F7800
G1 X114.637 Y116.1
G1 F2400
G1 X116.1 Y116.1 E2.35659
G1 X116.1 Y114.637 E2.37715
G1 X115.945 Y114.899 E2.38143
G1 X115.509 Y115.427 E2.39105
G1 X114.897 Y115.947 E2.40233
G1 X114.713 Y116.056 E2.40534
G1 X114.713 Y116.056 F7800
G1 X115.197 Y115.925
G1 F2400
G1 X115.925 Y115.925 E2.41557
G1 X115.925 Y115.198 E2.42579
G1 X115.594 Y115.594 E2.43304
G1 X115.265 Y115.869 E2.43907
G1 X115.265 Y115.869 F7800
G1 X115.724 Y115.705
;WIDTH:0.258726
G1 F2400
G1 X115.712 Y115.75 E2.43987
G1 X115.757 Y115.738 E2.44067
G1 X115.75 Y115.712 E2.44113
G1 E.44113
G92 E0
G1 X115.75 Y115.712 Z2.28 F7800
G1 X116.36 Y113.283
G1 Z1.88
G1 E2 F2400
;WIDTH:0.39981
G1 X116.38 Y112.91 E2.01064
;WIDTH:0.360587
G1 X116.4 Y112.536 E2.02013
;WIDTH:0.354166
G1 X116.383 Y112.159 E2.0295
;WIDTH:0.386968
G1 X116.367 Y111.782 E2.03986
;WIDTH:0.390632
G1 X116.365 Y111.755 E2.04061
G1 E.04061
G92 E0
G1 X116.365 Y111.755 Z2.28 F7800
G1 X108.623 Y111.646
G1 Z1.88
G1 E2 F2400
;WIDTH:0.399798
G1 X108.64 Y111.717 E2.00208
G1 X108.717 Y111.542 E2.00753
;WIDTH:0.354849
G1 X108.794 Y111.366 E2.01231
;WIDTH:0.309899
G1 X108.871 Y111.191 E2.01638
;WIDTH:0.264949
G1 X108.948 Y111.016 E2.01976
;WIDTH:0.219999
G1 X109.297 Y110.365 E2.03014
G1 X109.76 Y109.796 E2.04045
G1 X110.324 Y109.325 E2.05077
G1 X110.972 Y108.966 E2.06118
;WIDTH:0.260293
G1 X111.143 Y108.89 E2.06442
;WIDTH:0.300586
G1 X111.313 Y108.814 E2.06824
;WIDTH:0.340879
G1 X111.484 Y108.738 E2.07269
;WIDTH:0.381172
G1 X111.654 Y108.662 E2.07772
;WIDTH:0.402642
G1 X111.696 Y108.641 E2.07907
G1 X111.512 Y108.618 E2.0844
;WIDTH:0.356982
G1 X111.327 Y108.595 E2.08907
;WIDTH:0.311321
G1 X111.143 Y108.573 E2.09303
;WIDTH:0.26566
G1 X110.958 Y108.55 E2.09633
;WIDTH:0.219999
G1 X108.55 Y108.55 E2.13017
G1 X108.55 Y110.954 E2.16395
;WIDTH:0.262974
G1 X108.571 Y111.156 E2.1675
;WIDTH:0.305949
G1 X108.593 Y111.357 E2.17174
;WIDTH:0.348923
G1 X108.614 Y111.559 E2.1767
;WIDTH:0.374361
G1 X108.627 Y111.638 E2.17882
;WIDTH:0.399798
G1 X108.64 Y111.717 E2.1811
G1 X108.62 Y112.091 E2.19177
;WIDTH:0.36056
G1 X108.6 Y112.464 E2.20124
;WIDTH:0.3542
G1 X108.617 Y112.841 E2.21061
;WIDTH:0.387078
G1 X108.633 Y113.218 E2.22098
;WIDTH:0.39073
G1 X108.614 Y113.443 E2.22725
;WIDTH:0.348048
G1 X108.592 Y113.64 E2.23207
;WIDTH:0.305365
G1 X108.571 Y113.838 E2.23623
;WIDTH:0.262682
G1 X108.55 Y114.035 E2.23969
;WIDTH:0.219999
G1 X108.55 Y116.45 E2.27362
G1 X110.962 Y116.45 E2.30751
;WIDTH:0.266084
G1 X111.211 Y116.427 E2.31195
;WIDTH:0.312169
G1 X111.46 Y116.404 E2.31731
;WIDTH:0.358253
G1 X111.709 Y116.381 E2.3236
;WIDTH:0.387692
G1 X111.779 Y116.366 E2.32557
G1 X111.59 Y116.288 E2.3312
;WIDTH:0.345769
G1 X111.4 Y116.21 E2.33616
;WIDTH:0.303846
G1 X111.211 Y116.132 E2.34041
;WIDTH:0.261923
G1 X111.021 Y116.054 E2.34399
;WIDTH:0.219999
G1 X110.366 Y115.704 E2.35443
G1 X109.796 Y115.24 E2.36476
G1 X109.323 Y114.674 E2.37512
G1 X108.965 Y114.025 E2.38553
;WIDTH:0.267946
G1 X108.867 Y113.791 E2.39007
;WIDTH:0.315892
G1 X108.769 Y113.558 E2.39557
;WIDTH:0.363839
G1 X108.671 Y113.325 E2.40204
G1 E.40204
G92 E0
G1 Z2.28 F7800
G1 X108.725 Y111.142
G1 Z1.88
G1 E2 F2400
;WIDTH:0.219999
G1 X108.814 Y110.886 E2.00381
G1 X109.143 Y110.282 E2.01347
G1 X109.626 Y109.684 E2.02427
G1 X110.212 Y109.19 E2.03504
G1 X110.889 Y108.813 E2.04593
G1 X111.142 Y108.725 E2.04969
G1 X108.725 Y108.725 E2.08365
G1 X108.725 Y111.055 E2.11639
G1 X108.725 Y111.055 F7800
G1 X108.9 Y110.363
G1 F2400
G1 X109.055 Y110.101 E2.12067
G1 X109.491 Y109.573 E2.13029
G1 X110.101 Y109.055 E2.14153
G1 X110.363 Y108.9 E2.14581
G1 X108.9 Y108.9 E2.16637
G1 X108.9 Y110.275 E2.18569
G1 X108.9 Y110.275 F7800
G1 X109.075 Y109.802
G1 F2400
G1 X109.406 Y109.406 E2.19294
G1 X109.802 Y109.075 E2.20019
G1 X109.075 Y109.075 E2.21041
G1 X109.075 Y109.715 E2.2194
G1 X109.075 Y109.715 F7800
G1 X109.262 Y109.243
;WIDTH:0.258714
G1 F2400
G1 X109.25 Y109.288 E2.2202
G1 X109.295 Y109.276 E2.221
G1 X109.288 Y109.25 E2.22146
G1 E.22146
G92 E0
G1 X109.288 Y109.25 Z2.28 F7800
G1 X111.696 Y108.641
G1 Z1.88
G1 E2 F2400
;WIDTH:0.402642
G1 X111.72 Y108.639 E2.00069
;WIDTH:0.399292
G1 X112.119 Y108.62 E2.01206
;WIDTH:0.360193
G1 X112.517 Y108.6 E2.02215
;WIDTH:0.354001
G1 X112.867 Y108.617 E2.03085
;WIDTH:0.386908
G1 X113.217 Y108.633 E2.04047
G1 X113.393 Y108.706 E2.0457
;WIDTH:0.345181
G1 X113.57 Y108.778 E2.05031
;WIDTH:0.303454
G1 X113.746 Y108.85 E2.05426
;WIDTH:0.261727
G1 X113.922 Y108.923 E2.05758
;WIDTH:0.219999
G1 X114.63 Y109.293 E2.0688
G1 X115.223 Y109.777 E2.07956
G1 X115.677 Y110.326 E2.08957
G1 X116.054 Y111.021 E2.10068
;WIDTH:0.258286
G1 X116.127 Y111.195 E2.10391
;WIDTH:0.296573
G1 X116.201 Y111.37 E2.10775
;WIDTH:0.33486
G1 X116.274 Y111.544 E2.11214
;WIDTH:0.373147
G1 X116.347 Y111.718 E2.11711
;WIDTH:0.390632
G1 X116.365 Y111.755 E2.11825
G1 X116.386 Y111.57 E2.12342
;WIDTH:0.347974
G1 X116.408 Y111.385 E2.12795
;WIDTH:0.305316
G1 X116.429 Y111.2 E2.13184
;WIDTH:0.262658
G1 X116.45 Y111.015 E2.13509
;WIDTH:0.219999
G1 X116.45 Y108.55 E2.16973
G1 X113.976 Y108.55 E2.20449
;WIDTH:0.264947
G1 X113.752 Y108.572 E2.20847
;WIDTH:0.309895
G1 X113.527 Y108.595 E2.21328
;WIDTH:0.354843
G1 X113.303 Y108.617 E2.21888
G1 X113.303 Y108.617 F7800
G1 X113.869 Y108.725
;WIDTH:0.219999
G1 F2400
G1 X114.712 Y109.139 E2.23208
G1 X115.346 Y109.654 E2.24356
G1 X115.812 Y110.215 E2.25381
G1 X116.208 Y110.939 E2.26541
G1 X116.275 Y111.133 E2.26829
G1 X116.275 Y108.725 E2.30213
G1 X113.957 Y108.725 E2.3347
G1 X113.957 Y108.725 F7800
G1 X114.635 Y108.9
G1 F2400
G1 X114.896 Y109.053 E2.33895
G1 X115.47 Y109.53 E2.34944
G1 X115.947 Y110.104 E2.35993
G1 X116.1 Y110.365 E2.36418
G1 X116.1 Y108.9 E2.38476
G1 X114.722 Y108.9 E2.40412
G1 X114.722 Y108.9 F7800
G1 X115.197 Y109.075
G1 F2400
G1 X115.594 Y109.406 E2.41138
G1 X115.925 Y109.803 E2.41864
G1 X115.925 Y109.075 E2.42887
G1 X115.285 Y109.075 E2.43786
G1 X115.285 Y109.075 F7800
G1 X115.724 Y109.243
;WIDTH:0.25872
G1 F2400
G1 X115.712 Y109.288 E2.43866
G1 X115.757 Y109.276 E2.43946
G1 X115.75 Y109.25 E2.43992
;LAYER_CHANGE
;Z:2.09
;HEIGHT:0.21
G1 Z2.09 F7800
G1 E.43992 F2400
G92 E0
G1 Z2.49 F7800
G1 X109.057 Y112.164
G1 Z2.09
G1 E2 F2400
G92 E0
;TYPE:Perimeter
;WIDTH:0.3
G1 F1200
G1 X109.058 Y112.141 E.00047
G1 X109.104 Y111.837 E.00677
G1 X109.19 Y111.489 E.01411
G1 X109.309 Y111.16 E.02127
G1 X109.445 Y110.873 E.02777
G1 X109.631 Y110.565 E.03514
G1 X109.847 Y110.278 E.0425
G1 X110.055 Y110.051 E.0488
G1 X110.312 Y109.819 E.05589
G1 X110.567 Y109.63 E.06239
G1 X110.873 Y109.446 E.0697
G1 X111.151 Y109.313 E.07601
G1 X111.485 Y109.191 E.08329
G1 X111.783 Y109.114 E.08959
G1 X112.138 Y109.058 E.09695
G1 X112.486 Y109.039 E.10409
G1 X112.804 Y109.053 E.11061
G1 X113.16 Y109.103 E.11797
G1 X113.509 Y109.19 E.12534
G1 X113.799 Y109.292 E.13163
G1 X114.124 Y109.444 E.13898
G1 X114.424 Y109.623 E.14613
G1 X114.68 Y109.812 E.15265
G1 X114.947 Y110.053 E.16002
G1 X115.189 Y110.322 E.16743
G1 X115.395 Y110.604 E.17458
G1 X115.557 Y110.877 E.18108
G1 X115.709 Y111.204 E.18846
G1 X115.826 Y111.543 E.1958
G1 X115.898 Y111.842 E.2021
G1 X115.947 Y112.195 E.2094
G1 X115.961 Y112.503 E.21571
G1 X115.942 Y112.859 E.22301
G1 X115.896 Y113.163 E.22931
G1 X115.81 Y113.511 E.23665
G1 X115.691 Y113.84 E.24381
G1 X115.555 Y114.127 E.25031
G1 X115.369 Y114.435 E.25768
G1 X115.153 Y114.722 E.26504
G1 X114.945 Y114.949 E.27134
G1 X114.68 Y115.188 E.27865
G1 X114.433 Y115.371 E.28494
G1 X114.125 Y115.555 E.29229
G1 X113.809 Y115.703 E.29944
G1 X113.51 Y115.81 E.30594
G1 X113.16 Y115.897 E.31333
G1 X112.805 Y115.947 E.32067
G1 X112.497 Y115.961 E.32698
G1 X112.141 Y115.942 E.33428
G1 X111.837 Y115.896 E.34058
G1 X111.489 Y115.81 E.34792
G1 X111.16 Y115.691 E.35508
G1 X110.873 Y115.555 E.36158
G1 X110.565 Y115.369 E.36895
G1 X110.278 Y115.153 E.37631
G1 X110.051 Y114.945 E.38261
G1 X109.81 Y114.678 E.38998
G1 X109.598 Y114.385 E.39739
G1 X109.418 Y114.074 E.40475
G1 X109.29 Y113.794 E.41105
G1 X109.177 Y113.467 E.41813
G1 X109.103 Y113.158 E.42464
G1 X109.053 Y112.805 E.43194
G1 X109.039 Y112.497 E.43825
G1 X109.054 Y112.224 E.44385
G1 X109.054 Y112.224 F7800
G1 X109.311 Y112.179
G1 F1200
G1 X109.312 Y112.167 E.4441
G1 X109.354 Y111.887 E.4499
G1 X109.435 Y111.563 E.45674
G1 X109.545 Y111.259 E.46336
G1 X109.67 Y110.994 E.46936
G1 X109.843 Y110.707 E.47622
G1 X110.043 Y110.441 E.48303
G1 X110.235 Y110.232 E.48884
G1 X110.473 Y110.017 E.49541
G1 X110.709 Y109.842 E.50143
G1 X110.994 Y109.671 E.50824
G1 X111.249 Y109.549 E.51403
G1 X111.561 Y109.435 E.52083
G1 X111.835 Y109.364 E.52663
G1 X112.165 Y109.312 E.53347
G1 X112.488 Y109.295 E.54009
G1 X112.781 Y109.307 E.54609
G1 X113.112 Y109.353 E.55293
G1 X113.435 Y109.434 E.55975
G1 X113.702 Y109.529 E.56555
G1 X114.005 Y109.67 E.57239
G1 X114.282 Y109.836 E.579
G1 X114.518 Y110.01 E.585
G1 X114.767 Y110.233 E.59184
G1 X114.991 Y110.483 E.59871
G1 X115.182 Y110.744 E.60533
G1 X115.331 Y110.996 E.61132
G1 X115.472 Y111.299 E.61816
G1 X115.581 Y111.615 E.625
G1 X115.647 Y111.89 E.63079
G1 X115.693 Y112.219 E.63759
G1 X115.705 Y112.502 E.64339
G1 X115.688 Y112.833 E.65018
G1 X115.646 Y113.113 E.65598
G1 X115.565 Y113.437 E.66282
G1 X115.455 Y113.741 E.66944
G1 X115.33 Y114.006 E.67544
G1 X115.157 Y114.293 E.6823
G1 X114.957 Y114.559 E.68911
G1 X114.765 Y114.768 E.69492
G1 X114.519 Y114.99 E.70171
G1 X114.291 Y115.158 E.70751
G1 X114.005 Y115.33 E.71434
G1 X113.712 Y115.467 E.72096
G1 X113.436 Y115.566 E.72696
G1 X113.112 Y115.647 E.7338
G1 X112.781 Y115.693 E.74064
G1 X112.498 Y115.705 E.74644
G1 X112.167 Y115.688 E.75323
G1 X111.887 Y115.646 E.75903
G1 X111.563 Y115.565 E.76587
G1 X111.259 Y115.455 E.77249
G1 X110.994 Y115.33 E.77849
G1 X110.707 Y115.157 E.78535
G1 X110.441 Y114.957 E.79216
G1 X110.232 Y114.765 E.79797
G1 X110.009 Y114.517 E.8048
G1 X109.812 Y114.246 E.81166
G1 X109.645 Y113.957 E.81849
G1 X109.527 Y113.699 E.8243
G1 X109.422 Y113.395 E.83089
G1 X109.353 Y113.11 E.83689
G1 X109.307 Y112.781 E.84369
G1 X109.295 Y112.498 E.84949
G1 X109.308 Y112.239 E.8548
G1 X109.308 Y112.239 F7800
G1 X109.565 Y112.218
;TYPE:External perimeter
G1 F1200
G1 X109.566 Y112.192 E.85533
G1 X109.604 Y111.936 E.86063
G1 X109.679 Y111.638 E.86692
G1 X109.78 Y111.357 E.87303
G1 X109.895 Y111.115 E.87852
G1 X110.054 Y110.85 E.88485
G1 X110.24 Y110.604 E.89117
G1 X110.414 Y110.414 E.89645
G1 X110.635 Y110.214 E.90255
G1 X110.851 Y110.054 E.90805
G1 X111.114 Y109.895 E.91434
G1 X111.348 Y109.784 E.91964
G1 X111.637 Y109.679 E.92594
G1 X111.887 Y109.614 E.93123
G1 X112.192 Y109.566 E.93755
G1 X112.489 Y109.55 E.94364
G1 X112.758 Y109.561 E.94915
G1 X113.063 Y109.604 E.95546
G1 X113.362 Y109.679 E.96177
G1 X113.606 Y109.765 E.96707
G1 X113.885 Y109.895 E.97337
G1 X114.141 Y110.048 E.97948
G1 X114.357 Y110.208 E.98498
G1 X114.586 Y110.414 E.99129
G1 X114.793 Y110.643 E.99761
G1 X114.968 Y110.884 E1.00371
G1 X115.105 Y111.115 E1.00921
G1 X115.235 Y111.395 E1.01553
G1 X115.336 Y111.686 E1.02184
G1 X115.396 Y111.938 E1.02714
G1 X115.439 Y112.242 E1.03343
G1 X115.45 Y112.501 E1.03874
G1 X115.434 Y112.808 E1.04503
G1 X115.396 Y113.064 E1.05033
G1 X115.321 Y113.362 E1.05662
G1 X115.22 Y113.643 E1.06273
G1 X115.105 Y113.885 E1.06822
G1 X114.946 Y114.15 E1.07455
G1 X114.76 Y114.396 E1.08087
G1 X114.586 Y114.587 E1.08616
G1 X114.357 Y114.792 E1.09245
G1 X114.149 Y114.946 E1.09775
G1 X113.885 Y115.105 E1.10406
G1 X113.615 Y115.231 E1.11016
G1 X113.362 Y115.321 E1.11566
G1 X113.063 Y115.396 E1.12197
G1 X112.758 Y115.439 E1.12828
G1 X112.499 Y115.45 E1.13359
G1 X112.192 Y115.434 E1.13988
G1 X111.936 Y115.396 E1.14518
G1 X111.638 Y115.321 E1.15147
G1 X111.357 Y115.22 E1.15758
G1 X111.115 Y115.105 E1.16307
G1 X110.85 Y114.946 E1.1694
G1 X110.604 Y114.76 E1.17572
G1 X110.413 Y114.586 E1.18101
G1 X110.207 Y114.357 E1.18732
G1 X110.026 Y114.107 E1.19364
G1 X109.872 Y113.84 E1.19995
G1 X109.764 Y113.605 E1.20525
G1 X109.667 Y113.323 E1.21136
G1 X109.604 Y113.062 E1.21686
G1 X109.561 Y112.758 E1.22315
G1 X109.55 Y112.499 E1.22846
G1 X109.561 Y112.278 E1.23299
G1 X109.623 Y111.883 F7800
G1 E-.76701 F2400
G92 E0
G1 Z2.49 F7800
G1 X116.84 Y116.84
G1 Z2.09
G1 E2 F2400
;TYPE:Perimeter
G1 F1200
G1 X108.16 Y116.84 E2.17774
G1 X108.16 Y108.16 E2.35548
G1 X116.84 Y108.16 E2.53322
G1 X116.84 Y116.78 E2.70973
G1 X116.84 Y116.78 F7800
G1 X117.095 Y117.095
G1 F1200
G1 X107.905 Y117.095 E2.89791
G1 X107.905 Y107.905 E3.08609
G1 X117.095 Y107.905 E3.27427
G1 X117.095 Y117.035 E3.46123
G1 X117.35 Y117.35 F7800
;TYPE:External perimeter
G1 F1200
G1 X107.65 Y117.35 E3.65986
G1 X107.65 Y107.65 E3.85849
G1 X117.35 Y107.65 E4.05712
G1 X117.35 Y117.29 E4.25452
G1 X116.954 Y117.349 F7800
G1 X116.35 Y116.704
;TYPE:Top solid infill
;WIDTH:0.22029
G1 F2400
G1 X116.625 Y116.428 E4.26
G1 X116.625 Y116.181 E4.26348
G1 X116.181 Y116.625 E4.27232
G1 X115.933 Y116.625 E4.27581
G1 X116.625 Y115.933 E4.28958
G1 X116.625 Y115.685 E4.29307
G1 X115.685 Y116.625 E4.31178
G1 X115.437 Y116.625 E4.31527
G1 X116.625 Y115.437 E4.33892
G1 X116.625 Y115.189 E4.34241
G1 X115.189 Y116.625 E4.37099
G1 X114.942 Y116.625 E4.37447
G1 X116.625 Y114.942 E4.40797
G1 X116.625 Y114.694 E4.41146
G1 X114.694 Y116.625 E4.4499
G1 X114.446 Y116.625 E4.45339
G1 X116.625 Y114.446 E4.49676
G1 X116.625 Y114.198 E4.50025
G1 X114.198 Y116.625 E4.54856
G1 X113.95 Y116.625 E4.55205
G1 X116.625 Y113.95 E4.60529
G1 X116.625 Y113.703 E4.60877
G1 X113.703 Y116.625 E4.66693
G1 X113.455 Y116.625 E4.67042
G1 X114.498 Y115.582 E4.69118
G1 X114.816 Y115.354 E4.69669
G1 X115.096 Y115.102 E4.70199
G1 X115.318 Y114.86 E4.70661
G1 X115.582 Y114.498 E4.71292
G1 X116.625 Y113.455 E4.73368
G1 X116.625 Y113.207 E4.73717
G1 X115.871 Y113.961 E4.75218
G1 X116.017 Y113.567 E4.75809
G1 X116.625 Y112.959 E4.77019
G1 X116.625 Y112.711 E4.77368
G1 X116.1 Y113.237 E4.78414
G1 X116.147 Y112.942 E4.78834
G1 X116.625 Y112.464 E4.79785
G1 X116.625 Y112.216 E4.80134
G1 X116.167 Y112.674 E4.81046
G1 X116.172 Y112.421 E4.81402
G1 X116.625 Y111.968 E4.82304
G1 X116.625 Y111.72 E4.82653
G1 X116.162 Y112.184 E4.83576
G1 X116.132 Y111.966 E4.83886
G1 X116.625 Y111.472 E4.84868
G1 X116.625 Y111.224 E4.85217
G1 X116.097 Y111.753 E4.86269
G1 X116.049 Y111.553 E4.86558
G1 X116.625 Y110.977 E4.87704
G1 X116.625 Y110.729 E4.88053
G1 X115.991 Y111.363 E4.89315
G1 X115.928 Y111.179 E4.89589
G1 X116.625 Y110.481 E4.90977
G1 X116.625 Y110.233 E4.91326
G1 X115.853 Y111.005 E4.92863
G1 X115.775 Y110.836 E4.93125
G1 X116.625 Y109.985 E4.94818
G1 X116.625 Y109.738 E4.95166
G1 X115.687 Y110.676 E4.97033
G1 X115.595 Y110.52 E4.97288
G1 X116.625 Y109.49 E4.99338
G1 X116.625 Y109.242 E4.99687
G1 X115.493 Y110.374 E5.0194
G1 X115.389 Y110.231 E5.02189
G1 X116.625 Y108.994 E5.0465
G1 X116.625 Y108.746 E5.04999
G1 X115.275 Y110.096 E5.07686
G1 X115.158 Y109.966 E5.07932
G1 X116.625 Y108.499 E5.10852
G1 X116.625 Y108.375 E5.11027
G1 X116.501 Y108.375 E5.11202
G1 X115.034 Y109.842 E5.14122
G1 X114.904 Y109.725 E5.14368
G1 X116.253 Y108.375 E5.17054
G1 X116.006 Y108.375 E5.17402
G1 X114.769 Y109.611 E5.19863
G1 X114.627 Y109.506 E5.20112
G1 X115.758 Y108.375 E5.22363
G1 X115.51 Y108.375 E5.22712
G1 X114.479 Y109.406 E5.24764
G1 X114.324 Y109.313 E5.25018
G1 X115.262 Y108.375 E5.26885
G1 X115.014 Y108.375 E5.27234
G1 X114.164 Y109.225 E5.28926
G1 X113.995 Y109.147 E5.29188
G1 X114.767 Y108.375 E5.30725
G1 X114.519 Y108.375 E5.31074
G1 X113.821 Y109.072 E5.32462
G1 X113.638 Y109.008 E5.32735
G1 X114.271 Y108.375 E5.33995
G1 X114.023 Y108.375 E5.34344
G1 X113.446 Y108.952 E5.35492
G1 X113.247 Y108.903 E5.3578
G1 X113.775 Y108.375 E5.36831
G1 X113.528 Y108.375 E5.37179
G1 X113.034 Y108.868 E5.38161
G1 X112.816 Y108.838 E5.38471
G1 X113.28 Y108.375 E5.39394
G1 X113.032 Y108.375 E5.39743
G1 X112.579 Y108.828 E5.40645
G1 X112.326 Y108.833 E5.41001
G1 X112.784 Y108.375 E5.41913
G1 X112.536 Y108.375 E5.42262
G1 X112.058 Y108.853 E5.43213
G1 X111.763 Y108.9 E5.43633
G1 X112.289 Y108.375 E5.44679
G1 X112.041 Y108.375 E5.45028
G1 X111.432 Y108.983 E5.46239
G1 X111.04 Y109.128 E5.46827
G1 X111.872 Y108.296 E5.48483
G1 E3.48483
G92 E0
G1 X111.872 Y108.296 Z2.49 F7800
G1 X114.127 Y115.705
G1 Z2.09
G1 E2 F2400
G1 X113.207 Y116.625 E2.01831
G1 X112.959 Y116.625 E2.0218
G1 X113.567 Y116.017 E2.0339
G1 X113.237 Y116.1 E2.03869
G1 X112.711 Y116.625 E2.04915
G1 X112.464 Y116.625 E2.05263
G1 X112.944 Y116.145 E2.06218
G1 X112.673 Y116.168 E2.06601
G1 X112.216 Y116.625 E2.07511
G1 X111.968 Y116.625 E2.0786
G1 X112.421 Y116.172 E2.08762
G1 X112.186 Y116.16 E2.09093
G1 X111.72 Y116.625 E2.1002
G1 X111.472 Y116.625 E2.10369
G1 X111.965 Y116.133 E2.11349
G1 X111.753 Y116.097 E2.11652
G1 X111.224 Y116.625 E2.12704
G1 X110.977 Y116.625 E2.13052
G1 X111.554 Y116.048 E2.142
G1 X111.362 Y115.992 E2.14481
G1 X110.729 Y116.625 E2.15741
G1 X110.481 Y116.625 E2.1609
G1 X111.18 Y115.926 E2.17481
G1 X111.004 Y115.854 E2.17749
G1 X110.233 Y116.625 E2.19284
G1 X109.985 Y116.625 E2.19633
G1 X110.836 Y115.775 E2.21326
G1 X110.676 Y115.687 E2.21583
G1 X109.738 Y116.625 E2.2345
G1 X109.49 Y116.625 E2.23799
G1 X110.521 Y115.594 E2.25851
G1 X110.373 Y115.494 E2.26102
G1 X109.242 Y116.625 E2.28353
G1 X108.994 Y116.625 E2.28702
G1 X110.232 Y115.387 E2.31166
G1 X110.095 Y115.277 E2.31413
G1 X108.746 Y116.625 E2.34097
G1 X108.499 Y116.625 E2.34445
G1 X109.966 Y115.158 E2.37365
G1 X109.842 Y115.034 E2.37612
G1 X108.375 Y116.501 E2.40532
G1 X108.375 Y116.253 E2.40881
G1 X109.725 Y114.904 E2.43567
G1 X109.611 Y114.769 E2.43816
G1 X108.375 Y116.006 E2.46277
G1 X108.375 Y115.758 E2.46626
G1 X109.507 Y114.626 E2.48879
G1 X109.404 Y114.48 E2.4913
G1 X108.375 Y115.51 E2.51179
G1 X108.375 Y115.262 E2.51528
G1 X109.314 Y114.323 E2.53397
G1 X109.224 Y114.166 E2.53652
G1 X108.375 Y115.014 E2.55341
G1 X108.375 Y114.767 E2.55689
G1 X109.146 Y113.995 E2.57225
G1 X109.072 Y113.821 E2.57491
G1 X108.375 Y114.519 E2.58879
G1 X108.375 Y114.271 E2.59228
G1 X109.009 Y113.637 E2.6049
G1 X108.951 Y113.447 E2.6077
G1 X108.375 Y114.023 E2.61916
G1 X108.375 Y113.775 E2.62265
G1 X108.903 Y113.247 E2.63316
G1 X108.868 Y113.034 E2.6362
G1 X108.375 Y113.528 E2.64602
G1 X108.375 Y113.28 E2.64951
G1 X108.838 Y112.816 E2.65874
G1 X108.828 Y112.579 E2.66208
G1 X108.375 Y113.032 E2.6711
G1 X108.375 Y112.784 E2.67459
G1 X108.833 Y112.326 E2.68371
G1 X108.853 Y112.058 E2.68749
G1 X108.375 Y112.536 E2.697
G1 X108.375 Y112.289 E2.70048
G1 X108.9 Y111.763 E2.71094
G1 X108.983 Y111.433 E2.71573
G1 X108.375 Y112.041 E2.72783
G1 X108.375 Y111.793 E2.73132
G1 X109.295 Y110.873 E2.74963
G1 X109.295 Y110.873 F7800
G1 X108.296 Y111.624
G1 F2400
G1 X109.418 Y110.502 E2.77196
G1 X109.682 Y110.14 E2.77827
G1 X109.903 Y109.899 E2.78287
G1 X110.175 Y109.653 E2.78803
G1 X110.502 Y109.418 E2.7937
G1 X111.545 Y108.375 E2.81446
G1 X111.297 Y108.375 E2.81795
G1 X108.375 Y111.297 E2.87611
G1 X108.375 Y111.05 E2.87959
G1 X111.05 Y108.375 E2.93283
G1 X110.802 Y108.375 E2.93632
G1 X108.375 Y110.802 E2.98463
G1 X108.375 Y110.554 E2.98812
G1 X110.554 Y108.375 E3.03149
G1 X110.306 Y108.375 E3.03498
G1 X108.375 Y110.306 E3.07342
G1 X108.375 Y110.058 E3.07691
G1 X110.058 Y108.375 E3.11041
G1 X109.811 Y108.375 E3.11389
G1 X108.375 Y109.811 E3.14247
G1 X108.375 Y109.563 E3.14596
G1 X109.563 Y108.375 E3.16961
G1 X109.315 Y108.375 E3.1731
G1 X108.375 Y109.315 E3.19181
G1 X108.375 Y109.067 E3.1953
G1 X109.067 Y108.375 E3.20907
G1 X108.819 Y108.375 E3.21256
G1 X108.375 Y108.819 E3.2214
G1 X108.375 Y108.572 E3.22488
G1 X108.65 Y108.296 E3.23036
;LAYER_CHANGE
;Z:2.3
;HEIGHT:0.21
G1 Z2.3 F7800
G1 E1.23036 F2400
G92 E0
G1 X108.65 Y108.296 Z2.7 F7800
G1 X109.057 Y112.164
G1 Z2.3
G1 E2 F2400
G92 E0
;TYPE:Perimeter
;WIDTH:0.3
G1 F1200
G1 X109.058 Y112.139 E.00051
G1 X109.112 Y111.796 E.00762
G1 X109.191 Y111.486 E.01417
G1 X109.314 Y111.148 E.02154
G1 X109.472 Y110.825 E.0289
G1 X109.633 Y110.562 E.03521
G1 X109.847 Y110.278 E.04249
G1 X110.055 Y110.051 E.04879
G1 X110.32 Y109.812 E.0561
G1 X110.567 Y109.629 E.06239
G1 X110.873 Y109.446 E.06969
G1 X111.15 Y109.313 E.07598
G1 X111.485 Y109.191 E.08328
G1 X111.783 Y109.114 E.08958
G1 X112.138 Y109.058 E.09694
G1 X112.484 Y109.039 E.10404
G1 X112.804 Y109.053 E.1106
G1 X113.16 Y109.103 E.11796
G1 X113.509 Y109.19 E.12533
G1 X113.799 Y109.292 E.13162
G1 X114.125 Y109.444 E.13899
G1 X114.435 Y109.631 E.1464
G1 X114.722 Y109.847 E.15376
G1 X114.949 Y110.055 E.16006
G1 X115.188 Y110.32 E.16737
G1 X115.371 Y110.567 E.17366
G1 X115.555 Y110.875 E.18101
G1 X115.703 Y111.189 E.18812
G1 X115.81 Y111.49 E.19466
G1 X115.896 Y111.837 E.20198
G1 X115.942 Y112.141 E.20828
G1 X115.961 Y112.5 E.21564
G1 X115.942 Y112.861 E.22304
G1 X115.888 Y113.204 E.23015
G1 X115.809 Y113.514 E.2367
G1 X115.686 Y113.852 E.24407
G1 X115.534 Y114.164 E.25118
G1 X115.368 Y114.437 E.25772
G1 X115.153 Y114.722 E.26503
G1 X114.945 Y114.949 E.27133
G1 X114.68 Y115.188 E.27864
G1 X114.433 Y115.371 E.28493
G1 X114.125 Y115.555 E.29228
G1 X113.811 Y115.703 E.29939
G1 X113.51 Y115.81 E.30593
G1 X113.161 Y115.897 E.3133
G1 X112.817 Y115.946 E.32042
G1 X112.498 Y115.961 E.32696
G1 X112.154 Y115.943 E.33401
G1 X111.838 Y115.897 E.34055
G1 X111.488 Y115.81 E.34794
G1 X111.148 Y115.686 E.35535
G1 X110.825 Y115.528 E.36271
G1 X110.562 Y115.367 E.36902
G1 X110.278 Y115.153 E.3763
G1 X110.051 Y114.945 E.3826
G1 X109.81 Y114.678 E.38997
G1 X109.599 Y114.387 E.39733
G1 X109.443 Y114.122 E.40363
G1 X109.292 Y113.799 E.41093
G1 X109.19 Y113.509 E.41722
G1 X109.103 Y113.16 E.42459
G1 X109.053 Y112.805 E.43193
G1 X109.039 Y112.497 E.43824
G1 X109.054 Y112.224 E.44384
G1 X109.054 Y112.224 F7800
G1 X109.311 Y112.178
G1 F1200
G1 X109.312 Y112.165 E.44411
G1 X109.362 Y111.848 E.45068
G1 X109.435 Y111.562 E.45672
G1 X109.549 Y111.248 E.46356
G1 X109.696 Y110.948 E.4704
G1 X109.844 Y110.706 E.47621
G1 X110.043 Y110.441 E.483
G1 X110.235 Y110.232 E.48881
G1 X110.481 Y110.01 E.4956
G1 X110.709 Y109.842 E.5014
G1 X110.994 Y109.671 E.50821
G1 X111.249 Y109.549 E.514
G1 X111.561 Y109.435 E.5208
G1 X111.835 Y109.364 E.5266
G1 X112.165 Y109.312 E.53344
G1 X112.486 Y109.295 E.54002
G1 X112.781 Y109.307 E.54607
G1 X113.112 Y109.353 E.55291
G1 X113.435 Y109.434 E.55973
G1 X113.702 Y109.529 E.56553
G1 X114.005 Y109.67 E.57237
G1 X114.293 Y109.843 E.57925
G1 X114.559 Y110.043 E.58606
G1 X114.768 Y110.235 E.59187
G1 X114.99 Y110.481 E.59866
G1 X115.158 Y110.709 E.60446
G1 X115.33 Y110.995 E.61129
G1 X115.467 Y111.286 E.61788
G1 X115.566 Y111.564 E.62392
G1 X115.646 Y111.887 E.63073
G1 X115.688 Y112.167 E.63653
G1 X115.705 Y112.5 E.64336
G1 X115.688 Y112.835 E.65023
G1 X115.638 Y113.152 E.6568
G1 X115.565 Y113.438 E.66284
G1 X115.451 Y113.752 E.66968
G1 X115.31 Y114.041 E.67626
G1 X115.157 Y114.294 E.68231
G1 X114.957 Y114.559 E.68911
G1 X114.765 Y114.768 E.69492
G1 X114.519 Y114.99 E.70171
G1 X114.291 Y115.158 E.70751
G1 X114.005 Y115.33 E.71434
G1 X113.714 Y115.467 E.72093
G1 X113.436 Y115.566 E.72697
G1 X113.112 Y115.647 E.73381
G1 X112.794 Y115.692 E.74039
G1 X112.499 Y115.705 E.74644
G1 X112.179 Y115.689 E.753
G1 X111.887 Y115.646 E.75904
G1 X111.563 Y115.565 E.76588
G1 X111.248 Y115.451 E.77274
G1 X110.948 Y115.304 E.77958
G1 X110.706 Y115.156 E.78539
G1 X110.441 Y114.957 E.79218
G1 X110.232 Y114.765 E.79799
G1 X110.009 Y114.517 E.80482
G1 X109.813 Y114.247 E.81165
G1 X109.669 Y114.003 E.81745
G1 X109.529 Y113.702 E.82425
G1 X109.434 Y113.435 E.83005
G1 X109.353 Y113.112 E.83687
G1 X109.307 Y112.781 E.84371
G1 X109.295 Y112.498 E.84951
G1 X109.308 Y112.238 E.85484
G1 X109.308 Y112.238 F7800
G1 X109.565 Y112.219
;TYPE:External perimeter
G1 F1200
G1 X109.566 Y112.192 E.85539
G1 X109.612 Y111.899 E.86146
G1 X109.679 Y111.637 E.867
G1 X109.784 Y111.347 E.87332
G1 X109.919 Y111.07 E.87963
G1 X110.055 Y110.85 E.88493
G1 X110.24 Y110.604 E.89123
G1 X110.414 Y110.413 E.89652
G1 X110.643 Y110.208 E.90281
G1 X110.851 Y110.054 E.90811
G1 X111.114 Y109.895 E.9144
G1 X111.348 Y109.784 E.9197
G1 X111.637 Y109.679 E.926
G1 X111.887 Y109.614 E.93129
G1 X112.192 Y109.566 E.93761
G1 X112.487 Y109.55 E.94366
G1 X112.758 Y109.561 E.94921
G1 X113.063 Y109.604 E.95552
G1 X113.362 Y109.679 E.96183
G1 X113.606 Y109.765 E.96713
G1 X113.885 Y109.895 E.97343
G1 X114.15 Y110.054 E.97976
G1 X114.396 Y110.24 E.98608
G1 X114.587 Y110.414 E.99137
G1 X114.792 Y110.643 E.99766
G1 X114.946 Y110.851 E1.00296
G1 X115.105 Y111.115 E1.00927
G1 X115.231 Y111.383 E1.01533
G1 X115.321 Y111.638 E1.02087
G1 X115.396 Y111.936 E1.02716
G1 X115.434 Y112.192 E1.03246
G1 X115.45 Y112.5 E1.03878
G1 X115.434 Y112.808 E1.0451
G1 X115.388 Y113.101 E1.05117
G1 X115.321 Y113.363 E1.05671
G1 X115.216 Y113.653 E1.06303
G1 X115.086 Y113.919 E1.06909
G1 X114.946 Y114.15 E1.07462
G1 X114.76 Y114.396 E1.08094
G1 X114.586 Y114.587 E1.08623
G1 X114.357 Y114.792 E1.09252
G1 X114.149 Y114.946 E1.09782
G1 X113.885 Y115.105 E1.10413
G1 X113.617 Y115.231 E1.11019
G1 X113.362 Y115.321 E1.11573
G1 X113.063 Y115.396 E1.12204
G1 X112.77 Y115.438 E1.1281
G1 X112.5 Y115.45 E1.13363
G1 X112.204 Y115.435 E1.1397
G1 X111.937 Y115.396 E1.14523
G1 X111.637 Y115.321 E1.15156
G1 X111.347 Y115.216 E1.15788
G1 X111.07 Y115.081 E1.16419
G1 X110.85 Y114.945 E1.16949
G1 X110.604 Y114.76 E1.17579
G1 X110.413 Y114.586 E1.18108
G1 X110.207 Y114.357 E1.18739
G1 X110.026 Y114.107 E1.19371
G1 X109.895 Y113.884 E1.19901
G1 X109.765 Y113.606 E1.20529
G1 X109.679 Y113.362 E1.21059
G1 X109.604 Y113.063 E1.2169
G1 X109.561 Y112.758 E1.22321
G1 X109.55 Y112.499 E1.22852
G1 X109.561 Y112.279 E1.23303
G1 X109.622 Y111.884 F7800
G1 E-.76697 F2400
G92 E0
G1 Z2.7 F7800
G1 X109.608 Y114.79
G1 Z2.3
G1 E2 F2400
;TYPE:Perimeter
G1 F1200
G1 X109.594 Y114.773 E2.00045
G1 X109.407 Y114.512 E2.00702
G1 X109.213 Y114.175 E2.01498
G1 X109.056 Y113.824 E2.02285
G1 X108.954 Y113.519 E2.02944
G1 X108.866 Y113.138 E2.03745
G1 X108.825 Y112.824 E2.04393
G1 X108.811 Y112.435 E2.0519
G1 X108.838 Y112.052 E2.05976
G1 X108.891 Y111.733 E2.06638
G1 X108.971 Y111.424 E2.07292
G1 X109.104 Y111.058 E2.08089
G1 X109.272 Y110.713 E2.08875
G1 X109.44 Y110.439 E2.09533
G1 X109.674 Y110.129 E2.10328
G1 X109.937 Y109.846 E2.11119
G1 X110.231 Y109.591 E2.11916
G1 X110.491 Y109.406 E2.12569
G1 X110.765 Y109.244 E2.13221
G1 X111.118 Y109.079 E2.14019
G1 X111.481 Y108.954 E2.14805
G1 X111.793 Y108.879 E2.15462
G1 X112.179 Y108.825 E2.1626
G1 X112.563 Y108.811 E2.17047
G1 X112.883 Y108.831 E2.17704
G1 X113.27 Y108.892 E2.18506
G1 X113.576 Y108.971 E2.19153
G1 X113.944 Y109.105 E2.19955
G1 X114.229 Y109.241 E2.20602
G1 X114.563 Y109.441 E2.21399
G1 X114.871 Y109.674 E2.2219
G1 X115.156 Y109.939 E2.22987
G1 X115.365 Y110.176 E2.23634
G1 X115.594 Y110.491 E2.24431
G1 X115.788 Y110.827 E2.25225
G1 X115.921 Y111.119 E2.25882
G1 X116.046 Y111.483 E2.2667
G1 X116.134 Y111.862 E2.27467
G1 X116.175 Y112.176 E2.28115
G1 X116.189 Y112.564 E2.2891
G1 X116.162 Y112.952 E2.29706
G1 X116.109 Y113.267 E2.3036
G1 X116.029 Y113.576 E2.31014
G1 X115.895 Y113.944 E2.31816
G1 X115.759 Y114.229 E2.32463
G1 X115.559 Y114.563 E2.3326
G1 X115.326 Y114.871 E2.34051
G1 X115.061 Y115.156 E2.34848
G1 X114.824 Y115.365 E2.35495
G1 X114.509 Y115.594 E2.36292
G1 X114.175 Y115.787 E2.37082
G1 X113.824 Y115.944 E2.37869
G1 X113.519 Y116.046 E2.38528
G1 X113.138 Y116.134 E2.39329
G1 X112.824 Y116.175 E2.39977
G1 X112.435 Y116.189 E2.40774
G1 X112.052 Y116.162 E2.4156
G1 X111.733 Y116.109 E2.42222
G1 X111.424 Y116.029 E2.42876
G1 X111.056 Y115.895 E2.43678
G1 X110.771 Y115.759 E2.44325
G1 X110.437 Y115.559 E2.45122
G1 X110.129 Y115.326 E2.45913
G1 X109.846 Y115.063 E2.46704
G1 X109.648 Y114.835 E2.47322
G1 X109.648 Y114.835 F7800
G1 X109.416 Y114.957
G1 F1200
G1 X109.393 Y114.931 E2.47393
G1 X109.193 Y114.65 E2.48099
G1 X108.985 Y114.291 E2.48949
G1 X108.818 Y113.916 E2.4979
G1 X108.709 Y113.589 E2.50496
G1 X108.615 Y113.183 E2.51349
G1 X108.571 Y112.846 E2.52045
G1 X108.556 Y112.431 E2.52895
G1 X108.584 Y112.022 E2.53734
G1 X108.642 Y111.68 E2.54444
G1 X108.727 Y111.348 E2.55146
G1 X108.869 Y110.959 E2.55994
G1 X109.049 Y110.59 E2.56835
G1 X109.229 Y110.296 E2.57541
G1 X109.478 Y109.965 E2.58389
G1 X109.76 Y109.663 E2.59235
G1 X110.073 Y109.391 E2.60084
G1 X110.352 Y109.192 E2.60786
G1 X110.647 Y109.018 E2.61487
G1 X111.022 Y108.843 E2.62334
G1 X111.41 Y108.709 E2.63175
G1 X111.746 Y108.628 E2.63883
G1 X112.156 Y108.57 E2.64731
G1 X112.566 Y108.556 E2.65571
G1 X112.911 Y108.577 E2.66279
G1 X113.322 Y108.642 E2.67131
G1 X113.652 Y108.727 E2.67829
G1 X114.043 Y108.87 E2.68682
G1 X114.35 Y109.016 E2.69378
G1 X114.706 Y109.23 E2.70229
G1 X115.035 Y109.478 E2.71073
G1 X115.339 Y109.761 E2.71923
G1 X115.564 Y110.016 E2.72619
G1 X115.808 Y110.352 E2.73469
G1 X116.015 Y110.711 E2.74318
G1 X116.158 Y111.025 E2.75025
G1 X116.292 Y111.413 E2.75866
G1 X116.385 Y111.817 E2.76715
G1 X116.429 Y112.154 E2.77411
G1 X116.444 Y112.569 E2.78261
G1 X116.415 Y112.982 E2.79109
G1 X116.358 Y113.32 E2.79811
G1 X116.273 Y113.652 E2.80513
G1 X116.13 Y114.043 E2.81366
G1 X115.984 Y114.35 E2.82062
G1 X115.77 Y114.706 E2.82913
G1 X115.522 Y115.036 E2.83758
G1 X115.239 Y115.339 E2.84607
G1 X114.984 Y115.564 E2.85303
G1 X114.648 Y115.808 E2.86153
G1 X114.291 Y116.015 E2.86998
G1 X113.916 Y116.182 E2.87839
G1 X113.589 Y116.291 E2.88545
G1 X113.183 Y116.385 E2.89398
G1 X112.846 Y116.429 E2.90094
G1 X112.431 Y116.444 E2.90944
G1 X112.022 Y116.416 E2.91783
G1 X111.68 Y116.358 E2.92493
G1 X111.348 Y116.273 E2.93195
G1 X110.957 Y116.13 E2.94048
G1 X110.65 Y115.984 E2.94744
G1 X110.294 Y115.77 E2.95595
G1 X109.965 Y115.522 E2.96439
G1 X109.662 Y115.24 E2.97287
G1 X109.456 Y115.002 E2.97932
G1 X109.456 Y115.002 F7800
G1 X109.224 Y115.124
;TYPE:External perimeter
G1 F1200
G1 X109.193 Y115.089 E2.98028
G1 X108.978 Y114.788 E2.98785
G1 X108.758 Y114.407 E2.99686
G1 X108.581 Y114.009 E3.00578
G1 X108.463 Y113.658 E3.01336
G1 X108.364 Y113.229 E3.02238
G1 X108.316 Y112.867 E3.02986
G1 X108.301 Y112.427 E3.03888
G1 X108.331 Y111.992 E3.04781
G1 X108.392 Y111.627 E3.05539
G1 X108.483 Y111.273 E3.06287
G1 X108.634 Y110.859 E3.07189
G1 X108.825 Y110.468 E3.0808
G1 X109.018 Y110.152 E3.08838
G1 X109.283 Y109.8 E3.0974
G1 X109.583 Y109.479 E3.1064
G1 X109.915 Y109.19 E3.11541
G1 X110.213 Y108.978 E3.1229
G1 X110.528 Y108.792 E3.13039
G1 X110.927 Y108.606 E3.1394
G1 X111.338 Y108.464 E3.1483
G1 X111.698 Y108.377 E3.15588
G1 X112.134 Y108.316 E3.16489
G1 X112.569 Y108.301 E3.1738
G1 X112.938 Y108.323 E3.18137
G1 X113.374 Y108.392 E3.19041
G1 X113.727 Y108.483 E3.19787
G1 X114.142 Y108.634 E3.20691
G1 X114.471 Y108.791 E3.21437
G1 X114.848 Y109.018 E3.22338
G1 X115.2 Y109.283 E3.2324
G1 X115.522 Y109.583 E3.24141
G1 X115.763 Y109.856 E3.24887
G1 X116.022 Y110.213 E3.2579
G1 X116.242 Y110.594 E3.26691
G1 X116.396 Y110.931 E3.2745
G1 X116.537 Y111.342 E3.2834
G1 X116.636 Y111.771 E3.29242
G1 X116.684 Y112.133 E3.2999
G1 X116.699 Y112.573 E3.30892
G1 X116.668 Y113.012 E3.31793
G1 X116.608 Y113.373 E3.32542
G1 X116.517 Y113.727 E3.3329
G1 X116.366 Y114.142 E3.34194
G1 X116.209 Y114.471 E3.3494
G1 X115.982 Y114.848 E3.35841
G1 X115.717 Y115.2 E3.36743
G1 X115.417 Y115.522 E3.37644
G1 X115.144 Y115.763 E3.3839
G1 X114.787 Y116.022 E3.39293
G1 X114.407 Y116.242 E3.40192
G1 X114.009 Y116.419 E3.41084
G1 X113.658 Y116.537 E3.41842
G1 X113.229 Y116.636 E3.42744
G1 X112.867 Y116.684 E3.43492
G1 X112.427 Y116.699 E3.44394
G1 X111.992 Y116.669 E3.45287
G1 X111.627 Y116.608 E3.46045
G1 X111.273 Y116.517 E3.46793
G1 X110.858 Y116.366 E3.47697
G1 X110.529 Y116.209 E3.48443
G1 X110.152 Y115.982 E3.49344
G1 X109.8 Y115.717 E3.50246
G1 X109.479 Y115.417 E3.51146
G1 X109.263 Y115.17 E3.51818
G1 X109.024 Y114.849 F7800
;LAYER_CHANGE
;Z:2.51
;HEIGHT:0.21
G1 Z2.51 F7800
G1 E1.51818 F2400
G92 E0
G1 Z2.91 F7800
G1 X109.057 Y112.164
G1 Z2.51
G1 E2 F2400
G92 E0
;TYPE:Perimeter
G1 F1200
G1 X109.058 Y112.138 E.00053
G1 X109.115 Y111.781 E.00793
G1 X109.208 Y111.433 E.01531
G1 X109.315 Y111.146 E.02158
G1 X109.465 Y110.838 E.0286
G1 X109.632 Y110.564 E.03517
G1 X109.837 Y110.29 E.04218
G1 X110.054 Y110.052 E.04878
G1 X110.308 Y109.822 E.0558
G1 X110.566 Y109.63 E.06239
G1 X110.873 Y109.446 E.06972
G1 X111.15 Y109.313 E.07601
G1 X111.485 Y109.191 E.08331
G1 X111.783 Y109.114 E.08961
G1 X112.138 Y109.058 E.09697
G1 X112.482 Y109.04 E.10402
G1 X112.804 Y109.053 E.11062
G1 X113.16 Y109.103 E.11798
G1 X113.509 Y109.19 E.12535
G1 X113.799 Y109.292 E.13164
G1 X114.125 Y109.444 E.13901
G1 X114.435 Y109.631 E.14642
G1 X114.722 Y109.847 E.15378
G1 X114.949 Y110.055 E.16008
G1 X115.178 Y110.308 E.16707
G1 X115.37 Y110.566 E.17366
G1 X115.555 Y110.875 E.18103
G1 X115.702 Y111.187 E.18809
G1 X115.81 Y111.49 E.19468
G1 X115.897 Y111.84 E.20207
G1 X115.947 Y112.195 E.20941
G1 X115.961 Y112.503 E.21572
G1 X115.942 Y112.861 E.22306
G1 X115.889 Y113.202 E.23013
G1 X115.809 Y113.514 E.23673
G1 X115.686 Y113.852 E.2441
G1 X115.535 Y114.162 E.25116
G1 X115.368 Y114.436 E.25773
G1 X115.163 Y114.71 E.26474
G1 X114.946 Y114.948 E.27134
G1 X114.692 Y115.178 E.27836
G1 X114.434 Y115.37 E.28495
G1 X114.125 Y115.555 E.29232
G1 X113.813 Y115.702 E.29938
G1 X113.51 Y115.81 E.30597
G1 X113.16 Y115.897 E.31336
G1 X112.805 Y115.947 E.3207
G1 X112.497 Y115.961 E.32701
G1 X112.139 Y115.942 E.33435
G1 X111.798 Y115.889 E.34142
G1 X111.486 Y115.809 E.34802
G1 X111.148 Y115.686 E.35539
G1 X110.838 Y115.535 E.36245
G1 X110.566 Y115.369 E.36898
G1 X110.32 Y115.188 E.37523
G1 X110.053 Y114.948 E.38258
G1 X109.822 Y114.692 E.38964
G1 X109.632 Y114.436 E.39617
G1 X109.472 Y114.175 E.40244
G1 X109.314 Y113.852 E.4098
G1 X109.19 Y113.512 E.41721
G1 X109.103 Y113.161 E.42461
G1 X109.054 Y112.82 E.43166
G1 X109.039 Y112.498 E.43826
G1 X109.054 Y112.223 E.4439
G1 X109.054 Y112.223 F7800
G1 X109.311 Y112.178
G1 F1200
G1 X109.312 Y112.165 E.44417
G1 X109.365 Y111.834 E.45103
G1 X109.451 Y111.511 E.45787
G1 X109.55 Y111.246 E.46366
G1 X109.689 Y110.96 E.47017
G1 X109.843 Y110.707 E.47623
G1 X110.034 Y110.452 E.48275
G1 X110.234 Y110.233 E.48882
G1 X110.47 Y110.019 E.49534
G1 X110.709 Y109.842 E.50143
G1 X110.994 Y109.671 E.50824
G1 X111.249 Y109.549 E.51403
G1 X111.561 Y109.435 E.52083
G1 X111.835 Y109.364 E.52663
G1 X112.165 Y109.312 E.53347
G1 X112.483 Y109.295 E.53999
G1 X112.781 Y109.307 E.5461
G1 X113.112 Y109.353 E.55294
G1 X113.435 Y109.434 E.55976
G1 X113.702 Y109.529 E.56556
G1 X114.005 Y109.67 E.5724
G1 X114.293 Y109.843 E.57928
G1 X114.559 Y110.043 E.58609
G1 X114.767 Y110.234 E.59187
G1 X114.981 Y110.47 E.59839
G1 X115.158 Y110.709 E.60448
G1 X115.33 Y110.995 E.61131
G1 X115.466 Y111.284 E.61785
G1 X115.566 Y111.564 E.62394
G1 X115.647 Y111.888 E.63078
G1 X115.693 Y112.219 E.63762
G1 X115.705 Y112.502 E.64342
G1 X115.688 Y112.835 E.65025
G1 X115.639 Y113.15 E.65678
G1 X115.565 Y113.438 E.66287
G1 X115.451 Y113.752 E.66971
G1 X115.311 Y114.04 E.67627
G1 X115.157 Y114.293 E.68233
G1 X114.966 Y114.548 E.68885
G1 X114.766 Y114.767 E.69492
G1 X114.53 Y114.981 E.70144
G1 X114.291 Y115.158 E.70753
G1 X114.005 Y115.33 E.71436
G1 X113.716 Y115.466 E.7209
G1 X113.436 Y115.566 E.72699
G1 X113.112 Y115.647 E.73383
G1 X112.781 Y115.693 E.74067
G1 X112.498 Y115.705 E.74647
G1 X112.165 Y115.688 E.7533
G1 X111.85 Y115.639 E.75983
G1 X111.562 Y115.565 E.76592
G1 X111.248 Y115.451 E.77276
G1 X110.96 Y115.311 E.77932
G1 X110.708 Y115.158 E.78536
G1 X110.481 Y114.99 E.79114
G1 X110.234 Y114.767 E.79795
G1 X110.019 Y114.53 E.8045
G1 X109.843 Y114.293 E.81054
G1 X109.696 Y114.052 E.81632
G1 X109.549 Y113.752 E.82316
G1 X109.435 Y113.437 E.83002
G1 X109.354 Y113.112 E.83688
G1 X109.308 Y112.796 E.84342
G1 X109.295 Y112.499 E.84951
G1 X109.308 Y112.238 E.85486
G1 X109.308 Y112.238 F7800
G1 X109.564 Y112.22
;TYPE:External perimeter
G1 F1200
G1 X109.566 Y112.192 E.85543
G1 X109.614 Y111.887 E.86175
G1 X109.694 Y111.589 E.86807
G1 X109.785 Y111.347 E.87336
G1 X109.913 Y111.083 E.87937
G1 X110.054 Y110.85 E.88495
G1 X110.231 Y110.615 E.89097
G1 X110.414 Y110.414 E.89654
G1 X110.632 Y110.217 E.90256
G1 X110.851 Y110.054 E.90815
G1 X111.114 Y109.895 E.91444
G1 X111.348 Y109.784 E.91974
G1 X111.637 Y109.679 E.92604
G1 X111.887 Y109.614 E.93133
G1 X112.191 Y109.566 E.93763
G1 X112.485 Y109.55 E.94366
G1 X112.758 Y109.561 E.94925
G1 X113.063 Y109.604 E.95556
G1 X113.362 Y109.679 E.96187
G1 X113.606 Y109.765 E.96717
G1 X113.885 Y109.895 E.97347
G1 X114.15 Y110.054 E.9798
G1 X114.396 Y110.24 E.98612
G1 X114.586 Y110.414 E.9914
G1 X114.783 Y110.632 E.99742
G1 X114.946 Y110.851 E1.00301
G1 X115.105 Y111.115 E1.00932
G1 X115.23 Y111.381 E1.01534
G1 X115.321 Y111.638 E1.02092
G1 X115.396 Y111.937 E1.02723
G1 X115.439 Y112.242 E1.03354
G1 X115.45 Y112.501 E1.03885
G1 X115.434 Y112.808 E1.04514
G1 X115.389 Y113.099 E1.05117
G1 X115.321 Y113.363 E1.05675
G1 X115.216 Y113.653 E1.06307
G1 X115.087 Y113.917 E1.06909
G1 X114.946 Y114.15 E1.07467
G1 X114.769 Y114.385 E1.08069
G1 X114.586 Y114.586 E1.08626
G1 X114.368 Y114.783 E1.09228
G1 X114.149 Y114.946 E1.09787
G1 X113.885 Y115.105 E1.10418
G1 X113.619 Y115.23 E1.1102
G1 X113.362 Y115.321 E1.11578
G1 X113.063 Y115.396 E1.12209
G1 X112.758 Y115.439 E1.1284
G1 X112.499 Y115.45 E1.13371
G1 X112.192 Y115.434 E1.14
G1 X111.901 Y115.389 E1.14603
G1 X111.637 Y115.321 E1.15161
G1 X111.347 Y115.216 E1.15793
G1 X111.083 Y115.087 E1.16395
G1 X110.643 Y114.792 E1.1748
G1 X110.414 Y114.586 E1.18111
G1 X110.217 Y114.368 E1.18713
G1 X109.919 Y113.93 E1.19798
G1 X109.784 Y113.653 E1.20429
G1 X109.679 Y113.363 E1.21061
G1 X109.604 Y113.063 E1.21694
G1 X109.562 Y112.772 E1.22296
G1 X109.55 Y112.5 E1.22854
G1 X109.561 Y112.28 E1.23305
G1 X109.621 Y111.885 F7800
G1 E-.76695 F2400
G92 E0
G1 Z2.91 F7800
G1 X109.61 Y114.791
G1 Z2.51
G1 E2 F2400
;TYPE:Perimeter
G1 F1200
G1 X109.597 Y114.777 E2.00039
G1 X109.407 Y114.511 E2.00708
G1 X109.216 Y114.181 E2.01489
G1 X109.079 Y113.882 E2.02162
G1 X108.973 Y113.581 E2.02815
G1 X108.879 Y113.204 E2.03611
G1 X108.825 Y112.822 E2.04401
G1 X108.811 Y112.433 E2.05198
G1 X108.831 Y112.117 E2.05846
G1 X108.891 Y111.733 E2.06642
G1 X108.991 Y111.36 E2.07433
G1 X109.127 Y111.005 E2.08211
G1 X109.272 Y110.714 E2.08877
G1 X109.478 Y110.384 E2.09674
G1 X109.711 Y110.085 E2.1045
G1 X109.936 Y109.848 E2.11119
G1 X110.223 Y109.597 E2.119
G1 X110.489 Y109.407 E2.12569
G1 X110.819 Y109.216 E2.1335
G1 X111.116 Y109.08 E2.14019
G1 X111.486 Y108.953 E2.1482
G1 X111.793 Y108.879 E2.15467
G1 X112.179 Y108.825 E2.16265
G1 X112.558 Y108.811 E2.17042
G1 X112.883 Y108.831 E2.17709
G1 X113.27 Y108.892 E2.18511
G1 X113.576 Y108.971 E2.19158
G1 X113.942 Y109.104 E2.19955
G1 X114.283 Y109.27 E2.20732
G1 X114.561 Y109.44 E2.21399
G1 X114.871 Y109.674 E2.22194
G1 X115.156 Y109.939 E2.22991
G1 X115.365 Y110.176 E2.23638
G1 X115.594 Y110.491 E2.24435
G1 X115.788 Y110.827 E2.25229
G1 X115.923 Y111.124 E2.25897
G1 X116.046 Y111.483 E2.26674
G1 X116.134 Y111.862 E2.27471
G1 X116.175 Y112.176 E2.28119
G1 X116.189 Y112.565 E2.28916
G1 X116.163 Y112.943 E2.29692
G1 X116.109 Y113.265 E2.30361
G1 X116.009 Y113.64 E2.31156
G1 X115.873 Y113.995 E2.31934
G1 X115.728 Y114.286 E2.326
G1 X115.522 Y114.616 E2.33397
G1 X115.289 Y114.915 E2.34173
G1 X115.063 Y115.154 E2.34847
G1 X114.824 Y115.365 E2.355
G1 X114.507 Y115.596 E2.36303
G1 X114.235 Y115.756 E2.36949
G1 X113.879 Y115.922 E2.37753
G1 X113.581 Y116.027 E2.384
G1 X113.204 Y116.121 E2.39196
G1 X112.822 Y116.175 E2.39986
G1 X112.436 Y116.189 E2.40777
G1 X112.048 Y116.162 E2.41573
G1 X111.736 Y116.109 E2.42221
G1 X111.357 Y116.008 E2.43024
G1 X111.058 Y115.896 E2.43678
G1 X110.77 Y115.759 E2.44331
G1 X110.437 Y115.559 E2.45126
G1 X110.129 Y115.326 E2.45917
G1 X109.846 Y115.062 E2.4671
G1 X109.649 Y114.836 E2.47324
G1 X109.649 Y114.836 F7800
G1 X109.417 Y114.959
G1 F1200
G1 X109.397 Y114.935 E2.47388
G1 X109.192 Y114.649 E2.48109
G1 X108.989 Y114.298 E2.48939
G1 X108.842 Y113.977 E2.49662
G1 X108.728 Y113.655 E2.50361
G1 X108.628 Y113.253 E2.51209
G1 X108.571 Y112.844 E2.52055
G1 X108.556 Y112.429 E2.52905
G1 X108.577 Y112.089 E2.53603
G1 X108.642 Y111.68 E2.54451
G1 X108.749 Y111.281 E2.55297
G1 X108.893 Y110.903 E2.56125
G1 X109.049 Y110.589 E2.56843
G1 X109.269 Y110.237 E2.57693
G1 X109.518 Y109.918 E2.58522
G1 X109.759 Y109.663 E2.5924
G1 X110.065 Y109.397 E2.6007
G1 X110.351 Y109.192 E2.60791
G1 X110.702 Y108.989 E2.61621
G1 X111.021 Y108.843 E2.62339
G1 X111.414 Y108.708 E2.6319
G1 X111.746 Y108.628 E2.63889
G1 X112.156 Y108.57 E2.64737
G1 X112.561 Y108.556 E2.65567
G1 X112.911 Y108.577 E2.66285
G1 X113.322 Y108.642 E2.67137
G1 X113.652 Y108.727 E2.67835
G1 X114.041 Y108.869 E2.68683
G1 X114.405 Y109.046 E2.69512
G1 X114.705 Y109.229 E2.70232
G1 X115.035 Y109.478 E2.71079
G1 X115.339 Y109.761 E2.71929
G1 X115.564 Y110.016 E2.72625
G1 X115.808 Y110.352 E2.73475
G1 X116.015 Y110.71 E2.74322
G1 X116.16 Y111.03 E2.75041
G1 X116.292 Y111.413 E2.75871
G1 X116.385 Y111.817 E2.7672
G1 X116.429 Y112.154 E2.77416
G1 X116.444 Y112.569 E2.78266
G1 X116.416 Y112.973 E2.79095
G1 X116.359 Y113.319 E2.79813
G1 X116.251 Y113.719 E2.80661
G1 X116.107 Y114.097 E2.81489
G1 X115.951 Y114.411 E2.82207
G1 X115.731 Y114.763 E2.83057
G1 X115.482 Y115.082 E2.83886
G1 X115.24 Y115.338 E2.84607
G1 X114.984 Y115.564 E2.85306
G1 X114.647 Y115.809 E2.86159
G1 X114.353 Y115.982 E2.86858
G1 X113.976 Y116.158 E2.8771
G1 X113.655 Y116.272 E2.88408
G1 X113.253 Y116.372 E2.89256
G1 X112.844 Y116.429 E2.90102
G1 X112.431 Y116.444 E2.90948
G1 X112.018 Y116.415 E2.91796
G1 X111.682 Y116.359 E2.92494
G1 X111.279 Y116.251 E2.93348
G1 X110.959 Y116.131 E2.94048
G1 X110.65 Y115.984 E2.94749
G1 X110.294 Y115.77 E2.956
G1 X109.965 Y115.522 E2.96444
G1 X109.662 Y115.24 E2.97292
G1 X109.457 Y115.004 E2.97932
G1 X109.457 Y115.004 F7800
G1 X109.225 Y115.126
;TYPE:External perimeter
G1 F1200
G1 X109.196 Y115.093 E2.98022
G1 X108.978 Y114.788 E2.9879
G1 X108.762 Y114.415 E2.99673
G1 X108.606 Y114.073 E3.00443
G1 X108.484 Y113.729 E3.0119
G1 X108.377 Y113.301 E3.02093
G1 X108.316 Y112.866 E3.02992
G1 X108.301 Y112.426 E3.03894
G1 X108.323 Y112.062 E3.04641
G1 X108.392 Y111.627 E3.05543
G1 X108.506 Y111.202 E3.06444
G1 X108.66 Y110.8 E3.07326
G1 X108.826 Y110.464 E3.08093
G1 X109.06 Y110.091 E3.08995
G1 X109.324 Y109.752 E3.09875
G1 X109.582 Y109.479 E3.10644
G1 X109.907 Y109.196 E3.11526
G1 X110.212 Y108.978 E3.12294
G1 X110.585 Y108.762 E3.13177
G1 X110.926 Y108.606 E3.13945
G1 X111.343 Y108.463 E3.14848
G1 X111.698 Y108.377 E3.15596
G1 X112.134 Y108.316 E3.16497
G1 X112.564 Y108.301 E3.17378
G1 X112.938 Y108.323 E3.18145
G1 X113.374 Y108.392 E3.19049
G1 X113.727 Y108.483 E3.19795
G1 X114.141 Y108.634 E3.20697
G1 X114.528 Y108.822 E3.21578
G1 X114.848 Y109.018 E3.22346
G1 X115.2 Y109.283 E3.23248
G1 X115.522 Y109.583 E3.24149
G1 X115.763 Y109.856 E3.24895
G1 X116.022 Y110.213 E3.25798
G1 X116.242 Y110.594 E3.26699
G1 X116.397 Y110.935 E3.27466
G1 X116.537 Y111.342 E3.28347
G1 X116.636 Y111.771 E3.29249
G1 X116.684 Y112.133 E3.29997
G1 X116.699 Y112.573 E3.30899
G1 X116.67 Y113.002 E3.31779
G1 X116.608 Y113.373 E3.32549
G1 X116.494 Y113.798 E3.3345
G1 X116.34 Y114.2 E3.34332
G1 X116.174 Y114.536 E3.35099
G1 X115.94 Y114.909 E3.36001
G1 X115.676 Y115.248 E3.36881
G1 X115.417 Y115.521 E3.37652
G1 X115.144 Y115.763 E3.38399
G1 X114.787 Y116.023 E3.39303
G1 X114.472 Y116.208 E3.40051
G1 X114.073 Y116.394 E3.40952
G1 X113.729 Y116.516 E3.41699
G1 X113.301 Y116.623 E3.42602
G1 X112.866 Y116.684 E3.43501
G1 X112.427 Y116.699 E3.444
G1 X111.988 Y116.668 E3.45301
G1 X111.627 Y116.608 E3.4605
G1 X111.202 Y116.494 E3.46951
G1 X110.859 Y116.366 E3.47701
G1 X110.529 Y116.209 E3.48449
G1 X110.152 Y115.982 E3.4935
G1 X109.8 Y115.717 E3.50252
G1 X109.479 Y115.417 E3.51152
G1 X109.265 Y115.171 E3.5182
G1 X109.025 Y114.851 F7800
;LAYER_CHANGE
;Z:2.72
;HEIGHT:0.21
G1 Z2.72 F7800
G1 E1.5182 F2400
G92 E0
G1 Z3.12 F7800
G1 X109.057 Y112.163
G1 Z2.72
G1 E2 F2400
G92 E0
;TYPE:Perimeter
G1 F1200
G1 X109.058 Y112.138 E.00051
G1 X109.115 Y111.781 E.00791
G1 X109.203 Y111.45 E.01492
G1 X109.315 Y111.147 E.02153
G1 X109.463 Y110.84 E.02851
G1 X109.632 Y110.563 E.03515
G1 X109.847 Y110.278 E.04246
G1 X110.055 Y110.051 E.04876
G1 X110.32 Y109.812 E.05607
G1 X110.567 Y109.629 E.06236
G1 X110.873 Y109.446 E.06966
G1 X111.148 Y109.315 E.0759
G1 X111.433 Y109.208 E.08213
G1 X111.781 Y109.115 E.08951
G1 X112.137 Y109.058 E.09689
G1 X112.479 Y109.04 E.1039
G1 X112.803 Y109.053 E.11054
G1 X113.16 Y109.103 E.11792
G1 X113.509 Y109.19 E.12529
G1 X113.799 Y109.292 E.13158
G1 X114.125 Y109.444 E.13895
G1 X114.433 Y109.629 E.14631
G1 X114.68 Y109.812 E.1526
G1 X114.947 Y110.053 E.15997
G1 X115.188 Y110.32 E.16734
G1 X115.371 Y110.567 E.17363
G1 X115.555 Y110.875 E.18098
G1 X115.701 Y111.185 E.188
G1 X115.81 Y111.49 E.19463
G1 X115.897 Y111.84 E.20202
G1 X115.947 Y112.195 E.20936
G1 X115.961 Y112.503 E.21567
G1 X115.942 Y112.859 E.22297
G1 X115.896 Y113.163 E.22927
G1 X115.81 Y113.509 E.23657
G1 X115.708 Y113.799 E.24286
G1 X115.556 Y114.125 E.25023
G1 X115.369 Y114.435 E.25764
G1 X115.153 Y114.722 E.265
G1 X114.945 Y114.949 E.2713
G1 X114.68 Y115.188 E.27861
G1 X114.433 Y115.371 E.2849
G1 X114.127 Y115.554 E.2922
G1 X113.85 Y115.687 E.29849
G1 X113.512 Y115.81 E.30586
G1 X113.16 Y115.897 E.31328
G1 X112.805 Y115.947 E.32062
G1 X112.497 Y115.961 E.32693
G1 X112.138 Y115.942 E.33429
G1 X111.78 Y115.885 E.34171
G1 X111.433 Y115.792 E.34907
G1 X111.146 Y115.685 E.35534
G1 X110.84 Y115.537 E.3623
G1 X110.563 Y115.368 E.36894
G1 X110.278 Y115.153 E.37625
G1 X110.051 Y114.945 E.38255
G1 X109.811 Y114.679 E.38989
G1 X109.609 Y114.402 E.39691
G1 X109.444 Y114.123 E.40355
G1 X109.292 Y113.799 E.41088
G1 X109.19 Y113.509 E.41717
G1 X109.103 Y113.16 E.42454
G1 X109.053 Y112.805 E.43188
G1 X109.039 Y112.497 E.43819
G1 X109.054 Y112.223 E.44381
G1 X109.054 Y112.223 F7800
G1 X109.311 Y112.178
G1 F1200
G1 X109.312 Y112.165 E.44408
G1 X109.364 Y111.834 E.45094
G1 X109.446 Y111.527 E.45745
G1 X109.55 Y111.247 E.46357
G1 X109.688 Y110.962 E.47005
G1 X109.843 Y110.707 E.47616
G1 X110.043 Y110.441 E.48297
G1 X110.235 Y110.232 E.48878
G1 X110.481 Y110.01 E.49557
G1 X110.709 Y109.842 E.50137
G1 X110.994 Y109.671 E.50818
G1 X111.511 Y109.451 E.51969
G1 X111.834 Y109.365 E.52653
G1 X112.164 Y109.312 E.53337
G1 X112.481 Y109.295 E.53987
G1 X112.781 Y109.307 E.54602
G1 X113.112 Y109.353 E.55286
G1 X113.435 Y109.434 E.55968
G1 X113.702 Y109.529 E.56548
G1 X114.005 Y109.67 E.57232
G1 X114.291 Y109.842 E.57915
G1 X114.519 Y110.01 E.58495
G1 X114.767 Y110.233 E.59178
G1 X114.99 Y110.481 E.59861
G1 X115.158 Y110.709 E.60441
G1 X115.33 Y110.995 E.61124
G1 X115.465 Y111.282 E.61773
G1 X115.566 Y111.564 E.62386
G1 X115.647 Y111.888 E.6307
G1 X115.693 Y112.219 E.63754
G1 X115.705 Y112.502 E.64334
G1 X115.688 Y112.833 E.65013
G1 X115.646 Y113.113 E.65593
G1 X115.566 Y113.435 E.66272
G1 X115.471 Y113.702 E.66852
G1 X115.33 Y114.005 E.67536
G1 X115.157 Y114.292 E.68222
G1 X114.957 Y114.559 E.68905
G1 X114.765 Y114.768 E.69486
G1 X114.519 Y114.99 E.70165
G1 X114.291 Y115.158 E.70745
G1 X114.006 Y115.329 E.71426
G1 X113.751 Y115.451 E.72005
G1 X113.437 Y115.565 E.72689
G1 X113.112 Y115.647 E.73375
G1 X112.781 Y115.693 E.74059
G1 X112.498 Y115.705 E.74639
G1 X112.165 Y115.688 E.75322
G1 X111.834 Y115.635 E.76008
G1 X111.511 Y115.549 E.76692
G1 X111.246 Y115.45 E.77271
G1 X110.962 Y115.312 E.77918
G1 X110.707 Y115.157 E.78529
G1 X110.441 Y114.957 E.7921
G1 X110.232 Y114.765 E.79791
G1 X110.009 Y114.518 E.80472
G1 X109.822 Y114.261 E.81123
G1 X109.669 Y114.004 E.81735
G1 X109.529 Y113.702 E.82417
G1 X109.434 Y113.435 E.82997
G1 X109.353 Y113.112 E.83679
G1 X109.307 Y112.781 E.84363
G1 X109.295 Y112.498 E.84943
G1 X109.308 Y112.238 E.85476
G1 X109.308 Y112.238 F7800
G1 X109.564 Y112.222
;TYPE:External perimeter
G1 F1200
G1 X109.566 Y112.192 E.85538
G1 X109.614 Y111.887 E.8617
G1 X109.689 Y111.604 E.8677
G1 X109.784 Y111.347 E.87331
G1 X109.912 Y111.085 E.87928
G1 X110.054 Y110.85 E.8849
G1 X110.24 Y110.604 E.89122
G1 X110.414 Y110.413 E.89651
G1 X110.643 Y110.208 E.9028
G1 X110.851 Y110.054 E.9081
G1 X111.114 Y109.895 E.91439
G1 X111.589 Y109.694 E.92495
G1 X111.887 Y109.614 E.93127
G1 X112.191 Y109.566 E.93757
G1 X112.483 Y109.55 E.94356
G1 X112.758 Y109.561 E.9492
G1 X113.063 Y109.604 E.95551
G1 X113.362 Y109.679 E.96182
G1 X113.606 Y109.765 E.96712
G1 X113.885 Y109.895 E.97342
G1 X114.149 Y110.054 E.97973
G1 X114.357 Y110.208 E.98503
G1 X114.586 Y110.414 E.99134
G1 X114.792 Y110.643 E.99765
G1 X114.946 Y110.851 E1.00295
G1 X115.105 Y111.115 E1.00926
G1 X115.229 Y111.379 E1.01523
G1 X115.321 Y111.638 E1.02086
G1 X115.396 Y111.937 E1.02717
G1 X115.439 Y112.242 E1.03348
G1 X115.45 Y112.501 E1.03879
G1 X115.434 Y112.808 E1.04508
G1 X115.396 Y113.064 E1.05038
G1 X115.321 Y113.362 E1.05667
G1 X115.235 Y113.606 E1.06197
G1 X115.105 Y113.885 E1.06827
G1 X114.946 Y114.15 E1.0746
G1 X114.76 Y114.396 E1.08092
G1 X114.586 Y114.587 E1.08621
G1 X114.357 Y114.792 E1.0925
G1 X114.149 Y114.946 E1.0978
G1 X113.886 Y115.105 E1.10409
G1 X113.652 Y115.216 E1.10939
G1 X113.363 Y115.321 E1.11569
G1 X113.063 Y115.396 E1.12202
G1 X112.758 Y115.439 E1.12833
G1 X112.499 Y115.45 E1.13364
G1 X112.192 Y115.434 E1.13993
G1 X111.887 Y115.386 E1.14625
G1 X111.589 Y115.306 E1.15257
G1 X111.347 Y115.215 E1.15786
G1 X111.085 Y115.088 E1.16382
G1 X110.85 Y114.946 E1.16944
G1 X110.604 Y114.76 E1.17576
G1 X110.413 Y114.586 E1.18105
G1 X110.207 Y114.357 E1.18736
G1 X110.035 Y114.121 E1.19334
G1 X109.895 Y113.885 E1.19896
G1 X109.765 Y113.606 E1.20526
G1 X109.679 Y113.362 E1.21056
G1 X109.604 Y113.063 E1.21687
G1 X109.561 Y112.758 E1.22318
G1 X109.55 Y112.499 E1.22849
G1 X109.561 Y112.282 E1.23294
G1 X109.621 Y111.886 F7800
G1 E-.76706 F2400
G92 E0
G1 Z3.12 F7800
G1 X109.611 Y114.793
G1 Z2.72
G1 E2 F2400
;TYPE:Perimeter
G1 F1200
G1 X109.6 Y114.78 E2.00035
G1 X109.405 Y114.509 E2.00719
G1 X109.244 Y114.235 E2.0137
G1 X109.078 Y113.879 E2.02174
G1 X108.973 Y113.581 E2.02821
G1 X108.879 Y113.204 E2.03617
G1 X108.825 Y112.822 E2.04407
G1 X108.811 Y112.433 E2.05204
G1 X108.831 Y112.117 E2.05852
G1 X108.891 Y111.733 E2.06648
G1 X108.988 Y111.371 E2.07415
G1 X109.103 Y111.06 E2.08094
G1 X109.268 Y110.721 E2.08866
G1 X109.44 Y110.439 E2.09542
G1 X109.674 Y110.129 E2.10337
G1 X109.938 Y109.846 E2.1113
G1 X110.22 Y109.6 E2.11896
G1 X110.491 Y109.405 E2.1258
G1 X110.765 Y109.244 E2.13231
G1 X111.121 Y109.078 E2.14035
G1 X111.419 Y108.973 E2.14682
G1 X111.796 Y108.879 E2.15478
G1 X112.179 Y108.825 E2.1627
G1 X112.553 Y108.811 E2.17036
G1 X112.883 Y108.831 E2.17713
G1 X113.27 Y108.892 E2.18515
G1 X113.576 Y108.971 E2.19162
G1 X113.942 Y109.104 E2.19959
G1 X114.279 Y109.268 E2.20726
G1 X114.561 Y109.44 E2.21402
G1 X114.871 Y109.674 E2.22197
G1 X115.154 Y109.938 E2.2299
G1 X115.4 Y110.22 E2.23756
G1 X115.595 Y110.491 E2.2444
G1 X115.756 Y110.765 E2.25091
G1 X115.921 Y111.118 E2.25889
G1 X116.046 Y111.484 E2.26681
G1 X116.131 Y111.848 E2.27446
G1 X116.175 Y112.176 E2.28124
G1 X116.189 Y112.564 E2.28919
G1 X116.162 Y112.952 E2.29715
G1 X116.109 Y113.264 E2.30363
G1 X116.008 Y113.643 E2.31166
G1 X115.896 Y113.942 E2.3182
G1 X115.759 Y114.23 E2.32473
G1 X115.559 Y114.563 E2.33268
G1 X115.326 Y114.871 E2.34059
G1 X115.061 Y115.156 E2.34856
G1 X114.824 Y115.365 E2.35503
G1 X114.507 Y115.596 E2.36306
G1 X114.235 Y115.756 E2.36952
G1 X113.879 Y115.922 E2.37756
G1 X113.581 Y116.027 E2.38403
G1 X113.204 Y116.121 E2.39199
G1 X112.822 Y116.175 E2.39989
G1 X112.436 Y116.189 E2.4078
G1 X112.048 Y116.162 E2.41576
G1 X111.735 Y116.109 E2.42226
G1 X111.371 Y116.012 E2.42997
G1 X111.058 Y115.896 E2.43681
G1 X110.77 Y115.759 E2.44334
G1 X110.437 Y115.558 E2.4513
G1 X110.129 Y115.326 E2.4592
G1 X109.846 Y115.062 E2.46713
G1 X109.65 Y114.838 E2.47322
G1 X109.65 Y114.838 F7800
G1 X109.419 Y114.961
G1 F1200
G1 X109.4 Y114.939 E2.47382
G1 X109.192 Y114.648 E2.48114
G1 X109.018 Y114.353 E2.48815
G1 X108.842 Y113.976 E2.49667
G1 X108.728 Y113.655 E2.50365
G1 X108.628 Y113.253 E2.51213
G1 X108.571 Y112.844 E2.52059
G1 X108.556 Y112.429 E2.52909
G1 X108.577 Y112.089 E2.53607
G1 X108.642 Y111.68 E2.54455
G1 X108.745 Y111.294 E2.55273
G1 X108.869 Y110.96 E2.56003
G1 X109.044 Y110.599 E2.56825
G1 X109.229 Y110.295 E2.57554
G1 X109.478 Y109.965 E2.58401
G1 X109.76 Y109.662 E2.59249
G1 X110.061 Y109.4 E2.60066
G1 X110.352 Y109.192 E2.60798
G1 X110.647 Y109.018 E2.61499
G1 X111.024 Y108.842 E2.62351
G1 X111.345 Y108.728 E2.63049
G1 X111.747 Y108.628 E2.63897
G1 X112.157 Y108.57 E2.64745
G1 X112.556 Y108.556 E2.65563
G1 X112.911 Y108.577 E2.66291
G1 X113.322 Y108.642 E2.67143
G1 X113.652 Y108.727 E2.67841
G1 X114.042 Y108.869 E2.68691
G1 X114.401 Y109.044 E2.69509
G1 X114.705 Y109.229 E2.70238
G1 X115.035 Y109.478 E2.71085
G1 X115.338 Y109.76 E2.71933
G1 X115.6 Y110.061 E2.7275
G1 X115.809 Y110.352 E2.73484
G1 X115.982 Y110.647 E2.74184
G1 X116.157 Y111.022 E2.75031
G1 X116.292 Y111.413 E2.75878
G1 X116.382 Y111.802 E2.76696
G1 X116.429 Y112.155 E2.77425
G1 X116.444 Y112.569 E2.78273
G1 X116.415 Y112.982 E2.79121
G1 X116.359 Y113.318 E2.79819
G1 X116.251 Y113.721 E2.80673
G1 X116.131 Y114.041 E2.81373
G1 X115.984 Y114.35 E2.82074
G1 X115.77 Y114.706 E2.82925
G1 X115.522 Y115.035 E2.83769
G1 X115.239 Y115.339 E2.84619
G1 X114.984 Y115.564 E2.85315
G1 X114.647 Y115.809 E2.86168
G1 X114.353 Y115.982 E2.86867
G1 X113.976 Y116.158 E2.87719
G1 X113.655 Y116.272 E2.88417
G1 X113.253 Y116.372 E2.89265
G1 X112.844 Y116.429 E2.90111
G1 X112.431 Y116.444 E2.90957
G1 X112.018 Y116.415 E2.91805
G1 X111.681 Y116.359 E2.92505
G1 X111.294 Y116.255 E2.93326
G1 X110.958 Y116.131 E2.94059
G1 X110.65 Y115.984 E2.94758
G1 X110.294 Y115.77 E2.95609
G1 X109.965 Y115.522 E2.96453
G1 X109.662 Y115.24 E2.97301
G1 X109.458 Y115.006 E2.97937
G1 X109.458 Y115.006 F7800
G1 X109.227 Y115.128
;TYPE:External perimeter
G1 F1200
G1 X109.2 Y115.097 E2.98021
G1 X108.978 Y114.787 E2.98802
G1 X108.792 Y114.472 E2.99551
G1 X108.606 Y114.073 E3.00452
G1 X108.484 Y113.729 E3.01199
G1 X108.377 Y113.301 E3.02102
G1 X108.316 Y112.866 E3.03001
G1 X108.301 Y112.426 E3.03903
G1 X108.323 Y112.062 E3.0465
G1 X108.392 Y111.627 E3.05552
G1 X108.501 Y111.216 E3.06423
G1 X108.634 Y110.859 E3.07203
G1 X108.82 Y110.477 E3.08073
G1 X109.018 Y110.152 E3.08852
G1 X109.283 Y109.8 E3.09754
G1 X109.583 Y109.479 E3.10654
G1 X109.903 Y109.2 E3.11523
G1 X110.213 Y108.978 E3.12304
G1 X110.528 Y108.792 E3.13053
G1 X110.927 Y108.606 E3.13954
G1 X111.271 Y108.484 E3.14701
G1 X111.699 Y108.377 E3.15604
G1 X112.134 Y108.316 E3.16503
G1 X112.559 Y108.301 E3.17374
G1 X112.938 Y108.323 E3.18151
G1 X113.374 Y108.392 E3.19055
G1 X113.727 Y108.483 E3.19801
G1 X114.141 Y108.634 E3.20703
G1 X114.523 Y108.82 E3.21573
G1 X114.848 Y109.018 E3.22352
G1 X115.2 Y109.283 E3.23254
G1 X115.521 Y109.583 E3.24154
G1 X115.8 Y109.903 E3.25023
G1 X116.022 Y110.213 E3.25804
G1 X116.208 Y110.528 E3.26553
G1 X116.394 Y110.927 E3.27454
G1 X116.537 Y111.343 E3.28355
G1 X116.633 Y111.756 E3.29223
G1 X116.684 Y112.133 E3.30002
G1 X116.699 Y112.573 E3.30904
G1 X116.668 Y113.012 E3.31805
G1 X116.608 Y113.373 E3.32554
G1 X116.494 Y113.798 E3.33455
G1 X116.366 Y114.141 E3.34205
G1 X116.209 Y114.471 E3.34953
G1 X115.982 Y114.848 E3.35854
G1 X115.717 Y115.2 E3.36756
G1 X115.417 Y115.522 E3.37657
G1 X115.144 Y115.763 E3.38403
G1 X114.787 Y116.023 E3.39307
G1 X114.472 Y116.208 E3.40055
G1 X114.073 Y116.394 E3.40956
G1 X113.729 Y116.516 E3.41703
G1 X113.301 Y116.623 E3.42606
G1 X112.866 Y116.684 E3.43505
G1 X112.427 Y116.699 E3.44404
G1 X111.988 Y116.668 E3.45305
G1 X111.627 Y116.608 E3.46054
G1 X111.216 Y116.499 E3.46925
G1 X110.859 Y116.366 E3.47705
G1 X110.529 Y116.209 E3.48453
G1 X110.151 Y115.982 E3.49356
G1 X109.8 Y115.717 E3.50257
G1 X109.479 Y115.417 E3.51157
G1 X109.266 Y115.173 E3.5182
G1 X109.026 Y114.853 F7800
;LAYER_CHANGE
;Z:2.93
;HEIGHT:0.21
G1 Z2.93 F7800
G1 E1.5182 F2400
G92 E0
G1 Z3.33 F7800
G1 X109.052 Y112.219
G1 Z2.93
G1 E2 F2400
G92 E0
;TYPE:Perimeter
G1 F1200
G1 X109.053 Y112.195 E.00049
G1 X109.103 Y111.84 E.00783
G1 X109.19 Y111.488 E.01525
G1 X109.314 Y111.148 E.02266
G1 X109.472 Y110.825 E.03002
G1 X109.633 Y110.562 E.03633
G1 X109.847 Y110.278 E.04361
G1 X110.053 Y110.053 E.04986
G1 X110.278 Y109.847 E.05611
G1 X110.565 Y109.631 E.06347
G1 X110.873 Y109.446 E.07083
G1 X111.151 Y109.313 E.07714
G1 X111.485 Y109.191 E.08442
G1 X111.783 Y109.114 E.09072
G1 X112.137 Y109.058 E.09806
G1 X112.477 Y109.04 E.10503
G1 X112.803 Y109.053 E.11171
G1 X113.16 Y109.103 E.11909
G1 X113.509 Y109.19 E.12646
G1 X113.799 Y109.292 E.13275
G1 X114.125 Y109.444 E.14012
G1 X114.435 Y109.631 E.14753
G1 X114.722 Y109.847 E.15489
G1 X114.947 Y110.053 E.16114
G1 X115.153 Y110.278 E.16739
G1 X115.369 Y110.565 E.17475
G1 X115.554 Y110.873 E.18211
G1 X115.687 Y111.151 E.18842
G1 X115.81 Y111.488 E.19577
G1 X115.897 Y111.84 E.20319
G1 X115.947 Y112.195 E.21053
G1 X115.961 Y112.503 E.21684
G1 X115.942 Y112.859 E.22414
G1 X115.896 Y113.163 E.23044
G1 X115.81 Y113.512 E.2378
G1 X115.686 Y113.852 E.24521
G1 X115.528 Y114.175 E.25257
G1 X115.367 Y114.438 E.25888
G1 X115.153 Y114.722 E.26616
G1 X114.947 Y114.947 E.27241
G1 X114.722 Y115.153 E.27866
G1 X114.435 Y115.369 E.28602
G1 X114.127 Y115.554 E.29338
G1 X113.849 Y115.687 E.29969
G1 X113.512 Y115.81 E.30704
G1 X113.163 Y115.896 E.3144
G1 X112.859 Y115.942 E.3207
G1 X112.5 Y115.961 E.32806
G1 X112.141 Y115.942 E.33542
G1 X111.837 Y115.896 E.34172
G1 X111.488 Y115.81 E.34908
G1 X111.148 Y115.686 E.35649
G1 X110.825 Y115.528 E.36385
G1 X110.562 Y115.367 E.37016
G1 X110.278 Y115.153 E.37744
G1 X110.053 Y114.947 E.38369
G1 X109.847 Y114.722 E.38994
G1 X109.631 Y114.435 E.3973
G1 X109.446 Y114.127 E.40466
G1 X109.313 Y113.849 E.41097
G1 X109.19 Y113.512 E.41832
G1 X109.103 Y113.16 E.42574
G1 X109.053 Y112.805 E.43308
G1 X109.04 Y112.5 E.43933
G1 X109.049 Y112.279 E.44386
G1 X109.049 Y112.279 F7800
G1 X109.307 Y112.231
G1 F1200
G1 X109.307 Y112.219 E.44411
G1 X109.353 Y111.888 E.45095
G1 X109.435 Y111.563 E.45781
G1 X109.549 Y111.248 E.46467
G1 X109.696 Y110.948 E.47151
G1 X109.844 Y110.706 E.47732
G1 X110.043 Y110.441 E.48411
G1 X110.441 Y110.043 E.49564
G1 X110.708 Y109.843 E.50247
G1 X110.994 Y109.671 E.5093
G1 X111.249 Y109.549 E.51509
G1 X111.561 Y109.435 E.52189
G1 X111.835 Y109.364 E.52769
G1 X112.164 Y109.312 E.53451
G1 X112.479 Y109.295 E.54097
G1 X112.78 Y109.307 E.54714
G1 X113.112 Y109.353 E.554
G1 X113.435 Y109.434 E.56082
G1 X113.702 Y109.529 E.56662
G1 X114.005 Y109.67 E.57346
G1 X114.292 Y109.843 E.58032
G1 X114.559 Y110.043 E.58715
G1 X114.957 Y110.441 E.59868
G1 X115.157 Y110.708 E.60551
G1 X115.329 Y110.994 E.61234
G1 X115.451 Y111.249 E.61813
G1 X115.565 Y111.563 E.62497
G1 X115.647 Y111.888 E.63183
G1 X115.693 Y112.219 E.63867
G1 X115.705 Y112.502 E.64447
G1 X115.688 Y112.833 E.65126
G1 X115.646 Y113.113 E.65706
G1 X115.565 Y113.437 E.6639
G1 X115.451 Y113.752 E.67076
G1 X115.304 Y114.052 E.6776
G1 X115.156 Y114.294 E.68341
G1 X114.957 Y114.559 E.6902
G1 X114.559 Y114.957 E.70173
G1 X114.292 Y115.157 E.70856
G1 X114.006 Y115.329 E.71539
G1 X113.751 Y115.451 E.72118
G1 X113.437 Y115.565 E.72802
G1 X113.113 Y115.646 E.73486
G1 X112.833 Y115.688 E.74066
G1 X112.5 Y115.705 E.74749
G1 X112.167 Y115.688 E.75432
G1 X111.887 Y115.646 E.76012
G1 X111.563 Y115.565 E.76696
G1 X111.248 Y115.451 E.77382
G1 X110.948 Y115.304 E.78066
G1 X110.706 Y115.156 E.78647
G1 X110.441 Y114.957 E.79326
G1 X110.043 Y114.559 E.80479
G1 X109.843 Y114.292 E.81162
G1 X109.671 Y114.006 E.81845
G1 X109.549 Y113.751 E.82424
G1 X109.435 Y113.437 E.83108
G1 X109.353 Y113.112 E.83794
G1 X109.307 Y112.781 E.84478
G1 X109.307 Y112.291 E.85481
G1 X109.307 Y112.291 F7800
G1 X109.563 Y112.232
;TYPE:External perimeter
G1 F1200
G1 X109.604 Y111.937 E.86091
G1 X109.679 Y111.637 E.86724
G1 X109.784 Y111.347 E.87356
G1 X109.919 Y111.07 E.87987
G1 X110.055 Y110.85 E.88517
G1 X110.24 Y110.604 E.89147
G1 X110.604 Y110.24 E.90201
G1 X110.85 Y110.054 E.90833
G1 X111.114 Y109.895 E.91464
G1 X111.348 Y109.784 E.91994
G1 X111.637 Y109.679 E.92624
G1 X111.887 Y109.614 E.93153
G1 X112.191 Y109.566 E.93783
G1 X112.481 Y109.55 E.94378
G1 X112.758 Y109.561 E.94946
G1 X113.063 Y109.604 E.95577
G1 X113.362 Y109.679 E.96208
G1 X113.606 Y109.765 E.96738
G1 X113.885 Y109.895 E.97368
G1 X114.15 Y110.054 E.98001
G1 X114.396 Y110.24 E.98633
G1 X114.76 Y110.604 E.99687
G1 X114.946 Y110.85 E1.00319
G1 X115.105 Y111.114 E1.0095
G1 X115.216 Y111.348 E1.0148
G1 X115.321 Y111.637 E1.0211
G1 X115.396 Y111.937 E1.02743
G1 X115.439 Y112.242 E1.03374
G1 X115.45 Y112.501 E1.03905
G1 X115.434 Y112.808 E1.04534
G1 X115.396 Y113.064 E1.05064
G1 X115.321 Y113.363 E1.05695
G1 X115.216 Y113.653 E1.06327
G1 X115.081 Y113.93 E1.06958
G1 X114.945 Y114.15 E1.07488
G1 X114.76 Y114.396 E1.08118
G1 X114.396 Y114.76 E1.09172
G1 X114.15 Y114.946 E1.09804
G1 X113.886 Y115.105 E1.10435
G1 X113.652 Y115.216 E1.10965
G1 X113.363 Y115.321 E1.11595
G1 X113.064 Y115.396 E1.12226
G1 X112.808 Y115.434 E1.12756
G1 X112.5 Y115.45 E1.13388
G1 X112.192 Y115.434 E1.1402
G1 X111.936 Y115.396 E1.1455
G1 X111.637 Y115.321 E1.15181
G1 X111.347 Y115.216 E1.15813
G1 X111.07 Y115.081 E1.16444
G1 X110.85 Y114.945 E1.16974
G1 X110.604 Y114.76 E1.17604
G1 X110.24 Y114.396 E1.18658
G1 X110.054 Y114.15 E1.1929
G1 X109.895 Y113.886 E1.19921
G1 X109.784 Y113.652 E1.20451
G1 X109.679 Y113.363 E1.21081
G1 X109.604 Y113.063 E1.21714
G1 X109.561 Y112.758 E1.22345
G1 X109.561 Y112.292 E1.23299
G1 X109.62 Y111.897 F7800
G1 E-.76701 F2400
G92 E0
G1 Z3.33 F7800
G1 X109.635 Y114.824
G1 Z2.93
G1 E2 F2400
;TYPE:Perimeter
G1 F1200
G1 X109.404 Y114.507 E2.00803
G1 X109.244 Y114.235 E2.01449
G1 X109.078 Y113.879 E2.02253
G1 X108.973 Y113.581 E2.029
G1 X108.879 Y113.204 E2.03696
G1 X108.825 Y112.822 E2.04486
G1 X108.811 Y112.433 E2.05283
G1 X108.831 Y112.117 E2.05931
G1 X108.892 Y111.73 E2.06733
G1 X108.971 Y111.424 E2.0738
G1 X109.105 Y111.056 E2.08182
G1 X109.241 Y110.77 E2.0883
G1 X109.441 Y110.437 E2.09625
G1 X109.674 Y110.129 E2.10416
G1 X109.937 Y109.846 E2.11207
G1 X110.231 Y109.591 E2.12004
G1 X110.491 Y109.406 E2.12657
G1 X110.765 Y109.244 E2.13309
G1 X111.121 Y109.078 E2.14113
G1 X111.419 Y108.973 E2.1476
G1 X111.796 Y108.879 E2.15556
G1 X112.179 Y108.825 E2.16348
G1 X112.548 Y108.811 E2.17104
G1 X112.884 Y108.831 E2.17793
G1 X113.27 Y108.892 E2.18593
G1 X113.576 Y108.971 E2.1924
G1 X113.944 Y109.105 E2.20042
G1 X114.229 Y109.241 E2.20689
G1 X114.563 Y109.441 E2.21486
G1 X114.871 Y109.674 E2.22277
G1 X115.156 Y109.939 E2.23074
G1 X115.365 Y110.176 E2.23721
G1 X115.596 Y110.493 E2.24524
G1 X115.756 Y110.765 E2.2517
G1 X115.922 Y111.121 E2.25974
G1 X116.027 Y111.419 E2.26621
G1 X116.121 Y111.796 E2.27417
G1 X116.175 Y112.178 E2.28207
G1 X116.189 Y112.564 E2.28998
G1 X116.162 Y112.952 E2.29794
G1 X116.109 Y113.265 E2.30444
G1 X116.014 Y113.624 E2.31204
G1 X115.896 Y113.942 E2.31899
G1 X115.759 Y114.23 E2.32552
G1 X115.558 Y114.563 E2.33348
G1 X115.326 Y114.871 E2.34138
G1 X115.061 Y115.156 E2.34935
G1 X114.824 Y115.365 E2.35582
G1 X114.507 Y115.596 E2.36385
G1 X114.235 Y115.756 E2.37031
G1 X113.879 Y115.922 E2.37835
G1 X113.581 Y116.027 E2.38482
G1 X113.204 Y116.121 E2.39278
G1 X112.822 Y116.175 E2.40068
G1 X112.436 Y116.189 E2.40859
G1 X112.048 Y116.162 E2.41655
G1 X111.735 Y116.109 E2.42305
G1 X111.376 Y116.014 E2.43065
G1 X111.058 Y115.896 E2.4376
G1 X110.771 Y115.759 E2.44411
G1 X110.437 Y115.559 E2.45208
G1 X110.129 Y115.326 E2.45999
G1 X109.844 Y115.061 E2.46796
G1 X109.674 Y114.869 E2.47321
G1 X109.674 Y114.869 F7800
G1 X109.436 Y114.984
G1 F1200
G1 X109.191 Y114.647 E2.48174
G1 X109.018 Y114.353 E2.48873
G1 X108.842 Y113.976 E2.49725
G1 X108.728 Y113.655 E2.50423
G1 X108.628 Y113.253 E2.51271
G1 X108.571 Y112.844 E2.52117
G1 X108.556 Y112.429 E2.52967
G1 X108.577 Y112.089 E2.53665
G1 X108.642 Y111.678 E2.54517
G1 X108.727 Y111.348 E2.55215
G1 X108.87 Y110.957 E2.56068
G1 X109.016 Y110.65 E2.56764
G1 X109.23 Y110.294 E2.57615
G1 X109.478 Y109.965 E2.58459
G1 X109.76 Y109.663 E2.59305
G1 X110.073 Y109.391 E2.60154
G1 X110.352 Y109.192 E2.60856
G1 X110.647 Y109.018 E2.61557
G1 X111.024 Y108.842 E2.62409
G1 X111.345 Y108.728 E2.63107
G1 X111.747 Y108.628 E2.63955
G1 X112.157 Y108.57 E2.64803
G1 X112.551 Y108.556 E2.6561
G1 X112.911 Y108.577 E2.66348
G1 X113.322 Y108.642 E2.672
G1 X113.652 Y108.727 E2.67898
G1 X114.043 Y108.87 E2.68751
G1 X114.35 Y109.016 E2.69447
G1 X114.706 Y109.23 E2.70298
G1 X115.035 Y109.478 E2.71142
G1 X115.339 Y109.761 E2.71992
G1 X115.564 Y110.016 E2.72688
G1 X115.809 Y110.353 E2.73541
G1 X115.982 Y110.647 E2.7424
G1 X116.158 Y111.024 E2.75092
G1 X116.272 Y111.345 E2.7579
G1 X116.372 Y111.747 E2.76638
G1 X116.429 Y112.156 E2.77484
G1 X116.444 Y112.569 E2.7833
G1 X116.415 Y112.982 E2.79178
G1 X116.359 Y113.319 E2.79878
G1 X116.257 Y113.702 E2.8069
G1 X116.131 Y114.042 E2.81432
G1 X115.984 Y114.35 E2.82131
G1 X115.77 Y114.706 E2.82982
G1 X115.522 Y115.035 E2.83826
G1 X115.239 Y115.339 E2.84676
G1 X114.984 Y115.564 E2.85372
G1 X114.647 Y115.809 E2.86225
G1 X114.353 Y115.982 E2.86924
G1 X113.976 Y116.158 E2.87776
G1 X113.655 Y116.272 E2.88474
G1 X113.253 Y116.372 E2.89322
G1 X112.844 Y116.429 E2.90168
G1 X112.431 Y116.444 E2.91014
G1 X112.018 Y116.415 E2.91862
G1 X111.681 Y116.359 E2.92562
G1 X111.298 Y116.257 E2.93374
G1 X110.958 Y116.131 E2.94116
G1 X110.65 Y115.984 E2.94815
G1 X110.294 Y115.77 E2.95666
G1 X109.965 Y115.522 E2.9651
G1 X109.661 Y115.239 E2.9736
G1 X109.475 Y115.029 E2.97934
G1 X109.475 Y115.029 F7800
G1 X109.232 Y115.137
;TYPE:External perimeter
G1 F1200
G1 X108.977 Y114.787 E2.98821
G1 X108.792 Y114.472 E2.99569
G1 X108.606 Y114.073 E3.0047
G1 X108.484 Y113.729 E3.01217
G1 X108.377 Y113.301 E3.0212
G1 X108.316 Y112.866 E3.03019
G1 X108.301 Y112.426 E3.03921
G1 X108.323 Y112.062 E3.04668
G1 X108.392 Y111.626 E3.05572
G1 X108.483 Y111.273 E3.06318
G1 X108.634 Y110.858 E3.07222
G1 X108.791 Y110.529 E3.07968
G1 X109.018 Y110.152 E3.08869
G1 X109.283 Y109.8 E3.09771
G1 X109.583 Y109.479 E3.10671
G1 X109.915 Y109.19 E3.11572
G1 X110.213 Y108.978 E3.12321
G1 X110.528 Y108.792 E3.1307
G1 X110.927 Y108.606 E3.13971
G1 X111.271 Y108.484 E3.14718
G1 X111.699 Y108.377 E3.15621
G1 X112.134 Y108.316 E3.1652
G1 X112.553 Y108.301 E3.17379
G1 X112.939 Y108.323 E3.18171
G1 X113.374 Y108.392 E3.19073
G1 X113.727 Y108.483 E3.19819
G1 X114.142 Y108.634 E3.20723
G1 X114.471 Y108.791 E3.21469
G1 X114.848 Y109.018 E3.2237
G1 X115.2 Y109.283 E3.23272
G1 X115.522 Y109.583 E3.24173
G1 X115.763 Y109.856 E3.24919
G1 X116.023 Y110.213 E3.25823
G1 X116.208 Y110.528 E3.26571
G1 X116.394 Y110.927 E3.27472
G1 X116.516 Y111.271 E3.28219
G1 X116.623 Y111.699 E3.29122
G1 X116.684 Y112.134 E3.30021
G1 X116.699 Y112.573 E3.3092
G1 X116.668 Y113.012 E3.31821
G1 X116.608 Y113.373 E3.3257
G1 X116.5 Y113.779 E3.3343
G1 X116.366 Y114.141 E3.3422
G1 X116.209 Y114.471 E3.34968
G1 X115.982 Y114.849 E3.35871
G1 X115.717 Y115.2 E3.36772
G1 X115.417 Y115.522 E3.37673
G1 X115.144 Y115.763 E3.38419
G1 X114.787 Y116.023 E3.39323
G1 X114.472 Y116.208 E3.40071
G1 X114.073 Y116.394 E3.40972
G1 X113.729 Y116.516 E3.41719
G1 X113.301 Y116.623 E3.42622
G1 X112.866 Y116.684 E3.43521
G1 X112.427 Y116.699 E3.4442
G1 X111.988 Y116.668 E3.45321
G1 X111.627 Y116.608 E3.4607
G1 X111.221 Y116.5 E3.4693
G1 X110.859 Y116.366 E3.4772
G1 X110.529 Y116.209 E3.48468
G1 X110.152 Y115.982 E3.49369
G1 X109.8 Y115.717 E3.50271
G1 X109.478 Y115.417 E3.51172
G1 X109.271 Y115.183 E3.51812
G1 X109.032 Y114.862 F7800
;LAYER_CHANGE
;Z:3.14
;HEIGHT:0.21
G1 Z3.14 F7800
G1 E1.51812 F2400
G92 E0
G1 Z3.54 F7800
G1 X109.057 Y112.164
G1 Z3.14
G1 E2 F2400
G92 E0
;TYPE:Perimeter
G1 F1200
G1 X109.058 Y112.141 E.00047
G1 X109.104 Y111.837 E.00677
G1 X109.19 Y111.489 E.01411
G1 X109.305 Y111.171 E.02103
G1 X109.445 Y110.874 E.02775
G1 X109.631 Y110.565 E.03514
G1 X109.847 Y110.278 E.0425
G1 X110.053 Y110.053 E.04875
G1 X110.278 Y109.847 E.055
G1 X110.565 Y109.631 E.06236
G1 X110.873 Y109.446 E.06972
G1 X111.15 Y109.313 E.07601
G1 X111.485 Y109.191 E.08331
G1 X111.783 Y109.114 E.08961
G1 X112.137 Y109.058 E.09695
G1 X112.475 Y109.04 E.10388
G1 X112.803 Y109.053 E.1106
G1 X113.16 Y109.103 E.11798
G1 X113.509 Y109.19 E.12535
G1 X113.799 Y109.292 E.13164
G1 X114.122 Y109.443 E.13894
G1 X114.387 Y109.599 E.14524
G1 X114.678 Y109.81 E.1526
G1 X114.947 Y110.053 E.16002
G1 X115.188 Y110.32 E.16739
G1 X115.371 Y110.567 E.17368
G1 X115.554 Y110.873 E.18098
G1 X115.687 Y111.15 E.18727
G1 X115.81 Y111.488 E.19464
G1 X115.897 Y111.84 E.20206
G1 X115.947 Y112.195 E.2094
G1 X115.961 Y112.503 E.21571
G1 X115.942 Y112.859 E.22301
G1 X115.896 Y113.163 E.22931
G1 X115.81 Y113.511 E.23665
G1 X115.695 Y113.829 E.24357
G1 X115.555 Y114.126 E.25029
G1 X115.369 Y114.435 E.25768
G1 X115.153 Y114.722 E.26504
G1 X114.945 Y114.949 E.27134
G1 X114.68 Y115.188 E.27865
G1 X114.433 Y115.371 E.28494
G1 X114.126 Y115.555 E.29227
G1 X113.82 Y115.699 E.2992
G1 X113.51 Y115.81 E.30594
G1 X113.16 Y115.897 E.31333
G1 X112.805 Y115.947 E.32067
G1 X112.497 Y115.961 E.32698
G1 X112.141 Y115.942 E.33428
G1 X111.837 Y115.896 E.34058
G1 X111.488 Y115.81 E.34794
G1 X111.148 Y115.686 E.35535
G1 X110.825 Y115.528 E.36271
G1 X110.562 Y115.367 E.36902
G1 X110.278 Y115.153 E.3763
G1 X110.051 Y114.945 E.3826
G1 X109.812 Y114.68 E.38991
G1 X109.629 Y114.433 E.3962
G1 X109.445 Y114.126 E.40353
G1 X109.301 Y113.82 E.41046
G1 X109.19 Y113.51 E.4172
G1 X109.103 Y113.16 E.42459
G1 X109.053 Y112.805 E.43193
G1 X109.039 Y112.497 E.43824
G1 X109.054 Y112.224 E.44384
G1 X109.054 Y112.224 F7800
G1 X109.314 Y112.155
G1 F1200
G1 X109.354 Y111.887 E.44939
G1 X109.434 Y111.563 E.45622
G1 X109.541 Y111.269 E.46263
G1 X109.67 Y110.994 E.46885
G1 X109.843 Y110.707 E.47571
G1 X110.043 Y110.441 E.48252
G1 X110.441 Y110.043 E.49405
G1 X110.707 Y109.843 E.50086
G1 X110.994 Y109.671 E.50771
G1 X111.249 Y109.549 E.5135
G1 X111.561 Y109.435 E.5203
G1 X111.835 Y109.364 E.5261
G1 X112.164 Y109.312 E.53292
G1 X112.477 Y109.295 E.53934
G1 X112.78 Y109.307 E.54555
G1 X113.112 Y109.353 E.55241
G1 X113.435 Y109.434 E.55923
G1 X113.702 Y109.529 E.56503
G1 X114.003 Y109.669 E.57183
G1 X114.247 Y109.813 E.57763
G1 X114.517 Y110.009 E.58446
G1 X114.767 Y110.233 E.59133
G1 X114.99 Y110.481 E.59816
G1 X115.158 Y110.709 E.60396
G1 X115.329 Y110.994 E.61077
G1 X115.451 Y111.249 E.61656
G1 X115.565 Y111.563 E.6234
G1 X115.647 Y111.888 E.63026
G1 X115.693 Y112.219 E.6371
G1 X115.705 Y112.502 E.6429
G1 X115.688 Y112.833 E.64969
G1 X115.646 Y113.113 E.65549
G1 X115.566 Y113.437 E.66232
G1 X115.459 Y113.731 E.66873
G1 X115.33 Y114.006 E.67495
G1 X115.157 Y114.293 E.68181
G1 X114.957 Y114.559 E.68862
G1 X114.765 Y114.768 E.69443
G1 X114.519 Y114.99 E.70122
G1 X114.291 Y115.158 E.70702
G1 X114.005 Y115.33 E.71385
G1 X113.722 Y115.463 E.72025
G1 X113.436 Y115.566 E.72647
G1 X113.112 Y115.647 E.73331
G1 X112.781 Y115.693 E.74015
G1 X112.498 Y115.705 E.74595
G1 X112.167 Y115.688 E.75274
G1 X111.887 Y115.646 E.75854
G1 X111.563 Y115.565 E.76538
G1 X111.248 Y115.451 E.77224
G1 X110.948 Y115.304 E.77908
G1 X110.706 Y115.156 E.78489
G1 X110.441 Y114.957 E.79168
G1 X110.232 Y114.765 E.79749
G1 X110.01 Y114.519 E.80428
G1 X109.842 Y114.291 E.81008
G1 X109.67 Y114.005 E.81691
G1 X109.537 Y113.722 E.82331
G1 X109.434 Y113.436 E.82953
G1 X109.353 Y113.112 E.83637
G1 X109.307 Y112.781 E.84321
G1 X109.295 Y112.498 E.84901
G1 X109.309 Y112.215 E.85481
G1 X109.309 Y112.215 F7800
G1 X109.564 Y112.224
;TYPE:External perimeter
G1 F1200
G1 X109.566 Y112.192 E.85547
G1 X109.604 Y111.936 E.86077
G1 X109.679 Y111.638 E.86706
G1 X109.776 Y111.367 E.87295
G1 X109.895 Y111.115 E.87866
G1 X110.054 Y110.85 E.88499
G1 X110.24 Y110.604 E.89131
G1 X110.604 Y110.24 E.90185
G1 X110.85 Y110.054 E.90817
G1 X111.114 Y109.895 E.91448
G1 X111.348 Y109.784 E.91978
G1 X111.637 Y109.679 E.92608
G1 X111.887 Y109.614 E.93137
G1 X112.191 Y109.566 E.93767
G1 X112.479 Y109.55 E.94358
G1 X112.758 Y109.561 E.9493
G1 X113.063 Y109.604 E.95561
G1 X113.362 Y109.679 E.96192
G1 X113.606 Y109.765 E.96722
G1 X113.884 Y109.895 E.9735
G1 X114.107 Y110.026 E.9788
G1 X114.357 Y110.207 E.98512
G1 X114.586 Y110.414 E.99144
G1 X114.792 Y110.643 E.99775
G1 X114.946 Y110.851 E1.00305
G1 X115.105 Y111.114 E1.00934
G1 X115.216 Y111.348 E1.01464
G1 X115.321 Y111.637 E1.02094
G1 X115.396 Y111.937 E1.02727
G1 X115.439 Y112.242 E1.03358
G1 X115.45 Y112.501 E1.03889
G1 X115.434 Y112.808 E1.04518
G1 X115.396 Y113.064 E1.05048
G1 X115.321 Y113.362 E1.05677
G1 X115.224 Y113.633 E1.06266
G1 X115.105 Y113.885 E1.06837
G1 X114.946 Y114.15 E1.0747
G1 X114.76 Y114.396 E1.08102
G1 X114.586 Y114.587 E1.08631
G1 X114.357 Y114.792 E1.0926
G1 X114.149 Y114.946 E1.0979
G1 X113.885 Y115.105 E1.10421
G1 X113.625 Y115.227 E1.11009
G1 X113.362 Y115.321 E1.11581
G1 X113.063 Y115.396 E1.12212
G1 X112.758 Y115.439 E1.12843
G1 X112.499 Y115.45 E1.13374
G1 X112.192 Y115.434 E1.14003
G1 X111.936 Y115.396 E1.14533
G1 X111.637 Y115.321 E1.15164
G1 X111.347 Y115.216 E1.15796
G1 X111.07 Y115.081 E1.16427
G1 X110.85 Y114.945 E1.16957
G1 X110.604 Y114.76 E1.17587
G1 X110.413 Y114.586 E1.18116
G1 X110.208 Y114.357 E1.18745
G1 X110.054 Y114.149 E1.19275
G1 X109.895 Y113.885 E1.19906
G1 X109.773 Y113.625 E1.20494
G1 X109.679 Y113.362 E1.21066
G1 X109.604 Y113.063 E1.21697
G1 X109.561 Y112.758 E1.22328
G1 X109.55 Y112.499 E1.22859
G1 X109.561 Y112.284 E1.233
G1 X109.622 Y111.889 F7800
G1 E-.767 F2400
G92 E0
G1 Z3.54 F7800
G1 X109.614 Y114.797
G1 Z3.14
G1 E2 F2400
;TYPE:Perimeter
G1 F1200
G1 X109.606 Y114.788 E2.00025
G1 X109.407 Y114.511 E2.00723
G1 X109.211 Y114.172 E2.01525
G1 X109.079 Y113.882 E2.02177
G1 X108.973 Y113.581 E2.0283
G1 X108.879 Y113.204 E2.03626
G1 X108.825 Y112.822 E2.04416
G1 X108.811 Y112.435 E2.05209
G1 X108.836 Y112.072 E2.05954
G1 X108.891 Y111.732 E2.06659
G1 X108.971 Y111.424 E2.07311
G1 X109.104 Y111.059 E2.08106
G1 X109.274 Y110.711 E2.08899
G1 X109.466 Y110.401 E2.09646
G1 X109.673 Y110.13 E2.10344
G1 X109.938 Y109.846 E2.11139
G1 X110.212 Y109.606 E2.11885
G1 X110.489 Y109.407 E2.12583
G1 X110.828 Y109.211 E2.13385
G1 X111.118 Y109.079 E2.14037
G1 X111.419 Y108.973 E2.1469
G1 X111.796 Y108.879 E2.15486
G1 X112.179 Y108.825 E2.16278
G1 X112.543 Y108.811 E2.17024
G1 X112.884 Y108.831 E2.17723
G1 X113.27 Y108.892 E2.18523
G1 X113.576 Y108.971 E2.1917
G1 X113.941 Y109.104 E2.19965
G1 X114.289 Y109.274 E2.20758
G1 X114.599 Y109.466 E2.21505
G1 X114.87 Y109.673 E2.22203
G1 X115.156 Y109.939 E2.23003
G1 X115.365 Y110.176 E2.2365
G1 X115.596 Y110.493 E2.24453
G1 X115.756 Y110.765 E2.25099
G1 X115.922 Y111.121 E2.25903
G1 X116.027 Y111.419 E2.2655
G1 X116.121 Y111.796 E2.27346
G1 X116.175 Y112.178 E2.28136
G1 X116.189 Y112.564 E2.28927
G1 X116.162 Y112.952 E2.29723
G1 X116.109 Y113.264 E2.30371
G1 X116.008 Y113.643 E2.31174
G1 X115.897 Y113.939 E2.31821
G1 X115.726 Y114.289 E2.32619
G1 X115.534 Y114.599 E2.33366
G1 X115.327 Y114.87 E2.34064
G1 X115.061 Y115.156 E2.34864
G1 X114.824 Y115.365 E2.35511
G1 X114.509 Y115.594 E2.36308
G1 X114.174 Y115.788 E2.37101
G1 X113.842 Y115.936 E2.37845
G1 X113.519 Y116.046 E2.38544
G1 X113.138 Y116.134 E2.39345
G1 X112.824 Y116.175 E2.39993
G1 X112.436 Y116.189 E2.40788
G1 X112.048 Y116.162 E2.41584
G1 X111.736 Y116.109 E2.42232
G1 X111.357 Y116.008 E2.43035
G1 X111.061 Y115.897 E2.43682
G1 X110.711 Y115.726 E2.4448
G1 X110.401 Y115.534 E2.45227
G1 X110.13 Y115.327 E2.45925
G1 X109.846 Y115.062 E2.4672
G1 X109.653 Y114.842 E2.47319
G1 X109.653 Y114.842 F7800
G1 X109.422 Y114.965
G1 F1200
G1 X109.406 Y114.947 E2.47368
G1 X109.192 Y114.649 E2.48119
G1 X108.985 Y114.289 E2.48969
G1 X108.843 Y113.978 E2.49669
G1 X108.728 Y113.655 E2.50371
G1 X108.628 Y113.253 E2.51219
G1 X108.571 Y112.844 E2.52065
G1 X108.556 Y112.431 E2.52911
G1 X108.582 Y112.042 E2.53709
G1 X108.642 Y111.679 E2.54462
G1 X108.727 Y111.348 E2.55162
G1 X108.869 Y110.959 E2.5601
G1 X109.05 Y110.587 E2.56857
G1 X109.256 Y110.257 E2.57654
G1 X109.478 Y109.965 E2.58405
G1 X109.76 Y109.662 E2.59253
G1 X110.053 Y109.406 E2.6005
G1 X110.351 Y109.192 E2.60801
G1 X110.711 Y108.985 E2.61651
G1 X111.022 Y108.843 E2.62351
G1 X111.345 Y108.728 E2.63053
G1 X111.747 Y108.628 E2.63901
G1 X112.157 Y108.57 E2.64749
G1 X112.546 Y108.556 E2.65546
G1 X112.911 Y108.577 E2.66295
G1 X113.322 Y108.642 E2.67147
G1 X113.652 Y108.727 E2.67845
G1 X114.041 Y108.869 E2.68693
G1 X114.413 Y109.05 E2.6954
G1 X114.743 Y109.256 E2.70337
G1 X115.035 Y109.478 E2.71088
G1 X115.339 Y109.761 E2.71938
G1 X115.564 Y110.016 E2.72634
G1 X115.809 Y110.353 E2.73487
G1 X115.982 Y110.647 E2.74186
G1 X116.158 Y111.024 E2.75038
G1 X116.272 Y111.345 E2.75736
G1 X116.372 Y111.747 E2.76584
G1 X116.429 Y112.156 E2.7743
G1 X116.444 Y112.569 E2.78276
G1 X116.415 Y112.982 E2.79124
G1 X116.359 Y113.318 E2.79822
G1 X116.251 Y113.721 E2.80676
G1 X116.132 Y114.04 E2.81373
G1 X115.95 Y114.413 E2.82223
G1 X115.744 Y114.743 E2.8302
G1 X115.522 Y115.035 E2.83771
G1 X115.239 Y115.339 E2.84621
G1 X114.984 Y115.564 E2.85317
G1 X114.648 Y115.808 E2.86167
G1 X114.29 Y116.015 E2.87014
G1 X113.935 Y116.174 E2.87811
G1 X113.588 Y116.291 E2.88561
G1 X113.183 Y116.385 E2.89412
G1 X112.846 Y116.429 E2.90108
G1 X112.431 Y116.444 E2.90958
G1 X112.018 Y116.415 E2.91806
G1 X111.682 Y116.359 E2.92504
G1 X111.279 Y116.251 E2.93358
G1 X110.96 Y116.132 E2.94055
G1 X110.587 Y115.95 E2.94905
G1 X110.257 Y115.744 E2.95702
G1 X109.965 Y115.522 E2.96453
G1 X109.662 Y115.24 E2.97301
G1 X109.461 Y115.01 E2.97926
G1 X109.461 Y115.01 F7800
G1 X109.23 Y115.133
;TYPE:External perimeter
G1 F1200
G1 X109.206 Y115.105 E2.98002
G1 X108.978 Y114.788 E2.98802
G1 X108.758 Y114.406 E2.99705
G1 X108.606 Y114.073 E3.00455
G1 X108.484 Y113.729 E3.01202
G1 X108.377 Y113.301 E3.02105
G1 X108.316 Y112.866 E3.03004
G1 X108.301 Y112.427 E3.03903
G1 X108.329 Y112.013 E3.04753
G1 X108.392 Y111.627 E3.05554
G1 X108.483 Y111.273 E3.06302
G1 X108.634 Y110.859 E3.07204
G1 X108.827 Y110.464 E3.08104
G1 X109.045 Y110.112 E3.08952
G1 X109.283 Y109.801 E3.09754
G1 X109.583 Y109.479 E3.10655
G1 X109.895 Y109.206 E3.11504
G1 X110.212 Y108.978 E3.12304
G1 X110.594 Y108.758 E3.13207
G1 X110.927 Y108.606 E3.13957
G1 X111.271 Y108.484 E3.14704
G1 X111.699 Y108.377 E3.15607
G1 X112.134 Y108.316 E3.16506
G1 X112.548 Y108.301 E3.17354
G1 X112.939 Y108.323 E3.18156
G1 X113.374 Y108.392 E3.19058
G1 X113.727 Y108.483 E3.19804
G1 X114.141 Y108.634 E3.20706
G1 X114.536 Y108.827 E3.21606
G1 X114.888 Y109.045 E3.22454
G1 X115.199 Y109.283 E3.23256
G1 X115.522 Y109.583 E3.24159
G1 X115.763 Y109.856 E3.24905
G1 X116.023 Y110.213 E3.25809
G1 X116.208 Y110.528 E3.26557
G1 X116.394 Y110.927 E3.27458
G1 X116.516 Y111.271 E3.28205
G1 X116.623 Y111.699 E3.29108
G1 X116.684 Y112.134 E3.30007
G1 X116.699 Y112.573 E3.30906
G1 X116.668 Y113.012 E3.31807
G1 X116.608 Y113.373 E3.32556
G1 X116.494 Y113.798 E3.33457
G1 X116.366 Y114.14 E3.34205
G1 X116.173 Y114.536 E3.35107
G1 X115.955 Y114.888 E3.35955
G1 X115.718 Y115.199 E3.36756
G1 X115.417 Y115.522 E3.3766
G1 X115.144 Y115.763 E3.38406
G1 X114.787 Y116.022 E3.39309
G1 X114.406 Y116.242 E3.4021
G1 X114.028 Y116.412 E3.41059
G1 X113.658 Y116.537 E3.41859
G1 X113.229 Y116.636 E3.42761
G1 X112.867 Y116.684 E3.43509
G1 X112.427 Y116.699 E3.44411
G1 X111.988 Y116.668 E3.45312
G1 X111.627 Y116.608 E3.46061
G1 X111.202 Y116.494 E3.46962
G1 X110.86 Y116.366 E3.4771
G1 X110.464 Y116.173 E3.48612
G1 X110.112 Y115.955 E3.4946
G1 X109.801 Y115.718 E3.50261
G1 X109.479 Y115.417 E3.51164
G1 X109.269 Y115.178 E3.51815
G1 X109.03 Y114.858 F7800
;LAYER_CHANGE
;Z:3.35
;HEIGHT:0.21
G1 Z3.35 F7800
G1 E1.51815 F2400
G92 E0
G1 Z3.75 F7800
G1 X109.057 Y112.164
G1 Z3.35
G1 E2 F2400
G92 E0
;TYPE:Perimeter
G1 F1200
G1 X109.058 Y112.141 E.00047
G1 X109.104 Y111.837 E.00677
G1 X109.19 Y111.488 E.01413
G1 X109.314 Y111.148 E.02154
G1 X109.472 Y110.825 E.0289
G1 X109.633 Y110.562 E.03521
G1 X109.847 Y110.278 E.04249
G1 X110.054 Y110.052 E.04877
G1 X110.301 Y109.828 E.0556
G1 X110.566 Y109.63 E.06237
G1 X110.873 Y109.446 E.0697
G1 X111.15 Y109.313 E.07599
G1 X111.485 Y109.191 E.08329
G1 X111.783 Y109.114 E.08959
G1 X112.137 Y109.058 E.09693
G1 X112.473 Y109.04 E.10382
G1 X112.803 Y109.053 E.11058
G1 X113.16 Y109.103 E.11796
G1 X113.509 Y109.19 E.12533
G1 X113.799 Y109.292 E.13162
G1 X114.125 Y109.444 E.13899
G1 X114.434 Y109.63 E.14638
G1 X114.703 Y109.832 E.15327
G1 X114.948 Y110.054 E.16004
G1 X115.188 Y110.32 E.16738
G1 X115.371 Y110.567 E.17367
G1 X115.556 Y110.875 E.18103
G1 X115.708 Y111.201 E.1884
G1 X115.81 Y111.491 E.19469
G1 X115.897 Y111.84 E.20206
G1 X115.947 Y112.195 E.2094
G1 X115.961 Y112.503 E.21571
G1 X115.942 Y112.859 E.22301
G1 X115.896 Y113.163 E.22931
G1 X115.81 Y113.512 E.23667
G1 X115.686 Y113.852 E.24408
G1 X115.528 Y114.175 E.25144
G1 X115.367 Y114.438 E.25775
G1 X115.153 Y114.722 E.26503
G1 X114.945 Y114.949 E.27133
G1 X114.68 Y115.188 E.27864
G1 X114.433 Y115.371 E.28493
G1 X114.125 Y115.556 E.29229
G1 X113.799 Y115.708 E.29966
G1 X113.509 Y115.81 E.30595
G1 X113.16 Y115.897 E.31332
G1 X112.805 Y115.947 E.32066
G1 X112.497 Y115.961 E.32697
G1 X112.141 Y115.942 E.33427
G1 X111.837 Y115.896 E.34057
G1 X111.488 Y115.81 E.34793
G1 X111.148 Y115.686 E.35534
G1 X110.825 Y115.528 E.3627
G1 X110.562 Y115.367 E.36901
G1 X110.278 Y115.153 E.37629
G1 X110.051 Y114.945 E.38259
G1 X109.812 Y114.68 E.3899
G1 X109.629 Y114.433 E.39619
G1 X109.444 Y114.125 E.40355
G1 X109.292 Y113.799 E.41092
G1 X109.19 Y113.509 E.41721
G1 X109.103 Y113.161 E.42456
G1 X109.055 Y112.829 E.43143
G1 X109.039 Y112.499 E.4382
G1 X109.054 Y112.224 E.44384
G1 X109.054 Y112.224 F7800
G1 X109.311 Y112.178
G1 F1200
G1 X109.312 Y112.167 E.44407
G1 X109.354 Y111.887 E.44987
G1 X109.435 Y111.563 E.45671
G1 X109.549 Y111.248 E.46357
G1 X109.696 Y110.948 E.47041
G1 X109.844 Y110.706 E.47622
G1 X110.043 Y110.441 E.48301
G1 X110.234 Y110.233 E.48879
G1 X110.463 Y110.025 E.49512
G1 X110.708 Y109.842 E.50138
G1 X110.994 Y109.671 E.5082
G1 X111.249 Y109.549 E.51399
G1 X111.561 Y109.435 E.52079
G1 X111.835 Y109.364 E.52659
G1 X112.164 Y109.312 E.53341
G1 X112.475 Y109.295 E.53979
G1 X112.78 Y109.307 E.54604
G1 X113.112 Y109.353 E.5529
G1 X113.435 Y109.434 E.55972
G1 X113.702 Y109.529 E.56552
G1 X114.005 Y109.67 E.57236
G1 X114.292 Y109.842 E.57921
G1 X114.541 Y110.028 E.58557
G1 X114.767 Y110.234 E.59183
G1 X114.99 Y110.481 E.59864
G1 X115.158 Y110.709 E.60444
G1 X115.33 Y110.995 E.61127
G1 X115.471 Y111.298 E.61811
G1 X115.566 Y111.565 E.62391
G1 X115.647 Y111.888 E.63073
G1 X115.693 Y112.219 E.63757
G1 X115.705 Y112.502 E.64337
G1 X115.688 Y112.833 E.65016
G1 X115.646 Y113.113 E.65596
G1 X115.565 Y113.437 E.6628
G1 X115.451 Y113.752 E.66966
G1 X115.304 Y114.052 E.6765
G1 X115.156 Y114.294 E.68231
G1 X114.957 Y114.559 E.6891
G1 X114.765 Y114.768 E.69491
G1 X114.519 Y114.99 E.7017
G1 X114.291 Y115.158 E.7075
G1 X114.005 Y115.33 E.71433
G1 X113.702 Y115.471 E.72117
G1 X113.435 Y115.566 E.72697
G1 X113.112 Y115.647 E.73379
G1 X112.781 Y115.693 E.74063
G1 X112.498 Y115.705 E.74643
G1 X112.167 Y115.688 E.75322
G1 X111.887 Y115.646 E.75902
G1 X111.563 Y115.565 E.76586
G1 X111.248 Y115.451 E.77272
G1 X110.948 Y115.304 E.77956
G1 X110.706 Y115.156 E.78537
G1 X110.441 Y114.957 E.79216
G1 X110.232 Y114.765 E.79797
G1 X110.01 Y114.519 E.80476
G1 X109.842 Y114.291 E.81056
G1 X109.67 Y114.005 E.81739
G1 X109.529 Y113.702 E.82423
G1 X109.434 Y113.435 E.83003
G1 X109.354 Y113.112 E.83684
G1 X109.309 Y112.805 E.84319
G1 X109.295 Y112.499 E.84946
G1 X109.308 Y112.238 E.85481
G1 X109.308 Y112.238 F7800
G1 X109.564 Y112.226
;TYPE:External perimeter
G1 F1200
G1 X109.566 Y112.192 E.85551
G1 X109.604 Y111.936 E.86081
G1 X109.679 Y111.637 E.86712
G1 X109.784 Y111.347 E.87344
G1 X109.919 Y111.07 E.87975
G1 X110.055 Y110.85 E.88505
G1 X110.24 Y110.604 E.89135
G1 X110.414 Y110.414 E.89663
G1 X110.626 Y110.222 E.90249
G1 X110.851 Y110.054 E.90824
G1 X111.114 Y109.895 E.91453
G1 X111.348 Y109.784 E.91983
G1 X111.637 Y109.679 E.92613
G1 X111.887 Y109.614 E.93142
G1 X112.191 Y109.566 E.93772
G1 X112.477 Y109.55 E.94359
G1 X112.757 Y109.561 E.94933
G1 X113.063 Y109.604 E.95566
G1 X113.362 Y109.679 E.96197
G1 X113.606 Y109.765 E.96727
G1 X113.885 Y109.895 E.97357
G1 X114.149 Y110.054 E.97988
G1 X114.378 Y110.225 E.98573
G1 X114.586 Y110.414 E.99148
G1 X114.792 Y110.643 E.99779
G1 X114.946 Y110.851 E1.00309
G1 X115.105 Y111.115 E1.0094
G1 X115.235 Y111.394 E1.0157
G1 X115.321 Y111.638 E1.021
G1 X115.396 Y111.937 E1.02731
G1 X115.439 Y112.242 E1.03362
G1 X115.45 Y112.501 E1.03893
G1 X115.434 Y112.808 E1.04522
G1 X115.396 Y113.064 E1.05052
G1 X115.321 Y113.363 E1.05683
G1 X115.216 Y113.653 E1.06315
G1 X115.081 Y113.93 E1.06946
G1 X114.945 Y114.15 E1.07476
G1 X114.76 Y114.396 E1.08106
G1 X114.586 Y114.587 E1.08635
G1 X114.357 Y114.792 E1.09264
G1 X114.149 Y114.946 E1.09794
G1 X113.885 Y115.105 E1.10425
G1 X113.606 Y115.235 E1.11055
G1 X113.362 Y115.321 E1.11585
G1 X113.063 Y115.396 E1.12216
G1 X112.758 Y115.439 E1.12847
G1 X112.499 Y115.45 E1.13378
G1 X112.192 Y115.434 E1.14007
G1 X111.936 Y115.396 E1.14537
G1 X111.637 Y115.321 E1.15168
G1 X111.347 Y115.216 E1.158
G1 X111.07 Y115.081 E1.16431
G1 X110.85 Y114.945 E1.16961
G1 X110.604 Y114.76 E1.17591
G1 X110.413 Y114.586 E1.1812
G1 X110.208 Y114.357 E1.18749
G1 X110.054 Y114.149 E1.19279
G1 X109.895 Y113.885 E1.1991
G1 X109.765 Y113.606 E1.2054
G1 X109.679 Y113.362 E1.2107
G1 X109.604 Y113.063 E1.21701
G1 X109.563 Y112.78 E1.22287
G1 X109.55 Y112.5 E1.22861
G1 X109.561 Y112.285 E1.23302
G1 X109.621 Y111.89 F7800
G1 E-.76698 F2400
G92 E0
G1 Z3.75 F7800
G1 X109.615 Y114.799
G1 Z3.35
G1 E2 F2400
;TYPE:Perimeter
G1 F1200
G1 X109.609 Y114.792 E2.00019
G1 X109.407 Y114.511 E2.00728
G1 X109.212 Y114.174 E2.01525
G1 X109.065 Y113.847 E2.02259
G1 X108.954 Y113.518 E2.0297
G1 X108.867 Y113.14 E2.03764
G1 X108.822 Y112.783 E2.04501
G1 X108.811 Y112.434 E2.05216
G1 X108.831 Y112.117 E2.05866
G1 X108.892 Y111.73 E2.06668
G1 X108.971 Y111.424 E2.07315
G1 X109.104 Y111.057 E2.08114
G1 X109.261 Y110.734 E2.08849
G1 X109.441 Y110.438 E2.09558
G1 X109.674 Y110.129 E2.1035
G1 X109.938 Y109.845 E2.11144
G1 X110.208 Y109.609 E2.11878
G1 X110.49 Y109.406 E2.1259
G1 X110.802 Y109.225 E2.13329
G1 X111.119 Y109.079 E2.14044
G1 X111.419 Y108.973 E2.14696
G1 X111.796 Y108.879 E2.15492
G1 X112.18 Y108.825 E2.16286
G1 X112.538 Y108.811 E2.1702
G1 X112.884 Y108.831 E2.1773
G1 X113.27 Y108.892 E2.1853
G1 X113.576 Y108.971 E2.19177
G1 X113.944 Y109.105 E2.19979
G1 X114.23 Y109.241 E2.20627
G1 X114.563 Y109.441 E2.21422
G1 X114.871 Y109.674 E2.22213
G1 X115.155 Y109.938 E2.23007
G1 X115.391 Y110.208 E2.23741
G1 X115.595 Y110.492 E2.24457
G1 X115.756 Y110.765 E2.25106
G1 X115.921 Y111.118 E2.25904
G1 X116.047 Y111.486 E2.26701
G1 X116.121 Y111.793 E2.27348
G1 X116.175 Y112.178 E2.28144
G1 X116.189 Y112.564 E2.28935
G1 X116.162 Y112.952 E2.29731
G1 X116.109 Y113.264 E2.30379
G1 X116.008 Y113.643 E2.31182
G1 X115.896 Y113.942 E2.31836
G1 X115.759 Y114.23 E2.32489
G1 X115.559 Y114.563 E2.33284
G1 X115.326 Y114.871 E2.34075
G1 X115.061 Y115.156 E2.34872
G1 X114.824 Y115.365 E2.35519
G1 X114.509 Y115.594 E2.36316
G1 X114.174 Y115.788 E2.37109
G1 X113.847 Y115.935 E2.37843
G1 X113.518 Y116.046 E2.38554
G1 X113.141 Y116.133 E2.39346
G1 X112.755 Y116.181 E2.40143
G1 X112.438 Y116.189 E2.40792
G1 X112.048 Y116.162 E2.41593
G1 X111.736 Y116.109 E2.42241
G1 X111.357 Y116.008 E2.43044
G1 X111.058 Y115.896 E2.43698
G1 X110.77 Y115.759 E2.44351
G1 X110.437 Y115.559 E2.45146
G1 X110.129 Y115.326 E2.45937
G1 X109.845 Y115.062 E2.46731
G1 X109.655 Y114.844 E2.47323
G1 X109.655 Y114.844 F7800
G1 X109.424 Y114.967
G1 F1200
G1 X109.409 Y114.951 E2.47368
G1 X109.192 Y114.649 E2.48129
G1 X108.985 Y114.29 E2.48978
G1 X108.828 Y113.94 E2.49764
G1 X108.709 Y113.588 E2.50525
G1 X108.615 Y113.184 E2.51374
G1 X108.567 Y112.803 E2.5216
G1 X108.556 Y112.43 E2.52924
G1 X108.577 Y112.089 E2.53624
G1 X108.642 Y111.678 E2.54476
G1 X108.727 Y111.348 E2.55174
G1 X108.869 Y110.958 E2.56024
G1 X109.036 Y110.612 E2.56811
G1 X109.229 Y110.295 E2.57571
G1 X109.478 Y109.965 E2.58418
G1 X109.76 Y109.662 E2.59266
G1 X110.049 Y109.409 E2.60053
G1 X110.351 Y109.192 E2.60814
G1 X110.684 Y108.998 E2.61603
G1 X111.023 Y108.842 E2.62367
G1 X111.345 Y108.728 E2.63066
G1 X111.747 Y108.628 E2.63914
G1 X112.157 Y108.57 E2.64762
G1 X112.541 Y108.556 E2.65549
G1 X112.911 Y108.577 E2.66308
G1 X113.322 Y108.642 E2.6716
G1 X113.652 Y108.727 E2.67858
G1 X114.043 Y108.87 E2.68711
G1 X114.35 Y109.016 E2.69407
G1 X114.706 Y109.23 E2.70258
G1 X115.035 Y109.478 E2.71102
G1 X115.338 Y109.76 E2.7195
G1 X115.591 Y110.049 E2.72737
G1 X115.809 Y110.352 E2.73501
G1 X115.982 Y110.647 E2.74201
G1 X116.157 Y111.022 E2.75048
G1 X116.292 Y111.414 E2.75897
G1 X116.372 Y111.746 E2.76596
G1 X116.429 Y112.156 E2.77444
G1 X116.444 Y112.569 E2.7829
G1 X116.415 Y112.982 E2.79138
G1 X116.359 Y113.318 E2.79836
G1 X116.251 Y113.721 E2.8069
G1 X116.131 Y114.041 E2.8139
G1 X115.984 Y114.35 E2.82091
G1 X115.77 Y114.706 E2.82942
G1 X115.522 Y115.035 E2.83786
G1 X115.239 Y115.339 E2.84636
G1 X114.984 Y115.564 E2.85332
G1 X114.648 Y115.808 E2.86182
G1 X114.29 Y116.015 E2.87029
G1 X113.94 Y116.172 E2.87815
G1 X113.588 Y116.292 E2.88577
G1 X113.185 Y116.385 E2.89424
G1 X112.773 Y116.435 E2.90274
G1 X112.433 Y116.444 E2.9097
G1 X112.018 Y116.415 E2.91822
G1 X111.682 Y116.359 E2.9252
G1 X111.279 Y116.251 E2.93374
G1 X110.959 Y116.131 E2.94074
G1 X110.65 Y115.984 E2.94775
G1 X110.294 Y115.77 E2.95626
G1 X109.965 Y115.522 E2.9647
G1 X109.662 Y115.24 E2.97318
G1 X109.463 Y115.012 E2.97938
G1 X109.463 Y115.012 F7800
G1 X109.232 Y115.135
;TYPE:External perimeter
G1 F1200
G1 X109.209 Y115.109 E2.98009
G1 X108.978 Y114.788 E2.98819
G1 X108.758 Y114.406 E2.99722
G1 X108.59 Y114.033 E3.0056
G1 X108.463 Y113.658 E3.01371
G1 X108.364 Y113.229 E3.02273
G1 X108.313 Y112.823 E3.03111
G1 X108.301 Y112.426 E3.03924
G1 X108.323 Y112.062 E3.04671
G1 X108.392 Y111.626 E3.05575
G1 X108.483 Y111.273 E3.06321
G1 X108.634 Y110.859 E3.07223
G1 X108.812 Y110.491 E3.0806
G1 X109.018 Y110.152 E3.08872
G1 X109.283 Y109.8 E3.09774
G1 X109.583 Y109.479 E3.10674
G1 X109.891 Y109.209 E3.11513
G1 X110.213 Y108.978 E3.12324
G1 X110.566 Y108.772 E3.13161
G1 X110.927 Y108.606 E3.13975
G1 X111.271 Y108.484 E3.14722
G1 X111.699 Y108.377 E3.15625
G1 X112.134 Y108.316 E3.16524
G1 X112.543 Y108.301 E3.17362
G1 X112.939 Y108.323 E3.18174
G1 X113.374 Y108.392 E3.19076
G1 X113.727 Y108.483 E3.19822
G1 X114.142 Y108.634 E3.20726
G1 X114.471 Y108.791 E3.21472
G1 X114.848 Y109.018 E3.22373
G1 X115.2 Y109.283 E3.23275
G1 X115.521 Y109.583 E3.24175
G1 X115.791 Y109.891 E3.25014
G1 X116.022 Y110.213 E3.25825
G1 X116.208 Y110.528 E3.26574
G1 X116.394 Y110.927 E3.27475
G1 X116.537 Y111.343 E3.28376
G1 X116.623 Y111.698 E3.29124
G1 X116.684 Y112.134 E3.30025
G1 X116.699 Y112.573 E3.30924
G1 X116.668 Y113.012 E3.31825
G1 X116.608 Y113.373 E3.32574
G1 X116.494 Y113.798 E3.33475
G1 X116.366 Y114.141 E3.34225
G1 X116.209 Y114.471 E3.34973
G1 X115.982 Y114.849 E3.35876
G1 X115.717 Y115.2 E3.36777
G1 X115.417 Y115.522 E3.37678
G1 X115.144 Y115.763 E3.38424
G1 X114.787 Y116.022 E3.39327
G1 X114.406 Y116.242 E3.40228
G1 X114.033 Y116.41 E3.41066
G1 X113.658 Y116.537 E3.41877
G1 X113.229 Y116.636 E3.42779
G1 X112.792 Y116.69 E3.43681
G1 X112.427 Y116.699 E3.44429
G1 X111.988 Y116.668 E3.4533
G1 X111.627 Y116.608 E3.46079
G1 X111.202 Y116.494 E3.4698
G1 X110.859 Y116.366 E3.4773
G1 X110.529 Y116.209 E3.48478
G1 X110.151 Y115.982 E3.49381
G1 X109.8 Y115.717 E3.50282
G1 X109.479 Y115.417 E3.51182
G1 X109.271 Y115.18 E3.51828
G1 X109.031 Y114.86 F7800
;LAYER_CHANGE
;Z:3.56
;HEIGHT:0.21
G1 Z3.56 F7800
G1 E1.51828 F2400
G92 E0
G1 Z3.96 F7800
G1 X109.061 Y112.118
G1 Z3.56
G1 E2 F2400
G92 E0
;TYPE:Perimeter
G1 F1200
G1 X109.104 Y111.837 E.00582
G1 X109.19 Y111.488 E.01318
G1 X109.314 Y111.148 E.02059
G1 X109.472 Y110.825 E.02795
G1 X109.633 Y110.562 E.03426
G1 X109.847 Y110.278 E.04154
G1 X110.053 Y110.053 E.04779
G1 X110.278 Y109.847 E.05404
G1 X110.564 Y109.632 E.06137
G1 X110.849 Y109.459 E.0682
G1 X111.149 Y109.314 E.07502
G1 X111.485 Y109.191 E.08235
G1 X111.783 Y109.114 E.08865
G1 X112.137 Y109.058 E.09599
G1 X112.47 Y109.04 E.10282
G1 X112.803 Y109.053 E.10964
G1 X113.16 Y109.103 E.11702
G1 X113.509 Y109.19 E.12439
G1 X113.799 Y109.292 E.13068
G1 X114.125 Y109.444 E.13805
G1 X114.433 Y109.629 E.14541
G1 X114.68 Y109.812 E.1517
G1 X114.945 Y110.051 E.15901
G1 X115.153 Y110.278 E.16531
G1 X115.368 Y110.564 E.17264
G1 X115.541 Y110.849 E.17947
G1 X115.686 Y111.149 E.18629
G1 X115.81 Y111.488 E.19368
G1 X115.897 Y111.84 E.2011
G1 X115.947 Y112.195 E.20844
G1 X115.961 Y112.502 E.21473
G1 X115.945 Y112.832 E.2215
G1 X115.897 Y113.162 E.22833
G1 X115.81 Y113.512 E.23572
G1 X115.686 Y113.851 E.24311
G1 X115.541 Y114.152 E.24995
G1 X115.368 Y114.436 E.25676
G1 X115.153 Y114.722 E.26409
G1 X114.946 Y114.948 E.27037
G1 X114.701 Y115.171 E.27715
G1 X114.434 Y115.37 E.28397
G1 X114.126 Y115.555 E.29133
G1 X113.824 Y115.697 E.29816
G1 X113.511 Y115.81 E.30497
G1 X113.16 Y115.897 E.31237
G1 X112.805 Y115.947 E.31971
G1 X112.498 Y115.961 E.326
G1 X112.168 Y115.945 E.33277
G1 X111.838 Y115.897 E.3396
G1 X111.488 Y115.81 E.34699
G1 X111.148 Y115.686 E.3544
G1 X110.825 Y115.528 E.36176
G1 X110.562 Y115.367 E.36807
G1 X110.278 Y115.153 E.37535
G1 X110.052 Y114.946 E.38163
G1 X109.829 Y114.701 E.38841
G1 X109.63 Y114.434 E.39523
G1 X109.445 Y114.126 E.40259
G1 X109.303 Y113.824 E.40942
G1 X109.19 Y113.511 E.41623
G1 X109.103 Y113.16 E.42363
G1 X109.053 Y112.805 E.43097
G1 X109.039 Y112.497 E.43728
G1 X109.056 Y112.178 E.44382
G1 X109.056 Y112.178 F7800
G1 X109.314 Y112.155
G1 F1200
G1 X109.354 Y111.887 E.44937
G1 X109.435 Y111.563 E.45621
G1 X109.549 Y111.248 E.46307
G1 X109.696 Y110.948 E.46991
G1 X109.844 Y110.706 E.47572
G1 X110.043 Y110.441 E.48251
G1 X110.441 Y110.043 E.49404
G1 X110.707 Y109.843 E.50085
G1 X110.971 Y109.683 E.50717
G1 X111.248 Y109.549 E.51347
G1 X111.561 Y109.435 E.52029
G1 X111.835 Y109.364 E.52609
G1 X112.164 Y109.312 E.53291
G1 X112.473 Y109.295 E.53925
G1 X112.78 Y109.307 E.54554
G1 X113.112 Y109.353 E.5524
G1 X113.435 Y109.434 E.55922
G1 X113.702 Y109.529 E.56502
G1 X114.005 Y109.67 E.57186
G1 X114.291 Y109.842 E.57869
G1 X114.519 Y110.01 E.58449
G1 X114.765 Y110.232 E.59128
G1 X114.957 Y110.441 E.59709
G1 X115.157 Y110.707 E.6039
G1 X115.317 Y110.971 E.61022
G1 X115.451 Y111.248 E.61652
G1 X115.565 Y111.563 E.62338
G1 X115.647 Y111.888 E.63024
G1 X115.693 Y112.219 E.63708
G1 X115.705 Y112.501 E.64286
G1 X115.69 Y112.808 E.64915
G1 X115.646 Y113.112 E.65544
G1 X115.565 Y113.437 E.6623
G1 X115.451 Y113.752 E.66916
G1 X115.317 Y114.03 E.67548
G1 X115.157 Y114.293 E.68178
G1 X114.957 Y114.559 E.68859
G1 X114.766 Y114.767 E.69437
G1 X114.538 Y114.974 E.70068
G1 X114.292 Y115.158 E.70697
G1 X114.006 Y115.33 E.7138
G1 X113.726 Y115.461 E.72013
G1 X113.436 Y115.566 E.72645
G1 X113.112 Y115.647 E.73329
G1 X112.781 Y115.693 E.74013
G1 X112.499 Y115.705 E.74591
G1 X112.192 Y115.69 E.7522
G1 X111.888 Y115.646 E.75849
G1 X111.563 Y115.565 E.76535
G1 X111.248 Y115.451 E.77221
G1 X110.948 Y115.304 E.77905
G1 X110.706 Y115.156 E.78486
G1 X110.441 Y114.957 E.79165
G1 X110.233 Y114.766 E.79743
G1 X110.026 Y114.538 E.80374
G1 X109.842 Y114.292 E.81003
G1 X109.67 Y114.006 E.81686
G1 X109.539 Y113.726 E.82319
G1 X109.434 Y113.436 E.82951
G1 X109.353 Y113.112 E.83635
G1 X109.307 Y112.781 E.84319
G1 X109.295 Y112.498 E.84899
G1 X109.309 Y112.215 E.85479
G1 X109.309 Y112.215 F7800
G1 X109.564 Y112.227
;TYPE:External perimeter
G1 F1200
G1 X109.566 Y112.192 E.85551
G1 X109.604 Y111.936 E.86081
G1 X109.679 Y111.637 E.86712
G1 X109.784 Y111.347 E.87344
G1 X109.919 Y111.07 E.87975
G1 X110.055 Y110.85 E.88505
G1 X110.24 Y110.604 E.89135
G1 X110.604 Y110.24 E.90189
G1 X110.85 Y110.054 E.90821
G1 X111.093 Y109.907 E.91403
G1 X111.348 Y109.784 E.91983
G1 X111.637 Y109.679 E.92613
G1 X111.887 Y109.614 E.93142
G1 X112.191 Y109.566 E.93772
G1 X112.475 Y109.55 E.94354
G1 X112.757 Y109.561 E.94932
G1 X113.063 Y109.604 E.95565
G1 X113.362 Y109.679 E.96196
G1 X113.606 Y109.765 E.96726
G1 X113.885 Y109.895 E.97356
G1 X114.149 Y110.054 E.97987
G1 X114.357 Y110.208 E.98517
G1 X114.586 Y110.413 E.99146
G1 X114.76 Y110.604 E.99675
G1 X114.946 Y110.85 E1.00307
G1 X115.093 Y111.093 E1.00889
G1 X115.216 Y111.348 E1.01469
G1 X115.321 Y111.637 E1.02099
G1 X115.396 Y111.937 E1.02732
G1 X115.439 Y112.242 E1.03363
G1 X115.436 Y112.783 E1.04471
G1 X115.396 Y113.063 E1.0505
G1 X115.321 Y113.363 E1.05683
G1 X115.216 Y113.652 E1.06313
G1 X115.092 Y113.908 E1.06895
G1 X114.946 Y114.15 E1.07474
G1 X114.76 Y114.396 E1.08106
G1 X114.376 Y114.777 E1.09214
G1 X114.149 Y114.946 E1.09794
G1 X113.885 Y115.105 E1.10425
G1 X113.629 Y115.226 E1.11005
G1 X113.362 Y115.321 E1.11585
G1 X113.063 Y115.396 E1.12216
G1 X112.758 Y115.439 E1.12847
G1 X112.217 Y115.436 E1.13955
G1 X111.937 Y115.396 E1.14534
G1 X111.637 Y115.321 E1.15167
G1 X111.347 Y115.216 E1.15799
G1 X111.07 Y115.081 E1.1643
G1 X110.85 Y114.945 E1.1696
G1 X110.604 Y114.76 E1.1759
G1 X110.223 Y114.376 E1.18698
G1 X110.054 Y114.149 E1.19278
G1 X109.895 Y113.885 E1.19909
G1 X109.774 Y113.629 E1.20489
G1 X109.679 Y113.362 E1.21069
G1 X109.604 Y113.063 E1.217
G1 X109.561 Y112.758 E1.22331
G1 X109.55 Y112.499 E1.22862
G1 X109.561 Y112.287 E1.23297
G1 X109.621 Y111.891 F7800
G1 E-.76703 F2400
G92 E0
G1 Z3.96 F7800
G1 X109.635 Y114.824
G1 Z3.56
G1 E2 F2400
;TYPE:Perimeter
G1 F1200
G1 X109.406 Y114.509 E2.00797
G1 X109.212 Y114.174 E2.0159
G1 X109.067 Y113.851 E2.02315
G1 X108.954 Y113.518 E2.03035
G1 X108.867 Y113.139 E2.03831
G1 X108.822 Y112.788 E2.04556
G1 X108.811 Y112.434 E2.05281
G1 X108.831 Y112.117 E2.05931
G1 X108.892 Y111.73 E2.06733
G1 X108.971 Y111.424 E2.0738
G1 X109.104 Y111.059 E2.08175
G1 X109.273 Y110.711 E2.08967
G1 X109.479 Y110.381 E2.09764
G1 X109.672 Y110.131 E2.10411
G1 X109.939 Y109.844 E2.11214
G1 X110.176 Y109.635 E2.11861
G1 X110.491 Y109.406 E2.12658
G1 X110.828 Y109.211 E2.13455
G1 X111.118 Y109.079 E2.14107
G1 X111.419 Y108.973 E2.1476
G1 X111.796 Y108.879 E2.15556
G1 X112.18 Y108.825 E2.1635
G1 X112.533 Y108.811 E2.17073
G1 X112.884 Y108.831 E2.17793
G1 X113.27 Y108.892 E2.18593
G1 X113.576 Y108.971 E2.1924
G1 X113.941 Y109.104 E2.20035
G1 X114.289 Y109.273 E2.20827
G1 X114.618 Y109.479 E2.21622
G1 X114.869 Y109.672 E2.2227
G1 X115.156 Y109.939 E2.23073
G1 X115.365 Y110.176 E2.2372
G1 X115.596 Y110.493 E2.24523
G1 X115.756 Y110.765 E2.25169
G1 X115.922 Y111.121 E2.25973
G1 X116.027 Y111.419 E2.2662
G1 X116.121 Y111.796 E2.27416
G1 X116.175 Y112.178 E2.28206
G1 X116.189 Y112.564 E2.28997
G1 X116.162 Y112.952 E2.29793
G1 X116.109 Y113.267 E2.30447
G1 X116.029 Y113.576 E2.31101
G1 X115.895 Y113.944 E2.31903
G1 X115.759 Y114.23 E2.32551
G1 X115.559 Y114.563 E2.33346
G1 X115.326 Y114.871 E2.34137
G1 X115.061 Y115.156 E2.34934
G1 X114.824 Y115.365 E2.35581
G1 X114.509 Y115.594 E2.36378
G1 X114.174 Y115.788 E2.37171
G1 X113.851 Y115.933 E2.37896
G1 X113.518 Y116.046 E2.38616
G1 X113.138 Y116.134 E2.39415
G1 X112.824 Y116.175 E2.40063
G1 X112.436 Y116.189 E2.40858
G1 X112.048 Y116.162 E2.41654
G1 X111.736 Y116.109 E2.42302
G1 X111.357 Y116.008 E2.43105
G1 X111.058 Y115.896 E2.43759
G1 X110.77 Y115.759 E2.44412
G1 X110.437 Y115.559 E2.45207
G1 X110.129 Y115.326 E2.45998
G1 X109.844 Y115.061 E2.46795
G1 X109.674 Y114.869 E2.4732
G1 X109.674 Y114.869 F7800
G1 X109.436 Y114.984
G1 F1200
G1 X109.192 Y114.648 E2.4817
G1 X108.985 Y114.29 E2.49017
G1 X108.83 Y113.945 E2.49791
G1 X108.708 Y113.588 E2.50564
G1 X108.615 Y113.184 E2.51413
G1 X108.568 Y112.808 E2.52189
G1 X108.556 Y112.43 E2.52963
G1 X108.577 Y112.089 E2.53663
G1 X108.642 Y111.678 E2.54515
G1 X108.727 Y111.348 E2.55213
G1 X108.869 Y110.959 E2.56061
G1 X109.05 Y110.588 E2.56906
G1 X109.27 Y110.236 E2.57756
G1 X109.477 Y109.966 E2.58453
G1 X109.761 Y109.661 E2.59306
G1 X110.016 Y109.436 E2.60002
G1 X110.352 Y109.192 E2.60852
G1 X110.711 Y108.985 E2.61701
G1 X111.022 Y108.843 E2.62401
G1 X111.345 Y108.728 E2.63103
G1 X111.747 Y108.628 E2.63951
G1 X112.157 Y108.57 E2.64799
G1 X112.535 Y108.556 E2.65574
G1 X112.911 Y108.577 E2.66345
G1 X113.322 Y108.642 E2.67197
G1 X113.652 Y108.727 E2.67895
G1 X114.041 Y108.869 E2.68743
G1 X114.412 Y109.05 E2.69588
G1 X114.764 Y109.27 E2.70438
G1 X115.034 Y109.477 E2.71135
G1 X115.339 Y109.761 E2.71988
G1 X115.564 Y110.016 E2.72684
G1 X115.809 Y110.353 E2.73537
G1 X115.982 Y110.647 E2.74236
G1 X116.158 Y111.024 E2.75088
G1 X116.272 Y111.345 E2.75786
G1 X116.372 Y111.747 E2.76634
G1 X116.429 Y112.156 E2.7748
G1 X116.444 Y112.569 E2.78326
G1 X116.415 Y112.982 E2.79174
G1 X116.358 Y113.32 E2.79876
G1 X116.273 Y113.652 E2.80578
G1 X116.13 Y114.043 E2.81431
G1 X115.984 Y114.35 E2.82127
G1 X115.77 Y114.706 E2.82978
G1 X115.522 Y115.036 E2.83823
G1 X115.239 Y115.339 E2.84672
G1 X114.984 Y115.564 E2.85368
G1 X114.648 Y115.808 E2.86218
G1 X114.29 Y116.015 E2.87065
G1 X113.945 Y116.17 E2.87839
G1 X113.588 Y116.292 E2.88612
G1 X113.183 Y116.385 E2.89463
G1 X112.846 Y116.429 E2.90159
G1 X112.431 Y116.444 E2.91009
G1 X112.018 Y116.415 E2.91857
G1 X111.682 Y116.359 E2.92555
G1 X111.279 Y116.251 E2.93409
G1 X110.959 Y116.131 E2.94109
G1 X110.65 Y115.984 E2.9481
G1 X110.294 Y115.77 E2.95661
G1 X109.964 Y115.522 E2.96506
G1 X109.661 Y115.239 E2.97355
G1 X109.475 Y115.029 E2.97929
G1 X109.475 Y115.029 F7800
G1 X109.231 Y115.136
;TYPE:External perimeter
G1 F1200
G1 X108.978 Y114.787 E2.98812
G1 X108.758 Y114.406 E2.99713
G1 X108.592 Y114.038 E3.0054
G1 X108.463 Y113.658 E3.01362
G1 X108.364 Y113.229 E3.02264
G1 X108.313 Y112.828 E3.03092
G1 X108.301 Y112.426 E3.03916
G1 X108.323 Y112.062 E3.04663
G1 X108.392 Y111.626 E3.05567
G1 X108.483 Y111.273 E3.06313
G1 X108.634 Y110.859 E3.07215
G1 X108.827 Y110.464 E3.08115
G1 X109.06 Y110.091 E3.09016
G1 X109.282 Y109.801 E3.09764
G1 X109.583 Y109.478 E3.10668
G1 X109.856 Y109.237 E3.11414
G1 X110.213 Y108.978 E3.12317
G1 X110.594 Y108.758 E3.13218
G1 X110.927 Y108.606 E3.13968
G1 X111.271 Y108.484 E3.14715
G1 X111.699 Y108.377 E3.15618
G1 X112.134 Y108.316 E3.16517
G1 X112.538 Y108.301 E3.17345
G1 X112.939 Y108.323 E3.18167
G1 X113.374 Y108.392 E3.19069
G1 X113.727 Y108.483 E3.19815
G1 X114.141 Y108.634 E3.20717
G1 X114.536 Y108.827 E3.21617
G1 X114.909 Y109.06 E3.22518
G1 X115.199 Y109.282 E3.23266
G1 X115.522 Y109.583 E3.2417
G1 X115.763 Y109.856 E3.24916
G1 X116.023 Y110.213 E3.2582
G1 X116.208 Y110.528 E3.26568
G1 X116.394 Y110.927 E3.27469
G1 X116.516 Y111.271 E3.28216
G1 X116.623 Y111.699 E3.29119
G1 X116.684 Y112.134 E3.30018
G1 X116.699 Y112.573 E3.30917
G1 X116.668 Y113.012 E3.31818
G1 X116.608 Y113.373 E3.32567
G1 X116.517 Y113.727 E3.33315
G1 X116.366 Y114.142 E3.34219
G1 X116.209 Y114.471 E3.34965
G1 X115.982 Y114.848 E3.35866
G1 X115.717 Y115.2 E3.36768
G1 X115.417 Y115.522 E3.37669
G1 X115.143 Y115.764 E3.38418
G1 X114.787 Y116.022 E3.39318
G1 X114.406 Y116.242 E3.40219
G1 X114.038 Y116.408 E3.41046
G1 X113.658 Y116.537 E3.41868
G1 X113.229 Y116.636 E3.4277
G1 X112.867 Y116.684 E3.43518
G1 X112.427 Y116.699 E3.4442
G1 X111.988 Y116.668 E3.45321
G1 X111.627 Y116.608 E3.4607
G1 X111.202 Y116.494 E3.46971
G1 X110.859 Y116.366 E3.47721
G1 X110.529 Y116.209 E3.48469
G1 X110.152 Y115.982 E3.4937
G1 X109.8 Y115.717 E3.50272
G1 X109.478 Y115.417 E3.51173
G1 X109.27 Y115.182 E3.51816
G1 X109.032 Y114.861 F7800
;LAYER_CHANGE
;Z:3.77
;HEIGHT:0.21
G1 Z3.77 F7800
G1 E1.51816 F2400
G92 E0
G1 Z4.17 F7800
G1 X109.052 Y112.223
G1 Z3.77
G1 E2 F2400
G92 E0
;TYPE:Perimeter
G1 F1200
G1 X109.052 Y112.198 E.00051
G1 X109.103 Y111.84 E.00791
G1 X109.19 Y111.491 E.01528
G1 X109.292 Y111.201 E.02157
G1 X109.443 Y110.878 E.02887
G1 X109.599 Y110.613 E.03517
G1 X109.809 Y110.324 E.04249
G1 X110.013 Y110.094 E.04879
G1 X110.275 Y109.849 E.05614
G1 X110.565 Y109.631 E.06357
G1 X110.873 Y109.446 E.07093
G1 X111.15 Y109.313 E.07722
G1 X111.485 Y109.191 E.08452
G1 X111.783 Y109.114 E.09082
G1 X112.137 Y109.058 E.09816
G1 X112.468 Y109.04 E.10495
G1 X112.803 Y109.053 E.11181
G1 X113.16 Y109.103 E.11919
G1 X113.509 Y109.19 E.12656
G1 X113.799 Y109.292 E.13285
G1 X114.122 Y109.443 E.14015
G1 X114.387 Y109.599 E.14645
G1 X114.676 Y109.809 E.15377
G1 X114.906 Y110.013 E.16007
G1 X115.149 Y110.273 E.16736
G1 X115.336 Y110.517 E.17365
G1 X115.526 Y110.821 E.18099
G1 X115.673 Y111.118 E.18778
G1 X115.792 Y111.432 E.19466
G1 X115.884 Y111.778 E.20199
G1 X115.935 Y112.081 E.20828
G1 X115.96 Y112.44 E.21565
G1 X115.948 Y112.802 E.22307
G1 X115.897 Y113.16 E.23047
G1 X115.81 Y113.509 E.23784
G1 X115.708 Y113.799 E.24413
G1 X115.557 Y114.122 E.25143
G1 X115.401 Y114.387 E.25773
G1 X115.191 Y114.676 E.26505
G1 X114.987 Y114.906 E.27135
G1 X114.725 Y115.151 E.2787
G1 X114.435 Y115.369 E.28613
G1 X114.127 Y115.554 E.29349
G1 X113.852 Y115.685 E.29973
G1 X113.567 Y115.792 E.30596
G1 X113.222 Y115.884 E.31327
G1 X112.919 Y115.935 E.31956
G1 X112.56 Y115.96 E.32693
G1 X112.198 Y115.948 E.33435
G1 X111.84 Y115.897 E.34175
G1 X111.491 Y115.81 E.34912
G1 X111.201 Y115.708 E.35541
G1 X110.878 Y115.557 E.36271
G1 X110.613 Y115.401 E.36901
G1 X110.324 Y115.191 E.37633
G1 X110.095 Y114.988 E.3826
G1 X109.87 Y114.749 E.38932
G1 X109.664 Y114.484 E.39619
G1 X109.474 Y114.179 E.40355
G1 X109.327 Y113.882 E.41034
G1 X109.208 Y113.568 E.41722
G1 X109.116 Y113.222 E.42455
G1 X109.065 Y112.919 E.43084
G1 X109.04 Y112.56 E.43821
G1 X109.049 Y112.283 E.44389
G1 X109.049 Y112.283 F7800
G1 X109.306 Y112.233
G1 F1200
G1 X109.307 Y112.221 E.44414
G1 X109.353 Y111.888 E.45102
G1 X109.434 Y111.565 E.45784
G1 X109.529 Y111.298 E.46364
G1 X109.669 Y110.997 E.47044
G1 X109.813 Y110.753 E.47624
G1 X110.008 Y110.484 E.48304
G1 X110.195 Y110.272 E.48883
G1 X110.44 Y110.044 E.49568
G1 X110.708 Y109.843 E.50254
G1 X110.994 Y109.671 E.50937
G1 X111.249 Y109.549 E.51516
G1 X111.561 Y109.435 E.52196
G1 X111.835 Y109.364 E.52776
G1 X112.164 Y109.312 E.53458
G1 X112.47 Y109.295 E.54086
G1 X112.78 Y109.307 E.54721
G1 X113.112 Y109.353 E.55407
G1 X113.435 Y109.434 E.56089
G1 X113.702 Y109.529 E.56669
G1 X114.003 Y109.669 E.57349
G1 X114.247 Y109.813 E.57929
G1 X114.516 Y110.008 E.58609
G1 X114.728 Y110.195 E.59188
G1 X114.954 Y110.438 E.59868
G1 X115.127 Y110.663 E.60449
G1 X115.303 Y110.945 E.6113
G1 X115.439 Y111.22 E.61758
G1 X115.549 Y111.51 E.62393
G1 X115.635 Y111.832 E.63075
G1 X115.682 Y112.111 E.63654
G1 X115.705 Y112.444 E.64338
G1 X115.693 Y112.779 E.65024
G1 X115.647 Y113.112 E.65712
G1 X115.566 Y113.435 E.66394
G1 X115.471 Y113.702 E.66974
G1 X115.331 Y114.003 E.67654
G1 X115.187 Y114.247 E.68234
G1 X114.992 Y114.516 E.68914
G1 X114.805 Y114.728 E.69493
G1 X114.56 Y114.956 E.70178
G1 X114.292 Y115.157 E.70864
G1 X114.006 Y115.329 E.71547
G1 X113.489 Y115.549 E.72698
G1 X113.168 Y115.635 E.73378
G1 X112.889 Y115.682 E.73957
G1 X112.556 Y115.705 E.74641
G1 X112.221 Y115.693 E.75327
G1 X111.888 Y115.647 E.76015
G1 X111.565 Y115.566 E.76697
G1 X111.298 Y115.471 E.77277
G1 X110.997 Y115.331 E.77957
G1 X110.753 Y115.187 E.78537
G1 X110.484 Y114.992 E.79217
G1 X110.273 Y114.805 E.79794
G1 X110.064 Y114.583 E.80418
G1 X109.874 Y114.338 E.81053
G1 X109.697 Y114.055 E.81737
G1 X109.561 Y113.78 E.82365
G1 X109.451 Y113.49 E.83
G1 X109.365 Y113.168 E.83682
G1 X109.318 Y112.889 E.84261
G1 X109.295 Y112.556 E.84945
G1 X109.304 Y112.293 E.85484
G1 X109.304 Y112.293 F7800
G1 X109.563 Y112.232
;TYPE:External perimeter
G1 F1200
G1 X109.604 Y111.937 E.86094
G1 X109.679 Y111.638 E.86725
G1 X109.765 Y111.394 E.87255
G1 X109.895 Y111.116 E.87883
G1 X110.026 Y110.893 E.88413
G1 X110.207 Y110.644 E.89043
G1 X110.378 Y110.45 E.89573
G1 X110.604 Y110.24 E.90205
G1 X110.85 Y110.054 E.90837
G1 X111.114 Y109.895 E.91468
G1 X111.348 Y109.784 E.91998
G1 X111.637 Y109.679 E.92628
G1 X111.887 Y109.614 E.93157
G1 X112.191 Y109.566 E.93787
G1 X112.473 Y109.55 E.94365
G1 X112.757 Y109.561 E.94947
G1 X113.063 Y109.604 E.9558
G1 X113.362 Y109.679 E.96211
G1 X113.606 Y109.765 E.96741
G1 X113.884 Y109.895 E.97369
G1 X114.107 Y110.026 E.97899
G1 X114.356 Y110.207 E.98529
G1 X114.55 Y110.378 E.99059
G1 X114.76 Y110.603 E.99689
G1 X114.917 Y110.808 E1.00218
G1 X115.08 Y111.069 E1.00848
G1 X115.205 Y111.322 E1.01426
G1 X115.306 Y111.589 E1.02011
G1 X115.386 Y111.886 E1.02641
G1 X115.428 Y112.141 E1.0317
G1 X115.45 Y112.449 E1.03802
G1 X115.439 Y112.757 E1.04433
G1 X115.396 Y113.063 E1.05066
G1 X115.321 Y113.362 E1.05697
G1 X115.235 Y113.606 E1.06227
G1 X115.105 Y113.884 E1.06855
G1 X114.974 Y114.107 E1.07385
G1 X114.793 Y114.356 E1.08015
G1 X114.622 Y114.55 E1.08545
G1 X114.396 Y114.76 E1.09177
G1 X114.15 Y114.946 E1.09809
G1 X113.886 Y115.105 E1.1044
G1 X113.411 Y115.306 E1.11496
G1 X113.114 Y115.386 E1.12126
G1 X112.859 Y115.428 E1.12655
G1 X112.551 Y115.45 E1.13287
G1 X112.243 Y115.439 E1.13918
G1 X111.937 Y115.396 E1.14551
G1 X111.638 Y115.321 E1.15182
G1 X111.394 Y115.235 E1.15712
G1 X111.116 Y115.105 E1.1634
G1 X110.893 Y114.974 E1.1687
G1 X110.644 Y114.793 E1.175
G1 X110.258 Y114.417 E1.18603
G1 X110.083 Y114.192 E1.19187
G1 X109.92 Y113.931 E1.19817
G1 X109.795 Y113.678 E1.20395
G1 X109.694 Y113.411 E1.2098
G1 X109.614 Y113.114 E1.2161
G1 X109.572 Y112.859 E1.22139
G1 X109.55 Y112.551 E1.22771
G1 X109.559 Y112.292 E1.23302
G1 X109.62 Y111.896 F7800
G1 E-.76698 F2400
G92 E0
G1 Z4.17 F7800
G1 X109.642 Y114.829
G1 Z3.77
G1 E2 F2400
;TYPE:Perimeter
G1 F1200
G1 X109.441 Y114.562 E2.00684
G1 X109.26 Y114.264 E2.01398
G1 X109.104 Y113.943 E2.02129
G1 X108.972 Y113.579 E2.02922
G1 X108.878 Y113.201 E2.0372
G1 X108.831 Y112.888 E2.04368
G1 X108.811 Y112.5 E2.05164
G1 X108.831 Y112.112 E2.0596
G1 X108.878 Y111.799 E2.06608
G1 X108.972 Y111.42 E2.07408
G1 X109.09 Y111.092 E2.08122
G1 X109.242 Y110.769 E2.08853
G1 X109.443 Y110.435 E2.09651
G1 X109.631 Y110.18 E2.103
G1 X109.891 Y109.891 E2.11096
G1 X110.179 Y109.632 E2.11889
G1 X110.461 Y109.426 E2.12604
G1 X110.767 Y109.243 E2.13334
G1 X111.121 Y109.078 E2.14134
G1 X111.419 Y108.973 E2.14781
G1 X111.796 Y108.879 E2.15577
G1 X112.18 Y108.825 E2.16371
G1 X112.528 Y108.811 E2.17084
G1 X112.884 Y108.831 E2.17814
G1 X113.27 Y108.892 E2.18614
G1 X113.576 Y108.971 E2.19261
G1 X113.944 Y109.105 E2.20063
G1 X114.23 Y109.241 E2.20711
G1 X114.565 Y109.443 E2.21512
G1 X114.82 Y109.631 E2.22161
G1 X115.109 Y109.891 E2.22957
G1 X115.369 Y110.18 E2.23753
G1 X115.558 Y110.436 E2.24405
G1 X115.74 Y110.736 E2.25124
G1 X115.896 Y111.057 E2.25855
G1 X116.028 Y111.421 E2.26648
G1 X116.121 Y111.796 E2.27439
G1 X116.176 Y112.181 E2.28235
G1 X116.19 Y112.5 E2.28889
G1 X116.176 Y112.819 E2.29543
G1 X116.121 Y113.204 E2.30339
G1 X116.028 Y113.579 E2.3113
G1 X115.895 Y113.944 E2.31925
G1 X115.759 Y114.23 E2.32573
G1 X115.557 Y114.565 E2.33374
G1 X115.369 Y114.82 E2.34023
G1 X115.109 Y115.109 E2.34819
G1 X114.82 Y115.369 E2.35615
G1 X114.564 Y115.558 E2.36267
G1 X114.264 Y115.74 E2.36986
G1 X113.943 Y115.896 E2.37717
G1 X113.579 Y116.028 E2.3851
G1 X113.204 Y116.121 E2.39301
G1 X112.819 Y116.176 E2.40097
G1 X112.5 Y116.19 E2.40751
G1 X112.181 Y116.176 E2.41405
G1 X111.796 Y116.121 E2.42201
G1 X111.42 Y116.028 E2.42994
G1 X111.092 Y115.91 E2.43708
G1 X110.769 Y115.758 E2.44439
G1 X110.437 Y115.559 E2.45232
G1 X110.126 Y115.324 E2.4603
G1 X109.891 Y115.109 E2.46682
G1 X109.678 Y114.876 E2.47328
G1 X109.678 Y114.876 F7800
G1 X109.438 Y114.982
G1 F1200
G1 X109.229 Y114.705 E2.48039
G1 X109.035 Y114.386 E2.48804
G1 X108.869 Y114.042 E2.49586
G1 X108.728 Y113.653 E2.50433
G1 X108.628 Y113.251 E2.51281
G1 X108.577 Y112.914 E2.51979
G1 X108.555 Y112.5 E2.52828
G1 X108.577 Y112.086 E2.53677
G1 X108.628 Y111.749 E2.54375
G1 X108.728 Y111.346 E2.55225
G1 X108.854 Y110.994 E2.55991
G1 X109.017 Y110.649 E2.56772
G1 X109.231 Y110.293 E2.57623
G1 X109.433 Y110.019 E2.5832
G1 X109.711 Y109.711 E2.5917
G1 X110.018 Y109.434 E2.60017
G1 X110.32 Y109.213 E2.60783
G1 X110.647 Y109.018 E2.61563
G1 X111.024 Y108.842 E2.62415
G1 X111.345 Y108.728 E2.63113
G1 X111.747 Y108.628 E2.63961
G1 X112.157 Y108.57 E2.64809
G1 X112.53 Y108.556 E2.65573
G1 X112.912 Y108.577 E2.66356
G1 X113.322 Y108.642 E2.67206
G1 X113.652 Y108.727 E2.67904
G1 X114.043 Y108.87 E2.68757
G1 X114.35 Y109.016 E2.69453
G1 X114.707 Y109.231 E2.70306
G1 X114.981 Y109.433 E2.71003
G1 X115.289 Y109.711 E2.71853
G1 X115.567 Y110.019 E2.72703
G1 X115.77 Y110.293 E2.73401
G1 X115.965 Y110.614 E2.7417
G1 X116.131 Y110.958 E2.74952
G1 X116.272 Y111.347 E2.75799
G1 X116.372 Y111.747 E2.76643
G1 X116.43 Y112.158 E2.77493
G1 X116.445 Y112.5 E2.78194
G1 X116.43 Y112.842 E2.78895
G1 X116.372 Y113.253 E2.79745
G1 X116.272 Y113.653 E2.80589
G1 X116.13 Y114.043 E2.81439
G1 X115.984 Y114.35 E2.82135
G1 X115.769 Y114.707 E2.82988
G1 X115.567 Y114.981 E2.83685
G1 X115.289 Y115.289 E2.84535
G1 X114.981 Y115.567 E2.85385
G1 X114.707 Y115.77 E2.86083
G1 X114.386 Y115.965 E2.86852
G1 X114.042 Y116.131 E2.87634
G1 X113.653 Y116.272 E2.88481
G1 X113.253 Y116.372 E2.89325
G1 X112.842 Y116.43 E2.90175
G1 X112.5 Y116.445 E2.90876
G1 X112.158 Y116.43 E2.91577
G1 X111.747 Y116.372 E2.92427
G1 X111.346 Y116.272 E2.93273
G1 X110.994 Y116.146 E2.94039
G1 X110.649 Y115.983 E2.9482
G1 X110.294 Y115.77 E2.95668
G1 X109.963 Y115.521 E2.96516
G1 X109.711 Y115.289 E2.97217
G1 X109.479 Y115.037 E2.97918
G1 X109.474 Y115.03 E2.97936
G1 X109.474 Y115.03 F7800
G1 X109.234 Y115.135
;TYPE:External perimeter
G1 F1200
G1 X109.018 Y114.848 E2.98672
G1 X108.811 Y114.508 E2.99487
G1 X108.634 Y114.141 E3.00321
G1 X108.484 Y113.728 E3.01221
G1 X108.377 Y113.301 E3.02122
G1 X108.323 Y112.94 E3.02869
G1 X108.3 Y112.5 E3.03771
G1 X108.323 Y112.06 E3.04673
G1 X108.377 Y111.699 E3.0542
G1 X108.484 Y111.272 E3.06321
G1 X108.618 Y110.897 E3.07136
G1 X108.792 Y110.529 E3.0797
G1 X109.019 Y110.151 E3.08873
G1 X109.236 Y109.857 E3.09621
G1 X109.53 Y109.53 E3.10521
G1 X109.857 Y109.236 E3.11421
G1 X110.179 Y109 E3.12238
G1 X110.528 Y108.792 E3.1307
G1 X110.927 Y108.606 E3.13971
G1 X111.271 Y108.484 E3.14718
G1 X111.699 Y108.377 E3.15621
G1 X112.134 Y108.316 E3.1652
G1 X112.533 Y108.3 E3.17338
G1 X112.939 Y108.323 E3.18171
G1 X113.374 Y108.392 E3.19073
G1 X113.727 Y108.483 E3.19819
G1 X114.142 Y108.634 E3.20723
G1 X114.471 Y108.791 E3.21469
G1 X114.849 Y109.019 E3.22373
G1 X115.143 Y109.236 E3.23121
G1 X115.47 Y109.53 E3.24021
G1 X115.764 Y109.857 E3.24921
G1 X115.982 Y110.151 E3.2567
G1 X116.189 Y110.492 E3.26487
G1 X116.366 Y110.859 E3.27321
G1 X116.516 Y111.272 E3.28221
G1 X116.623 Y111.699 E3.29122
G1 X116.684 Y112.135 E3.30023
G1 X116.7 Y112.5 E3.30771
G1 X116.684 Y112.865 E3.31519
G1 X116.623 Y113.301 E3.3242
G1 X116.516 Y113.728 E3.33321
G1 X116.366 Y114.142 E3.34223
G1 X116.209 Y114.471 E3.34969
G1 X115.981 Y114.849 E3.35873
G1 X115.764 Y115.143 E3.36621
G1 X115.47 Y115.47 E3.37521
G1 X115.143 Y115.764 E3.38421
G1 X114.849 Y115.982 E3.3917
G1 X114.508 Y116.189 E3.39987
G1 X114.141 Y116.366 E3.40821
G1 X113.728 Y116.516 E3.41721
G1 X113.301 Y116.623 E3.42622
G1 X112.865 Y116.684 E3.43523
G1 X112.5 Y116.7 E3.44271
G1 X112.135 Y116.684 E3.45019
G1 X111.699 Y116.623 E3.4592
G1 X111.272 Y116.516 E3.46821
G1 X110.897 Y116.382 E3.47636
G1 X110.529 Y116.208 E3.4847
G1 X110.152 Y115.982 E3.4937
G1 X109.8 Y115.717 E3.50272
G1 X109.53 Y115.47 E3.51021
G1 X109.283 Y115.2 E3.5177
G1 X109.271 Y115.183 E3.51813
G1 X109.033 Y114.862 F7800
;LAYER_CHANGE
;Z:3.98
;HEIGHT:0.21
G1 Z3.98 F7800
G1 E1.51813 F2400
G92 E0
G1 Z4.38 F7800
G1 X109.052 Y112.224
G1 Z3.98
G1 E2 F2400
G92 E0
;TYPE:Perimeter
G1 F1200
G1 X109.052 Y112.201 E.00047
G1 X109.092 Y111.896 E.00677
G1 X109.173 Y111.548 E.01409
G1 X109.279 Y111.236 E.02084
G1 X109.417 Y110.928 E.02775
G1 X109.598 Y110.615 E.03515
G1 X109.809 Y110.324 E.04251
G1 X110.013 Y110.094 E.04881
G1 X110.275 Y109.849 E.05616
G1 X110.565 Y109.631 E.06359
G1 X110.873 Y109.446 E.07095
G1 X111.15 Y109.313 E.07724
G1 X111.485 Y109.191 E.08454
G1 X111.783 Y109.114 E.09084
G1 X112.137 Y109.058 E.09818
G1 X112.466 Y109.04 E.10493
G1 X112.803 Y109.053 E.11184
G1 X113.16 Y109.103 E.11922
G1 X113.509 Y109.19 E.12659
G1 X113.796 Y109.291 E.13282
G1 X114.074 Y109.418 E.13908
G1 X114.385 Y109.598 E.14644
G1 X114.676 Y109.809 E.1538
G1 X114.906 Y110.013 E.1601
G1 X115.149 Y110.273 E.16739
G1 X115.335 Y110.515 E.17364
G1 X115.498 Y110.772 E.17987
G1 X115.662 Y111.092 E.18723
G1 X115.791 Y111.43 E.19464
G1 X115.879 Y111.755 E.20153
G1 X115.935 Y112.08 E.20828
G1 X115.96 Y112.44 E.21567
G1 X115.948 Y112.799 E.22303
G1 X115.908 Y113.104 E.22933
G1 X115.827 Y113.452 E.23665
G1 X115.721 Y113.764 E.2434
G1 X115.583 Y114.072 E.25031
G1 X115.402 Y114.385 E.25771
G1 X115.191 Y114.676 E.26507
G1 X114.987 Y114.906 E.27137
G1 X114.727 Y115.149 E.27866
G1 X114.484 Y115.336 E.28494
G1 X114.208 Y115.51 E.29162
G1 X113.907 Y115.662 E.29852
G1 X113.569 Y115.791 E.30593
G1 X113.222 Y115.884 E.31329
G1 X112.919 Y115.935 E.31958
G1 X112.56 Y115.96 E.32695
G1 X112.201 Y115.948 E.33431
G1 X111.896 Y115.908 E.34061
G1 X111.548 Y115.827 E.34793
G1 X111.236 Y115.721 E.35468
G1 X110.928 Y115.583 E.36159
G1 X110.615 Y115.402 E.36899
G1 X110.324 Y115.191 E.37635
G1 X110.094 Y114.987 E.38265
G1 X109.851 Y114.727 E.38994
G1 X109.664 Y114.484 E.39622
G1 X109.49 Y114.208 E.4029
G1 X109.338 Y113.907 E.4098
G1 X109.209 Y113.569 E.41721
G1 X109.115 Y113.219 E.42463
G1 X109.059 Y112.865 E.43197
G1 X109.04 Y112.558 E.43827
G1 X109.049 Y112.284 E.44388
G1 X109.049 Y112.284 F7800
G1 X109.306 Y112.234
G1 F1200
G1 X109.307 Y112.222 E.44413
G1 X109.344 Y111.942 E.44991
G1 X109.418 Y111.617 E.45674
G1 X109.516 Y111.329 E.46297
G1 X109.644 Y111.044 E.46937
G1 X109.812 Y110.754 E.47623
G1 X110.008 Y110.484 E.48306
G1 X110.195 Y110.272 E.48885
G1 X110.44 Y110.044 E.4957
G1 X110.708 Y109.843 E.50256
G1 X110.994 Y109.671 E.50939
G1 X111.249 Y109.549 E.51518
G1 X111.561 Y109.435 E.52198
G1 X111.835 Y109.364 E.52778
G1 X112.164 Y109.312 E.5346
G1 X112.468 Y109.295 E.54083
G1 X112.78 Y109.307 E.54722
G1 X113.112 Y109.353 E.55408
G1 X113.435 Y109.434 E.5609
G1 X113.957 Y109.645 E.57243
G1 X114.246 Y109.812 E.57926
G1 X114.516 Y110.008 E.58609
G1 X114.728 Y110.195 E.59188
G1 X114.954 Y110.438 E.59868
G1 X115.277 Y110.899 E.61021
G1 X115.428 Y111.196 E.61703
G1 X115.548 Y111.509 E.62389
G1 X115.63 Y111.81 E.63028
G1 X115.682 Y112.11 E.63651
G1 X115.705 Y112.444 E.64337
G1 X115.693 Y112.778 E.65021
G1 X115.656 Y113.058 E.65599
G1 X115.582 Y113.383 E.66282
G1 X115.484 Y113.671 E.66905
G1 X115.356 Y113.956 E.67545
G1 X115.188 Y114.246 E.68231
G1 X114.992 Y114.516 E.68914
G1 X114.805 Y114.728 E.69493
G1 X114.562 Y114.954 E.70173
G1 X114.338 Y115.126 E.70751
G1 X114.082 Y115.288 E.71371
G1 X113.803 Y115.429 E.72011
G1 X113.491 Y115.549 E.72696
G1 X113.168 Y115.635 E.7338
G1 X112.889 Y115.682 E.73959
G1 X112.556 Y115.705 E.74643
G1 X112.222 Y115.693 E.75327
G1 X111.942 Y115.656 E.75905
G1 X111.617 Y115.582 E.76588
G1 X111.329 Y115.484 E.77211
G1 X111.044 Y115.356 E.77851
G1 X110.754 Y115.188 E.78537
G1 X110.484 Y114.992 E.7922
G1 X110.272 Y114.805 E.79799
G1 X110.046 Y114.562 E.80479
G1 X109.874 Y114.338 E.81057
G1 X109.712 Y114.082 E.81677
G1 X109.571 Y113.803 E.82317
G1 X109.451 Y113.491 E.83002
G1 X109.365 Y113.166 E.8369
G1 X109.312 Y112.837 E.84372
G1 X109.295 Y112.554 E.84953
G1 X109.304 Y112.294 E.85486
G1 X109.304 Y112.294 F7800
G1 X109.563 Y112.231
;TYPE:External perimeter
G1 F1200
G1 X109.595 Y111.987 E.8599
G1 X109.664 Y111.687 E.8662
G1 X109.754 Y111.422 E.87193
G1 X109.871 Y111.16 E.87781
G1 X110.026 Y110.893 E.88413
G1 X110.207 Y110.644 E.89043
G1 X110.378 Y110.45 E.89573
G1 X110.604 Y110.24 E.90205
G1 X110.85 Y110.054 E.90837
G1 X111.114 Y109.895 E.91468
G1 X111.348 Y109.784 E.91998
G1 X111.637 Y109.679 E.92628
G1 X111.887 Y109.614 E.93157
G1 X112.191 Y109.566 E.93787
G1 X112.47 Y109.55 E.94359
G1 X112.757 Y109.561 E.94947
G1 X113.063 Y109.604 E.9558
G1 X113.362 Y109.679 E.96211
G1 X113.84 Y109.872 E.97267
G1 X114.107 Y110.026 E.97898
G1 X114.356 Y110.207 E.98528
G1 X114.55 Y110.378 E.99058
G1 X114.76 Y110.603 E.99688
G1 X115.055 Y111.025 E1.00742
G1 X115.195 Y111.3 E1.01374
G1 X115.306 Y111.588 E1.02006
G1 X115.381 Y111.865 E1.02594
G1 X115.428 Y112.141 E1.03167
G1 X115.45 Y112.449 E1.03799
G1 X115.439 Y112.756 E1.04428
G1 X115.405 Y113.013 E1.04959
G1 X115.336 Y113.313 E1.05589
G1 X115.246 Y113.578 E1.06162
G1 X115.129 Y113.84 E1.0675
G1 X114.974 Y114.107 E1.07382
G1 X114.793 Y114.356 E1.08012
G1 X114.622 Y114.55 E1.08542
G1 X114.397 Y114.76 E1.09172
G1 X113.956 Y115.066 E1.10271
G1 X113.7 Y115.195 E1.10858
G1 X113.412 Y115.306 E1.1149
G1 X113.114 Y115.386 E1.12122
G1 X112.859 Y115.428 E1.12651
G1 X112.551 Y115.45 E1.13283
G1 X112.244 Y115.439 E1.13912
G1 X111.987 Y115.405 E1.14443
G1 X111.687 Y115.336 E1.15073
G1 X111.422 Y115.246 E1.15646
G1 X111.16 Y115.129 E1.16234
G1 X110.893 Y114.974 E1.16866
G1 X110.644 Y114.793 E1.17496
G1 X110.45 Y114.622 E1.18026
G1 X110.24 Y114.397 E1.18656
G1 X109.934 Y113.956 E1.19755
G1 X109.805 Y113.7 E1.20342
G1 X109.694 Y113.412 E1.20974
G1 X109.614 Y113.113 E1.21608
G1 X109.566 Y112.809 E1.22238
G1 X109.55 Y112.551 E1.22767
G1 X109.559 Y112.291 E1.233
G1 X109.62 Y111.896 F7800
G1 E-.767 F2400
G92 E0
G1 Z4.38 F7800
G1 X109.642 Y114.829
G1 Z3.98
G1 E2 F2400
;TYPE:Perimeter
G1 F1200
G1 X109.44 Y114.561 E2.00687
G1 X109.275 Y114.291 E2.01335
G1 X109.103 Y113.94 E2.02135
G1 X108.984 Y113.618 E2.02838
G1 X108.892 Y113.268 E2.03579
G1 X108.831 Y112.886 E2.04371
G1 X108.811 Y112.498 E2.05167
G1 X108.827 Y112.155 E2.0587
G1 X108.878 Y111.797 E2.0661
G1 X108.972 Y111.421 E2.07404
G1 X109.105 Y111.057 E2.08198
G1 X109.254 Y110.747 E2.08902
G1 X109.441 Y110.438 E2.09642
G1 X109.676 Y110.126 E2.10442
G1 X109.889 Y109.893 E2.11088
G1 X110.18 Y109.632 E2.11888
G1 X110.456 Y109.428 E2.12591
G1 X110.767 Y109.243 E2.13332
G1 X111.121 Y109.078 E2.14132
G1 X111.419 Y108.973 E2.14779
G1 X111.796 Y108.879 E2.15575
G1 X112.18 Y108.825 E2.16369
G1 X112.523 Y108.811 E2.17072
G1 X112.885 Y108.831 E2.17814
G1 X113.27 Y108.892 E2.18612
G1 X113.576 Y108.971 E2.19259
G1 X113.943 Y109.105 E2.20059
G1 X114.253 Y109.254 E2.20763
G1 X114.562 Y109.441 E2.21503
G1 X114.874 Y109.676 E2.22303
G1 X115.109 Y109.891 E2.22955
G1 X115.324 Y110.126 E2.23607
G1 X115.56 Y110.439 E2.2441
G1 X115.725 Y110.709 E2.25058
G1 X115.897 Y111.061 E2.2586
G1 X116.008 Y111.357 E2.26507
G1 X116.109 Y111.733 E2.27304
G1 X116.169 Y112.114 E2.28094
G1 X116.189 Y112.503 E2.28892
G1 X116.176 Y112.819 E2.2954
G1 X116.121 Y113.204 E2.30336
G1 X116.027 Y113.581 E2.31132
G1 X115.921 Y113.882 E2.31785
G1 X115.789 Y114.172 E2.32437
G1 X115.594 Y114.509 E2.33234
G1 X115.367 Y114.822 E2.34026
G1 X115.107 Y115.111 E2.34822
G1 X114.874 Y115.324 E2.35468
G1 X114.561 Y115.56 E2.36271
G1 X114.291 Y115.725 E2.36919
G1 X113.939 Y115.897 E2.37721
G1 X113.643 Y116.008 E2.38368
G1 X113.267 Y116.109 E2.39165
G1 X112.886 Y116.169 E2.39955
G1 X112.497 Y116.189 E2.40753
G1 X112.181 Y116.176 E2.41401
G1 X111.796 Y116.121 E2.42197
G1 X111.42 Y116.028 E2.4299
G1 X111.096 Y115.912 E2.43695
G1 X110.769 Y115.758 E2.44435
G1 X110.437 Y115.559 E2.45228
G1 X110.126 Y115.324 E2.46026
G1 X109.891 Y115.109 E2.46678
G1 X109.678 Y114.877 E2.47323
G1 X109.678 Y114.877 F7800
G1 X109.438 Y114.982
G1 F1200
G1 X109.229 Y114.704 E2.48035
G1 X109.051 Y114.414 E2.48732
G1 X108.869 Y114.04 E2.49584
G1 X108.741 Y113.695 E2.50338
G1 X108.642 Y113.321 E2.5113
G1 X108.577 Y112.912 E2.51978
G1 X108.555 Y112.499 E2.52825
G1 X108.573 Y112.131 E2.53579
G1 X108.628 Y111.748 E2.54371
G1 X108.728 Y111.347 E2.55217
G1 X108.869 Y110.958 E2.56064
G1 X109.029 Y110.626 E2.56819
G1 X109.229 Y110.295 E2.57611
G1 X109.479 Y109.963 E2.58462
G1 X109.709 Y109.712 E2.59159
G1 X110.018 Y109.434 E2.6001
G1 X110.315 Y109.216 E2.60764
G1 X110.648 Y109.017 E2.61558
G1 X111.024 Y108.842 E2.62407
G1 X111.345 Y108.728 E2.63105
G1 X111.747 Y108.628 E2.63953
G1 X112.157 Y108.57 E2.64801
G1 X112.525 Y108.556 E2.65555
G1 X112.912 Y108.577 E2.66349
G1 X113.322 Y108.642 E2.67199
G1 X113.652 Y108.727 E2.67897
G1 X114.042 Y108.869 E2.68747
G1 X114.374 Y109.029 E2.69502
G1 X114.705 Y109.229 E2.70294
G1 X115.037 Y109.479 E2.71145
G1 X115.289 Y109.711 E2.71846
G1 X115.521 Y109.963 E2.72547
G1 X115.771 Y110.296 E2.734
G1 X115.949 Y110.586 E2.74097
G1 X116.132 Y110.96 E2.7495
G1 X116.251 Y111.279 E2.75647
G1 X116.358 Y111.68 E2.76497
G1 X116.423 Y112.088 E2.77343
G1 X116.445 Y112.502 E2.78192
G1 X116.43 Y112.842 E2.78889
G1 X116.372 Y113.253 E2.79739
G1 X116.272 Y113.655 E2.80587
G1 X116.157 Y113.978 E2.81289
G1 X116.015 Y114.289 E2.81989
G1 X115.808 Y114.648 E2.82838
G1 X115.565 Y114.982 E2.83684
G1 X115.288 Y115.291 E2.84534
G1 X115.037 Y115.521 E2.85231
G1 X114.704 Y115.771 E2.86084
G1 X114.414 Y115.949 E2.86781
G1 X114.04 Y116.132 E2.87634
G1 X113.721 Y116.251 E2.88331
G1 X113.32 Y116.358 E2.89181
G1 X112.912 Y116.423 E2.90027
G1 X112.498 Y116.445 E2.90876
G1 X112.158 Y116.43 E2.91573
G1 X111.747 Y116.372 E2.92423
G1 X111.346 Y116.272 E2.93269
G1 X110.999 Y116.148 E2.94024
G1 X110.649 Y115.983 E2.94816
G1 X110.294 Y115.77 E2.95664
G1 X109.963 Y115.521 E2.96512
G1 X109.711 Y115.289 E2.97213
G1 X109.479 Y115.037 E2.97914
G1 X109.474 Y115.03 E2.97932
G1 X109.474 Y115.03 F7800
G1 X109.235 Y115.136
;TYPE:External perimeter
G1 F1200
G1 X109.018 Y114.848 E2.9867
G1 X108.827 Y114.537 E2.99417
G1 X108.634 Y114.141 E3.00319
G1 X108.498 Y113.772 E3.01124
G1 X108.392 Y113.373 E3.01969
G1 X108.323 Y112.939 E3.02869
G1 X108.3 Y112.5 E3.03769
G1 X108.319 Y112.107 E3.04575
G1 X108.377 Y111.699 E3.05419
G1 X108.484 Y111.272 E3.0632
G1 X108.634 Y110.859 E3.0722
G1 X108.805 Y110.504 E3.08027
G1 X109.018 Y110.152 E3.08869
G1 X109.283 Y109.8 E3.09771
G1 X109.53 Y109.531 E3.10519
G1 X109.857 Y109.236 E3.11421
G1 X110.174 Y109.003 E3.12227
G1 X110.528 Y108.792 E3.13071
G1 X110.927 Y108.606 E3.13972
G1 X111.271 Y108.484 E3.14719
G1 X111.699 Y108.377 E3.15622
G1 X112.134 Y108.316 E3.16521
G1 X112.527 Y108.3 E3.17326
G1 X112.939 Y108.323 E3.18171
G1 X113.374 Y108.392 E3.19073
G1 X113.727 Y108.483 E3.19819
G1 X114.141 Y108.634 E3.20721
G1 X114.496 Y108.805 E3.21528
G1 X114.848 Y109.018 E3.2237
G1 X115.2 Y109.283 E3.23272
G1 X115.47 Y109.53 E3.24021
G1 X115.717 Y109.8 E3.2477
G1 X115.982 Y110.152 E3.25672
G1 X116.173 Y110.463 E3.26419
G1 X116.366 Y110.86 E3.27323
G1 X116.494 Y111.202 E3.28071
G1 X116.608 Y111.627 E3.28972
G1 X116.677 Y112.061 E3.29872
G1 X116.7 Y112.501 E3.30774
G1 X116.684 Y112.865 E3.3152
G1 X116.623 Y113.301 E3.32421
G1 X116.516 Y113.729 E3.33324
G1 X116.394 Y114.073 E3.34071
G1 X116.242 Y114.406 E3.34821
G1 X116.022 Y114.787 E3.35722
G1 X115.764 Y115.143 E3.36622
G1 X115.469 Y115.47 E3.37524
G1 X115.2 Y115.717 E3.38272
G1 X114.848 Y115.982 E3.39174
G1 X114.537 Y116.173 E3.39921
G1 X114.14 Y116.366 E3.40825
G1 X113.798 Y116.494 E3.41573
G1 X113.373 Y116.608 E3.42474
G1 X112.939 Y116.677 E3.43374
G1 X112.499 Y116.7 E3.44276
G1 X112.135 Y116.684 E3.45022
G1 X111.699 Y116.623 E3.45923
G1 X111.272 Y116.516 E3.46824
G1 X110.901 Y116.384 E3.4763
G1 X110.528 Y116.208 E3.48475
G1 X110.152 Y115.982 E3.49373
G1 X109.8 Y115.717 E3.50275
G1 X109.53 Y115.47 E3.51024
G1 X109.283 Y115.2 E3.51773
G1 X109.271 Y115.184 E3.51814
G1 X109.033 Y114.862 F7800
;LAYER_CHANGE
;Z:4.19
;HEIGHT:0.21
G1 Z4.19 F7800
G1 E1.51814 F2400
G92 E0
G1 Z4.59 F7800
G1 X109.052 Y112.223
G1 Z4.19
G1 E2 F2400
G92 E0
;TYPE:Perimeter
G1 F1200
G1 X109.052 Y112.198 E.00051
G1 X109.102 Y111.842 E.00787
G1 X109.174 Y111.543 E.01417
G1 X109.291 Y111.204 E.02151
G1 X109.443 Y110.878 E.02888
G1 X109.598 Y110.615 E.03513
G1 X109.775 Y110.367 E.04137
G1 X110.01 Y110.096 E.04872
G1 X110.274 Y109.85 E.05611
G1 X110.535 Y109.652 E.06282
G1 X110.823 Y109.473 E.06976
G1 X111.148 Y109.314 E.07717
G1 X111.485 Y109.191 E.08452
G1 X111.783 Y109.114 E.09082
G1 X112.137 Y109.058 E.09816
G1 X112.463 Y109.04 E.10485
G1 X112.803 Y109.053 E.11182
G1 X113.16 Y109.103 E.1192
G1 X113.509 Y109.19 E.12657
G1 X113.799 Y109.292 E.13286
G1 X114.122 Y109.443 E.14016
G1 X114.385 Y109.598 E.14641
G1 X114.633 Y109.775 E.15265
G1 X114.903 Y110.009 E.15997
G1 X115.127 Y110.248 E.16668
G1 X115.335 Y110.516 E.17363
G1 X115.526 Y110.821 E.181
G1 X115.671 Y111.114 E.18769
G1 X115.792 Y111.432 E.19466
G1 X115.884 Y111.778 E.20199
G1 X115.935 Y112.081 E.20828
G1 X115.96 Y112.437 E.21559
G1 X115.952 Y112.744 E.22188
G1 X115.908 Y113.101 E.22925
G1 X115.827 Y113.452 E.23663
G1 X115.722 Y113.762 E.24333
G1 X115.583 Y114.072 E.25029
G1 X115.404 Y114.382 E.25762
G1 X115.225 Y114.633 E.26393
G1 X114.99 Y114.904 E.27128
G1 X114.725 Y115.151 E.2787
G1 X114.435 Y115.369 E.28613
G1 X114.127 Y115.554 E.29349
G1 X113.85 Y115.687 E.29978
G1 X113.515 Y115.809 E.30708
G1 X113.218 Y115.885 E.31336
G1 X112.898 Y115.938 E.32
G1 X112.562 Y115.96 E.3269
G1 X112.256 Y115.952 E.33317
G1 X111.899 Y115.908 E.34054
G1 X111.548 Y115.827 E.34792
G1 X111.238 Y115.722 E.35462
G1 X110.928 Y115.583 E.36158
G1 X110.618 Y115.404 E.36891
G1 X110.367 Y115.225 E.37522
G1 X110.096 Y114.99 E.38257
G1 X109.851 Y114.727 E.38993
G1 X109.664 Y114.483 E.39622
G1 X109.474 Y114.179 E.40356
G1 X109.329 Y113.886 E.41025
G1 X109.208 Y113.568 E.41722
G1 X109.115 Y113.221 E.42458
G1 X109.062 Y112.898 E.43128
G1 X109.04 Y112.559 E.43824
G1 X109.049 Y112.283 E.44389
G1 X109.049 Y112.283 F7800
G1 X109.306 Y112.233
G1 F1200
G1 X109.307 Y112.221 E.44414
G1 X109.353 Y111.89 E.45098
G1 X109.419 Y111.615 E.45677
G1 X109.528 Y111.299 E.46361
G1 X109.669 Y110.997 E.47043
G1 X109.975 Y110.525 E.48195
G1 X110.194 Y110.273 E.48879
G1 X110.439 Y110.045 E.49564
G1 X110.679 Y109.862 E.50182
G1 X110.946 Y109.696 E.50826
G1 X111.247 Y109.549 E.51512
G1 X111.561 Y109.435 E.52196
G1 X111.835 Y109.364 E.52776
G1 X112.164 Y109.312 E.53458
G1 X112.466 Y109.295 E.54077
G1 X112.78 Y109.307 E.5472
G1 X113.112 Y109.353 E.55406
G1 X113.435 Y109.434 E.56088
G1 X113.702 Y109.529 E.56668
G1 X114.003 Y109.669 E.57348
G1 X114.475 Y109.975 E.585
G1 X114.726 Y110.193 E.59181
G1 X114.933 Y110.414 E.59801
G1 X115.126 Y110.662 E.60444
G1 X115.303 Y110.945 E.61128
G1 X115.437 Y111.216 E.61747
G1 X115.549 Y111.51 E.62391
G1 X115.635 Y111.832 E.63073
G1 X115.682 Y112.111 E.63652
G1 X115.705 Y112.442 E.64331
G1 X115.697 Y112.725 E.64911
G1 X115.657 Y113.057 E.65596
G1 X115.582 Y113.383 E.66281
G1 X115.485 Y113.669 E.66899
G1 X115.356 Y113.956 E.67543
G1 X115.189 Y114.244 E.68225
G1 X115.025 Y114.475 E.68805
G1 X114.806 Y114.727 E.69489
G1 X114.56 Y114.956 E.70177
G1 X114.292 Y115.157 E.70863
G1 X114.006 Y115.329 E.71546
G1 X113.751 Y115.451 E.72125
G1 X113.439 Y115.565 E.72805
G1 X113.166 Y115.635 E.73382
G1 X112.869 Y115.684 E.73998
G1 X112.557 Y115.705 E.74638
G1 X112.275 Y115.697 E.75216
G1 X111.943 Y115.657 E.75901
G1 X111.617 Y115.582 E.76586
G1 X111.331 Y115.485 E.77204
G1 X111.044 Y115.356 E.77848
G1 X110.756 Y115.189 E.7853
G1 X110.525 Y115.025 E.7911
G1 X110.273 Y114.806 E.79794
G1 X110.046 Y114.562 E.80476
G1 X109.873 Y114.337 E.81057
G1 X109.697 Y114.055 E.81738
G1 X109.563 Y113.784 E.82357
G1 X109.451 Y113.49 E.83001
G1 X109.365 Y113.167 E.83685
G1 X109.316 Y112.869 E.84303
G1 X109.295 Y112.555 E.84947
G1 X109.304 Y112.293 E.85484
G1 X109.304 Y112.293 F7800
G1 X109.563 Y112.231
;TYPE:External perimeter
G1 F1200
G1 X109.604 Y111.938 E.8609
G1 X109.664 Y111.686 E.8662
G1 X109.765 Y111.395 E.87251
G1 X109.895 Y111.116 E.87881
G1 X110.176 Y110.683 E.88938
G1 X110.378 Y110.451 E.89568
G1 X110.603 Y110.24 E.902
G1 X110.824 Y110.072 E.90768
G1 X111.07 Y109.92 E.9136
G1 X111.347 Y109.784 E.91992
G1 X111.637 Y109.679 E.92624
G1 X111.887 Y109.614 E.93153
G1 X112.191 Y109.566 E.93783
G1 X112.468 Y109.55 E.94351
G1 X112.757 Y109.561 E.94943
G1 X113.063 Y109.604 E.95576
G1 X113.362 Y109.679 E.96207
G1 X113.606 Y109.765 E.96737
G1 X113.884 Y109.895 E.97365
G1 X114.317 Y110.176 E.98422
G1 X114.549 Y110.378 E.99052
G1 X114.739 Y110.58 E.9962
G1 X114.917 Y110.808 E1.00212
G1 X115.08 Y111.069 E1.00842
G1 X115.203 Y111.318 E1.01411
G1 X115.306 Y111.589 E1.02005
G1 X115.386 Y111.886 E1.02635
G1 X115.428 Y112.141 E1.03164
G1 X115.45 Y112.448 E1.03794
G1 X115.443 Y112.706 E1.04323
G1 X115.405 Y113.012 E1.04954
G1 X115.336 Y113.313 E1.05586
G1 X115.247 Y113.576 E1.06155
G1 X115.129 Y113.84 E1.06747
G1 X114.975 Y114.106 E1.07376
G1 X114.824 Y114.317 E1.07907
G1 X114.622 Y114.549 E1.08537
G1 X114.396 Y114.76 E1.0917
G1 X114.15 Y114.946 E1.09802
G1 X113.886 Y115.105 E1.10433
G1 X113.652 Y115.216 E1.10963
G1 X113.363 Y115.321 E1.11593
G1 X112.84 Y115.43 E1.12687
G1 X112.552 Y115.45 E1.13278
G1 X112.294 Y115.443 E1.13807
G1 X111.988 Y115.405 E1.14438
G1 X111.687 Y115.336 E1.1507
G1 X111.424 Y115.247 E1.15639
G1 X111.16 Y115.129 E1.16231
G1 X110.894 Y114.975 E1.1686
G1 X110.683 Y114.824 E1.17391
G1 X110.451 Y114.622 E1.18021
G1 X110.24 Y114.397 E1.18653
G1 X110.083 Y114.192 E1.19182
G1 X109.92 Y113.931 E1.19812
G1 X109.797 Y113.682 E1.20381
G1 X109.694 Y113.411 E1.20975
G1 X109.614 Y113.114 E1.21605
G1 X109.57 Y112.84 E1.22173
G1 X109.55 Y112.551 E1.22766
G1 X109.559 Y112.291 E1.23299
G1 X109.619 Y111.896 F7800
G1 E-.76701 F2400
G92 E0
G1 Z4.59 F7800
G1 X109.642 Y114.829
G1 Z4.19
G1 E2 F2400
;TYPE:Perimeter
G1 F1200
G1 X109.44 Y114.561 E2.00687
G1 X109.264 Y114.272 E2.0138
G1 X109.104 Y113.942 E2.02131
G1 X108.972 Y113.579 E2.02922
G1 X108.878 Y113.201 E2.0372
G1 X108.831 Y112.888 E2.04368
G1 X108.811 Y112.498 E2.05168
G1 X108.826 Y112.16 E2.05861
G1 X108.879 Y111.794 E2.06618
G1 X108.953 Y111.486 E2.07267
G1 X109.079 Y111.118 E2.08064
G1 X109.243 Y110.766 E2.08859
G1 X109.416 Y110.475 E2.09552
G1 X109.632 Y110.179 E2.10302
G1 X109.893 Y109.889 E2.11101
G1 X110.126 Y109.676 E2.11747
G1 X110.437 Y109.441 E2.12545
G1 X110.768 Y109.243 E2.13335
G1 X111.121 Y109.078 E2.14133
G1 X111.419 Y108.973 E2.1478
G1 X111.796 Y108.879 E2.15576
G1 X112.18 Y108.825 E2.1637
G1 X112.519 Y108.811 E2.17065
G1 X112.885 Y108.831 E2.17816
G1 X113.27 Y108.892 E2.18614
G1 X113.576 Y108.971 E2.19261
G1 X113.944 Y109.105 E2.20063
G1 X114.23 Y109.241 E2.20711
G1 X114.563 Y109.441 E2.21506
G1 X114.874 Y109.676 E2.22304
G1 X115.109 Y109.891 E2.22956
G1 X115.324 Y110.126 E2.23608
G1 X115.56 Y110.439 E2.24411
G1 X115.725 Y110.709 E2.25059
G1 X115.896 Y111.058 E2.25855
G1 X116.028 Y111.421 E2.26646
G1 X116.122 Y111.799 E2.27444
G1 X116.169 Y112.111 E2.2809
G1 X116.189 Y112.503 E2.28894
G1 X116.176 Y112.819 E2.29542
G1 X116.121 Y113.204 E2.30338
G1 X116.027 Y113.581 E2.31134
G1 X115.922 Y113.879 E2.31781
G1 X115.757 Y114.232 E2.32579
G1 X115.557 Y114.565 E2.33374
G1 X115.369 Y114.82 E2.34023
G1 X115.107 Y115.111 E2.34825
G1 X114.874 Y115.324 E2.35471
G1 X114.561 Y115.56 E2.36274
G1 X114.272 Y115.736 E2.36967
G1 X113.942 Y115.896 E2.37718
G1 X113.579 Y116.028 E2.38509
G1 X113.201 Y116.122 E2.39307
G1 X112.889 Y116.169 E2.39953
G1 X112.497 Y116.189 E2.40757
G1 X112.181 Y116.176 E2.41405
G1 X111.793 Y116.121 E2.42207
G1 X111.486 Y116.047 E2.42854
G1 X111.116 Y115.92 E2.43655
G1 X110.809 Y115.779 E2.44347
G1 X110.491 Y115.594 E2.451
G1 X110.178 Y115.367 E2.45892
G1 X109.889 Y115.107 E2.46688
G1 X109.678 Y114.877 E2.47327
G1 X109.678 Y114.877 F7800
G1 X109.438 Y114.983
G1 F1200
G1 X109.229 Y114.705 E2.48039
G1 X109.04 Y114.395 E2.48782
G1 X108.869 Y114.042 E2.49585
G1 X108.728 Y113.653 E2.50432
G1 X108.628 Y113.251 E2.5128
G1 X108.577 Y112.914 E2.51978
G1 X108.555 Y112.499 E2.52829
G1 X108.572 Y112.136 E2.53573
G1 X108.628 Y111.746 E2.5438
G1 X108.708 Y111.414 E2.55079
G1 X108.843 Y111.022 E2.55928
G1 X109.018 Y110.647 E2.56775
G1 X109.203 Y110.335 E2.57518
G1 X109.434 Y110.018 E2.58321
G1 X109.712 Y109.709 E2.59172
G1 X109.963 Y109.479 E2.59869
G1 X110.294 Y109.23 E2.60717
G1 X110.648 Y109.017 E2.61563
G1 X111.024 Y108.842 E2.62412
G1 X111.345 Y108.728 E2.6311
G1 X111.747 Y108.628 E2.63958
G1 X112.157 Y108.57 E2.64806
G1 X112.52 Y108.556 E2.6555
G1 X112.912 Y108.577 E2.66354
G1 X113.322 Y108.642 E2.67204
G1 X113.652 Y108.727 E2.67902
G1 X114.043 Y108.87 E2.68755
G1 X114.35 Y109.016 E2.69451
G1 X114.706 Y109.23 E2.70302
G1 X115.037 Y109.479 E2.7115
G1 X115.289 Y109.711 E2.71851
G1 X115.521 Y109.963 E2.72552
G1 X115.771 Y110.296 E2.73405
G1 X115.949 Y110.586 E2.74102
G1 X116.131 Y110.959 E2.74952
G1 X116.272 Y111.347 E2.75797
G1 X116.372 Y111.749 E2.76645
G1 X116.423 Y112.086 E2.77343
G1 X116.445 Y112.502 E2.78196
G1 X116.43 Y112.842 E2.78893
G1 X116.372 Y113.253 E2.79743
G1 X116.272 Y113.655 E2.80591
G1 X116.158 Y113.976 E2.81289
G1 X115.983 Y114.352 E2.82138
G1 X115.769 Y114.707 E2.82987
G1 X115.567 Y114.981 E2.83684
G1 X115.288 Y115.291 E2.84538
G1 X115.037 Y115.521 E2.85235
G1 X114.705 Y115.771 E2.86086
G1 X114.395 Y115.96 E2.86829
G1 X114.042 Y116.131 E2.87632
G1 X113.653 Y116.272 E2.88479
G1 X113.251 Y116.372 E2.89327
G1 X112.914 Y116.423 E2.90025
G1 X112.498 Y116.445 E2.90878
G1 X112.158 Y116.43 E2.91575
G1 X111.746 Y116.372 E2.92427
G1 X111.414 Y116.292 E2.93126
G1 X111.021 Y116.157 E2.93977
G1 X110.691 Y116.005 E2.94721
G1 X110.352 Y115.808 E2.95524
G1 X110.018 Y115.565 E2.9637
G1 X109.709 Y115.288 E2.9722
G1 X109.479 Y115.037 E2.97917
G1 X109.475 Y115.03 E2.97934
G1 X109.475 Y115.03 F7800
G1 X109.235 Y115.136
;TYPE:External perimeter
G1 F1200
G1 X109.018 Y114.848 E2.98672
G1 X108.816 Y114.517 E2.99466
G1 X108.634 Y114.141 E3.00321
G1 X108.484 Y113.728 E3.01221
G1 X108.377 Y113.301 E3.02122
G1 X108.323 Y112.94 E3.02869
G1 X108.3 Y112.5 E3.03771
G1 X108.318 Y112.112 E3.04566
G1 X108.377 Y111.698 E3.05422
G1 X108.463 Y111.343 E3.0617
G1 X108.606 Y110.927 E3.07071
G1 X108.792 Y110.528 E3.07972
G1 X108.99 Y110.194 E3.08767
G1 X109.236 Y109.857 E3.09621
G1 X109.531 Y109.53 E3.10523
G1 X109.8 Y109.283 E3.11271
G1 X110.152 Y109.018 E3.12173
G1 X110.528 Y108.792 E3.13071
G1 X110.927 Y108.606 E3.13972
G1 X111.271 Y108.484 E3.14719
G1 X111.699 Y108.377 E3.15622
G1 X112.134 Y108.316 E3.16521
G1 X112.522 Y108.3 E3.17316
G1 X112.939 Y108.323 E3.18171
G1 X113.374 Y108.392 E3.19073
G1 X113.727 Y108.483 E3.19819
G1 X114.142 Y108.634 E3.20723
G1 X114.471 Y108.791 E3.21469
G1 X114.848 Y109.018 E3.2237
G1 X115.2 Y109.283 E3.23272
G1 X115.47 Y109.53 E3.24021
G1 X115.717 Y109.8 E3.2477
G1 X115.982 Y110.152 E3.25672
G1 X116.173 Y110.463 E3.26419
G1 X116.366 Y110.859 E3.27321
G1 X116.516 Y111.272 E3.28221
G1 X116.623 Y111.699 E3.29122
G1 X116.677 Y112.06 E3.29869
G1 X116.7 Y112.501 E3.30773
G1 X116.684 Y112.865 E3.31519
G1 X116.623 Y113.301 E3.3242
G1 X116.516 Y113.729 E3.33323
G1 X116.394 Y114.073 E3.3407
G1 X116.208 Y114.472 E3.34971
G1 X115.981 Y114.849 E3.35872
G1 X115.764 Y115.143 E3.3662
G1 X115.469 Y115.47 E3.37522
G1 X115.2 Y115.717 E3.3827
G1 X114.848 Y115.982 E3.39172
G1 X114.517 Y116.184 E3.39966
G1 X114.141 Y116.366 E3.40821
G1 X113.728 Y116.516 E3.41721
G1 X113.301 Y116.623 E3.42622
G1 X112.94 Y116.677 E3.43369
G1 X112.499 Y116.7 E3.44273
G1 X112.135 Y116.684 E3.45019
G1 X111.698 Y116.623 E3.45923
G1 X111.343 Y116.537 E3.46671
G1 X110.926 Y116.394 E3.47574
G1 X110.574 Y116.232 E3.48367
G1 X110.213 Y116.022 E3.49222
G1 X109.857 Y115.764 E3.50122
G1 X109.53 Y115.469 E3.51024
G1 X109.283 Y115.2 E3.51772
G1 X109.271 Y115.184 E3.51813
G1 X109.033 Y114.862 F7800
;LAYER_CHANGE
;Z:4.4
;HEIGHT:0.21
G1 Z4.4 F7800
G1 E1.51813 F2400
G92 E0
G1 Z4.8 F7800
G1 X109.052 Y112.223
G1 Z4.4
G1 E2 F2400
G92 E0
;TYPE:Perimeter
G1 F1200
G1 X109.052 Y112.198 E.00051
G1 X109.103 Y111.84 E.00791
G1 X109.19 Y111.491 E.01528
G1 X109.292 Y111.201 E.02157
G1 X109.443 Y110.878 E.02887
G1 X109.598 Y110.614 E.03514
G1 X109.786 Y110.353 E.04173
G1 X110.011 Y110.095 E.04874
G1 X110.275 Y109.849 E.05613
G1 X110.565 Y109.631 E.06356
G1 X110.873 Y109.446 E.07092
G1 X111.151 Y109.313 E.07723
G1 X111.485 Y109.191 E.08451
G1 X111.783 Y109.114 E.09081
G1 X112.137 Y109.058 E.09815
G1 X112.461 Y109.04 E.10479
G1 X112.803 Y109.053 E.1118
G1 X113.16 Y109.103 E.11918
G1 X113.509 Y109.19 E.12655
G1 X113.799 Y109.292 E.13284
G1 X114.122 Y109.443 E.14014
G1 X114.385 Y109.598 E.14639
G1 X114.633 Y109.775 E.15263
G1 X114.904 Y110.011 E.15999
G1 X115.149 Y110.273 E.16734
G1 X115.336 Y110.517 E.17363
G1 X115.526 Y110.821 E.18097
G1 X115.67 Y111.112 E.18762
G1 X115.792 Y111.431 E.19461
G1 X115.884 Y111.778 E.20196
G1 X115.935 Y112.081 E.20825
G1 X115.96 Y112.44 E.21562
G1 X115.948 Y112.802 E.22304
G1 X115.897 Y113.16 E.23044
G1 X115.81 Y113.509 E.23781
G1 X115.708 Y113.799 E.2441
G1 X115.557 Y114.122 E.2514
G1 X115.402 Y114.385 E.25765
G1 X115.225 Y114.633 E.26389
G1 X114.991 Y114.903 E.27121
G1 X114.754 Y115.126 E.27787
G1 X114.484 Y115.335 E.28486
G1 X114.179 Y115.526 E.29223
G1 X113.888 Y115.67 E.29888
G1 X113.569 Y115.792 E.30587
G1 X113.222 Y115.884 E.31322
G1 X112.919 Y115.935 E.31951
G1 X112.56 Y115.96 E.32688
G1 X112.198 Y115.948 E.3343
G1 X111.84 Y115.897 E.3417
G1 X111.491 Y115.81 E.34907
G1 X111.201 Y115.708 E.35536
G1 X110.878 Y115.557 E.36266
G1 X110.614 Y115.402 E.36893
G1 X110.353 Y115.214 E.37552
G1 X110.097 Y114.99 E.38249
G1 X109.874 Y114.754 E.38914
G1 X109.665 Y114.484 E.39613
G1 X109.474 Y114.179 E.4035
G1 X109.33 Y113.888 E.41015
G1 X109.208 Y113.569 E.41714
G1 X109.116 Y113.222 E.42449
G1 X109.065 Y112.919 E.43078
G1 X109.04 Y112.56 E.43815
G1 X109.049 Y112.283 E.44383
G1 X109.049 Y112.283 F7800
G1 X109.306 Y112.233
G1 F1200
G1 X109.307 Y112.221 E.44408
G1 X109.353 Y111.888 E.45096
G1 X109.434 Y111.565 E.45778
G1 X109.529 Y111.298 E.46358
G1 X109.669 Y110.997 E.47038
G1 X109.812 Y110.754 E.47615
G1 X109.986 Y110.511 E.48227
G1 X110.195 Y110.273 E.48876
G1 X110.44 Y110.044 E.49563
G1 X110.707 Y109.843 E.50247
G1 X110.994 Y109.671 E.50932
G1 X111.249 Y109.549 E.51511
G1 X111.561 Y109.435 E.52191
G1 X111.835 Y109.364 E.52771
G1 X112.164 Y109.312 E.53453
G1 X112.464 Y109.295 E.54068
G1 X112.78 Y109.307 E.54716
G1 X113.112 Y109.353 E.55402
G1 X113.435 Y109.434 E.56084
G1 X113.702 Y109.529 E.56664
G1 X114.003 Y109.669 E.57344
G1 X114.475 Y109.975 E.58496
G1 X114.727 Y110.194 E.5918
G1 X114.954 Y110.438 E.59862
G1 X115.127 Y110.663 E.60443
G1 X115.303 Y110.945 E.61124
G1 X115.436 Y111.214 E.61738
G1 X115.549 Y111.51 E.62387
G1 X115.635 Y111.832 E.63069
G1 X115.682 Y112.111 E.63648
G1 X115.705 Y112.444 E.64332
G1 X115.693 Y112.779 E.65018
G1 X115.647 Y113.112 E.65706
G1 X115.566 Y113.435 E.66388
G1 X115.471 Y113.702 E.66968
G1 X115.331 Y114.003 E.67648
G1 X115.025 Y114.475 E.688
G1 X114.807 Y114.726 E.69481
G1 X114.588 Y114.932 E.70097
G1 X114.338 Y115.126 E.70745
G1 X114.055 Y115.303 E.71429
G1 X113.786 Y115.436 E.72043
G1 X113.49 Y115.549 E.72692
G1 X113.168 Y115.635 E.73374
G1 X112.889 Y115.682 E.73953
G1 X112.556 Y115.705 E.74637
G1 X112.221 Y115.693 E.75323
G1 X111.888 Y115.647 E.76011
G1 X111.565 Y115.566 E.76693
G1 X111.298 Y115.471 E.77273
G1 X110.997 Y115.331 E.77953
G1 X110.754 Y115.188 E.7853
G1 X110.511 Y115.014 E.79142
G1 X110.274 Y114.806 E.79788
G1 X110.068 Y114.588 E.80402
G1 X109.874 Y114.338 E.8105
G1 X109.697 Y114.055 E.81734
G1 X109.564 Y113.786 E.82348
G1 X109.451 Y113.49 E.82997
G1 X109.365 Y113.168 E.83679
G1 X109.318 Y112.889 E.84258
G1 X109.295 Y112.556 E.84942
G1 X109.304 Y112.293 E.85481
G1 X109.304 Y112.293 F7800
G1 X109.563 Y112.231
;TYPE:External perimeter
G1 F1200
G1 X109.604 Y111.937 E.86089
G1 X109.679 Y111.638 E.8672
G1 X109.765 Y111.394 E.8725
G1 X109.895 Y111.116 E.87878
G1 X110.186 Y110.67 E.88968
G1 X110.378 Y110.451 E.89564
G1 X110.604 Y110.24 E.90197
G1 X110.85 Y110.054 E.90829
G1 X111.114 Y109.895 E.9146
G1 X111.348 Y109.784 E.9199
G1 X111.637 Y109.679 E.9262
G1 X111.887 Y109.614 E.93149
G1 X112.191 Y109.566 E.93779
G1 X112.466 Y109.55 E.94343
G1 X112.757 Y109.561 E.94939
G1 X113.063 Y109.604 E.95572
G1 X113.362 Y109.679 E.96203
G1 X113.606 Y109.765 E.96733
G1 X113.884 Y109.895 E.97361
G1 X114.317 Y110.176 E.98418
G1 X114.549 Y110.378 E.99048
G1 X114.76 Y110.603 E.9968
G1 X114.917 Y110.808 E1.00209
G1 X115.08 Y111.069 E1.00839
G1 X115.202 Y111.316 E1.01403
G1 X115.306 Y111.589 E1.02001
G1 X115.386 Y111.886 E1.02631
G1 X115.428 Y112.141 E1.0316
G1 X115.45 Y112.449 E1.03792
G1 X115.439 Y112.757 E1.04423
G1 X115.396 Y113.063 E1.05056
G1 X115.321 Y113.362 E1.05687
G1 X115.235 Y113.606 E1.06217
G1 X115.105 Y113.884 E1.06845
G1 X114.824 Y114.317 E1.07902
G1 X114.622 Y114.549 E1.08532
G1 X114.422 Y114.738 E1.09095
G1 X114.192 Y114.917 E1.09692
G1 X113.931 Y115.08 E1.10322
G1 X113.684 Y115.202 E1.10886
G1 X113.411 Y115.306 E1.11484
G1 X113.114 Y115.386 E1.12114
G1 X112.859 Y115.428 E1.12643
G1 X112.551 Y115.45 E1.13275
G1 X112.243 Y115.439 E1.13906
G1 X111.937 Y115.396 E1.14539
G1 X111.638 Y115.321 E1.1517
G1 X111.394 Y115.235 E1.157
G1 X111.116 Y115.105 E1.16328
G1 X110.67 Y114.814 E1.17418
G1 X110.451 Y114.622 E1.18014
G1 X110.262 Y114.422 E1.18577
G1 X110.083 Y114.192 E1.19174
G1 X109.92 Y113.931 E1.19804
G1 X109.798 Y113.684 E1.20368
G1 X109.694 Y113.411 E1.20966
G1 X109.614 Y113.114 E1.21596
G1 X109.572 Y112.859 E1.22125
G1 X109.55 Y112.551 E1.22757
G1 X109.559 Y112.291 E1.2329
G1 X109.62 Y111.896 F7800
G1 E-.7671 F2400
G92 E0
G1 Z4.8 F7800
G1 X109.642 Y114.829
G1 Z4.4
G1 E2 F2400
;TYPE:Perimeter
G1 F1200
G1 X109.44 Y114.561 E2.00687
G1 X109.275 Y114.291 E2.01335
G1 X109.104 Y113.941 E2.02133
G1 X108.971 Y113.576 E2.02928
G1 X108.892 Y113.27 E2.03575
G1 X108.831 Y112.886 E2.04371
G1 X108.811 Y112.498 E2.05167
G1 X108.826 Y112.165 E2.0585
G1 X108.878 Y111.797 E2.06611
G1 X108.972 Y111.421 E2.07405
G1 X109.104 Y111.059 E2.08194
G1 X109.275 Y110.709 E2.08992
G1 X109.44 Y110.439 E2.0964
G1 X109.676 Y110.126 E2.10443
G1 X109.891 Y109.891 E2.11095
G1 X110.126 Y109.676 E2.11747
G1 X110.437 Y109.441 E2.12545
G1 X110.768 Y109.243 E2.13335
G1 X111.118 Y109.079 E2.14126
G1 X111.486 Y108.953 E2.14923
G1 X111.793 Y108.879 E2.1557
G1 X112.181 Y108.825 E2.16372
G1 X112.514 Y108.811 E2.17054
G1 X112.885 Y108.831 E2.17815
G1 X113.27 Y108.892 E2.18613
G1 X113.576 Y108.971 E2.1926
G1 X113.941 Y109.104 E2.20055
G1 X114.291 Y109.275 E2.20853
G1 X114.561 Y109.44 E2.21501
G1 X114.874 Y109.676 E2.22304
G1 X115.107 Y109.889 E2.2295
G1 X115.369 Y110.18 E2.23752
G1 X115.558 Y110.436 E2.24404
G1 X115.733 Y110.723 E2.25092
G1 X115.896 Y111.058 E2.25855
G1 X116.028 Y111.421 E2.26646
G1 X116.121 Y111.796 E2.27437
G1 X116.176 Y112.181 E2.28233
G1 X116.189 Y112.499 E2.28885
G1 X116.174 Y112.835 E2.29574
G1 X116.122 Y113.203 E2.30335
G1 X116.028 Y113.579 E2.31129
G1 X115.895 Y113.944 E2.31924
G1 X115.759 Y114.23 E2.32572
G1 X115.559 Y114.563 E2.33367
G1 X115.324 Y114.874 E2.34165
G1 X115.109 Y115.109 E2.34817
G1 X114.874 Y115.324 E2.35469
G1 X114.561 Y115.56 E2.36272
G1 X114.291 Y115.725 E2.3692
G1 X113.942 Y115.896 E2.37716
G1 X113.579 Y116.028 E2.38507
G1 X113.204 Y116.121 E2.39298
G1 X112.819 Y116.176 E2.40094
G1 X112.501 Y116.189 E2.40746
G1 X112.165 Y116.174 E2.41435
G1 X111.797 Y116.122 E2.42196
G1 X111.421 Y116.028 E2.4299
G1 X111.059 Y115.896 E2.43779
G1 X110.709 Y115.725 E2.44577
G1 X110.439 Y115.56 E2.45225
G1 X110.126 Y115.324 E2.46028
G1 X109.891 Y115.109 E2.4668
G1 X109.679 Y114.877 E2.47324
G1 X109.679 Y114.877 F7800
G1 X109.439 Y114.983
G1 F1200
G1 X109.229 Y114.704 E2.48039
G1 X109.051 Y114.414 E2.48736
G1 X108.869 Y114.041 E2.49586
G1 X108.727 Y113.652 E2.50434
G1 X108.642 Y113.322 E2.51132
G1 X108.577 Y112.912 E2.51982
G1 X108.555 Y112.499 E2.52829
G1 X108.572 Y112.141 E2.53563
G1 X108.628 Y111.748 E2.54376
G1 X108.728 Y111.347 E2.55222
G1 X108.869 Y110.959 E2.56067
G1 X109.051 Y110.586 E2.56917
G1 X109.229 Y110.296 E2.57614
G1 X109.479 Y109.963 E2.58467
G1 X109.711 Y109.711 E2.59168
G1 X109.963 Y109.479 E2.59869
G1 X110.294 Y109.23 E2.60717
G1 X110.648 Y109.017 E2.61563
G1 X111.022 Y108.843 E2.62408
G1 X111.414 Y108.708 E2.63257
G1 X111.746 Y108.628 E2.63956
G1 X112.157 Y108.57 E2.64806
G1 X112.515 Y108.556 E2.6554
G1 X112.912 Y108.577 E2.66354
G1 X113.322 Y108.642 E2.67204
G1 X113.652 Y108.727 E2.67902
G1 X114.041 Y108.869 E2.6875
G1 X114.414 Y109.051 E2.696
G1 X114.704 Y109.229 E2.70297
G1 X115.037 Y109.479 E2.7115
G1 X115.288 Y109.709 E2.71847
G1 X115.567 Y110.019 E2.72701
G1 X115.77 Y110.294 E2.73401
G1 X115.957 Y110.601 E2.74137
G1 X116.131 Y110.958 E2.7495
G1 X116.272 Y111.347 E2.75797
G1 X116.372 Y111.747 E2.76641
G1 X116.43 Y112.158 E2.77491
G1 X116.445 Y112.5 E2.78192
G1 X116.428 Y112.859 E2.78928
G1 X116.372 Y113.252 E2.79741
G1 X116.272 Y113.653 E2.80587
G1 X116.13 Y114.043 E2.81437
G1 X115.984 Y114.35 E2.82133
G1 X115.77 Y114.706 E2.82984
G1 X115.521 Y115.037 E2.83832
G1 X115.289 Y115.289 E2.84533
G1 X115.037 Y115.521 E2.85234
G1 X114.704 Y115.771 E2.86087
G1 X114.414 Y115.949 E2.86784
G1 X114.041 Y116.131 E2.87634
G1 X113.653 Y116.272 E2.88479
G1 X113.253 Y116.372 E2.89323
G1 X112.842 Y116.43 E2.90173
G1 X112.5 Y116.445 E2.90874
G1 X112.141 Y116.428 E2.9161
G1 X111.748 Y116.372 E2.92423
G1 X111.347 Y116.272 E2.93269
G1 X110.959 Y116.131 E2.94114
G1 X110.586 Y115.949 E2.94964
G1 X110.296 Y115.771 E2.95661
G1 X109.963 Y115.521 E2.96514
G1 X109.711 Y115.289 E2.97215
G1 X109.479 Y115.037 E2.97916
G1 X109.475 Y115.031 E2.97931
G1 X109.475 Y115.031 F7800
G1 X109.235 Y115.136
;TYPE:External perimeter
G1 F1200
G1 X109.018 Y114.848 E2.98669
G1 X108.827 Y114.537 E2.99416
G1 X108.634 Y114.141 E3.00318
G1 X108.483 Y113.727 E3.0122
G1 X108.392 Y113.374 E3.01966
G1 X108.323 Y112.939 E3.02868
G1 X108.3 Y112.5 E3.03768
G1 X108.318 Y112.117 E3.04553
G1 X108.377 Y111.699 E3.05417
G1 X108.484 Y111.272 E3.06318
G1 X108.634 Y110.859 E3.07218
G1 X108.827 Y110.463 E3.0812
G1 X109.018 Y110.152 E3.08867
G1 X109.283 Y109.8 E3.09769
G1 X109.53 Y109.53 E3.10518
G1 X109.8 Y109.283 E3.11267
G1 X110.152 Y109.018 E3.12169
G1 X110.528 Y108.792 E3.13067
G1 X110.927 Y108.606 E3.13968
G1 X111.343 Y108.463 E3.14869
G1 X111.698 Y108.377 E3.15617
G1 X112.134 Y108.316 E3.16518
G1 X112.517 Y108.3 E3.17303
G1 X112.939 Y108.323 E3.18168
G1 X113.374 Y108.392 E3.1907
G1 X113.727 Y108.483 E3.19816
G1 X114.141 Y108.634 E3.20718
G1 X114.537 Y108.827 E3.2162
G1 X114.848 Y109.018 E3.22367
G1 X115.2 Y109.283 E3.23269
G1 X115.469 Y109.53 E3.24017
G1 X115.764 Y109.857 E3.24919
G1 X115.982 Y110.151 E3.25668
G1 X116.181 Y110.479 E3.26454
G1 X116.366 Y110.859 E3.27319
G1 X116.516 Y111.272 E3.28219
G1 X116.623 Y111.699 E3.2912
G1 X116.684 Y112.135 E3.30021
G1 X116.7 Y112.5 E3.30769
G1 X116.682 Y112.883 E3.31554
G1 X116.623 Y113.301 E3.32418
G1 X116.516 Y113.728 E3.33319
G1 X116.366 Y114.142 E3.34221
G1 X116.209 Y114.471 E3.34967
G1 X115.982 Y114.848 E3.35868
G1 X115.717 Y115.2 E3.3677
G1 X115.47 Y115.47 E3.37519
G1 X115.2 Y115.717 E3.38268
G1 X114.848 Y115.982 E3.3917
G1 X114.537 Y116.173 E3.39917
G1 X114.141 Y116.366 E3.40819
G1 X113.728 Y116.516 E3.41719
G1 X113.301 Y116.623 E3.4262
G1 X112.865 Y116.684 E3.43521
G1 X112.5 Y116.7 E3.44269
G1 X112.117 Y116.682 E3.45054
G1 X111.699 Y116.623 E3.45918
G1 X111.272 Y116.516 E3.46819
G1 X110.859 Y116.366 E3.47719
G1 X110.463 Y116.173 E3.48621
G1 X110.152 Y115.982 E3.49368
G1 X109.8 Y115.717 E3.5027
G1 X109.53 Y115.47 E3.51019
G1 X109.283 Y115.2 E3.51768
G1 X109.271 Y115.184 E3.51809
G1 X109.033 Y114.863 F7800
;LAYER_CHANGE
;Z:4.61
;HEIGHT:0.21
G1 Z4.61 F7800
G1 E1.51809 F2400
G92 E0
G1 Z5.01 F7800
G1 X109.052 Y112.224
G1 Z4.61
G1 E2 F2400
G92 E0
;TYPE:Perimeter
G1 F1200
G1 X109.052 Y112.201 E.00047
G1 X109.092 Y111.896 E.00677
G1 X109.173 Y111.548 E.01409
G1 X109.276 Y111.242 E.0207
G1 X109.417 Y110.928 E.02775
G1 X109.597 Y110.617 E.03511
G1 X109.785 Y110.354 E.04173
G1 X110.011 Y110.095 E.04877
G1 X110.274 Y109.85 E.05613
G1 X110.531 Y109.654 E.06275
G1 X110.823 Y109.473 E.06978
G1 X111.146 Y109.315 E.07714
G1 X111.449 Y109.203 E.08375
G1 X111.781 Y109.115 E.09078
G1 X112.136 Y109.058 E.09814
G1 X112.459 Y109.04 E.10476
G1 X112.802 Y109.053 E.11179
G1 X113.16 Y109.103 E.11919
G1 X113.509 Y109.19 E.12656
G1 X113.797 Y109.292 E.13282
G1 X114.088 Y109.425 E.13937
G1 X114.384 Y109.597 E.14638
G1 X114.646 Y109.785 E.15298
G1 X114.905 Y110.011 E.16002
G1 X115.149 Y110.273 E.16735
G1 X115.336 Y110.517 E.17364
G1 X115.526 Y110.821 E.18098
G1 X115.669 Y111.11 E.18758
G1 X115.792 Y111.431 E.19462
G1 X115.885 Y111.78 E.20202
G1 X115.941 Y112.135 E.20938
G1 X115.96 Y112.442 E.21568
G1 X115.948 Y112.799 E.22299
G1 X115.908 Y113.102 E.22925
G1 X115.838 Y113.414 E.2358
G1 X115.731 Y113.741 E.24285
G1 X115.584 Y114.071 E.25025
G1 X115.403 Y114.383 E.25764
G1 X115.215 Y114.646 E.26426
G1 X114.989 Y114.905 E.2713
G1 X114.727 Y115.149 E.27863
G1 X114.483 Y115.336 E.28492
G1 X114.179 Y115.526 E.29226
G1 X113.89 Y115.669 E.29886
G1 X113.569 Y115.792 E.3059
G1 X113.222 Y115.884 E.31325
G1 X112.919 Y115.935 E.31954
G1 X112.56 Y115.96 E.32691
G1 X112.198 Y115.948 E.33433
G1 X111.84 Y115.897 E.34173
G1 X111.491 Y115.81 E.3491
G1 X111.201 Y115.708 E.35539
G1 X110.878 Y115.557 E.36269
G1 X110.614 Y115.402 E.36896
G1 X110.354 Y115.215 E.37552
G1 X110.095 Y114.989 E.38256
G1 X109.851 Y114.727 E.38989
G1 X109.664 Y114.483 E.39618
G1 X109.475 Y114.18 E.40349
G1 X109.337 Y113.905 E.40979
G1 X109.209 Y113.569 E.41715
G1 X109.116 Y113.222 E.42451
G1 X109.065 Y112.919 E.4308
G1 X109.04 Y112.56 E.43817
G1 X109.049 Y112.284 E.44382
G1 X109.049 Y112.284 F7800
G1 X109.306 Y112.234
G1 F1200
G1 X109.307 Y112.222 E.44407
G1 X109.344 Y111.942 E.44985
G1 X109.418 Y111.618 E.45666
G1 X109.514 Y111.335 E.46278
G1 X109.644 Y111.044 E.46931
G1 X109.811 Y110.755 E.47614
G1 X109.985 Y110.513 E.48224
G1 X110.194 Y110.273 E.48876
G1 X110.439 Y110.045 E.49561
G1 X110.676 Y109.864 E.50172
G1 X110.946 Y109.696 E.50823
G1 X111.246 Y109.55 E.51506
G1 X111.526 Y109.446 E.52118
G1 X111.834 Y109.364 E.52771
G1 X112.164 Y109.312 E.53455
G1 X112.461 Y109.295 E.54064
G1 X112.78 Y109.307 E.54718
G1 X113.112 Y109.353 E.55404
G1 X113.435 Y109.434 E.56086
G1 X113.701 Y109.528 E.56664
G1 X113.971 Y109.652 E.57272
G1 X114.245 Y109.811 E.57921
G1 X114.487 Y109.985 E.58531
G1 X114.727 Y110.194 E.59183
G1 X114.954 Y110.438 E.59865
G1 X115.127 Y110.663 E.60446
G1 X115.303 Y110.945 E.61127
G1 X115.435 Y111.212 E.61737
G1 X115.549 Y111.51 E.6239
G1 X115.635 Y111.834 E.63076
G1 X115.688 Y112.163 E.63758
G1 X115.705 Y112.446 E.64339
G1 X115.693 Y112.778 E.65019
G1 X115.657 Y113.057 E.65595
G1 X115.592 Y113.346 E.66202
G1 X115.492 Y113.649 E.66855
G1 X115.356 Y113.955 E.67541
G1 X115.189 Y114.245 E.68226
G1 X115.015 Y114.487 E.68836
G1 X114.806 Y114.727 E.69488
G1 X114.562 Y114.954 E.7017
G1 X114.337 Y115.127 E.70751
G1 X114.055 Y115.303 E.71432
G1 X113.788 Y115.435 E.72042
G1 X113.49 Y115.549 E.72695
G1 X113.168 Y115.635 E.73377
G1 X112.889 Y115.682 E.73956
G1 X112.556 Y115.705 E.7464
G1 X112.221 Y115.693 E.75326
G1 X111.888 Y115.647 E.76014
G1 X111.565 Y115.566 E.76696
G1 X111.298 Y115.471 E.77276
G1 X110.997 Y115.331 E.77956
G1 X110.754 Y115.188 E.78533
G1 X110.513 Y115.015 E.7914
G1 X110.273 Y114.806 E.79792
G1 X110.046 Y114.562 E.80474
G1 X109.873 Y114.337 E.81055
G1 X109.697 Y114.056 E.81734
G1 X109.571 Y113.802 E.82315
G1 X109.451 Y113.491 E.82998
G1 X109.365 Y113.168 E.83682
G1 X109.318 Y112.889 E.84261
G1 X109.295 Y112.556 E.84945
G1 X109.304 Y112.294 E.85482
G1 X109.304 Y112.294 F7800
G1 X109.563 Y112.231
;TYPE:External perimeter
G1 F1200
G1 X109.595 Y111.987 E.85986
G1 X109.664 Y111.687 E.86616
G1 X109.752 Y111.428 E.87176
G1 X109.871 Y111.161 E.87775
G1 X110.026 Y110.894 E.88407
G1 X110.185 Y110.671 E.88968
G1 X110.378 Y110.451 E.89567
G1 X110.603 Y110.24 E.90199
G1 X110.821 Y110.074 E.9076
G1 X111.07 Y109.92 E.9136
G1 X111.347 Y109.785 E.91991
G1 X111.603 Y109.69 E.9255
G1 X111.887 Y109.614 E.93152
G1 X112.191 Y109.566 E.93782
G1 X112.464 Y109.55 E.94342
G1 X112.757 Y109.561 E.94942
G1 X113.063 Y109.604 E.95575
G1 X113.362 Y109.679 E.96206
G1 X113.853 Y109.879 E.97292
G1 X114.107 Y110.026 E.97893
G1 X114.329 Y110.185 E.98452
G1 X114.549 Y110.378 E.99051
G1 X114.76 Y110.603 E.99683
G1 X114.917 Y110.808 E1.00212
G1 X115.08 Y111.069 E1.00842
G1 X115.201 Y111.314 E1.01402
G1 X115.306 Y111.588 E1.02003
G1 X115.386 Y111.887 E1.02637
G1 X115.434 Y112.191 E1.03267
G1 X115.45 Y112.449 E1.03796
G1 X115.439 Y112.756 E1.04425
G1 X115.345 Y113.279 E1.05513
G1 X115.254 Y113.557 E1.06112
G1 X115.129 Y113.839 E1.06744
G1 X114.974 Y114.106 E1.07376
G1 X114.815 Y114.329 E1.07937
G1 X114.622 Y114.549 E1.08536
G1 X114.397 Y114.76 E1.09168
G1 X114.192 Y114.917 E1.09697
G1 X113.931 Y115.08 E1.10327
G1 X113.686 Y115.201 E1.10887
G1 X113.412 Y115.306 E1.11488
G1 X113.114 Y115.386 E1.1212
G1 X112.859 Y115.428 E1.12649
G1 X112.551 Y115.45 E1.13281
G1 X112.243 Y115.439 E1.13912
G1 X111.937 Y115.396 E1.14545
G1 X111.638 Y115.321 E1.15176
G1 X111.394 Y115.235 E1.15706
G1 X111.116 Y115.105 E1.16334
G1 X110.671 Y114.815 E1.17422
G1 X110.451 Y114.622 E1.18021
G1 X110.24 Y114.397 E1.18653
G1 X110.083 Y114.192 E1.19182
G1 X109.92 Y113.931 E1.19812
G1 X109.805 Y113.699 E1.20342
G1 X109.694 Y113.412 E1.20972
G1 X109.614 Y113.114 E1.21604
G1 X109.572 Y112.859 E1.22133
G1 X109.55 Y112.551 E1.22765
G1 X109.559 Y112.291 E1.23298
G1 X109.62 Y111.896 F7800
G1 E-.76702 F2400
G92 E0
G1 Z5.01 F7800
G1 X109.642 Y114.83
G1 Z4.61
G1 E2 F2400
;TYPE:Perimeter
G1 F1200
G1 X109.441 Y114.563 E2.00684
G1 X109.241 Y114.23 E2.01479
G1 X109.101 Y113.934 E2.02149
G1 X108.972 Y113.579 E2.02922
G1 X108.878 Y113.201 E2.0372
G1 X108.831 Y112.888 E2.04368
G1 X108.811 Y112.498 E2.05168
G1 X108.826 Y112.17 E2.0584
G1 X108.878 Y111.796 E2.06613
G1 X108.972 Y111.421 E2.07405
G1 X109.105 Y111.056 E2.082
G1 X109.241 Y110.771 E2.08847
G1 X109.442 Y110.437 E2.09645
G1 X109.676 Y110.126 E2.10442
G1 X109.889 Y109.893 E2.11088
G1 X110.18 Y109.631 E2.1189
G1 X110.444 Y109.437 E2.12561
G1 X110.768 Y109.243 E2.13334
G1 X111.121 Y109.078 E2.14132
G1 X111.419 Y108.973 E2.14779
G1 X111.796 Y108.879 E2.15575
G1 X112.181 Y108.824 E2.16371
G1 X112.509 Y108.811 E2.17043
G1 X112.885 Y108.831 E2.17814
G1 X113.27 Y108.892 E2.18612
G1 X113.576 Y108.971 E2.19259
G1 X113.944 Y109.105 E2.20061
G1 X114.229 Y109.241 E2.20708
G1 X114.563 Y109.442 E2.21506
G1 X114.874 Y109.676 E2.22303
G1 X115.108 Y109.891 E2.22954
G1 X115.332 Y110.135 E2.23632
G1 X115.558 Y110.437 E2.24404
G1 X115.759 Y110.77 E2.252
G1 X115.899 Y111.066 E2.2587
G1 X116.028 Y111.421 E2.26643
G1 X116.121 Y111.796 E2.27434
G1 X116.176 Y112.181 E2.2823
G1 X116.19 Y112.5 E2.28884
G1 X116.176 Y112.819 E2.29538
G1 X116.121 Y113.204 E2.30334
G1 X116.028 Y113.579 E2.31125
G1 X115.895 Y113.944 E2.3192
G1 X115.759 Y114.23 E2.32568
G1 X115.557 Y114.565 E2.33369
G1 X115.369 Y114.82 E2.34018
G1 X115.107 Y115.111 E2.3482
G1 X114.874 Y115.324 E2.35466
G1 X114.563 Y115.559 E2.36264
G1 X114.23 Y115.759 E2.37059
G1 X113.934 Y115.899 E2.37729
G1 X113.579 Y116.028 E2.38502
G1 X113.201 Y116.122 E2.393
G1 X112.888 Y116.169 E2.39948
G1 X112.497 Y116.189 E2.4075
G1 X112.181 Y116.176 E2.41398
G1 X111.796 Y116.121 E2.42194
G1 X111.421 Y116.028 E2.42985
G1 X111.056 Y115.895 E2.4378
G1 X110.77 Y115.759 E2.44428
G1 X110.437 Y115.559 E2.45223
G1 X110.126 Y115.324 E2.46021
G1 X109.891 Y115.109 E2.46673
G1 X109.679 Y114.877 E2.47317
G1 X109.679 Y114.877 F7800
G1 X109.439 Y114.983
G1 F1200
G1 X109.23 Y114.706 E2.48028
G1 X109.016 Y114.351 E2.48877
G1 X108.865 Y114.032 E2.496
G1 X108.728 Y113.654 E2.50423
G1 X108.628 Y113.251 E2.51273
G1 X108.577 Y112.914 E2.51971
G1 X108.555 Y112.499 E2.52822
G1 X108.571 Y112.146 E2.53546
G1 X108.628 Y111.748 E2.54369
G1 X108.728 Y111.347 E2.55215
G1 X108.87 Y110.957 E2.56065
G1 X109.016 Y110.65 E2.56761
G1 X109.23 Y110.294 E2.57612
G1 X109.479 Y109.963 E2.5846
G1 X109.709 Y109.712 E2.59157
G1 X110.019 Y109.434 E2.6001
G1 X110.303 Y109.224 E2.60733
G1 X110.648 Y109.017 E2.61557
G1 X111.024 Y108.842 E2.62406
G1 X111.345 Y108.728 E2.63104
G1 X111.747 Y108.628 E2.63952
G1 X112.158 Y108.57 E2.64802
G1 X112.51 Y108.555 E2.65523
G1 X112.912 Y108.577 E2.66347
G1 X113.322 Y108.642 E2.67197
G1 X113.652 Y108.727 E2.67895
G1 X114.043 Y108.87 E2.68748
G1 X114.35 Y109.016 E2.69444
G1 X114.706 Y109.23 E2.70295
G1 X115.037 Y109.479 E2.71143
G1 X115.289 Y109.71 E2.71843
G1 X115.528 Y109.972 E2.72569
G1 X115.77 Y110.294 E2.73394
G1 X115.984 Y110.649 E2.74243
G1 X116.135 Y110.968 E2.74966
G1 X116.272 Y111.347 E2.75791
G1 X116.372 Y111.747 E2.76635
G1 X116.43 Y112.158 E2.77485
G1 X116.445 Y112.5 E2.78186
G1 X116.43 Y112.842 E2.78887
G1 X116.372 Y113.253 E2.79737
G1 X116.272 Y113.653 E2.80581
G1 X116.13 Y114.043 E2.81431
G1 X115.984 Y114.35 E2.82127
G1 X115.769 Y114.707 E2.8298
G1 X115.567 Y114.981 E2.83677
G1 X115.288 Y115.29 E2.8453
G1 X115.037 Y115.521 E2.85229
G1 X114.706 Y115.77 E2.86077
G1 X114.351 Y115.984 E2.86926
G1 X114.032 Y116.135 E2.87649
G1 X113.653 Y116.272 E2.88474
G1 X113.251 Y116.372 E2.89322
G1 X112.914 Y116.423 E2.9002
G1 X112.498 Y116.445 E2.90873
G1 X112.158 Y116.43 E2.9157
G1 X111.747 Y116.372 E2.9242
G1 X111.347 Y116.272 E2.93264
G1 X110.957 Y116.13 E2.94114
G1 X110.65 Y115.984 E2.9481
G1 X110.294 Y115.77 E2.95661
G1 X109.963 Y115.521 E2.96509
G1 X109.711 Y115.289 E2.9721
G1 X109.479 Y115.037 E2.97911
G1 X109.475 Y115.031 E2.97926
G1 X109.235 Y115.137 F7800
;TYPE:External perimeter
G1 F1200
G1 X109.018 Y114.849 E2.98664
G1 X108.792 Y114.471 E2.99566
G1 X108.63 Y114.13 E3.00339
G1 X108.484 Y113.728 E3.01215
G1 X108.377 Y113.301 E3.02116
G1 X108.323 Y112.94 E3.02863
G1 X108.3 Y112.499 E3.03767
G1 X108.317 Y112.122 E3.0454
G1 X108.377 Y111.699 E3.05415
G1 X108.484 Y111.272 E3.06316
G1 X108.634 Y110.858 E3.07218
G1 X108.791 Y110.529 E3.07964
G1 X109.018 Y110.151 E3.08867
G1 X109.283 Y109.8 E3.09768
G1 X109.53 Y109.531 E3.10516
G1 X109.857 Y109.236 E3.11418
G1 X110.161 Y109.012 E3.12191
G1 X110.528 Y108.792 E3.13067
G1 X110.927 Y108.606 E3.13968
G1 X111.271 Y108.484 E3.14715
G1 X111.699 Y108.377 E3.15618
G1 X112.134 Y108.316 E3.16517
G1 X112.512 Y108.3 E3.17292
G1 X112.939 Y108.323 E3.18168
G1 X113.374 Y108.392 E3.1907
G1 X113.727 Y108.483 E3.19816
G1 X114.142 Y108.634 E3.2072
G1 X114.471 Y108.791 E3.21466
G1 X114.849 Y109.018 E3.22369
G1 X115.2 Y109.283 E3.2327
G1 X115.47 Y109.53 E3.24019
G1 X115.725 Y109.809 E3.24793
G1 X115.982 Y110.151 E3.25669
G1 X116.208 Y110.529 E3.26571
G1 X116.37 Y110.87 E3.27344
G1 X116.516 Y111.272 E3.2822
G1 X116.623 Y111.699 E3.29121
G1 X116.684 Y112.135 E3.30022
G1 X116.7 Y112.5 E3.3077
G1 X116.684 Y112.865 E3.31518
G1 X116.623 Y113.301 E3.32419
G1 X116.516 Y113.728 E3.3332
G1 X116.366 Y114.142 E3.34222
G1 X116.209 Y114.471 E3.34968
G1 X115.981 Y114.849 E3.35872
G1 X115.764 Y115.143 E3.3662
G1 X115.469 Y115.47 E3.37522
G1 X115.2 Y115.717 E3.3827
G1 X114.849 Y115.982 E3.39171
G1 X114.471 Y116.208 E3.40073
G1 X114.13 Y116.37 E3.40846
G1 X113.728 Y116.516 E3.41722
G1 X113.301 Y116.623 E3.42623
G1 X112.94 Y116.677 E3.4337
G1 X112.499 Y116.7 E3.44274
G1 X112.135 Y116.684 E3.4502
G1 X111.699 Y116.623 E3.45921
G1 X111.272 Y116.516 E3.46822
G1 X110.858 Y116.366 E3.47724
G1 X110.529 Y116.209 E3.4847
G1 X110.152 Y115.982 E3.49371
G1 X109.8 Y115.717 E3.50273
G1 X109.53 Y115.47 E3.51022
G1 X109.283 Y115.2 E3.51771
G1 X109.271 Y115.184 E3.51812
G1 X109.034 Y114.863 F7800
;LAYER_CHANGE
;Z:4.82
;HEIGHT:0.21
G1 Z4.82 F7800
G1 E1.51812 F2400
G92 E0
G1 Z5.22 F7800
G1 X109.052 Y112.224
G1 Z4.82
G1 E2 F2400
G92 E0
;TYPE:Perimeter
G1 F1200
G1 X109.052 Y112.201 E.00047
G1 X109.092 Y111.896 E.00677
G1 X109.173 Y111.548 E.01409
G1 X109.275 Y111.244 E.02066
G1 X109.417 Y110.928 E.02775
G1 X109.598 Y110.615 E.03515
G1 X109.809 Y110.324 E.04251
G1 X110.013 Y110.094 E.04881
G1 X110.275 Y109.849 E.05616
G1 X110.563 Y109.632 E.06354
G1 X110.837 Y109.465 E.07011
G1 X111.148 Y109.314 E.07719
G1 X111.485 Y109.191 E.08454
G1 X111.783 Y109.114 E.09084
G1 X112.136 Y109.059 E.09816
G1 X112.457 Y109.04 E.10474
G1 X112.802 Y109.052 E.11181
G1 X113.16 Y109.103 E.11921
G1 X113.509 Y109.19 E.12658
G1 X113.799 Y109.292 E.13287
G1 X114.122 Y109.443 E.14017
G1 X114.387 Y109.599 E.14647
G1 X114.676 Y109.809 E.15379
G1 X114.906 Y110.013 E.16009
G1 X115.151 Y110.275 E.16744
G1 X115.368 Y110.563 E.17482
G1 X115.535 Y110.837 E.18139
G1 X115.686 Y111.148 E.18847
G1 X115.809 Y111.485 E.19582
G1 X115.885 Y111.781 E.20208
G1 X115.935 Y112.081 E.20831
G1 X115.96 Y112.44 E.21568
G1 X115.948 Y112.799 E.22304
G1 X115.908 Y113.101 E.22928
G1 X115.842 Y113.398 E.23551
G1 X115.731 Y113.74 E.24287
G1 X115.585 Y114.069 E.25024
G1 X115.433 Y114.336 E.25653
G1 X115.227 Y114.631 E.2639
G1 X114.991 Y114.902 E.27126
G1 X114.758 Y115.123 E.27784
G1 X114.484 Y115.335 E.28493
G1 X114.178 Y115.527 E.29233
G1 X113.852 Y115.686 E.29976
G1 X113.515 Y115.809 E.30711
G1 X113.219 Y115.885 E.31337
G1 X112.919 Y115.935 E.3196
G1 X112.56 Y115.96 E.32697
G1 X112.201 Y115.948 E.33433
G1 X111.896 Y115.908 E.34063
G1 X111.548 Y115.827 E.34795
G1 X111.244 Y115.725 E.35452
G1 X110.928 Y115.583 E.36161
G1 X110.615 Y115.402 E.36901
G1 X110.324 Y115.191 E.37637
G1 X110.096 Y114.989 E.38261
G1 X109.877 Y114.758 E.38913
G1 X109.665 Y114.484 E.39622
G1 X109.473 Y114.178 E.40362
G1 X109.314 Y113.852 E.41105
G1 X109.191 Y113.515 E.4184
G1 X109.115 Y113.219 E.42466
G1 X109.065 Y112.919 E.43089
G1 X109.04 Y112.56 E.43826
G1 X109.049 Y112.284 E.44391
G1 X109.049 Y112.284 F7800
G1 X109.306 Y112.234
G1 F1200
G1 X109.307 Y112.222 E.44416
G1 X109.344 Y111.942 E.44994
G1 X109.418 Y111.618 E.45675
G1 X109.513 Y111.337 E.46282
G1 X109.644 Y111.044 E.46939
G1 X109.812 Y110.754 E.47625
G1 X110.008 Y110.484 E.48308
G1 X110.195 Y110.272 E.48887
G1 X110.44 Y110.044 E.49572
G1 X110.707 Y109.843 E.50256
G1 X110.959 Y109.689 E.50861
G1 X111.248 Y109.549 E.51519
G1 X111.561 Y109.435 E.52201
G1 X111.835 Y109.364 E.52781
G1 X112.164 Y109.312 E.53463
G1 X112.459 Y109.295 E.54068
G1 X112.78 Y109.307 E.54726
G1 X113.112 Y109.353 E.55412
G1 X113.435 Y109.434 E.56094
G1 X113.702 Y109.529 E.56674
G1 X114.003 Y109.669 E.57354
G1 X114.247 Y109.813 E.57934
G1 X114.516 Y110.008 E.58614
G1 X114.728 Y110.195 E.59193
G1 X114.956 Y110.44 E.59878
G1 X115.157 Y110.707 E.60562
G1 X115.311 Y110.959 E.61167
G1 X115.451 Y111.248 E.61825
G1 X115.565 Y111.561 E.62507
G1 X115.682 Y112.111 E.63658
G1 X115.705 Y112.444 E.64342
G1 X115.693 Y112.778 E.65026
G1 X115.596 Y113.331 E.66176
G1 X115.493 Y113.649 E.6686
G1 X115.357 Y113.954 E.67544
G1 X115.217 Y114.2 E.68124
G1 X115.026 Y114.473 E.68806
G1 X114.807 Y114.726 E.69491
G1 X114.591 Y114.929 E.70098
G1 X114.338 Y115.126 E.70755
G1 X114.054 Y115.304 E.71441
G1 X113.752 Y115.451 E.72129
G1 X113.439 Y115.565 E.72811
G1 X112.889 Y115.682 E.73962
G1 X112.556 Y115.705 E.74646
G1 X112.222 Y115.693 E.7533
G1 X111.942 Y115.656 E.75908
G1 X111.618 Y115.582 E.76589
G1 X111.337 Y115.487 E.77196
G1 X111.044 Y115.356 E.77853
G1 X110.754 Y115.188 E.78539
G1 X110.484 Y114.992 E.79222
G1 X110.273 Y114.805 E.79799
G1 X110.071 Y114.591 E.80402
G1 X109.874 Y114.338 E.81059
G1 X109.696 Y114.054 E.81745
G1 X109.549 Y113.752 E.82433
G1 X109.435 Y113.439 E.83115
G1 X109.318 Y112.889 E.84266
G1 X109.295 Y112.556 E.8495
G1 X109.304 Y112.294 E.85487
G1 X109.304 Y112.294 F7800
G1 X109.563 Y112.231
;TYPE:External perimeter
G1 F1200
G1 X109.595 Y111.987 E.85991
G1 X109.664 Y111.687 E.86621
G1 X109.751 Y111.43 E.87177
G1 X109.871 Y111.161 E.8778
G1 X110.026 Y110.893 E.88414
G1 X110.207 Y110.644 E.89044
G1 X110.378 Y110.45 E.89574
G1 X110.604 Y110.24 E.90206
G1 X110.85 Y110.054 E.90838
G1 X111.082 Y109.913 E.91394
G1 X111.347 Y109.784 E.91998
G1 X111.637 Y109.679 E.9263
G1 X111.887 Y109.614 E.93159
G1 X112.191 Y109.566 E.93789
G1 X112.462 Y109.55 E.94345
G1 X112.757 Y109.561 E.94949
G1 X113.063 Y109.604 E.95582
G1 X113.362 Y109.679 E.96213
G1 X113.606 Y109.765 E.96743
G1 X113.884 Y109.895 E.97371
G1 X114.107 Y110.026 E.97901
G1 X114.356 Y110.207 E.98531
G1 X114.55 Y110.378 E.99061
G1 X114.76 Y110.604 E.99693
G1 X114.946 Y110.85 E1.00325
G1 X115.087 Y111.082 E1.00881
G1 X115.216 Y111.347 E1.01485
G1 X115.321 Y111.637 E1.02117
G1 X115.428 Y112.141 E1.03172
G1 X115.45 Y112.449 E1.03804
G1 X115.439 Y112.756 E1.04433
G1 X115.349 Y113.264 E1.05489
G1 X115.254 Y113.557 E1.0612
G1 X115.129 Y113.839 E1.06752
G1 X115.002 Y114.064 E1.07281
G1 X114.825 Y114.316 E1.07912
G1 X114.623 Y114.549 E1.08543
G1 X114.425 Y114.735 E1.09099
G1 X114.192 Y114.917 E1.09704
G1 X113.93 Y115.08 E1.10336
G1 X113.653 Y115.216 E1.10968
G1 X113.363 Y115.321 E1.116
G1 X112.859 Y115.428 E1.12655
G1 X112.551 Y115.45 E1.13287
G1 X112.244 Y115.439 E1.13916
G1 X111.987 Y115.405 E1.14447
G1 X111.687 Y115.336 E1.15077
G1 X111.43 Y115.249 E1.15633
G1 X111.161 Y115.129 E1.16236
G1 X110.893 Y114.974 E1.1687
G1 X110.644 Y114.793 E1.175
G1 X110.265 Y114.425 E1.18582
G1 X110.083 Y114.192 E1.19187
G1 X109.92 Y113.93 E1.19819
G1 X109.784 Y113.653 E1.20451
G1 X109.679 Y113.363 E1.21083
G1 X109.572 Y112.859 E1.22138
G1 X109.55 Y112.551 E1.2277
G1 X109.559 Y112.291 E1.23303
G1 X109.62 Y111.896 F7800
G1 E-.76697 F2400
G92 E0
G1 Z5.22 F7800
G1 X109.631 Y114.82
G1 Z4.82
G1 E2 F2400
;TYPE:Perimeter
G1 F1200
G1 X109.441 Y114.563 E2.00654
G1 X109.275 Y114.291 E2.01307
G1 X109.103 Y113.939 E2.02109
G1 X108.992 Y113.643 E2.02756
G1 X108.891 Y113.267 E2.03553
G1 X108.831 Y112.886 E2.04343
G1 X108.811 Y112.497 E2.05141
G1 X108.825 Y112.175 E2.05801
G1 X108.878 Y111.796 E2.06585
G1 X108.973 Y111.419 E2.07381
G1 X109.081 Y111.114 E2.08044
G1 X109.242 Y110.768 E2.08825
G1 X109.443 Y110.435 E2.09621
G1 X109.631 Y110.18 E2.1027
G1 X109.891 Y109.891 E2.11066
G1 X110.18 Y109.631 E2.11862
G1 X110.435 Y109.443 E2.12511
G1 X110.768 Y109.243 E2.13306
G1 X111.121 Y109.078 E2.14104
G1 X111.419 Y108.973 E2.14751
G1 X111.796 Y108.879 E2.15547
G1 X112.181 Y108.824 E2.16343
G1 X112.504 Y108.811 E2.17005
G1 X112.885 Y108.831 E2.17786
G1 X113.27 Y108.892 E2.18584
G1 X113.576 Y108.971 E2.19231
G1 X113.944 Y109.105 E2.20033
G1 X114.23 Y109.241 E2.20681
G1 X114.565 Y109.443 E2.21482
G1 X114.82 Y109.631 E2.22131
G1 X115.109 Y109.891 E2.22927
G1 X115.369 Y110.18 E2.23723
G1 X115.557 Y110.435 E2.24372
G1 X115.759 Y110.77 E2.25173
G1 X115.896 Y111.058 E2.25826
G1 X116.008 Y111.357 E2.2648
G1 X116.109 Y111.733 E2.27277
G1 X116.169 Y112.114 E2.28067
G1 X116.189 Y112.503 E2.28865
G1 X116.176 Y112.819 E2.29513
G1 X116.121 Y113.204 E2.30309
G1 X116.027 Y113.581 E2.31105
G1 X115.919 Y113.886 E2.31768
G1 X115.758 Y114.232 E2.32549
G1 X115.557 Y114.565 E2.33345
G1 X115.369 Y114.82 E2.33994
G1 X115.109 Y115.109 E2.3479
G1 X114.82 Y115.369 E2.35586
G1 X114.563 Y115.559 E2.3624
G1 X114.291 Y115.725 E2.36893
G1 X113.939 Y115.897 E2.37695
G1 X113.643 Y116.008 E2.38342
G1 X113.267 Y116.109 E2.39139
G1 X112.886 Y116.169 E2.39929
G1 X112.497 Y116.189 E2.40727
G1 X112.181 Y116.176 E2.41375
G1 X111.793 Y116.121 E2.42177
G1 X111.486 Y116.047 E2.42824
G1 X111.118 Y115.921 E2.43621
G1 X110.765 Y115.756 E2.44419
G1 X110.493 Y115.596 E2.45065
G1 X110.178 Y115.367 E2.45862
G1 X109.891 Y115.109 E2.46652
G1 X109.671 Y114.864 E2.47326
G1 X109.671 Y114.864 F7800
G1 X109.438 Y114.986
G1 F1200
G1 X109.433 Y114.981 E2.4734
G1 X109.23 Y114.706 E2.4804
G1 X109.051 Y114.414 E2.48741
G1 X108.868 Y114.04 E2.49594
G1 X108.749 Y113.721 E2.50291
G1 X108.642 Y113.32 E2.51141
G1 X108.577 Y112.912 E2.51987
G1 X108.555 Y112.498 E2.52836
G1 X108.571 Y112.151 E2.53547
G1 X108.628 Y111.748 E2.5438
G1 X108.728 Y111.345 E2.5523
G1 X108.845 Y111.018 E2.55941
G1 X109.017 Y110.648 E2.56777
G1 X109.231 Y110.293 E2.57626
G1 X109.433 Y110.019 E2.58323
G1 X109.711 Y109.711 E2.59173
G1 X110.019 Y109.433 E2.60023
G1 X110.293 Y109.231 E2.6072
G1 X110.648 Y109.017 E2.61569
G1 X111.024 Y108.842 E2.62418
G1 X111.345 Y108.728 E2.63116
G1 X111.747 Y108.628 E2.63964
G1 X112.158 Y108.57 E2.64814
G1 X112.505 Y108.555 E2.65525
G1 X112.912 Y108.577 E2.6636
G1 X113.322 Y108.642 E2.6721
G1 X113.652 Y108.727 E2.67908
G1 X114.043 Y108.87 E2.68761
G1 X114.35 Y109.016 E2.69457
G1 X114.707 Y109.231 E2.7031
G1 X114.981 Y109.433 E2.71007
G1 X115.289 Y109.711 E2.71857
G1 X115.567 Y110.019 E2.72707
G1 X115.769 Y110.293 E2.73404
G1 X115.984 Y110.65 E2.74257
G1 X116.131 Y110.959 E2.74958
G1 X116.251 Y111.279 E2.75658
G1 X116.358 Y111.68 E2.76508
G1 X116.423 Y112.088 E2.77354
G1 X116.445 Y112.502 E2.78203
G1 X116.43 Y112.842 E2.789
G1 X116.372 Y113.253 E2.7975
G1 X116.272 Y113.655 E2.80598
G1 X116.155 Y113.982 E2.81309
G1 X115.983 Y114.352 E2.82145
G1 X115.769 Y114.707 E2.82994
G1 X115.567 Y114.981 E2.83691
G1 X115.289 Y115.289 E2.84541
G1 X114.981 Y115.567 E2.85391
G1 X114.706 Y115.77 E2.86091
G1 X114.414 Y115.949 E2.86792
G1 X114.04 Y116.132 E2.87645
G1 X113.721 Y116.251 E2.88342
G1 X113.32 Y116.358 E2.89192
G1 X112.912 Y116.423 E2.90038
G1 X112.498 Y116.445 E2.90887
G1 X112.158 Y116.43 E2.91584
G1 X111.746 Y116.372 E2.92436
G1 X111.414 Y116.292 E2.93135
G1 X111.022 Y116.157 E2.93984
G1 X110.647 Y115.982 E2.94831
G1 X110.353 Y115.809 E2.9553
G1 X110.018 Y115.565 E2.96379
G1 X109.711 Y115.289 E2.97224
G1 X109.478 Y115.03 E2.97937
G1 X109.478 Y115.03 F7800
G1 X109.248 Y115.156
;TYPE:External perimeter
G1 F1200
G1 X109.236 Y115.143 E2.97973
G1 X109.018 Y114.849 E2.98722
G1 X108.827 Y114.537 E2.99471
G1 X108.634 Y114.14 E3.00375
G1 X108.506 Y113.798 E3.01123
G1 X108.392 Y113.373 E3.02024
G1 X108.323 Y112.939 E3.02924
G1 X108.3 Y112.499 E3.03826
G1 X108.317 Y112.128 E3.04586
G1 X108.377 Y111.699 E3.05473
G1 X108.484 Y111.272 E3.06374
G1 X108.608 Y110.921 E3.07136
G1 X108.792 Y110.528 E3.08025
G1 X109.019 Y110.151 E3.08926
G1 X109.236 Y109.857 E3.09674
G1 X109.53 Y109.53 E3.10574
G1 X109.857 Y109.236 E3.11474
G1 X110.151 Y109.019 E3.12222
G1 X110.528 Y108.792 E3.13123
G1 X110.927 Y108.606 E3.14024
G1 X111.271 Y108.484 E3.14771
G1 X111.699 Y108.377 E3.15674
G1 X112.135 Y108.316 E3.16575
G1 X112.506 Y108.3 E3.17335
G1 X112.939 Y108.323 E3.18223
G1 X113.374 Y108.392 E3.19125
G1 X113.727 Y108.483 E3.19871
G1 X114.142 Y108.634 E3.20775
G1 X114.471 Y108.791 E3.21521
G1 X114.849 Y109.019 E3.22425
G1 X115.143 Y109.236 E3.23173
G1 X115.47 Y109.53 E3.24073
G1 X115.764 Y109.857 E3.24973
G1 X115.981 Y110.151 E3.25721
G1 X116.209 Y110.529 E3.26625
G1 X116.366 Y110.859 E3.27373
G1 X116.494 Y111.202 E3.28123
G1 X116.608 Y111.627 E3.29024
G1 X116.677 Y112.061 E3.29924
G1 X116.7 Y112.501 E3.30826
G1 X116.684 Y112.865 E3.31572
G1 X116.623 Y113.301 E3.32473
G1 X116.516 Y113.728 E3.33374
G1 X116.392 Y114.079 E3.34136
G1 X116.208 Y114.472 E3.35025
G1 X115.981 Y114.849 E3.35926
G1 X115.764 Y115.143 E3.36674
G1 X115.47 Y115.47 E3.37574
G1 X115.143 Y115.764 E3.38474
G1 X114.849 Y115.982 E3.39223
G1 X114.537 Y116.173 E3.39972
G1 X114.14 Y116.366 E3.40876
G1 X113.798 Y116.494 E3.41624
G1 X113.373 Y116.608 E3.42525
G1 X112.939 Y116.677 E3.43425
G1 X112.499 Y116.7 E3.44327
G1 X112.135 Y116.684 E3.45073
G1 X111.698 Y116.623 E3.45977
G1 X111.343 Y116.537 E3.46725
G1 X110.927 Y116.394 E3.47626
G1 X110.528 Y116.208 E3.48527
G1 X110.213 Y116.023 E3.49275
G1 X109.857 Y115.764 E3.50176
G1 X109.53 Y115.47 E3.51076
G1 X109.288 Y115.201 E3.51817
G1 X109.046 Y114.883 F7800
;LAYER_CHANGE
;Z:5.03
;HEIGHT:0.21
G1 Z5.03 F7800
G1 E1.51817 F2400
G92 E0
G1 Z5.43 F7800
G1 X109.052 Y112.224
G1 Z5.03
G1 E2 F2400
G92 E0
;TYPE:Perimeter
G1 F1200
G1 X109.052 Y112.201 E.00047
G1 X109.095 Y111.885 E.007
G1 X109.173 Y111.546 E.01412
G1 X109.291 Y111.204 E.02153
G1 X109.443 Y110.878 E.0289
G1 X109.598 Y110.615 E.03515
G1 X109.775 Y110.367 E.04139
G1 X110.011 Y110.096 E.04875
G1 X110.275 Y109.849 E.05615
G1 X110.565 Y109.631 E.06358
G1 X110.873 Y109.446 E.07094
G1 X111.15 Y109.313 E.07723
G1 X111.485 Y109.191 E.08453
G1 X111.783 Y109.114 E.09083
G1 X112.136 Y109.059 E.09815
G1 X112.454 Y109.04 E.10467
G1 X112.802 Y109.052 E.1118
G1 X113.157 Y109.102 E.11914
G1 X113.457 Y109.174 E.12546
G1 X113.796 Y109.291 E.1328
G1 X114.122 Y109.443 E.14017
G1 X114.385 Y109.598 E.14642
G1 X114.633 Y109.775 E.15266
G1 X114.904 Y110.011 E.16002
G1 X115.151 Y110.275 E.16742
G1 X115.369 Y110.565 E.17485
G1 X115.554 Y110.873 E.18221
G1 X115.686 Y111.149 E.18847
G1 X115.796 Y111.445 E.19494
G1 X115.884 Y111.778 E.20199
G1 X115.935 Y112.081 E.20828
G1 X115.96 Y112.44 E.21565
G1 X115.948 Y112.799 E.22301
G1 X115.905 Y113.115 E.22954
G1 X115.827 Y113.454 E.23666
G1 X115.709 Y113.796 E.24407
G1 X115.557 Y114.122 E.25144
G1 X115.402 Y114.385 E.25769
G1 X115.225 Y114.633 E.26393
G1 X114.989 Y114.904 E.27129
G1 X114.725 Y115.151 E.27869
G1 X114.435 Y115.369 E.28612
G1 X114.127 Y115.554 E.29348
G1 X113.85 Y115.687 E.29977
G1 X113.515 Y115.809 E.30707
G1 X113.22 Y115.885 E.31331
G1 X112.919 Y115.935 E.31956
G1 X112.56 Y115.96 E.32693
G1 X112.201 Y115.948 E.33429
G1 X111.896 Y115.908 E.34059
G1 X111.548 Y115.827 E.34791
G1 X111.246 Y115.725 E.35444
G1 X110.928 Y115.583 E.36157
G1 X110.615 Y115.402 E.36897
G1 X110.324 Y115.191 E.37633
G1 X110.094 Y114.987 E.38263
G1 X109.849 Y114.725 E.38998
G1 X109.631 Y114.435 E.39741
G1 X109.446 Y114.127 E.40477
G1 X109.313 Y113.85 E.41106
G1 X109.191 Y113.515 E.41836
G1 X109.115 Y113.219 E.42462
G1 X109.063 Y112.907 E.4311
G1 X109.04 Y112.56 E.43822
G1 X109.049 Y112.284 E.44387
G1 X109.049 Y112.284 F7800
G1 X109.306 Y112.233
G1 F1200
G1 X109.307 Y112.222 E.4441
G1 X109.346 Y111.931 E.45011
G1 X109.419 Y111.616 E.45673
G1 X109.528 Y111.299 E.46359
G1 X109.669 Y110.997 E.47041
G1 X109.975 Y110.525 E.48193
G1 X110.194 Y110.273 E.48877
G1 X110.44 Y110.044 E.49565
G1 X110.708 Y109.843 E.50251
G1 X110.994 Y109.671 E.50934
G1 X111.249 Y109.549 E.51513
G1 X111.561 Y109.435 E.52193
G1 X111.835 Y109.364 E.52773
G1 X112.164 Y109.312 E.53455
G1 X112.457 Y109.295 E.54056
G1 X112.78 Y109.307 E.54718
G1 X113.11 Y109.353 E.554
G1 X113.385 Y109.419 E.55979
G1 X113.701 Y109.528 E.56663
G1 X114.003 Y109.669 E.57345
G1 X114.475 Y109.975 E.58497
G1 X114.727 Y110.194 E.59181
G1 X114.956 Y110.44 E.59869
G1 X115.157 Y110.708 E.60555
G1 X115.329 Y110.994 E.61238
G1 X115.451 Y111.248 E.61815
G1 X115.552 Y111.522 E.62413
G1 X115.635 Y111.832 E.6307
G1 X115.682 Y112.111 E.63649
G1 X115.705 Y112.444 E.64333
G1 X115.693 Y112.778 E.65017
G1 X115.654 Y113.069 E.65618
G1 X115.581 Y113.384 E.6628
G1 X115.472 Y113.701 E.66966
G1 X115.331 Y114.003 E.67648
G1 X115.025 Y114.475 E.688
G1 X114.806 Y114.727 E.69484
G1 X114.56 Y114.956 E.70172
G1 X114.292 Y115.157 E.70858
G1 X114.006 Y115.329 E.71541
G1 X113.751 Y115.451 E.7212
G1 X113.439 Y115.565 E.728
G1 X112.889 Y115.682 E.73951
G1 X112.556 Y115.705 E.74635
G1 X112.222 Y115.693 E.75319
G1 X111.942 Y115.656 E.75897
G1 X111.618 Y115.582 E.76578
G1 X111.339 Y115.488 E.77181
G1 X111.044 Y115.356 E.77843
G1 X110.754 Y115.188 E.78529
G1 X110.484 Y114.992 E.79212
G1 X110.272 Y114.805 E.79791
G1 X110.044 Y114.56 E.80476
G1 X109.843 Y114.292 E.81162
G1 X109.671 Y114.006 E.81845
G1 X109.549 Y113.751 E.82424
G1 X109.435 Y113.439 E.83104
G1 X109.365 Y113.166 E.83681
G1 X109.317 Y112.878 E.84279
G1 X109.295 Y112.556 E.8494
G1 X109.304 Y112.293 E.85479
G1 X109.304 Y112.293 F7800
G1 X109.563 Y112.231
;TYPE:External perimeter
G1 F1200
G1 X109.597 Y111.976 E.86006
G1 X109.664 Y111.687 E.86613
G1 X109.765 Y111.395 E.87246
G1 X109.895 Y111.116 E.87876
G1 X110.176 Y110.683 E.88933
G1 X110.378 Y110.451 E.89563
G1 X110.604 Y110.24 E.90196
G1 X110.85 Y110.054 E.90828
G1 X111.114 Y109.895 E.91459
G1 X111.348 Y109.784 E.91989
G1 X111.637 Y109.679 E.92619
G1 X111.887 Y109.614 E.93148
G1 X112.191 Y109.566 E.93778
G1 X112.46 Y109.55 E.9433
G1 X112.757 Y109.561 E.94939
G1 X113.062 Y109.604 E.9557
G1 X113.314 Y109.664 E.961
G1 X113.605 Y109.765 E.96731
G1 X113.884 Y109.895 E.97361
G1 X114.317 Y110.176 E.98418
G1 X114.549 Y110.378 E.99048
G1 X114.76 Y110.604 E.99681
G1 X114.946 Y110.85 E1.00313
G1 X115.105 Y111.114 E1.00944
G1 X115.309 Y111.599 E1.02021
G1 X115.386 Y111.886 E1.02629
G1 X115.428 Y112.141 E1.03158
G1 X115.45 Y112.449 E1.0379
G1 X115.439 Y112.757 E1.04421
G1 X115.403 Y113.024 E1.04973
G1 X115.336 Y113.313 E1.0558
G1 X115.235 Y113.605 E1.06213
G1 X115.105 Y113.884 E1.06843
G1 X114.824 Y114.317 E1.079
G1 X114.622 Y114.549 E1.0853
G1 X114.396 Y114.76 E1.09163
G1 X114.15 Y114.946 E1.09795
G1 X113.886 Y115.105 E1.10426
G1 X113.652 Y115.216 E1.10956
G1 X113.363 Y115.321 E1.11586
G1 X112.859 Y115.428 E1.12641
G1 X112.551 Y115.45 E1.13273
G1 X112.244 Y115.439 E1.13902
G1 X111.987 Y115.405 E1.14433
G1 X111.687 Y115.336 E1.15063
G1 X111.432 Y115.25 E1.15614
G1 X111.161 Y115.129 E1.16222
G1 X110.893 Y114.974 E1.16856
G1 X110.644 Y114.793 E1.17486
G1 X110.45 Y114.622 E1.18016
G1 X110.24 Y114.396 E1.18648
G1 X110.054 Y114.15 E1.1928
G1 X109.895 Y113.886 E1.19911
G1 X109.784 Y113.652 E1.20441
G1 X109.679 Y113.363 E1.21071
G1 X109.571 Y112.848 E1.22149
G1 X109.55 Y112.551 E1.22759
G1 X109.559 Y112.291 E1.23292
G1 X109.62 Y111.896 F7800
G1 E-.76708 F2400
G92 E0
G1 Z5.43 F7800
G1 X109.643 Y114.83
G1 Z5.03
G1 E2 F2400
;TYPE:Perimeter
G1 F1200
G1 X109.44 Y114.561 E2.0069
G1 X109.274 Y114.29 E2.01341
G1 X109.103 Y113.939 E2.02141
G1 X108.992 Y113.643 E2.02788
G1 X108.891 Y113.267 E2.03585
G1 X108.831 Y112.886 E2.04375
G1 X108.811 Y112.497 E2.05173
G1 X108.825 Y112.18 E2.05823
G1 X108.879 Y111.796 E2.06617
G1 X108.973 Y111.419 E2.07413
G1 X109.079 Y111.119 E2.08065
G1 X109.243 Y110.768 E2.08858
G1 X109.443 Y110.435 E2.09653
G1 X109.632 Y110.179 E2.10305
G1 X109.891 Y109.891 E2.11098
G1 X110.18 Y109.631 E2.11894
G1 X110.436 Y109.442 E2.12546
G1 X110.768 Y109.243 E2.13339
G1 X111.118 Y109.079 E2.1413
G1 X111.486 Y108.953 E2.14927
G1 X111.793 Y108.879 E2.15574
G1 X112.181 Y108.824 E2.16376
G1 X112.499 Y108.811 E2.17028
G1 X112.886 Y108.831 E2.17822
G1 X113.27 Y108.892 E2.18618
G1 X113.576 Y108.971 E2.19265
G1 X113.944 Y109.105 E2.20067
G1 X114.231 Y109.242 E2.20718
G1 X114.565 Y109.443 E2.21516
G1 X114.82 Y109.631 E2.22165
G1 X115.111 Y109.893 E2.22967
G1 X115.324 Y110.126 E2.23613
G1 X115.559 Y110.437 E2.24411
G1 X115.759 Y110.77 E2.25206
G1 X115.896 Y111.058 E2.25859
G1 X116.008 Y111.357 E2.26513
G1 X116.109 Y111.733 E2.2731
G1 X116.169 Y112.114 E2.281
G1 X116.189 Y112.503 E2.28898
G1 X116.175 Y112.82 E2.29548
G1 X116.121 Y113.204 E2.30342
G1 X116.027 Y113.581 E2.31138
G1 X115.921 Y113.881 E2.3179
G1 X115.757 Y114.232 E2.32583
G1 X115.557 Y114.565 E2.33378
G1 X115.368 Y114.821 E2.3403
G1 X115.107 Y115.111 E2.34829
G1 X114.874 Y115.324 E2.35475
G1 X114.561 Y115.56 E2.36278
G1 X114.291 Y115.725 E2.36926
G1 X113.939 Y115.897 E2.37728
G1 X113.643 Y116.008 E2.38375
G1 X113.267 Y116.109 E2.39172
G1 X112.886 Y116.169 E2.39962
G1 X112.497 Y116.189 E2.4076
G1 X112.18 Y116.175 E2.4141
G1 X111.796 Y116.121 E2.42204
G1 X111.419 Y116.027 E2.43
G1 X111.119 Y115.921 E2.43652
G1 X110.768 Y115.757 E2.44445
G1 X110.435 Y115.557 E2.4524
G1 X110.179 Y115.368 E2.45892
G1 X109.889 Y115.107 E2.46691
G1 X109.679 Y114.878 E2.47327
G1 X109.679 Y114.878 F7800
G1 X109.439 Y114.984
G1 F1200
G1 X109.229 Y114.704 E2.48044
G1 X109.05 Y114.412 E2.48745
G1 X108.868 Y114.04 E2.49593
G1 X108.749 Y113.721 E2.5029
G1 X108.642 Y113.32 E2.5114
G1 X108.577 Y112.912 E2.51986
G1 X108.555 Y112.498 E2.52835
G1 X108.57 Y112.156 E2.53536
G1 X108.628 Y111.747 E2.54382
G1 X108.728 Y111.345 E2.5523
G1 X108.843 Y111.022 E2.55932
G1 X109.017 Y110.648 E2.56777
G1 X109.231 Y110.293 E2.57626
G1 X109.434 Y110.018 E2.58326
G1 X109.711 Y109.711 E2.59173
G1 X110.019 Y109.433 E2.60023
G1 X110.294 Y109.23 E2.60723
G1 X110.648 Y109.017 E2.61569
G1 X111.022 Y108.843 E2.62414
G1 X111.414 Y108.708 E2.63263
G1 X111.746 Y108.628 E2.63962
G1 X112.158 Y108.57 E2.64814
G1 X112.5 Y108.555 E2.65515
G1 X112.912 Y108.577 E2.6636
G1 X113.322 Y108.642 E2.6721
G1 X113.652 Y108.727 E2.67908
G1 X114.043 Y108.87 E2.68761
G1 X114.352 Y109.017 E2.69462
G1 X114.707 Y109.231 E2.70311
G1 X114.981 Y109.433 E2.71008
G1 X115.29 Y109.712 E2.71861
G1 X115.521 Y109.963 E2.7256
G1 X115.77 Y110.294 E2.73408
G1 X115.984 Y110.65 E2.74259
G1 X116.131 Y110.959 E2.7496
G1 X116.251 Y111.279 E2.7566
G1 X116.358 Y111.68 E2.7651
G1 X116.423 Y112.088 E2.77356
G1 X116.445 Y112.502 E2.78205
G1 X116.43 Y112.844 E2.78906
G1 X116.372 Y113.253 E2.79752
G1 X116.272 Y113.655 E2.806
G1 X116.157 Y113.978 E2.81302
G1 X115.983 Y114.352 E2.82147
G1 X115.769 Y114.707 E2.82996
G1 X115.566 Y114.982 E2.83696
G1 X115.288 Y115.29 E2.84546
G1 X115.037 Y115.521 E2.85245
G1 X114.704 Y115.771 E2.86098
G1 X114.414 Y115.949 E2.86795
G1 X114.04 Y116.132 E2.87648
G1 X113.721 Y116.251 E2.88345
G1 X113.32 Y116.358 E2.89195
G1 X112.912 Y116.423 E2.90041
G1 X112.498 Y116.445 E2.9089
G1 X112.156 Y116.43 E2.91591
G1 X111.747 Y116.372 E2.92437
G1 X111.345 Y116.272 E2.93285
G1 X111.022 Y116.157 E2.93987
G1 X110.648 Y115.983 E2.94832
G1 X110.293 Y115.769 E2.95681
G1 X110.018 Y115.566 E2.96381
G1 X109.71 Y115.288 E2.97231
G1 X109.479 Y115.037 E2.9793
G1 X109.475 Y115.032 E2.97943
G1 X109.475 Y115.032 F7800
G1 X109.236 Y115.137
;TYPE:External perimeter
G1 F1200
G1 X109.018 Y114.848 E2.98684
G1 X108.826 Y114.535 E2.99436
G1 X108.634 Y114.14 E3.00335
G1 X108.506 Y113.798 E3.01083
G1 X108.392 Y113.373 E3.01984
G1 X108.323 Y112.939 E3.02884
G1 X108.3 Y112.499 E3.03786
G1 X108.316 Y112.133 E3.04536
G1 X108.377 Y111.699 E3.05433
G1 X108.484 Y111.271 E3.06336
G1 X108.606 Y110.926 E3.07085
G1 X108.792 Y110.528 E3.07985
G1 X109.019 Y110.151 E3.08886
G1 X109.237 Y109.856 E3.09637
G1 X109.53 Y109.53 E3.10535
G1 X109.857 Y109.236 E3.11435
G1 X110.152 Y109.018 E3.12186
G1 X110.528 Y108.792 E3.13084
G1 X110.927 Y108.606 E3.13985
G1 X111.343 Y108.463 E3.14886
G1 X111.698 Y108.377 E3.15634
G1 X112.135 Y108.316 E3.16538
G1 X112.501 Y108.3 E3.17288
G1 X112.939 Y108.323 E3.18186
G1 X113.374 Y108.392 E3.19088
G1 X113.727 Y108.483 E3.19834
G1 X114.142 Y108.634 E3.20738
G1 X114.473 Y108.792 E3.21489
G1 X114.849 Y109.019 E3.22388
G1 X115.143 Y109.236 E3.23136
G1 X115.47 Y109.531 E3.24038
G1 X115.717 Y109.8 E3.24786
G1 X115.982 Y110.152 E3.25688
G1 X116.209 Y110.529 E3.26589
G1 X116.366 Y110.859 E3.27337
G1 X116.494 Y111.202 E3.28087
G1 X116.608 Y111.627 E3.28988
G1 X116.677 Y112.061 E3.29888
G1 X116.7 Y112.501 E3.3079
G1 X116.684 Y112.867 E3.3154
G1 X116.623 Y113.301 E3.32437
G1 X116.516 Y113.728 E3.33338
G1 X116.394 Y114.074 E3.34089
G1 X116.208 Y114.472 E3.34989
G1 X115.981 Y114.849 E3.3589
G1 X115.763 Y115.144 E3.36641
G1 X115.469 Y115.47 E3.3754
G1 X115.2 Y115.717 E3.38288
G1 X114.848 Y115.982 E3.3919
G1 X114.537 Y116.173 E3.39937
G1 X114.14 Y116.366 E3.40841
G1 X113.798 Y116.494 E3.41589
G1 X113.373 Y116.608 E3.4249
G1 X112.939 Y116.677 E3.4339
G1 X112.499 Y116.7 E3.44292
G1 X112.133 Y116.684 E3.45042
G1 X111.699 Y116.623 E3.45939
G1 X111.271 Y116.516 E3.46842
G1 X110.926 Y116.394 E3.47591
G1 X110.528 Y116.208 E3.48491
G1 X110.151 Y115.981 E3.49392
G1 X109.856 Y115.763 E3.50143
G1 X109.53 Y115.469 E3.51042
G1 X109.283 Y115.2 E3.5179
G1 X109.272 Y115.185 E3.51828
G1 X109.034 Y114.864 F7800
;LAYER_CHANGE
;Z:5.24
;HEIGHT:0.21
G1 Z5.24 F7800
G1 E1.51828 F2400
G92 E0
G1 Z5.64 F7800
G1 X109.308 Y112.211
G1 Z5.24
G1 E2 F2400
G92 E0
;TYPE:Perimeter
G1 F1200
G1 X109.345 Y111.933 E.00574
G1 X109.419 Y111.616 E.01241
G1 X109.527 Y111.301 E.01923
G1 X109.649 Y111.035 E.02522
G1 X109.812 Y110.754 E.03187
G1 X110.008 Y110.484 E.0387
G1 X110.195 Y110.272 E.04449
G1 X110.44 Y110.044 E.05134
G1 X110.708 Y109.843 E.0582
G1 X110.994 Y109.671 E.06503
G1 X111.249 Y109.549 E.07082
G1 X111.561 Y109.435 E.07762
G1 X111.835 Y109.364 E.08342
G1 X112.164 Y109.312 E.09024
G1 X112.455 Y109.295 E.09621
G1 X112.78 Y109.307 E.10287
G1 X113.112 Y109.353 E.10973
G1 X113.435 Y109.434 E.11655
G1 X113.701 Y109.528 E.12233
G1 X113.965 Y109.649 E.12828
G1 X114.246 Y109.812 E.13493
G1 X114.516 Y110.008 E.14176
G1 X114.728 Y110.195 E.14755
G1 X114.954 Y110.438 E.15435
G1 X115.127 Y110.663 E.16016
G1 X115.303 Y110.944 E.16695
G1 X115.429 Y111.198 E.17276
G1 X115.549 Y111.509 E.17959
G1 X115.635 Y111.832 E.18643
G1 X115.682 Y112.111 E.19222
G1 X115.705 Y112.444 E.19906
G1 X115.693 Y112.778 E.2059
G1 X115.655 Y113.067 E.21187
G1 X115.581 Y113.384 E.21854
G1 X115.473 Y113.699 E.22536
G1 X115.351 Y113.965 E.23135
G1 X115.188 Y114.246 E.238
G1 X114.992 Y114.516 E.24483
G1 X114.805 Y114.728 E.25062
G1 X114.562 Y114.954 E.25742
G1 X114.337 Y115.127 E.26323
G1 X114.056 Y115.303 E.27002
G1 X113.802 Y115.429 E.27583
G1 X113.491 Y115.549 E.28266
G1 X113.166 Y115.635 E.28954
G1 X112.837 Y115.688 E.29636
G1 X112.554 Y115.705 E.30217
G1 X112.222 Y115.693 E.30897
G1 X111.942 Y115.656 E.31475
G1 X111.618 Y115.582 E.32156
G1 X111.35 Y115.492 E.32735
G1 X111.045 Y115.356 E.33419
G1 X110.754 Y115.188 E.34107
G1 X110.484 Y114.992 E.3479
G1 X110.272 Y114.805 E.35369
G1 X110.046 Y114.562 E.36049
G1 X109.873 Y114.337 E.3663
G1 X109.697 Y114.056 E.37309
G1 X109.571 Y113.802 E.3789
G1 X109.452 Y113.492 E.3857
G1 X109.376 Y113.219 E.3915
G1 X109.318 Y112.891 E.39832
G1 X109.295 Y112.556 E.4052
G1 X109.305 Y112.271 E.41104
G1 X109.305 Y112.271 F7800
G1 X109.563 Y112.231
;TYPE:External perimeter
G1 F1200
G1 X109.596 Y111.979 E.41624
G1 X109.664 Y111.687 E.42238
G1 X109.764 Y111.395 E.4287
G1 X109.876 Y111.152 E.43418
G1 X110.026 Y110.893 E.44031
G1 X110.207 Y110.644 E.44661
G1 X110.378 Y110.45 E.45191
G1 X110.604 Y110.24 E.45823
G1 X110.85 Y110.054 E.46455
G1 X111.114 Y109.895 E.47086
G1 X111.348 Y109.784 E.47616
G1 X111.637 Y109.679 E.48246
G1 X111.887 Y109.614 E.48775
G1 X112.191 Y109.566 E.49405
G1 X112.458 Y109.55 E.49953
G1 X112.757 Y109.561 E.50566
G1 X113.063 Y109.604 E.51199
G1 X113.362 Y109.679 E.5183
G1 X113.848 Y109.876 E.52904
G1 X114.107 Y110.026 E.53517
G1 X114.356 Y110.207 E.54147
G1 X114.55 Y110.378 E.54677
G1 X114.76 Y110.603 E.55307
G1 X114.917 Y110.808 E.55836
G1 X115.08 Y111.069 E.56466
G1 X115.195 Y111.301 E.56996
G1 X115.306 Y111.588 E.57626
G1 X115.386 Y111.886 E.58258
G1 X115.428 Y112.141 E.58787
G1 X115.45 Y112.449 E.59419
G1 X115.439 Y112.757 E.6005
G1 X115.404 Y113.021 E.60595
G1 X115.336 Y113.313 E.61209
G1 X115.236 Y113.605 E.61841
G1 X115.124 Y113.848 E.62389
G1 X114.974 Y114.107 E.63002
G1 X114.793 Y114.356 E.63632
G1 X114.622 Y114.55 E.64162
G1 X114.397 Y114.76 E.64792
G1 X114.192 Y114.917 E.65321
G1 X113.931 Y115.08 E.65951
G1 X113.699 Y115.195 E.66481
G1 X113.412 Y115.306 E.67111
G1 X113.113 Y115.386 E.67745
G1 X112.809 Y115.434 E.68375
G1 X112.551 Y115.45 E.68904
G1 X112.244 Y115.439 E.69533
G1 X111.987 Y115.405 E.70064
G1 X111.687 Y115.336 E.70694
G1 X111.442 Y115.254 E.71223
G1 X111.161 Y115.129 E.71853
G1 X110.893 Y114.974 E.72487
G1 X110.644 Y114.793 E.73117
G1 X110.45 Y114.622 E.73647
G1 X110.24 Y114.397 E.74277
G1 X110.083 Y114.192 E.74806
G1 X109.92 Y113.931 E.75436
G1 X109.805 Y113.699 E.75966
G1 X109.694 Y113.412 E.76596
G1 X109.625 Y113.163 E.77125
G1 X109.572 Y112.86 E.77755
G1 X109.55 Y112.551 E.78389
G1 X109.559 Y112.291 E.78922
G1 X109.62 Y111.896 F7800
G1 E-1.21078 F2400
G92 E0
G1 Z5.64 F7800
G1 X109.543 Y114.901
G1 Z5.24
G1 E2 F2400
;TYPE:Perimeter
G1 F1200
G1 X109.532 Y114.889 E2.00033
G1 X109.3 Y114.567 E2.00846
G1 X109.102 Y114.222 E2.01661
G1 X108.945 Y113.869 E2.02452
G1 X108.852 Y113.599 E2.03037
G1 X108.757 Y113.211 E2.03855
G1 X108.705 Y112.831 E2.0464
G1 X108.691 Y112.434 E2.05453
G1 X108.719 Y112.037 E2.06268
G1 X108.784 Y111.66 E2.07051
G1 X108.893 Y111.275 E2.0787
G1 X108.995 Y111.008 E2.08455
G1 X109.164 Y110.661 E2.09245
G1 X109.374 Y110.323 E2.1006
G1 X109.617 Y110.01 E2.10871
G1 X109.882 Y109.733 E2.11656
G1 X110.187 Y109.473 E2.12477
G1 X110.42 Y109.308 E2.13062
G1 X110.754 Y109.114 E2.13853
G1 X111.116 Y108.951 E2.14666
G1 X111.493 Y108.826 E2.15479
G1 X111.87 Y108.743 E2.16269
G1 X112.153 Y108.706 E2.16853
G1 X112.54 Y108.691 E2.17646
G1 X112.923 Y108.714 E2.18432
G1 X113.315 Y108.779 E2.19246
G1 X113.698 Y108.884 E2.20059
G1 X114.058 Y109.023 E2.20849
G1 X114.314 Y109.15 E2.21434
G1 X114.655 Y109.359 E2.22253
G1 X114.96 Y109.591 E2.23038
G1 X115.249 Y109.863 E2.23851
G1 X115.509 Y110.164 E2.24665
G1 X115.73 Y110.48 E2.25455
G1 X115.872 Y110.728 E2.2604
G1 X116.039 Y111.091 E2.26858
G1 X116.163 Y111.454 E2.27643
G1 X116.252 Y111.841 E2.28456
G1 X116.3 Y112.236 E2.29271
G1 X116.308 Y112.619 E2.30055
G1 X116.274 Y113.018 E2.30875
G1 X116.225 Y113.299 E2.31459
G1 X116.125 Y113.672 E2.3225
G1 X115.983 Y114.043 E2.33063
G1 X115.803 Y114.397 E2.33876
G1 X115.596 Y114.72 E2.34662
G1 X115.346 Y115.032 E2.35481
G1 X115.149 Y115.238 E2.36065
G1 X114.858 Y115.492 E2.36856
G1 X114.533 Y115.722 E2.37671
G1 X114.187 Y115.916 E2.38483
G1 X113.832 Y116.069 E2.39275
G1 X113.561 Y116.159 E2.3986
G1 X113.185 Y116.247 E2.40651
G1 X112.791 Y116.298 E2.41465
G1 X112.407 Y116.308 E2.42252
G1 X112.022 Y116.279 E2.43043
G1 X111.74 Y116.233 E2.43628
G1 X111.366 Y116.137 E2.44419
G1 X110.993 Y115.999 E2.45233
G1 X110.637 Y115.823 E2.46046
G1 X110.31 Y115.617 E2.46837
G1 X110.083 Y115.445 E2.4742
G1 X109.787 Y115.175 E2.4824
G1 X109.583 Y114.946 E2.48868
G1 X109.583 Y114.946 F7800
G1 X109.353 Y115.07
;TYPE:External perimeter
G1 F1200
G1 X109.333 Y115.049 E2.48927
G1 X109.085 Y114.705 E2.49795
G1 X108.874 Y114.338 E2.50662
G1 X108.708 Y113.963 E2.51502
G1 X108.608 Y113.671 E2.52134
G1 X108.507 Y113.258 E2.53005
G1 X108.451 Y112.853 E2.53842
G1 X108.436 Y112.429 E2.54711
G1 X108.465 Y112.007 E2.55577
G1 X108.535 Y111.603 E2.56417
G1 X108.651 Y111.194 E2.57288
G1 X108.761 Y110.907 E2.57917
G1 X108.94 Y110.537 E2.58759
G1 X109.164 Y110.178 E2.59625
G1 X109.424 Y109.843 E2.60493
G1 X109.707 Y109.547 E2.61332
G1 X110.03 Y109.272 E2.62201
G1 X110.282 Y109.094 E2.62833
G1 X110.637 Y108.887 E2.63674
G1 X111.023 Y108.713 E2.64541
G1 X111.425 Y108.58 E2.65408
G1 X111.826 Y108.491 E2.66249
G1 X112.132 Y108.452 E2.66881
G1 X112.542 Y108.435 E2.67721
G1 X112.951 Y108.46 E2.6856
G1 X113.369 Y108.529 E2.69428
G1 X113.778 Y108.641 E2.70296
G1 X114.16 Y108.79 E2.71136
G1 X114.437 Y108.926 E2.71768
G1 X114.799 Y109.148 E2.72638
G1 X115.125 Y109.396 E2.73477
G1 X115.434 Y109.686 E2.74345
G1 X115.711 Y110.007 E2.75213
G1 X115.946 Y110.344 E2.76054
G1 X116.099 Y110.611 E2.76684
G1 X116.277 Y110.997 E2.77554
G1 X116.409 Y111.384 E2.78391
G1 X116.504 Y111.797 E2.79259
G1 X116.555 Y112.218 E2.80127
G1 X116.563 Y112.627 E2.80965
G1 X116.527 Y113.05 E2.81834
G1 X116.474 Y113.354 E2.82466
G1 X116.368 Y113.751 E2.83307
G1 X116.216 Y114.146 E2.84174
G1 X116.025 Y114.524 E2.85041
G1 X115.803 Y114.869 E2.85881
G1 X115.538 Y115.2 E2.86749
G1 X115.325 Y115.423 E2.8738
G1 X115.015 Y115.693 E2.88222
G1 X114.669 Y115.937 E2.89089
G1 X114.3 Y116.145 E2.89956
G1 X113.923 Y116.308 E2.90797
G1 X113.63 Y116.404 E2.91428
G1 X113.231 Y116.499 E2.92268
G1 X112.81 Y116.553 E2.93137
G1 X112.401 Y116.564 E2.93975
G1 X111.992 Y116.533 E2.94815
G1 X111.687 Y116.483 E2.95448
G1 X111.29 Y116.38 E2.96288
G1 X110.892 Y116.233 E2.97157
G1 X110.512 Y116.046 E2.98024
G1 X110.165 Y115.827 E2.98864
G1 X109.92 Y115.641 E2.99494
G1 X109.606 Y115.354 E3.00365
G1 X109.393 Y115.115 E3.01021
G1 X109.152 Y114.796 F7800
G1 X109.622 Y114.501
;TYPE:Gap fill
;WIDTH:0.389726
G1 F1800
G1 X109.432 Y114.195 E3.02018
G1 X109.293 Y113.915 E3.02883
G1 X109.164 Y113.579 E3.03879
G1 X109.082 Y113.277 E3.04745
G1 X109.02 Y112.918 E3.05754
G1 X108.995 Y112.552 E3.0677
G1 X109.009 Y112.189 E3.07776
G1 X109.052 Y111.871 E3.08664
G1 X109.133 Y111.525 E3.09648
G1 X109.251 Y111.181 E3.10655
G1 X109.386 Y110.89 E3.11543
G1 X109.565 Y110.583 E3.12527
G1 X109.779 Y110.29 E3.13531
G1 X109.987 Y110.057 E3.14396
G1 X110.254 Y109.809 E3.15405
G1 X110.547 Y109.588 E3.16421
G1 X110.859 Y109.402 E3.17427
G1 X111.141 Y109.269 E3.1829
G1 X111.48 Y109.146 E3.19288
G1 X111.782 Y109.069 E3.20151
G1 X112.139 Y109.012 E3.21152
G1 X112.46 Y108.995 E3.22042
G1 X112.815 Y109.008 E3.23025
G1 X113.178 Y109.06 E3.2404
G1 X113.53 Y109.149 E3.25045
G1 X113.821 Y109.253 E3.25901
G1 X114.11 Y109.385 E3.26781
G1 X114.417 Y109.565 E3.27766
G1 X114.71 Y109.779 E3.2877
G1 X114.943 Y109.987 E3.29635
G1 X115.188 Y110.251 E3.30632
G1 X115.378 Y110.499 E3.31497
G1 X115.569 Y110.805 E3.32496
G1 X115.707 Y111.085 E3.3336
G1 X115.837 Y111.425 E3.34368
G1 X115.93 Y111.776 E3.35373
G1 X115.98 Y112.084 E3.36237
G1 X116.005 Y112.448 E3.37247
G1 X115.992 Y112.795 E3.38208
G1 X115.949 Y113.129 E3.3914
G1 X115.867 Y113.475 E3.40124
G1 X115.748 Y113.819 E3.41132
G1 X115.613 Y114.11 E3.4202
G1 X115.435 Y114.417 E3.43002
G1 X115.231 Y114.697 E3.43961
G1 X115.014 Y114.944 E3.44871
G1 X114.749 Y115.189 E3.4587
G1 X114.501 Y115.378 E3.46733
G1 X114.209 Y115.56 E3.47686
G1 X113.915 Y115.707 E3.48596
G1 X113.575 Y115.837 E3.49604
G1 X113.22 Y115.931 E3.50621
G1 X112.861 Y115.987 E3.51627
G1 X112.55 Y116.005 E3.52489
G1 X112.189 Y115.991 E3.53489
G1 X111.88 Y115.951 E3.54352
G1 X111.529 Y115.869 E3.5535
G1 X111.233 Y115.768 E3.56216
G1 X110.901 Y115.619 E3.57223
G1 X110.583 Y115.435 E3.5824
G1 X110.289 Y115.222 E3.59245
G1 X110.057 Y115.014 E3.60108
G1 X109.811 Y114.75 E3.61107
G1 X109.659 Y114.549 E3.61805
;LAYER_CHANGE
;Z:5.45
;HEIGHT:0.21
G1 Z5.45 F7800
G1 E1.61805 F2400
G92 E0
G1 X109.659 Y114.549 Z5.85 F7800
G1 X109.306 Y112.234
G1 Z5.45
G1 E2 F2400
G92 E0
;TYPE:Perimeter
;WIDTH:0.3
G1 F1200
G1 X109.307 Y112.222 E.00025
G1 X109.344 Y111.942 E.00603
G1 X109.418 Y111.618 E.01284
G1 X109.511 Y111.343 E.01878
G1 X109.644 Y111.045 E.02546
G1 X109.811 Y110.755 E.03231
G1 X109.979 Y110.52 E.03823
G1 X110.194 Y110.273 E.04494
G1 X110.44 Y110.044 E.05182
G1 X110.708 Y109.843 E.05868
G1 X110.994 Y109.671 E.06551
G1 X111.248 Y109.549 E.07128
G1 X111.518 Y109.449 E.07718
G1 X111.834 Y109.365 E.08388
G1 X112.163 Y109.312 E.0907
G1 X112.453 Y109.295 E.09665
G1 X112.78 Y109.307 E.10335
G1 X113.112 Y109.353 E.11021
G1 X113.435 Y109.434 E.11703
G1 X113.701 Y109.528 E.12281
G1 X113.963 Y109.648 E.12871
G1 X114.245 Y109.811 E.13538
G1 X114.48 Y109.979 E.1413
G1 X114.726 Y110.193 E.14798
G1 X114.925 Y110.404 E.15392
G1 X115.125 Y110.66 E.16057
G1 X115.28 Y110.905 E.16651
G1 X115.428 Y111.196 E.1732
G1 X115.549 Y111.509 E.18007
G1 X115.635 Y111.832 E.18691
G1 X115.682 Y112.111 E.1927
G1 X115.705 Y112.444 E.19954
G1 X115.693 Y112.778 E.20638
G1 X115.596 Y113.331 E.21788
G1 X115.493 Y113.649 E.22472
G1 X115.357 Y113.954 E.23156
G1 X115.214 Y114.206 E.23749
G1 X115.026 Y114.474 E.24419
G1 X114.807 Y114.726 E.25103
G1 X114.596 Y114.925 E.25697
G1 X114.34 Y115.125 E.26362
G1 X114.101 Y115.277 E.26942
G1 X113.804 Y115.428 E.27624
G1 X113.491 Y115.549 E.28311
G1 X113.168 Y115.635 E.28995
G1 X112.889 Y115.682 E.29574
G1 X112.556 Y115.705 E.30258
G1 X112.222 Y115.693 E.30942
G1 X111.942 Y115.656 E.3152
G1 X111.618 Y115.582 E.32201
G1 X111.343 Y115.489 E.32795
G1 X111.045 Y115.356 E.33463
G1 X110.755 Y115.189 E.34148
G1 X110.52 Y115.021 E.3474
G1 X110.274 Y114.807 E.35408
G1 X110.075 Y114.596 E.36002
G1 X109.875 Y114.34 E.36667
G1 X109.723 Y114.101 E.37247
G1 X109.572 Y113.804 E.37929
G1 X109.451 Y113.491 E.38616
G1 X109.365 Y113.167 E.39302
G1 X109.312 Y112.837 E.39986
G1 X109.295 Y112.554 E.40567
G1 X109.304 Y112.293 E.41102
G1 X109.304 Y112.293 F7800
G1 X109.563 Y112.231
;TYPE:External perimeter
G1 F1200
G1 X109.595 Y111.987 E.41606
G1 X109.664 Y111.687 E.42236
G1 X109.748 Y111.436 E.42778
G1 X109.871 Y111.161 E.43395
G1 X110.025 Y110.894 E.44026
G1 X110.18 Y110.678 E.4457
G1 X110.378 Y110.451 E.45187
G1 X110.604 Y110.24 E.4582
G1 X110.85 Y110.054 E.46452
G1 X111.114 Y109.895 E.47083
G1 X111.595 Y109.692 E.48152
G1 X111.887 Y109.614 E.48771
G1 X112.191 Y109.566 E.49401
G1 X112.456 Y109.55 E.49945
G1 X112.757 Y109.561 E.50562
G1 X113.063 Y109.604 E.51195
G1 X113.362 Y109.679 E.51826
G1 X113.846 Y109.875 E.52895
G1 X114.106 Y110.025 E.5351
G1 X114.322 Y110.18 E.54054
G1 X114.549 Y110.377 E.54669
G1 X114.731 Y110.57 E.55212
G1 X114.916 Y110.807 E.55828
G1 X115.058 Y111.031 E.56371
G1 X115.195 Y111.3 E.56989
G1 X115.306 Y111.588 E.57621
G1 X115.386 Y111.886 E.58253
G1 X115.428 Y112.141 E.58782
G1 X115.45 Y112.449 E.59414
G1 X115.439 Y112.756 E.60043
G1 X115.349 Y113.264 E.61099
G1 X115.254 Y113.557 E.6173
G1 X115.129 Y113.839 E.62362
G1 X114.998 Y114.069 E.62904
G1 X114.825 Y114.316 E.63522
G1 X114.623 Y114.549 E.64153
G1 X114.43 Y114.731 E.64696
G1 X114.193 Y114.916 E.65312
G1 X113.975 Y115.055 E.65841
G1 X113.7 Y115.195 E.66473
G1 X113.412 Y115.306 E.67105
G1 X113.114 Y115.386 E.67737
G1 X112.859 Y115.428 E.68266
G1 X112.552 Y115.45 E.68896
G1 X112.244 Y115.439 E.69527
G1 X111.987 Y115.405 E.70058
G1 X111.687 Y115.336 E.70688
G1 X111.436 Y115.252 E.7123
G1 X111.161 Y115.129 E.71847
G1 X110.894 Y114.975 E.72478
G1 X110.678 Y114.82 E.73022
G1 X110.451 Y114.623 E.73637
G1 X110.269 Y114.43 E.7418
G1 X110.084 Y114.193 E.74796
G1 X109.945 Y113.975 E.75325
G1 X109.805 Y113.7 E.75957
G1 X109.694 Y113.412 E.76589
G1 X109.614 Y113.113 E.77223
G1 X109.566 Y112.809 E.77853
G1 X109.55 Y112.551 E.78382
G1 X109.559 Y112.291 E.78915
G1 X109.62 Y111.896 F7800
G1 E-1.21085 F2400
G92 E0
G1 Z5.85 F7800
G1 X109.702 Y114.763
G1 Z5.45
G1 E2 F2400
;TYPE:Perimeter
G1 F1200
G1 X109.694 Y114.755 E2.00023
G1 X109.475 Y114.451 E2.0079
G1 X109.287 Y114.123 E2.01564
G1 X109.181 Y113.894 E2.02081
G1 X109.056 Y113.547 E2.02836
G1 X108.966 Y113.183 E2.03604
G1 X108.914 Y112.812 E2.04371
G1 X108.901 Y112.434 E2.05145
G1 X108.914 Y112.192 E2.05641
G1 X108.966 Y111.817 E2.06416
G1 X109.056 Y111.453 E2.07184
G1 X109.184 Y111.101 E2.07951
G1 X109.347 Y110.764 E2.08718
G1 X109.545 Y110.445 E2.09487
G1 X109.774 Y110.149 E2.10253
G1 X110.036 Y109.876 E2.11028
G1 X110.218 Y109.716 E2.11524
G1 X110.523 Y109.492 E2.12299
G1 X110.846 Y109.303 E2.13065
G1 X111.188 Y109.148 E2.13834
G1 X111.543 Y109.03 E2.146
G1 X111.909 Y108.949 E2.15368
G1 X112.282 Y108.907 E2.16137
G1 X112.651 Y108.904 E2.16893
G1 X112.902 Y108.923 E2.17408
G1 X113.275 Y108.985 E2.18182
G1 X113.636 Y109.084 E2.18949
G1 X113.988 Y109.222 E2.19723
G1 X114.214 Y109.334 E2.20239
G1 X114.529 Y109.527 E2.20995
G1 X114.827 Y109.754 E2.21762
G1 X115.1 Y110.011 E2.2253
G1 X115.345 Y110.294 E2.23296
G1 X115.556 Y110.597 E2.24052
G1 X115.681 Y110.816 E2.24568
G1 X115.84 Y111.159 E2.25342
G1 X115.962 Y111.513 E2.26109
G1 X116.045 Y111.878 E2.26875
G1 X116.091 Y112.25 E2.27643
G1 X116.097 Y112.625 E2.28411
G1 X116.065 Y112.998 E2.29178
G1 X115.994 Y113.366 E2.29945
G1 X115.887 Y113.72 E2.30702
G1 X115.685 Y114.178 E2.31727
G1 X115.491 Y114.503 E2.32502
G1 X115.266 Y114.803 E2.3327
G1 X115.012 Y115.078 E2.34037
G1 X114.73 Y115.325 E2.34805
G1 X114.425 Y115.542 E2.35571
G1 X114.098 Y115.726 E2.36339
G1 X113.759 Y115.872 E2.37095
G1 X113.52 Y115.952 E2.37611
G1 X113.152 Y116.04 E2.38386
G1 X112.781 Y116.089 E2.39152
G1 X112.403 Y116.098 E2.39926
G1 X112.152 Y116.083 E2.40441
G1 X111.786 Y116.028 E2.41199
G1 X111.423 Y115.935 E2.41966
G1 X111.069 Y115.803 E2.4274
G1 X110.849 Y115.699 E2.43238
G1 X110.523 Y115.508 E2.44012
G1 X110.221 Y115.286 E2.4478
G1 X109.944 Y115.034 E2.45547
G1 X109.742 Y114.808 E2.46168
G1 X109.742 Y114.808 F7800
G1 X109.512 Y114.933
;TYPE:External perimeter
G1 F1200
G1 X109.495 Y114.915 E2.46219
G1 X109.26 Y114.589 E2.47042
G1 X109.06 Y114.24 E2.47866
G1 X108.945 Y113.991 E2.48428
G1 X108.812 Y113.621 E2.49233
G1 X108.715 Y113.232 E2.50054
G1 X108.66 Y112.834 E2.50877
G1 X108.646 Y112.432 E2.51701
G1 X108.66 Y112.167 E2.52244
G1 X108.715 Y111.768 E2.53069
G1 X108.812 Y111.379 E2.5389
G1 X108.948 Y111.002 E2.54711
G1 X109.123 Y110.641 E2.55533
G1 X109.335 Y110.3 E2.56355
G1 X109.581 Y109.983 E2.57177
G1 X109.859 Y109.692 E2.58001
G1 X110.058 Y109.517 E2.58544
G1 X110.383 Y109.279 E2.59369
G1 X110.729 Y109.076 E2.6019
G1 X111.095 Y108.911 E2.61012
G1 X111.475 Y108.784 E2.61832
G1 X111.867 Y108.697 E2.62654
G1 X112.266 Y108.652 E2.63476
G1 X112.659 Y108.649 E2.64281
G1 X112.933 Y108.67 E2.64844
G1 X113.33 Y108.736 E2.65668
G1 X113.717 Y108.842 E2.6649
G1 X114.091 Y108.989 E2.67313
G1 X114.337 Y109.111 E2.67875
G1 X114.673 Y109.316 E2.68681
G1 X114.992 Y109.559 E2.69502
G1 X115.284 Y109.834 E2.70323
G1 X115.546 Y110.138 E2.71145
G1 X115.771 Y110.461 E2.71951
G1 X115.908 Y110.698 E2.72512
G1 X116.077 Y111.064 E2.73338
G1 X116.207 Y111.443 E2.74158
G1 X116.297 Y111.834 E2.7498
G1 X116.346 Y112.233 E2.75803
G1 X116.352 Y112.634 E2.76624
G1 X116.318 Y113.034 E2.77446
G1 X116.242 Y113.428 E2.78268
G1 X116.127 Y113.804 E2.79073
G1 X115.909 Y114.299 E2.80181
G1 X115.703 Y114.645 E2.81006
G1 X115.462 Y114.966 E2.81828
G1 X115.19 Y115.261 E2.8265
G1 X114.888 Y115.526 E2.83473
G1 X114.561 Y115.758 E2.84294
G1 X114.211 Y115.954 E2.85115
G1 X113.85 Y116.111 E2.85921
G1 X113.59 Y116.198 E2.86482
G1 X113.199 Y116.291 E2.87305
G1 X112.801 Y116.343 E2.88127
G1 X112.398 Y116.354 E2.88953
G1 X112.125 Y116.336 E2.89513
G1 X111.736 Y116.278 E2.90318
G1 X111.347 Y116.178 E2.9114
G1 X110.97 Y116.038 E2.91963
G1 X110.73 Y115.925 E2.92506
G1 X110.383 Y115.721 E2.9333
G1 X110.059 Y115.484 E2.94152
G1 X109.762 Y115.214 E2.94974
G1 X109.552 Y114.978 E2.95621
G1 X109.312 Y114.658 F7800
G1 X109.693 Y114.416
;TYPE:Gap fill
;WIDTH:0.179931
G1 F1800
G1 X109.553 Y114.195 E2.95904
G1 X109.391 Y113.88 E2.96288
G1 X109.264 Y113.548 E2.96673
G1 X109.172 Y113.204 E2.97059
G1 X109.118 Y112.855 E2.97442
G1 X109.1 Y112.553 E2.9777
G1 X109.11 Y112.21 E2.98142
G1 X109.151 Y111.904 E2.98476
G1 X109.231 Y111.561 E2.98858
G1 X109.33 Y111.269 E2.99192
G1 X109.472 Y110.953 E2.99567
G1 X109.649 Y110.647 E2.9995
G1 X109.829 Y110.397 E3.00284
G1 X110.057 Y110.135 E3.0066
G1 X110.316 Y109.892 E3.01045
G1 X110.601 Y109.678 E3.01431
G1 X110.904 Y109.496 E3.01814
G1 X111.174 Y109.368 E3.02138
G1 X111.462 Y109.262 E3.0247
G1 X111.797 Y109.173 E3.02845
G1 X112.139 Y109.119 E3.0322
G1 X112.447 Y109.1 E3.03554
G1 X112.8 Y109.112 E3.03937
G1 X113.152 Y109.162 E3.04322
G1 X113.495 Y109.248 E3.04705
G1 X113.771 Y109.347 E3.05023
G1 X114.056 Y109.475 E3.05361
G1 X114.353 Y109.649 E3.05734
G1 X114.604 Y109.829 E3.06069
G1 X114.863 Y110.055 E3.06441
G1 X115.074 Y110.279 E3.06774
G1 X115.286 Y110.551 E3.07148
G1 X115.452 Y110.811 E3.07482
G1 X115.608 Y111.12 E3.07857
G1 X115.735 Y111.453 E3.08243
G1 X115.826 Y111.794 E3.08625
G1 X115.875 Y112.091 E3.08951
G1 X115.9 Y112.444 E3.09334
G1 X115.888 Y112.791 E3.0971
G1 X115.849 Y113.088 E3.10034
G1 X115.785 Y113.38 E3.10358
G1 X115.674 Y113.722 E3.10748
G1 X115.531 Y114.045 E3.11131
G1 X115.377 Y114.313 E3.11466
G1 X115.177 Y114.597 E3.11842
G1 X114.945 Y114.863 E3.12224
G1 X114.721 Y115.075 E3.12558
G1 X114.45 Y115.286 E3.1293
G1 X114.195 Y115.447 E3.13257
G1 X113.88 Y115.608 E3.1364
G1 X113.548 Y115.736 E3.14025
G1 X113.206 Y115.826 E3.14408
G1 X112.909 Y115.875 E3.14734
G1 X112.556 Y115.9 E3.15117
G1 X112.203 Y115.889 E3.155
G1 X111.904 Y115.848 E3.15827
G1 X111.562 Y115.769 E3.16207
G1 X111.269 Y115.67 E3.16542
G1 X110.952 Y115.53 E3.16917
G1 X110.646 Y115.352 E3.173
G1 X110.396 Y115.172 E3.17634
G1 X110.137 Y114.945 E3.18007
G1 X109.925 Y114.721 E3.18341
G1 X109.727 Y114.466 E3.18691
;LAYER_CHANGE
;Z:5.66
;HEIGHT:0.21
G1 Z5.66 F7800
G1 E1.18691 F2400
G92 E0
G1 X109.727 Y114.466 Z6.06 F7800
G1 X109.306 Y112.233
G1 Z5.66
G1 E2 F2400
G92 E0
;TYPE:Perimeter
;WIDTH:0.3
G1 F1045
G1 X109.307 Y112.221 E.00025
G1 X109.353 Y111.89 E.00709
G1 X109.421 Y111.61 E.01299
G1 X109.528 Y111.299 E.01972
G1 X109.669 Y110.997 E.02654
G1 X109.813 Y110.753 E.03234
G1 X110.008 Y110.484 E.03914
G1 X110.195 Y110.272 E.04493
G1 X110.44 Y110.044 E.05178
G1 X110.706 Y109.844 E.05859
G1 X110.952 Y109.693 E.0645
G1 X111.246 Y109.55 E.07119
G1 X111.516 Y109.45 E.07709
G1 X111.834 Y109.365 E.08383
G1 X112.163 Y109.312 E.09065
G1 X112.45 Y109.295 E.09654
G1 X112.78 Y109.307 E.1033
G1 X113.112 Y109.353 E.11016
G1 X113.435 Y109.434 E.11698
G1 X113.702 Y109.529 E.12278
G1 X114.003 Y109.669 E.12958
G1 X114.247 Y109.813 E.13538
G1 X114.516 Y110.008 E.14218
G1 X114.728 Y110.195 E.14797
G1 X114.956 Y110.44 E.15482
G1 X115.156 Y110.706 E.16163
G1 X115.307 Y110.952 E.16754
G1 X115.45 Y111.246 E.17423
G1 X115.55 Y111.516 E.18013
G1 X115.635 Y111.834 E.18687
G1 X115.688 Y112.163 E.19369
G1 X115.705 Y112.444 E.19945
G1 X115.697 Y112.73 E.20531
G1 X115.657 Y113.055 E.21202
G1 X115.596 Y113.331 E.21781
G1 X115.493 Y113.647 E.22462
G1 X115.38 Y113.907 E.23043
G1 X115.218 Y114.199 E.23727
G1 X115.026 Y114.474 E.24414
G1 X114.806 Y114.727 E.25101
G1 X114.56 Y114.956 E.25789
G1 X114.294 Y115.156 E.2647
G1 X114.048 Y115.307 E.27061
G1 X113.754 Y115.45 E.2773
G1 X113.484 Y115.55 E.2832
G1 X113.168 Y115.635 E.2899
G1 X112.884 Y115.682 E.29579
G1 X112.556 Y115.705 E.30252
G1 X112.221 Y115.693 E.30938
G1 X111.888 Y115.647 E.31626
G1 X111.565 Y115.566 E.32308
G1 X111.298 Y115.471 E.32888
G1 X110.997 Y115.331 E.33568
G1 X110.753 Y115.187 E.34148
G1 X110.484 Y114.992 E.34828
G1 X110.272 Y114.805 E.35407
G1 X110.044 Y114.56 E.36092
G1 X109.844 Y114.294 E.36773
G1 X109.693 Y114.048 E.37364
G1 X109.55 Y113.754 E.38033
G1 X109.45 Y113.484 E.38623
G1 X109.365 Y113.168 E.39293
G1 X109.318 Y112.884 E.39882
G1 X109.295 Y112.556 E.40555
G1 X109.304 Y112.293 E.41094
G1 X109.304 Y112.293 F7800
G1 X109.563 Y112.23
;TYPE:External perimeter
G1 F1045
G1 X109.604 Y111.938 E.41698
G1 X109.666 Y111.682 E.42237
G1 X109.765 Y111.395 E.42859
G1 X109.895 Y111.116 E.43489
G1 X110.026 Y110.893 E.44019
G1 X110.207 Y110.644 E.44649
G1 X110.378 Y110.45 E.45179
G1 X110.604 Y110.24 E.45811
G1 X110.85 Y110.055 E.46441
G1 X111.074 Y109.917 E.4698
G1 X111.347 Y109.785 E.47601
G1 X111.593 Y109.693 E.48139
G1 X111.887 Y109.614 E.48762
G1 X112.191 Y109.566 E.49392
G1 X112.454 Y109.55 E.49932
G1 X112.757 Y109.561 E.50553
G1 X113.063 Y109.604 E.51186
G1 X113.362 Y109.679 E.51817
G1 X113.606 Y109.765 E.52347
G1 X113.884 Y109.895 E.52975
G1 X114.107 Y110.026 E.53505
G1 X114.356 Y110.207 E.54135
G1 X114.55 Y110.378 E.54665
G1 X114.76 Y110.604 E.55297
G1 X114.945 Y110.85 E.55927
G1 X115.083 Y111.074 E.56466
G1 X115.215 Y111.347 E.57087
G1 X115.307 Y111.593 E.57625
G1 X115.386 Y111.887 E.58248
G1 X115.434 Y112.191 E.58878
G1 X115.443 Y112.711 E.59943
G1 X115.405 Y113.012 E.60564
G1 X115.349 Y113.264 E.61093
G1 X115.254 Y113.557 E.61724
G1 X115.151 Y113.794 E.62253
G1 X115.002 Y114.063 E.62883
G1 X114.825 Y114.316 E.63515
G1 X114.622 Y114.549 E.64148
G1 X114.396 Y114.76 E.64781
G1 X114.15 Y114.945 E.65411
G1 X113.926 Y115.083 E.6595
G1 X113.653 Y115.215 E.66571
G1 X113.407 Y115.307 E.67109
G1 X113.114 Y115.386 E.6773
G1 X112.854 Y115.429 E.6827
G1 X112.551 Y115.45 E.68892
G1 X112.243 Y115.439 E.69523
G1 X111.937 Y115.396 E.70156
G1 X111.638 Y115.321 E.70787
G1 X111.394 Y115.235 E.71317
G1 X111.116 Y115.105 E.71945
G1 X110.893 Y114.974 E.72475
G1 X110.644 Y114.793 E.73105
G1 X110.45 Y114.622 E.73635
G1 X110.24 Y114.396 E.74267
G1 X110.055 Y114.15 E.74897
G1 X109.917 Y113.926 E.75436
G1 X109.785 Y113.653 E.76057
G1 X109.693 Y113.407 E.76595
G1 X109.614 Y113.114 E.77216
G1 X109.571 Y112.854 E.77756
G1 X109.55 Y112.551 E.78378
G1 X109.559 Y112.29 E.78913
G1 X109.619 Y111.895 F7800
G1 E-1.21087 F2400
G92 E0
G1 Z6.06 F7800
G1 X109.871 Y114.633
G1 Z5.66
G1 E2 F2400
;TYPE:Perimeter
G1 F1045
G1 X109.785 Y114.53 E2.00275
G1 X109.477 Y114.033 E2.01472
G1 X109.332 Y113.706 E2.02204
G1 X109.247 Y113.451 E2.02754
G1 X109.172 Y113.144 E2.03401
G1 X109.123 Y112.794 E2.04125
G1 X109.111 Y112.439 E2.04852
G1 X109.127 Y112.17 E2.05404
G1 X109.172 Y111.858 E2.06049
G1 X109.257 Y111.514 E2.06775
G1 X109.377 Y111.183 E2.07496
G1 X109.531 Y110.865 E2.0822
G1 X109.717 Y110.565 E2.08943
G1 X109.933 Y110.286 E2.09666
G1 X110.351 Y109.878 E2.10862
G1 X110.638 Y109.668 E2.1159
G1 X110.943 Y109.489 E2.12314
G1 X111.264 Y109.344 E2.13035
G1 X111.599 Y109.232 E2.13758
G1 X111.944 Y109.156 E2.14481
G1 X112.296 Y109.117 E2.15206
G1 X112.881 Y109.132 E2.16404
G1 X113.23 Y109.19 E2.17128
G1 X113.57 Y109.284 E2.1785
G1 X113.898 Y109.412 E2.18571
G1 X114.214 Y109.575 E2.19299
G1 X114.691 Y109.913 E2.20496
G1 X114.948 Y110.156 E2.2122
G1 X115.179 Y110.424 E2.21945
G1 X115.496 Y110.915 E2.23142
G1 X115.645 Y111.237 E2.23869
G1 X115.76 Y111.571 E2.24592
G1 X115.839 Y111.915 E2.25315
G1 X115.881 Y112.265 E2.26037
G1 X115.887 Y112.618 E2.2676
G1 X115.857 Y112.97 E2.27483
G1 X115.726 Y113.54 E2.28681
G1 X115.6 Y113.871 E2.29406
G1 X115.44 Y114.186 E2.30129
G1 X115.249 Y114.483 E2.30852
G1 X115.028 Y114.758 E2.31574
G1 X114.602 Y115.159 E2.32772
G1 X114.312 Y115.364 E2.33499
G1 X114.005 Y115.537 E2.34221
G1 X113.681 Y115.677 E2.34944
G1 X113.343 Y115.783 E2.35669
G1 X112.767 Y115.879 E2.36865
G1 X112.18 Y115.875 E2.38067
G1 X111.828 Y115.822 E2.38796
G1 X111.486 Y115.734 E2.39519
G1 X111.155 Y115.611 E2.40242
G1 X110.839 Y115.455 E2.40964
G1 X110.541 Y115.266 E2.41687
G1 X110.264 Y115.048 E2.42409
G1 X110.012 Y114.801 E2.43132
G1 X109.91 Y114.679 E2.43458
G1 X109.91 Y114.679 F7800
G1 X109.676 Y114.796
;TYPE:External perimeter
G1 F1045
G1 X109.581 Y114.683 E2.4376
G1 X109.391 Y114.402 E2.44455
G1 X109.248 Y114.147 E2.45054
G1 X109.094 Y113.799 E2.45833
G1 X109.002 Y113.521 E2.46433
G1 X108.921 Y113.192 E2.47127
G1 X108.869 Y112.816 E2.47904
G1 X108.856 Y112.436 E2.48683
G1 X108.873 Y112.144 E2.49282
G1 X108.921 Y111.809 E2.49975
G1 X109.013 Y111.44 E2.50754
G1 X109.142 Y111.083 E2.51531
G1 X109.307 Y110.742 E2.52307
G1 X109.507 Y110.42 E2.53083
G1 X109.74 Y110.12 E2.53861
G1 X110.003 Y109.845 E2.5464
G1 X110.191 Y109.68 E2.55152
G1 X110.498 Y109.454 E2.55933
G1 X110.826 Y109.263 E2.5671
G1 X111.171 Y109.106 E2.57486
G1 X111.531 Y108.986 E2.58263
G1 X111.902 Y108.905 E2.59041
G1 X112.279 Y108.862 E2.59818
G1 X112.572 Y108.856 E2.60418
G1 X112.91 Y108.878 E2.61112
G1 X113.285 Y108.941 E2.61891
G1 X113.65 Y109.041 E2.62666
G1 X114.004 Y109.18 E2.63445
G1 X114.341 Y109.354 E2.64222
G1 X114.587 Y109.512 E2.64821
G1 X114.856 Y109.719 E2.65516
G1 X115.133 Y109.979 E2.66294
G1 X115.381 Y110.267 E2.67072
G1 X115.575 Y110.544 E2.67764
G1 X115.722 Y110.797 E2.68363
G1 X115.882 Y111.142 E2.69142
G1 X116.005 Y111.501 E2.69919
G1 X116.09 Y111.871 E2.70696
G1 X116.136 Y112.247 E2.71472
G1 X116.143 Y112.626 E2.72248
G1 X116.11 Y113.005 E2.73027
G1 X116.047 Y113.338 E2.73721
G1 X115.969 Y113.62 E2.7432
G1 X115.833 Y113.975 E2.75098
G1 X115.662 Y114.313 E2.75874
G1 X115.456 Y114.632 E2.76652
G1 X115.218 Y114.928 E2.7743
G1 X114.981 Y115.17 E2.78124
G1 X114.759 Y115.36 E2.78722
G1 X114.449 Y115.58 E2.795
G1 X114.118 Y115.766 E2.80277
G1 X113.77 Y115.917 E2.81054
G1 X113.407 Y116.03 E2.81833
G1 X113.075 Y116.099 E2.82527
G1 X112.785 Y116.134 E2.83125
G1 X112.404 Y116.144 E2.83905
G1 X112.154 Y116.128 E2.84418
G1 X111.777 Y116.072 E2.85198
G1 X111.41 Y115.978 E2.85974
G1 X111.054 Y115.846 E2.86751
G1 X110.714 Y115.677 E2.87528
G1 X110.394 Y115.475 E2.88303
G1 X110.096 Y115.239 E2.89081
G1 X109.824 Y114.975 E2.89857
G1 X109.714 Y114.842 E2.9021
G1 X109.475 Y114.521 F7800
;LAYER_CHANGE
;Z:5.87
;HEIGHT:0.21
G1 Z5.87 F7800
G1 E.9021 F2400
G92 E0
G1 Z6.27 F7800
G1 X109.563 Y112.23
G1 Z5.87
G1 E2 F2400
G92 E0
G1 F758
G1 X109.604 Y111.937 E.00606
G1 X109.679 Y111.638 E.01237
G1 X109.872 Y111.16 E.02293
G1 X110.026 Y110.893 E.02924
G1 X110.207 Y110.644 E.03554
G1 X110.378 Y110.45 E.04084
G1 X110.604 Y110.24 E.04716
G1 X110.85 Y110.055 E.05346
G1 X111.07 Y109.919 E.05876
G1 X111.347 Y109.784 E.06507
G1 X111.637 Y109.679 E.07139
G1 X111.887 Y109.614 E.07668
G1 X112.191 Y109.566 E.08298
G1 X112.452 Y109.55 E.08833
G1 X112.757 Y109.561 E.09458
G1 X113.063 Y109.604 E.10091
G1 X113.362 Y109.679 E.10722
G1 X113.84 Y109.872 E.11778
G1 X114.107 Y110.026 E.12409
G1 X114.356 Y110.207 E.13039
G1 X114.55 Y110.378 E.13569
G1 X114.76 Y110.604 E.14201
G1 X114.945 Y110.85 E.14831
G1 X115.081 Y111.07 E.15361
G1 X115.216 Y111.347 E.15992
G1 X115.321 Y111.637 E.16624
G1 X115.386 Y111.887 E.17153
G1 X115.434 Y112.191 E.17783
G1 X115.45 Y112.449 E.18312
G1 X115.439 Y112.756 E.18941
G1 X115.349 Y113.264 E.19997
G1 X115.254 Y113.557 E.20628
G1 X115.129 Y113.839 E.2126
G1 X114.974 Y114.107 E.21894
G1 X114.793 Y114.356 E.22524
G1 X114.622 Y114.55 E.23054
G1 X114.397 Y114.76 E.23684
G1 X114.192 Y114.917 E.24213
G1 X113.931 Y115.08 E.24843
G1 X113.697 Y115.196 E.25378
G1 X113.412 Y115.306 E.26004
G1 X113.113 Y115.386 E.26638
G1 X112.809 Y115.434 E.27268
G1 X112.551 Y115.45 E.27797
G1 X112.244 Y115.439 E.28426
G1 X111.734 Y115.349 E.29486
G1 X111.443 Y115.254 E.30113
G1 X111.161 Y115.129 E.30745
G1 X110.893 Y114.974 E.31379
G1 X110.644 Y114.793 E.32009
G1 X110.45 Y114.622 E.32539
G1 X110.24 Y114.397 E.33169
G1 X110.083 Y114.192 E.33698
G1 X109.92 Y113.93 E.3433
G1 X109.784 Y113.653 E.34962
G1 X109.679 Y113.363 E.35594
G1 X109.614 Y113.113 E.36123
G1 X109.566 Y112.809 E.36753
G1 X109.55 Y112.551 E.37282
G1 X109.559 Y112.29 E.37817
G1 X109.62 Y111.895 F7800
G1 E-1.62183 F2400
G92 E0
G1 Z6.27 F7800
G1 X109.829 Y114.658
G1 Z5.87
G1 E2 F2400
G1 F758
G1 X109.823 Y114.652 E2.00017
G1 X109.613 Y114.362 E2.0075
G1 X109.435 Y114.051 E2.01484
G1 X109.214 Y113.499 E2.02702
G1 X109.128 Y113.152 E2.03434
G1 X109.078 Y112.798 E2.04166
G1 X109.078 Y112.204 E2.05382
G1 X109.128 Y111.848 E2.06118
G1 X109.214 Y111.501 E2.0685
G1 X109.335 Y111.165 E2.07581
G1 X109.491 Y110.843 E2.08314
G1 X109.68 Y110.539 E2.09047
G1 X109.899 Y110.257 E2.09778
G1 X110.146 Y109.998 E2.10511
G1 X110.38 Y109.798 E2.11141
G1 X110.613 Y109.63 E2.11729
G1 X110.922 Y109.449 E2.12462
G1 X111.248 Y109.302 E2.13194
G1 X111.587 Y109.189 E2.13926
G1 X111.936 Y109.112 E2.14658
G1 X112.292 Y109.071 E2.15392
G1 X112.886 Y109.087 E2.16609
G1 X113.239 Y109.146 E2.17342
G1 X113.584 Y109.241 E2.18075
G1 X113.918 Y109.371 E2.18809
G1 X114.174 Y109.501 E2.19397
G1 X114.436 Y109.663 E2.20028
G1 X114.721 Y109.879 E2.2076
G1 X114.981 Y110.125 E2.21493
G1 X115.215 Y110.396 E2.22226
G1 X115.537 Y110.896 E2.23444
G1 X115.687 Y111.22 E2.24175
G1 X115.803 Y111.558 E2.24907
G1 X115.883 Y111.907 E2.2564
G1 X115.927 Y112.262 E2.26372
G1 X115.916 Y112.856 E2.27589
G1 X115.861 Y113.21 E2.28323
G1 X115.769 Y113.556 E2.29056
G1 X115.641 Y113.89 E2.29788
G1 X115.48 Y114.209 E2.3052
G1 X115.286 Y114.509 E2.31252
G1 X115.061 Y114.788 E2.31986
G1 X114.629 Y115.196 E2.33203
G1 X114.336 Y115.403 E2.33938
G1 X114.025 Y115.578 E2.34669
G1 X113.697 Y115.72 E2.35401
G1 X113.354 Y115.827 E2.36137
G1 X112.768 Y115.924 E2.37353
G1 X112.411 Y115.934 E2.38084
G1 X112.054 Y115.906 E2.38817
G1 X111.473 Y115.778 E2.40035
G1 X111.138 Y115.653 E2.40767
G1 X110.817 Y115.494 E2.41501
G1 X110.326 Y115.159 E2.42718
G1 X110.061 Y114.918 E2.43451
G1 X109.869 Y114.703 E2.44041
G1 X109.632 Y114.381 F7800
G1 X109.838 Y114.252
;TYPE:Gap fill
;WIDTH:0.27071
G1 F758
G1 X109.707 Y114.042 E2.4449
G1 X109.56 Y113.742 E2.45095
G1 X109.446 Y113.43 E2.45697
G1 X109.377 Y113.156 E2.46209
G1 X109.326 Y112.83 E2.46807
G1 X109.31 Y112.549 E2.47317
G1 X109.319 Y112.227 E2.47901
G1 X109.366 Y111.894 E2.48511
G1 X109.446 Y111.572 E2.49112
G1 X109.543 Y111.3 E2.49635
G1 X109.66 Y111.045 E2.50143
G1 X109.827 Y110.757 E2.50746
G1 X110.023 Y110.489 E2.51348
G1 X110.21 Y110.279 E2.51858
G1 X110.454 Y110.052 E2.52462
G1 X110.718 Y109.852 E2.53062
G1 X110.959 Y109.706 E2.53573
G1 X111.259 Y109.561 E2.54177
G1 X111.571 Y109.448 E2.54778
G1 X111.844 Y109.378 E2.55289
G1 X112.16 Y109.328 E2.55869
G1 X112.443 Y109.31 E2.56383
G1 X112.784 Y109.322 E2.57001
G1 X113.115 Y109.369 E2.57607
G1 X113.436 Y109.45 E2.58207
G1 X113.691 Y109.54 E2.58697
G1 X113.955 Y109.66 E2.59223
G1 X114.243 Y109.827 E2.59826
G1 X114.511 Y110.023 E2.60428
G1 X114.721 Y110.21 E2.60938
G1 X114.948 Y110.454 E2.61542
G1 X115.149 Y110.718 E2.62143
G1 X115.322 Y111.009 E2.62757
G1 X115.44 Y111.259 E2.63258
G1 X115.553 Y111.571 E2.63859
G1 X115.622 Y111.844 E2.64369
G1 X115.673 Y112.17 E2.64967
G1 X115.69 Y112.441 E2.65459
G1 X115.679 Y112.782 E2.66077
G1 X115.641 Y113.059 E2.66584
G1 X115.58 Y113.333 E2.67093
G1 X115.476 Y113.649 E2.67696
G1 X115.34 Y113.954 E2.68301
G1 X115.179 Y114.233 E2.68885
G1 X114.984 Y114.502 E2.69487
G1 X114.798 Y114.714 E2.69998
G1 X114.548 Y114.947 E2.70617
G1 X114.324 Y115.117 E2.71127
G1 X114.053 Y115.287 E2.71707
G1 X113.789 Y115.418 E2.72241
G1 X113.491 Y115.532 E2.72819
G1 X113.169 Y115.621 E2.73424
G1 X112.83 Y115.674 E2.74046
G1 X112.549 Y115.69 E2.74556
G1 X112.229 Y115.679 E2.75136
G1 X111.941 Y115.642 E2.75662
G1 X111.665 Y115.579 E2.76175
G1 X111.351 Y115.476 E2.76774
G1 X111.046 Y115.34 E2.77379
G1 X110.757 Y115.173 E2.77984
G1 X110.488 Y114.978 E2.78586
G1 X110.278 Y114.79 E2.79097
G1 X110.053 Y114.548 E2.79696
G1 X109.883 Y114.324 E2.80206
G1 X109.87 Y114.303 E2.80251
M106 S89.25
;LAYER_CHANGE
;Z:6.08
;HEIGHT:0.21
G1 Z6.08 F7800
G1 E.80251 F2400
G92 E0
G1 X109.87 Y114.303 Z6.48 F7800
G1 X109.563 Y112.231
G1 Z6.08
G1 E2 F2400
G92 E0
;TYPE:External perimeter
;WIDTH:0.3
G1 F600
G1 X109.595 Y111.987 E.00504
G1 X109.664 Y111.687 E.01134
G1 X109.764 Y111.395 E.01766
G1 X109.872 Y111.16 E.02296
G1 X110.026 Y110.894 E.02925
G1 X110.176 Y110.683 E.03455
G1 X110.378 Y110.45 E.04086
G1 X110.603 Y110.24 E.04716
G1 X110.809 Y110.083 E.05246
G1 X111.07 Y109.92 E.05876
G1 X111.347 Y109.784 E.06508
G1 X111.637 Y109.679 E.0714
G1 X112.141 Y109.572 E.08195
G1 X112.449 Y109.55 E.08827
G1 X112.757 Y109.561 E.09458
G1 X113.063 Y109.604 E.10091
G1 X113.362 Y109.679 E.10722
G1 X113.84 Y109.872 E.11778
G1 X114.107 Y110.026 E.12409
G1 X114.356 Y110.207 E.13039
G1 X114.55 Y110.378 E.13569
G1 X114.76 Y110.604 E.14201
G1 X114.946 Y110.85 E.14833
G1 X115.081 Y111.071 E.15363
G1 X115.215 Y111.347 E.15991
G1 X115.306 Y111.589 E.1652
G1 X115.386 Y111.886 E.1715
G1 X115.428 Y112.141 E.17679
G1 X115.45 Y112.449 E.18311
G1 X115.439 Y112.757 E.18942
G1 X115.405 Y113.013 E.19471
G1 X115.336 Y113.313 E.20101
G1 X115.236 Y113.605 E.20733
G1 X115.128 Y113.84 E.21263
G1 X114.974 Y114.106 E.21892
G1 X114.824 Y114.317 E.22422
G1 X114.622 Y114.549 E.23052
G1 X114.435 Y114.727 E.23581
G1 X114.192 Y114.917 E.24213
G1 X113.931 Y115.08 E.24843
G1 X113.699 Y115.196 E.25374
G1 X113.412 Y115.306 E.26003
G1 X113.163 Y115.375 E.26532
G1 X112.859 Y115.428 E.27164
G1 X112.552 Y115.45 E.27794
G1 X112.293 Y115.443 E.28325
G1 X111.988 Y115.405 E.28954
G1 X111.736 Y115.349 E.29483
G1 X111.443 Y115.254 E.30114
G1 X111.16 Y115.129 E.30748
G1 X110.894 Y114.974 E.31378
G1 X110.683 Y114.824 E.31908
G1 X110.45 Y114.622 E.32539
G1 X110.24 Y114.396 E.33171
G1 X110.054 Y114.15 E.33803
G1 X109.919 Y113.929 E.34333
G1 X109.784 Y113.653 E.34962
G1 X109.679 Y113.363 E.35594
G1 X109.614 Y113.112 E.36125
G1 X109.566 Y112.809 E.36753
G1 X109.55 Y112.551 E.37282
G1 X109.559 Y112.291 E.37815
G1 X109.62 Y111.896 F7800
G1 E-1.62185 F2400
G92 E0
G1 Z6.48 F7800
G1 X109.993 Y114.528
G1 Z6.08
G1 E2 F2400
G1 F600
G1 X109.795 Y114.255 E2.00691
G1 X109.626 Y113.962 E2.01384
G1 X109.506 Y113.699 E2.01976
G1 X109.402 Y113.397 E2.0263
G1 X109.326 Y113.068 E2.03321
G1 X109.287 Y112.781 E2.03914
G1 X109.276 Y112.444 E2.04604
G1 X109.299 Y112.107 E2.05296
G1 X109.347 Y111.822 E2.05888
G1 X109.436 Y111.496 E2.0658
G1 X109.55 Y111.197 E2.07235
G1 X109.679 Y110.938 E2.07827
G1 X109.857 Y110.652 E2.08517
G1 X110.065 Y110.385 E2.0921
G1 X110.264 Y110.176 E2.09801
G1 X110.52 Y109.955 E2.10494
G1 X110.782 Y109.771 E2.1115
G1 X111.033 Y109.628 E2.11742
G1 X111.341 Y109.491 E2.12432
G1 X111.662 Y109.386 E2.13124
G1 X111.944 Y109.323 E2.13716
G1 X112.263 Y109.284 E2.14374
G1 X112.552 Y109.276 E2.14966
G1 X112.841 Y109.293 E2.15559
G1 X113.174 Y109.346 E2.16249
G1 X113.5 Y109.434 E2.1694
G1 X113.771 Y109.536 E2.17533
G1 X114.058 Y109.677 E2.18188
G1 X114.345 Y109.855 E2.1888
G1 X114.574 Y110.031 E2.19471
G1 X114.821 Y110.261 E2.20162
G1 X115.043 Y110.516 E2.20854
G1 X115.21 Y110.752 E2.21446
G1 X115.37 Y111.029 E2.22101
G1 X115.508 Y111.338 E2.22794
G1 X115.6 Y111.611 E2.23384
G1 X115.676 Y111.941 E2.24077
G1 X115.717 Y112.276 E2.24768
G1 X115.724 Y112.564 E2.25358
G1 X115.7 Y112.902 E2.26052
G1 X115.644 Y113.217 E2.26707
G1 X115.567 Y113.495 E2.27298
G1 X115.446 Y113.811 E2.27991
G1 X115.293 Y114.112 E2.28682
G1 X115.138 Y114.355 E2.29272
G1 X114.941 Y114.608 E2.29929
G1 X114.742 Y114.818 E2.30521
G1 X114.487 Y115.04 E2.31213
G1 X114.252 Y115.207 E2.31803
G1 X113.959 Y115.376 E2.32496
G1 X113.667 Y115.506 E2.33151
G1 X113.393 Y115.599 E2.33744
G1 X113.064 Y115.675 E2.34435
G1 X112.729 Y115.717 E2.35126
G1 X112.439 Y115.724 E2.3572
G1 X112.151 Y115.706 E2.36311
G1 X111.834 Y115.655 E2.36968
G1 X111.554 Y115.583 E2.3756
G1 X111.237 Y115.467 E2.38251
G1 X110.934 Y115.319 E2.38942
G1 X110.687 Y115.167 E2.39536
G1 X110.432 Y114.974 E2.40191
G1 X110.185 Y114.744 E2.40882
G1 X110.033 Y114.573 E2.4135
G1 X109.798 Y114.249 F7800
G1 E.4135 F2400
G92 E0
M107
;TYPE:Custom
; Filament-specific end gcode 
;END gcode for filament
M104 S0 ; turn off temperature
G28 X0  ; home X axis
M84     ; disable motors
; objects_info = {"objects":[]}
; filament used [mm] = 117.33
; filament used [cm3] = 0.28
; total filament used [g] = 0.00
; total filament cost = 0.00
; total filament used for wipe tower [g] = 0.00
; estimated printing time (normal mode) = 5m 6s
; estimated first layer printing time (normal mode) = 18s

; prusaslicer_config = begin
; arc_fitting = disabled
; autoemit_temperature_commands = 1
; avoid_crossing_curled_overhangs = 0
; avoid_crossing_perimeters = 0
; avoid_crossing_perimeters_max_detour = 0
; bed_custom_model = 
; bed_custom_texture = 
; bed_shape = -5x-5,230x-5,230x230,-5x230
; bed_temperature = 70
; before_layer_gcode = 
; between_objects_gcode = 
; binary_gcode = 0
; bottom_fill_pattern = monotonic
; bottom_solid_layers = 2
; bottom_solid_min_thickness = 0
; bridge_acceleration = 0
; bridge_angle = 0
; bridge_fan_speed = 35
; bridge_flow_ratio = 1
; bridge_speed = 30
; brim_separation = 0
; brim_type = outer_only
; brim_width = 1
; color_change_gcode = M600
; complete_objects = 0
; cooling = 1
; cooling_tube_length = 5
; cooling_tube_retraction = 91.5
; default_acceleration = 0
; default_filament_profile = 
; default_print_profile = 
; deretract_speed = 0
; disable_fan_first_layers = 3
; dont_support_bridges = 1
; draft_shield = disabled
; duplicate_distance = 6
; elefant_foot_compensation = 0
; enable_dynamic_fan_speeds = 0
; enable_dynamic_overhang_speeds = 0
; end_filament_gcode = "; Filament-specific end gcode \n;END gcode for filament\n"
; end_gcode = M104 S0 ; turn off temperature\nG28 X0  ; home X axis\nM84     ; disable motors\n
; external_perimeter_acceleration = 0
; external_perimeter_extrusion_width = 0.3
; external_perimeter_speed = 50%
; external_perimeters_first = 0
; extra_loading_move = -2
; extra_perimeters = 1
; extra_perimeters_on_overhangs = 0
; extruder_clearance_height = 20
; extruder_clearance_radius = 20
; extruder_colour = ""
; extruder_offset = 0x0
; extrusion_axis = E
; extrusion_multiplier = 0.92
; extrusion_width = 0.3
; fan_always_on = 0
; fan_below_layer_time = 60
; filament_colour = #29B2B2
; filament_cooling_final_speed = 3.4
; filament_cooling_initial_speed = 2.2
; filament_cooling_moves = 4
; filament_cost = 0
; filament_density = 0
; filament_diameter = 1.75
; filament_load_time = 0
; filament_loading_speed = 28
; filament_loading_speed_start = 3
; filament_max_volumetric_speed = 0
; filament_minimal_purge_on_wipe_tower = 15
; filament_multitool_ramming = 0
; filament_multitool_ramming_flow = 10
; filament_multitool_ramming_volume = 10
; filament_notes = ""
; filament_purge_multiplier = 100%
; filament_ramming_parameters = "120 100 6.6 6.8 7.2 7.6 7.9 8.2 8.7 9.4 9.9 10.0| 0.05 6.6 0.45 6.8 0.95 7.8 1.45 8.3 1.95 9.7 2.45 10 2.95 7.6 3.45 7.6 3.95 7.6 4.45 7.6 4.95 7.6"
; filament_settings_id = ElegooPrinter
; filament_soluble = 0
; filament_spool_weight = 0
; filament_stamping_distance = 0
; filament_stamping_loading_speed = 20
; filament_toolchange_delay = 0
; filament_type = PET
; filament_unload_time = 0
; filament_unloading_speed = 90
; filament_unloading_speed_start = 100
; filament_vendor = (Unknown)
; fill_angle = 45
; fill_density = 10%
; fill_pattern = rectilinear
; first_layer_acceleration = 0
; first_layer_acceleration_over_raft = 0
; first_layer_bed_temperature = 70
; first_layer_extrusion_width = 0.5
; first_layer_height = 0.2
; first_layer_speed = 45
; first_layer_speed_over_raft = 30
; first_layer_temperature = 240
; full_fan_speed_layer = 0
; fuzzy_skin = none
; fuzzy_skin_point_dist = 0.8
; fuzzy_skin_thickness = 0.3
; gap_fill_enabled = 1
; gap_fill_speed = 30
; gcode_comments = 0
; gcode_flavor = klipper
; gcode_label_objects = disabled
; gcode_resolution = 0.0125
; gcode_substitutions = 
; high_current_on_filament_swap = 0
; host_type = prusalink
; infill_acceleration = 0
; infill_anchor = 600%
; infill_anchor_max = 50
; infill_every_layers = 1
; infill_extruder = 1
; infill_extrusion_width = 0.25
; infill_first = 0
; infill_overlap = 0%
; infill_speed = 30
; interface_shells = 0
; ironing = 0
; ironing_flowrate = 15%
; ironing_spacing = 0.1
; ironing_speed = 15
; ironing_type = top
; layer_gcode = 
; layer_height = 0.21
; machine_limits_usage = time_estimate_only
; machine_max_acceleration_e = 10000,5000
; machine_max_acceleration_extruding = 1500,1250
; machine_max_acceleration_retracting = 1500,1250
; machine_max_acceleration_travel = 1500,1250
; machine_max_acceleration_x = 9000,1000
; machine_max_acceleration_y = 9000,1000
; machine_max_acceleration_z = 500,200
; machine_max_feedrate_e = 120,120
; machine_max_feedrate_x = 500,200
; machine_max_feedrate_y = 500,200
; machine_max_feedrate_z = 12,12
; machine_max_jerk_e = 2.5,2.5
; machine_max_jerk_x = 10,10
; machine_max_jerk_y = 10,10
; machine_max_jerk_z = 0.2,0.4
; machine_min_extruding_rate = 0,0
; machine_min_travel_rate = 0,0
; max_fan_speed = 35
; max_layer_height = 0
; max_print_height = 300
; max_print_speed = 70
; max_volumetric_extrusion_rate_slope_negative = 0
; max_volumetric_extrusion_rate_slope_positive = 0
; max_volumetric_speed = 0
; min_bead_width = 85%
; min_fan_speed = 30
; min_feature_size = 25%
; min_layer_height = 0.07
; min_print_speed = 10
; min_skirt_length = 0
; mmu_segmented_region_interlocking_depth = 0
; mmu_segmented_region_max_width = 0
; multimaterial_purging = 140
; notes = 
; nozzle_diameter = 0.4
; only_retract_when_crossing_perimeters = 0
; ooze_prevention = 0
; output_filename_format = [input_filename_base].gcode
; overhang_fan_speed_0 = 0
; overhang_fan_speed_1 = 0
; overhang_fan_speed_2 = 0
; overhang_fan_speed_3 = 0
; overhang_speed_0 = 15
; overhang_speed_1 = 15
; overhang_speed_2 = 20
; overhang_speed_3 = 25
; overhangs = 1
; parking_pos_retraction = 92
; pause_print_gcode = M601
; perimeter_acceleration = 0
; perimeter_extruder = 1
; perimeter_extrusion_width = 0.3
; perimeter_generator = classic
; perimeter_speed = 30
; perimeters = 3
; physical_printer_settings_id = 
; post_process = 
; print_settings_id = ElegooPrinter
; printer_model = 
; printer_notes = 
; printer_settings_id = ElegooPrinter
; printer_technology = FFF
; printer_variant = 
; printer_vendor = 
; raft_contact_distance = 0.1
; raft_expansion = 1.5
; raft_first_layer_density = 90%
; raft_first_layer_expansion = 1
; raft_layers = 0
; remaining_times = 0
; resolution = 0
; retract_before_travel = 2
; retract_before_wipe = 0%
; retract_layer_change = 0
; retract_length = 2
; retract_length_toolchange = 10
; retract_lift = 0.4
; retract_lift_above = 0
; retract_lift_below = 0
; retract_restart_extra = 0
; retract_restart_extra_toolchange = 0
; retract_speed = 40
; seam_position = aligned
; silent_mode = 1
; single_extruder_multi_material = 0
; single_extruder_multi_material_priming = 1
; skirt_distance = 10
; skirt_height = 1
; skirts = 3
; slice_closing_radius = 0.049
; slicing_mode = regular
; slowdown_below_layer_time = 5
; small_perimeter_speed = 20
; solid_infill_acceleration = 0
; solid_infill_below_area = 70
; solid_infill_every_layers = 0
; solid_infill_extruder = 1
; solid_infill_extrusion_width = 0.22
; solid_infill_speed = 40
; spiral_vase = 0
; staggered_inner_seams = 0
; standby_temperature_delta = -5
; start_filament_gcode = "; Filament gcode\n"
; start_gcode = M104 S0 ; Трюк: сообщаем слайсеру, что температура сопла установлена (в 0), чтобы он не вставлял свой M109\nM140 S0 ; Трюк: сообщаем слайсеру, что температура стола установлена (в 0), чтобы он не вставлял свой M190\nM104 S[first_layer_temperature] ; Реальный нагрев сопла без ожидания (для безопасности, если макрос не сработает)\nM140 S[first_layer_bed_temperature] ; Реальный нагрев стола без ожидания\nSTART_PRINT BED_TEMP=[first_layer_bed_temperature] EXTRUDER_TEMP=[first_layer_temperature]\n\n
; support_material = 1
; support_material_angle = 0
; support_material_auto = 0
; support_material_bottom_contact_distance = 0
; support_material_bottom_interface_layers = -1
; support_material_buildplate_only = 0
; support_material_closing_radius = 2
; support_material_contact_distance = 0.2
; support_material_enforce_layers = 0
; support_material_extruder = 1
; support_material_extrusion_width = 0.25
; support_material_interface_contact_loops = 0
; support_material_interface_extruder = 1
; support_material_interface_layers = 3
; support_material_interface_pattern = rectilinear
; support_material_interface_spacing = 1
; support_material_interface_speed = 100%
; support_material_pattern = rectilinear
; support_material_spacing = 3
; support_material_speed = 40
; support_material_style = grid
; support_material_synchronize_layers = 0
; support_material_threshold = 0
; support_material_with_sheath = 1
; support_material_xy_spacing = 50%
; support_tree_angle = 40
; support_tree_angle_slow = 25
; support_tree_branch_diameter = 2
; support_tree_branch_diameter_angle = 5
; support_tree_branch_diameter_double_wall = 3
; support_tree_branch_distance = 1
; support_tree_tip_diameter = 0.8
; support_tree_top_rate = 15%
; temperature = 235
; template_custom_gcode = 
; thick_bridges = 1
; thin_walls = 1
; thumbnails = 
; thumbnails_format = PNG
; toolchange_gcode = 
; top_fill_pattern = monotonic
; top_infill_extrusion_width = 0.22
; top_solid_infill_acceleration = 0
; top_solid_infill_speed = 40
; top_solid_layers = 2
; top_solid_min_thickness = 0
; travel_acceleration = 0
; travel_lift_before_obstacle = 0
; travel_max_lift = 0
; travel_ramping_lift = 0
; travel_slope = 0
; travel_speed = 130
; travel_speed_z = 0
; use_firmware_retraction = 0
; use_relative_e_distances = 0
; use_volumetric_e = 0
; variable_layer_height = 1
; wall_distribution_count = 1
; wall_transition_angle = 10
; wall_transition_filter_deviation = 25%
; wall_transition_length = 100%
; wipe = 0
; wipe_into_infill = 0
; wipe_into_objects = 0
; wipe_tower = 0
; wipe_tower_acceleration = 0
; wipe_tower_bridging = 10
; wipe_tower_brim_width = 2
; wipe_tower_cone_angle = 0
; wipe_tower_extra_flow = 100%
; wipe_tower_extra_spacing = 100%
; wipe_tower_extruder = 0
; wipe_tower_no_sparse_layers = 0
; wipe_tower_rotation_angle = 0
; wipe_tower_width = 60
; wipe_tower_x = 180
; wipe_tower_y = 140
; wiping_volumes_matrix = 0
; wiping_volumes_use_custom_matrix = 0
; xy_size_compensation = 0
; z_offset = 0
; prusaslicer_config = end
