; generated by PrusaSlicer 2.7.4 on 2026-07-29 at 08:29:50 UTC

; 

; external perimeters extrusion width = 0.40mm
; perimeters extrusion width = 0.42mm
; infill extrusion width = 0.42mm
; solid infill extrusion width = 0.42mm
; top infill extrusion width = 0.42mm
; support material extrusion width = 0.35mm
; first layer extrusion width = 0.50mm

;TYPE:Custom
M104 S0 ; Трюк: сообщаем слайсеру, что температура сопла установлена (в 0), чтобы он не вставлял свой M109
M140 S0 ; Трюк: сообщаем слайсеру, что температура стола установлена (в 0), чтобы он не вставлял свой M190
M104 S235 ; Реальный нагрев сопла без ожидания (для безопасности, если макрос не сработает)
M140 S70 ; Реальный нагрев стола без ожидания
START_PRINT BED_TEMP=70 EXTRUDER_TEMP=235

G21 ; set units to millimeters
G90 ; use absolute coordinates
M82 ; use absolute distances for extrusion
G92 E0
; Filament gcode
M107
;LAYER_CHANGE
;Z:0.2
;HEIGHT:0.2
G1 E-2 F2400
G1 Z.6 F12000
G1 X103.478 Y103.121
G1 Z.2
G1 E0 F2400
;TYPE:Skirt/Brim
;WIDTH:0.5
G1 F1800
G1 X104.467 Y102.261 E.04782
G1 X105.465 Y101.552 E.09249
G1 X106.416 Y100.996 E.13268
G1 X107.693 Y100.407 E.18399
G1 X108.723 Y100.046 E.22381
G1 X110.055 Y99.718 E.27386
G1 X111.404 Y99.532 E.32355
G1 X112.798 Y99.49 E.37443
G1 X113.888 Y99.56 E.41428
G1 X115.179 Y99.765 E.46197
G1 X116.332 Y100.063 E.50542
G1 X117.62 Y100.535 E.55547
G1 X118.784 Y101.103 E.60273
G1 X119.801 Y101.727 E.64626
G1 X120.886 Y102.548 E.6959
G1 X121.888 Y103.487 E.746
G1 X122.739 Y104.467 E.79336
G1 X123.429 Y105.435 E.83673
G1 X124.082 Y106.565 E.88435
G1 X124.577 Y107.65 E.92786
G1 X125.01 Y108.913 E.97657
G1 X125.312 Y110.213 E1.02526
G1 X125.467 Y111.394 E1.06872
G1 X125.511 Y112.752 E1.11829
G1 X125.42 Y114.059 E1.16609
G1 X125.224 Y115.232 E1.20948
G1 X124.877 Y116.521 E1.25818
G1 X124.4 Y117.768 E1.30689
G1 X123.869 Y118.833 E1.35031
G1 X123.176 Y119.942 E1.39802
G1 X122.452 Y120.886 E1.44143
G1 X121.56 Y121.843 E1.48916
G1 X120.669 Y122.631 E1.53256
G1 X119.588 Y123.414 E1.58126
G1 X118.433 Y124.083 E1.62996
G1 X117.35 Y124.577 E1.67339
G1 X116.116 Y125.002 E1.72101
G1 X114.954 Y125.281 E1.76461
G1 X113.634 Y125.464 E1.81323
G1 X112.301 Y125.513 E1.8619
G1 X111.112 Y125.44 E1.90536
G1 X109.77 Y125.224 E1.95495
G1 X108.504 Y124.885 E2.00277
G1 X107.357 Y124.455 E2.04746
G1 X106.365 Y123.977 E2.08764
G1 X105.191 Y123.268 E2.13768
G1 X104.135 Y122.469 E2.186
G1 X103.158 Y121.56 E2.23469
G1 X102.369 Y120.669 E2.27811
G1 X101.586 Y119.588 E2.32681
G1 X100.917 Y118.433 E2.37551
G1 X100.423 Y117.35 E2.41894
G1 X99.99 Y116.087 E2.46765
G1 X99.689 Y114.789 E2.51627
G1 X99.533 Y113.607 E2.55977
G1 X99.487 Y112.3 E2.60749
G1 X99.56 Y111.113 E2.65088
G1 X99.765 Y109.821 E2.69861
G1 X100.063 Y108.668 E2.74206
G1 X100.535 Y107.38 E2.79211
G1 X101.105 Y106.214 E2.83946
G1 X101.726 Y105.199 E2.88287
G1 X102.548 Y104.115 E2.93251
G1 X103.437 Y103.165 E2.97998
G1 X103.437 Y103.165 F12000
G1 X103.77 Y103.476
G1 F1800
G1 X103.791 Y103.454 E2.98109
G1 X104.752 Y102.619 E3.02754
G1 X105.705 Y101.941 E3.07021
G1 X106.626 Y101.402 E3.10915
G1 X107.852 Y100.836 E3.15842
G1 X108.851 Y100.485 E3.19705
G1 X110.135 Y100.168 E3.2453
G1 X111.437 Y99.988 E3.29326
G1 X112.777 Y99.947 E3.34217
G1 X113.835 Y100.014 E3.38085
G1 X115.088 Y100.213 E3.42714
G1 X116.194 Y100.499 E3.46882
G1 X117.435 Y100.954 E3.51705
G1 X118.566 Y101.505 E3.56295
G1 X119.541 Y102.103 E3.60468
G1 X120.596 Y102.901 E3.65294
G1 X121.554 Y103.8 E3.70087
G1 X122.381 Y104.751 E3.74685
G1 X123.043 Y105.68 E3.78847
G1 X123.677 Y106.777 E3.8347
G1 X124.151 Y107.817 E3.8764
G1 X124.572 Y109.044 E3.92373
G1 X124.862 Y110.297 E3.97066
G1 X125.011 Y111.429 E4.01232
G1 X125.055 Y112.738 E4.06011
G1 X124.966 Y114.008 E4.10656
G1 X124.778 Y115.133 E4.14818
G1 X124.444 Y116.374 E4.19507
G1 X123.981 Y117.586 E4.24241
G1 X123.472 Y118.607 E4.28403
G1 X122.799 Y119.684 E4.33037
G1 X122.105 Y120.589 E4.37198
G1 X121.239 Y121.517 E4.41829
G1 X120.385 Y122.273 E4.4599
G1 X119.344 Y123.028 E4.50682
G1 X118.221 Y123.678 E4.55416
G1 X117.183 Y124.151 E4.59578
G1 X115.985 Y124.564 E4.64201
G1 X114.871 Y124.831 E4.68381
G1 X113.588 Y125.01 E4.73108
G1 X112.304 Y125.055 E4.77796
G1 X111.165 Y124.986 E4.81959
G1 X109.871 Y124.779 E4.8674
G1 X108.641 Y124.449 E4.91386
G1 X107.546 Y124.038 E4.95653
G1 X106.584 Y123.576 E4.99547
G1 X105.453 Y122.893 E5.04368
G1 X104.424 Y122.115 E5.09075
G1 X103.483 Y121.239 E5.13766
G1 X102.727 Y120.385 E5.17927
G1 X101.972 Y119.344 E5.22619
G1 X101.322 Y118.221 E5.27353
G1 X100.849 Y117.183 E5.31515
G1 X100.428 Y115.956 E5.36248
G1 X100.138 Y114.706 E5.4093
G1 X99.989 Y113.572 E5.45103
G1 X99.945 Y112.304 E5.49732
G1 X100.014 Y111.165 E5.53895
G1 X100.213 Y109.912 E5.58524
G1 X100.499 Y108.806 E5.62692
G1 X100.954 Y107.565 E5.67515
G1 X101.506 Y106.432 E5.72113
G1 X102.103 Y105.459 E5.76278
G1 X102.894 Y104.414 E5.8106
G1 X103.729 Y103.52 E5.85523
G1 X103.729 Y103.52 F12000
G1 X104.063 Y103.832
G1 F1800
G1 X104.104 Y103.787 E5.85745
G1 X105.036 Y102.976 E5.90253
G1 X106.836 Y101.808 E5.98082
G1 X108.011 Y101.264 E6.02806
G1 X108.98 Y100.923 E6.06554
G1 X110.216 Y100.618 E6.11199
G1 X111.47 Y100.444 E6.15818
G1 X112.756 Y100.403 E6.20512
G1 X113.783 Y100.468 E6.24267
G1 X114.998 Y100.661 E6.28756
G1 X116.056 Y100.934 E6.32743
G1 X117.25 Y101.372 E6.37383
G1 X118.348 Y101.907 E6.41839
G1 X119.282 Y102.479 E6.45835
G1 X120.297 Y103.247 E6.50479
G1 X121.221 Y104.113 E6.551
G1 X122.024 Y105.036 E6.59564
G1 X122.658 Y105.925 E6.63548
G1 X123.272 Y106.988 E6.68027
G1 X123.726 Y107.984 E6.72021
G1 X124.131 Y109.164 E6.76573
G1 X124.413 Y110.381 E6.81131
G1 X124.555 Y111.464 E6.85116
G1 X124.598 Y112.724 E6.89716
G1 X124.512 Y113.956 E6.94222
G1 X124.332 Y115.034 E6.9821
G1 X124.008 Y116.239 E7.02763
G1 X123.561 Y117.404 E7.07316
G1 X123.074 Y118.382 E7.11302
G1 X122.422 Y119.425 E7.1579
G1 X121.757 Y120.292 E7.19777
G1 X120.919 Y121.191 E7.24261
G1 X120.1 Y121.915 E7.28249
G1 X119.09 Y122.647 E7.328
G1 X118.01 Y123.273 E7.37355
G1 X117.016 Y123.726 E7.41341
G1 X115.855 Y124.125 E7.4582
G1 X114.788 Y124.381 E7.49824
G1 X113.554 Y124.554 E7.5437
G1 X112.308 Y124.598 E7.58919
G1 X111.217 Y124.532 E7.62907
G1 X109.972 Y124.333 E7.67507
G1 X108.778 Y124.013 E7.72017
G1 X106.803 Y123.175 E7.79845
G1 X105.714 Y122.517 E7.84487
G1 X104.723 Y121.769 E7.89017
G1 X103.809 Y120.919 E7.93571
G1 X103.085 Y120.1 E7.97559
G1 X102.353 Y119.09 E8.0211
G1 X101.727 Y118.01 E8.06665
G1 X101.274 Y117.016 E8.10651
G1 X100.869 Y115.835 E8.15206
G1 X100.588 Y114.622 E8.19749
G1 X100.445 Y113.536 E8.23746
G1 X100.402 Y112.307 E8.28233
G1 X100.468 Y111.217 E8.32217
G1 X100.661 Y110.002 E8.36706
G1 X100.934 Y108.944 E8.40693
G1 X101.372 Y107.75 E8.45333
G1 X101.908 Y106.65 E8.49798
G1 X102.479 Y105.718 E8.53786
G1 X103.24 Y104.712 E8.58388
G1 X104.022 Y103.875 E8.62567
G1 X104.022 Y103.875 F12000
G1 X104.355 Y104.187
G1 F1800
G1 X104.425 Y104.112 E8.62941
G1 X105.321 Y103.334 E8.67271
G1 X106.184 Y102.719 E8.71137
G1 X107.047 Y102.213 E8.74787
G1 X108.171 Y101.693 E8.79306
G1 X109.11 Y101.362 E8.82939
G1 X110.297 Y101.068 E8.87401
G1 X111.504 Y100.9 E8.91847
G1 X112.735 Y100.86 E8.96341
G1 X113.731 Y100.923 E8.99982
G1 X114.907 Y101.109 E9.04326
G1 X115.918 Y101.37 E9.08136
G1 X117.066 Y101.79 E9.12596
G1 X118.13 Y102.309 E9.16915
G1 X119.022 Y102.856 E9.20733
G1 X119.998 Y103.593 E9.25195
G1 X120.888 Y104.425 E9.2964
G1 X121.666 Y105.321 E9.3397
G1 X122.272 Y106.171 E9.37779
G1 X122.866 Y107.2 E9.42114
G1 X123.3 Y108.151 E9.45928
G1 X123.69 Y109.285 E9.50303
G1 X123.963 Y110.464 E9.54719
G1 X124.1 Y111.5 E9.58532
G1 X124.141 Y112.721 E9.62989
G1 X124.058 Y113.905 E9.6732
G1 X123.885 Y114.934 E9.71127
G1 X123.575 Y116.092 E9.75501
G1 X123.142 Y117.222 E9.79916
G1 X122.676 Y118.157 E9.83728
G1 X122.045 Y119.166 E9.8807
G1 X121.41 Y119.995 E9.9188
G1 X120.598 Y120.865 E9.96222
G1 X119.816 Y121.557 E10.00032
G1 X118.846 Y122.261 E10.04405
G1 X117.798 Y122.867 E10.08822
G1 X116.848 Y123.3 E10.12631
G1 X115.725 Y123.687 E10.16965
G1 X114.706 Y123.932 E10.20789
G1 X113.509 Y124.099 E10.25199
G1 X112.311 Y124.141 E10.29573
G1 X111.269 Y124.077 E10.33382
G1 X110.073 Y123.887 E10.378
G1 X108.916 Y123.577 E10.4217
G1 X107.923 Y123.205 E10.46039
G1 X107.021 Y122.773 E10.49688
G1 X105.975 Y122.142 E10.54145
G1 X105.012 Y121.415 E10.58547
G1 X104.135 Y120.598 E10.6292
G1 X103.443 Y119.816 E10.6673
G1 X102.739 Y118.846 E10.71103
G1 X102.133 Y117.798 E10.7552
G1 X101.7 Y116.848 E10.79329
G1 X101.307 Y115.704 E10.83742
G1 X101.037 Y114.538 E10.88109
G1 X100.9 Y113.501 E10.91925
G1 X100.859 Y112.311 E10.96269
G1 X100.923 Y111.269 E11.00078
G1 X101.109 Y110.093 E11.04422
G1 X101.37 Y109.082 E11.08232
G1 X101.79 Y107.934 E11.12692
G1 X102.31 Y106.868 E11.17019
G1 X102.856 Y105.978 E11.20829
G1 X103.593 Y105.002 E11.25291
G1 X104.314 Y104.231 E11.29142
G1 X104.314 Y104.231 F12000
G1 X104.648 Y104.543
G1 F1800
G1 X104.739 Y104.445 E11.2963
G1 X105.606 Y103.692 E11.3382
G1 X107.258 Y102.619 E11.41007
G1 X108.33 Y102.121 E11.4532
G1 X109.239 Y101.8 E11.48837
G1 X110.378 Y101.518 E11.53118
G1 X111.537 Y101.356 E11.57388
G1 X112.715 Y101.317 E11.61688
G1 X113.679 Y101.377 E11.65212
G1 X114.816 Y101.557 E11.69412
G1 X115.78 Y101.806 E11.73045
G1 X116.881 Y102.208 E11.77322
G1 X117.912 Y102.711 E11.81508
G1 X118.763 Y103.232 E11.85149
G1 X119.699 Y103.939 E11.89429
G1 X120.555 Y104.739 E11.93704
G1 X121.308 Y105.606 E11.97894
G1 X121.886 Y106.416 E12.01525
G1 X122.461 Y107.411 E12.05718
G1 X122.875 Y108.319 E12.09359
G1 X123.252 Y109.417 E12.13595
G1 X123.514 Y110.548 E12.17831
G1 X123.644 Y111.535 E12.21463
G1 X123.684 Y112.707 E12.25742
G1 X123.603 Y113.853 E12.29934
G1 X123.439 Y114.835 E12.33567
G1 X123.138 Y115.956 E12.37802
G1 X122.723 Y117.04 E12.42037
G1 X122.278 Y117.932 E12.45674
G1 X121.668 Y118.908 E12.49873
G1 X121.062 Y119.698 E12.53506
G1 X120.277 Y120.539 E12.57703
G1 X119.532 Y121.199 E12.61334
G1 X118.592 Y121.881 E12.65571
G1 X117.587 Y122.462 E12.69807
G1 X116.681 Y122.875 E12.7344
G1 X115.595 Y123.249 E12.77631
G1 X114.622 Y123.482 E12.81281
G1 X113.475 Y123.643 E12.85507
G1 X112.315 Y123.684 E12.89742
G1 X111.321 Y123.623 E12.93376
G1 X110.174 Y123.441 E12.97613
G1 X109.053 Y123.141 E13.01847
G1 X107.24 Y122.372 E13.09032
G1 X106.235 Y121.767 E13.13312
G1 X105.31 Y121.069 E13.1754
G1 X104.461 Y120.277 E13.21776
G1 X103.801 Y119.532 E13.25407
G1 X103.119 Y118.592 E13.29644
G1 X102.538 Y117.587 E13.3388
G1 X102.125 Y116.681 E13.37513
G1 X101.748 Y115.583 E13.41749
G1 X101.486 Y114.454 E13.45978
G1 X101.356 Y113.465 E13.49618
G1 X101.316 Y112.315 E13.53816
G1 X101.377 Y111.321 E13.5745
G1 X101.557 Y110.184 E13.6165
G1 X101.806 Y109.22 E13.65283
G1 X102.208 Y108.119 E13.6956
G1 X102.712 Y107.086 E13.73754
G1 X103.232 Y106.237 E13.77387
G1 X103.939 Y105.301 E13.81667
G1 X104.607 Y104.587 E13.85234
G1 X104.607 Y104.587 F12000
G1 X104.94 Y104.898
G1 F1800
G1 X105.052 Y104.778 E13.85833
G1 X106.665 Y103.497 E13.93348
G1 X108.49 Y102.549 E14.00851
G1 X110.459 Y101.968 E14.08341
G1 X111.571 Y101.812 E14.12438
G1 X112.695 Y101.773 E14.16542
G1 X114.725 Y102.005 E14.23997
G1 X116.697 Y102.627 E14.31541
G1 X118.504 Y103.609 E14.39045
G1 X119.401 Y104.285 E14.43143
G1 X120.221 Y105.052 E14.4724
G1 X121.501 Y106.662 E14.54745
G1 X122.449 Y108.487 E14.62248
G1 X122.811 Y109.537 E14.663
G1 X123.064 Y110.631 E14.70397
G1 X123.227 Y112.693 E14.77944
G1 X122.993 Y114.736 E14.85447
G1 X122.705 Y115.81 E14.89504
G1 X122.303 Y116.858 E14.93599
G1 X121.292 Y118.649 E15.01103
G1 X119.957 Y120.213 E15.08606
G1 X118.348 Y121.494 E15.1611
G1 X116.513 Y122.449 E15.23658
G1 X114.539 Y123.033 E15.31169
G1 X113.429 Y123.188 E15.35258
G1 X112.319 Y123.227 E15.3931
G1 X110.264 Y122.993 E15.46856
G1 X108.299 Y122.372 E15.54375
G1 X106.496 Y121.391 E15.61864
G1 X105.608 Y120.722 E15.65921
G1 X104.787 Y119.957 E15.70015
G1 X103.506 Y118.348 E15.77519
G1 X102.551 Y116.513 E15.85067
G1 X102.189 Y115.463 E15.89119
G1 X101.936 Y114.371 E15.93209
G1 X101.773 Y112.319 E16.0072
G1 X102.005 Y110.275 E16.08226
G1 X102.627 Y108.303 E16.1577
G1 X103.609 Y106.496 E16.23274
G1 X104.285 Y105.599 E16.27372
G1 X104.899 Y104.942 E16.30653
G1 E14.30653 F2400
G92 E0
G1 X104.899 Y104.942 Z.6 F12000
G92 E0
G1 X117.141 Y105.241
G1 Z.2
G1 E2 F2400
;TYPE:Solid infill
;WIDTH:0.510376
G1 F1800
G1 X118.603 Y106.703 E2.07715
G1 X119.051 Y107.21 E2.1024
G1 X119.562 Y107.914 E2.13486
G1 X119.996 Y108.665 E2.16723
G1 X120.074 Y108.836 E2.17424
G1 X116.175 Y104.937 E2.37999
G1 X115.79 Y104.749 E2.39598
G1 X115.06 Y104.483 E2.42497
G1 X120.509 Y109.932 E2.71252
G1 X120.594 Y110.179 E2.72227
G1 X120.745 Y110.828 E2.74713
G1 X114.166 Y104.25 E3.09428
G1 X113.382 Y104.127 E3.12389
G1 X120.867 Y111.612 E3.51888
G1 X120.908 Y112.314 E3.54512
G1 X112.678 Y104.084 E3.97942
G1 X112.035 Y104.102 E4.00342
G1 X120.897 Y112.964 E4.47107
G1 X120.848 Y113.577 E4.49402
G1 X111.431 Y104.159 E4.99099
G1 X110.855 Y104.244 E5.01272
G1 X120.754 Y114.143 E5.53509
G1 X120.623 Y114.674 E5.5555
G1 X117.145 Y111.196 E5.73904
G1 X117.226 Y111.496 E5.75064
G1 X117.305 Y112.017 E5.7703
G1 X120.476 Y115.187 E5.93761
G1 X120.293 Y115.665 E5.95671
G1 X117.321 Y112.693 E6.11354
G1 X117.313 Y112.912 E6.12172
G1 X117.263 Y113.296 E6.13617
G1 X120.092 Y116.125 E6.28546
G1 X119.872 Y116.566 E6.30385
G1 X117.142 Y113.837 E6.44789
G1 X116.971 Y114.327 E6.46726
G1 X119.62 Y116.975 E6.60702
G1 X119.36 Y117.377 E6.62488
G1 X116.758 Y114.775 E6.76219
G1 X116.51 Y115.188 E6.78017
G1 X119.073 Y117.751 E6.91542
G1 X118.769 Y118.108 E6.93292
G1 X116.227 Y115.566 E7.06706
G1 X115.914 Y115.914 E7.08453
G1 X118.45 Y118.45 E7.21836
G1 X118.108 Y118.769 E7.23581
G1 X115.568 Y116.229 E7.36985
G1 X115.19 Y116.512 E7.38747
G1 X117.755 Y119.077 E7.52283
G1 X117.372 Y119.355 E7.54049
G1 X114.777 Y116.76 E7.67743
G1 X114.325 Y116.97 E7.69603
G1 X116.979 Y119.624 E7.83608
G1 X116.56 Y119.866 E7.85414
G1 X113.834 Y117.139 E7.99802
G1 X113.293 Y117.259 E8.0187
G1 X116.125 Y120.092 E8.16817
G1 X115.671 Y120.299 E8.18679
G1 X112.695 Y117.323 E8.34383
G1 X112.015 Y117.304 E8.36921
G1 X115.182 Y120.47 E8.53631
G1 X114.678 Y120.628 E8.55602
G1 X110.876 Y116.826 E8.75665
G1 E6.75665 F2400
G92 E0
G1 X110.876 Y116.826 Z.6 F12000
G1 X114.12 Y108.17
G1 Z.2
G1 E2 F2400
G1 F1800
G1 X110.325 Y104.376 E2.20024
G1 X110.05 Y104.444 E2.21081
G1 X109.816 Y104.527 E2.22007
G1 X112.988 Y107.699 E2.38746
G1 X112.846 Y107.682 E2.3928
G1 X112.305 Y107.677 E2.41299
G1 X109.328 Y104.7 E2.57009
G1 X108.877 Y104.911 E2.58867
G1 X111.706 Y107.74 E2.73796
G1 X111.166 Y107.861 E2.75861
G1 X108.436 Y105.131 E2.90267
G1 X108.02 Y105.376 E2.92068
G1 X110.675 Y108.03 E3.06076
G1 X110.225 Y108.242 E3.07932
G1 X107.627 Y105.644 E3.21642
G1 X107.246 Y105.924 E3.23406
G1 X109.811 Y108.488 E3.36939
G1 X109.432 Y108.771 E3.38704
G1 X106.893 Y106.232 E3.52102
G1 X106.55 Y106.55 E3.53847
G1 X109.086 Y109.086 E3.6723
G1 X108.771 Y109.432 E3.68976
G1 X106.231 Y106.892 E3.8238
G1 X105.927 Y107.249 E3.8413
G1 X108.49 Y109.812 E3.97655
G1 X108.242 Y110.226 E3.99456
G1 X105.64 Y107.623 E4.1319
G1 X105.38 Y108.025 E4.14976
G1 X108.031 Y110.676 E4.28965
G1 X107.858 Y111.164 E4.30897
G1 X105.128 Y108.434 E4.45303
G1 X104.908 Y108.875 E4.47142
G1 X107.737 Y111.704 E4.62071
G1 X107.678 Y112.305 E4.64324
G1 X104.707 Y109.335 E4.79999
G1 X104.524 Y109.813 E4.81909
G1 X107.698 Y112.986 E4.98656
G1 X107.775 Y113.504 E5.0061
G1 X107.852 Y113.802 E5.01758
G1 X104.377 Y110.327 E5.20096
G1 X104.246 Y110.857 E5.22133
G1 X114.145 Y120.756 E5.7437
G1 X113.57 Y120.841 E5.76539
G1 X104.156 Y111.428 E6.26214
G1 X104.101 Y112.034 E6.28485
G1 X112.965 Y120.898 E6.75261
G1 X112.322 Y120.917 E6.77661
G1 X104.092 Y112.686 E7.21094
G1 X104.133 Y113.388 E7.23718
G1 X111.618 Y120.873 E7.63217
G1 X110.834 Y120.75 E7.66178
G1 X104.256 Y114.172 E8.0089
G1 X104.406 Y114.821 E8.03376
G1 X104.491 Y115.068 E8.04351
G1 X109.943 Y120.52 E8.33121
G1 X109.086 Y120.197 E8.36538
G1 X108.832 Y120.07 E8.37598
G1 X104.926 Y116.164 E8.5821
G1 X105.003 Y116.333 E8.58903
G1 X105.438 Y117.086 E8.62148
G1 X105.949 Y117.79 E8.65394
G1 X106.398 Y118.298 E8.67924
G1 X107.859 Y119.759 E8.75634
G1 E6.75634 F2400
G92 E0
G1 X107.859 Y119.759 Z.6 F12000
G1 X103.118 Y108.376
G1 Z.2
G1 E2 F2400
;TYPE:External perimeter
;WIDTH:0.5
G1 F1800
G1 X103.135 Y108.335 E2.00162
G1 X103.536 Y107.529 E2.03447
G1 X103.808 Y107.068 E2.054
G1 X104.103 Y106.623 E2.07348
G1 X104.65 Y105.91 E2.10627
G1 X105.004 Y105.51 E2.12576
G1 X105.38 Y105.127 E2.14534
G1 X105.775 Y104.764 E2.16491
G1 X106.188 Y104.424 E2.18443
G1 X106.918 Y103.904 E2.21713
G1 X107.69 Y103.449 E2.24983
G1 X108.168 Y103.21 E2.26933
G1 X108.658 Y102.997 E2.28882
G1 X109.505 Y102.697 E2.3216
G1 X110.02 Y102.555 E2.34109
G1 X110.544 Y102.438 E2.36068
G1 X111.073 Y102.35 E2.38025
G1 X111.607 Y102.289 E2.39986
G1 X112.142 Y102.256 E2.41942
G1 X112.675 Y102.252 E2.43887
G1 X113.574 Y102.307 E2.47173
G1 X114.103 Y102.376 E2.49119
G1 X114.629 Y102.474 E2.51071
G1 X115.499 Y102.699 E2.5435
G1 X116.006 Y102.868 E2.563
G1 X116.505 Y103.065 E2.58257
G1 X116.993 Y103.287 E2.60213
G1 X117.469 Y103.535 E2.62171
G1 X117.932 Y103.808 E2.64132
G1 X118.376 Y104.101 E2.66073
G1 X119.09 Y104.65 E2.69359
G1 X119.49 Y105.004 E2.71308
G1 X119.872 Y105.378 E2.73259
G1 X120.467 Y106.051 E2.76537
G1 X120.792 Y106.475 E2.78486
G1 X121.096 Y106.918 E2.80446
G1 X121.377 Y107.375 E2.82403
G1 X121.631 Y107.843 E2.84346
G1 X122.004 Y108.662 E2.8763
G1 X122.191 Y109.163 E2.89581
G1 X122.353 Y109.675 E2.9154
G1 X122.487 Y110.194 E2.93496
G1 X122.594 Y110.718 E2.95447
G1 X122.711 Y111.609 E2.98726
G1 X122.744 Y112.142 E3.00674
G1 X122.748 Y112.679 E3.02633
G1 X122.725 Y113.215 E3.0459
G1 X122.674 Y113.747 E3.0654
G1 X122.525 Y114.633 E3.09818
G1 X122.401 Y115.153 E3.11768
G1 X122.248 Y115.667 E3.13725
G1 X122.069 Y116.173 E3.15683
G1 X121.865 Y116.667 E3.17633
G1 X121.464 Y117.471 E3.20911
G1 X121.192 Y117.932 E3.22864
G1 X120.897 Y118.377 E3.24812
G1 X120.35 Y119.09 E3.28091
G1 X119.996 Y119.49 E3.3004
G1 X119.622 Y119.872 E3.31991
G1 X118.949 Y120.467 E3.35269
G1 X118.525 Y120.792 E3.37218
G1 X118.082 Y121.096 E3.39178
G1 X117.625 Y121.377 E3.41135
G1 X117.155 Y121.632 E3.43086
G1 X116.338 Y122.004 E3.46361
G1 X115.837 Y122.191 E3.48312
G1 X115.327 Y122.352 E3.50263
G1 X114.452 Y122.562 E3.53546
G1 X113.927 Y122.65 E3.55488
G1 X113.393 Y122.711 E3.57449
G1 X112.858 Y122.744 E3.59405
G1 X112.323 Y122.748 E3.61357
G1 X111.426 Y122.693 E3.64636
G1 X110.897 Y122.624 E3.66582
G1 X110.369 Y122.526 E3.68541
G1 X109.847 Y122.401 E3.70499
G1 X109.333 Y122.248 E3.72456
G1 X108.827 Y122.069 E3.74414
G1 X108.333 Y121.865 E3.76364
G1 X107.529 Y121.464 E3.79642
G1 X107.068 Y121.192 E3.81595
G1 X106.623 Y120.897 E3.83543
G1 X105.91 Y120.35 E3.86822
G1 X105.51 Y119.996 E3.88771
G1 X105.128 Y119.622 E3.90722
G1 X104.533 Y118.949 E3.94
G1 X104.208 Y118.525 E3.95949
G1 X103.904 Y118.083 E3.97906
G1 X103.623 Y117.625 E3.99867
G1 X103.368 Y117.155 E4.01818
G1 X102.996 Y116.338 E4.05093
G1 X102.809 Y115.837 E4.07044
G1 X102.647 Y115.325 E4.09003
G1 X102.513 Y114.806 E4.10959
G1 X102.406 Y114.282 E4.1291
G1 X102.289 Y113.391 E4.16189
G1 X102.256 Y112.858 E4.18137
G1 X102.252 Y112.323 E4.20089
G1 X102.307 Y111.426 E4.23368
G1 X102.376 Y110.897 E4.25314
G1 X102.474 Y110.369 E4.27273
G1 X102.599 Y109.847 E4.29231
G1 X102.752 Y109.333 E4.31188
G1 X102.931 Y108.827 E4.33146
G1 X103.095 Y108.431 E4.3471
G1 X103.267 Y108.07 F12000
G1 X103.54 Y108.551
;TYPE:Perimeter
G1 F1800
G1 X103.551 Y108.524 E4.34816
G1 X103.938 Y107.747 E4.37983
G1 X104.195 Y107.311 E4.3983
G1 X104.475 Y106.888 E4.41681
G1 X105.002 Y106.201 E4.4484
G1 X105.338 Y105.821 E4.46691
G1 X105.697 Y105.456 E4.48559
G1 X106.075 Y105.109 E4.50431
G1 X106.466 Y104.787 E4.52279
G1 X107.167 Y104.288 E4.55419
G1 X107.908 Y103.851 E4.58558
G1 X108.361 Y103.625 E4.60405
G1 X108.826 Y103.423 E4.62255
G1 X109.643 Y103.134 E4.65417
G1 X110.131 Y102.998 E4.67265
G1 X110.632 Y102.887 E4.69137
G1 X111.137 Y102.803 E4.71005
G1 X111.647 Y102.745 E4.72878
G1 X112.158 Y102.713 E4.74746
G1 X112.663 Y102.709 E4.76589
G1 X113.53 Y102.762 E4.79758
G1 X114.032 Y102.828 E4.81605
G1 X114.53 Y102.92 E4.83453
G1 X115.369 Y103.137 E4.86615
G1 X115.849 Y103.298 E4.88462
G1 X116.326 Y103.486 E4.90333
G1 X116.793 Y103.698 E4.92204
G1 X117.248 Y103.935 E4.94076
G1 X117.689 Y104.195 E4.95944
G1 X118.11 Y104.474 E4.97787
G1 X118.799 Y105.002 E5.00954
G1 X119.179 Y105.338 E5.02805
G1 X119.54 Y105.693 E5.04652
G1 X120.114 Y106.342 E5.07813
G1 X120.422 Y106.744 E5.09661
G1 X120.713 Y107.167 E5.11534
G1 X120.981 Y107.604 E5.13404
G1 X121.221 Y108.047 E5.15242
G1 X121.582 Y108.837 E5.18411
G1 X121.759 Y109.312 E5.20261
G1 X121.913 Y109.801 E5.22132
G1 X122.042 Y110.297 E5.24002
G1 X122.143 Y110.793 E5.25849
G1 X122.256 Y111.653 E5.29014
G1 X122.287 Y112.158 E5.3086
G1 X122.291 Y112.671 E5.32732
G1 X122.269 Y113.183 E5.34602
G1 X122.22 Y113.687 E5.3645
G1 X122.077 Y114.542 E5.39613
G1 X121.959 Y115.034 E5.41459
G1 X121.813 Y115.526 E5.43331
G1 X121.642 Y116.009 E5.452
G1 X121.448 Y116.477 E5.47048
G1 X121.062 Y117.253 E5.5021
G1 X120.805 Y117.689 E5.52057
G1 X120.525 Y118.112 E5.53908
G1 X119.998 Y118.799 E5.57067
G1 X119.662 Y119.179 E5.58918
G1 X119.307 Y119.54 E5.60765
G1 X118.658 Y120.114 E5.63926
G1 X118.256 Y120.422 E5.65774
G1 X117.833 Y120.713 E5.67647
G1 X117.396 Y120.981 E5.69517
G1 X116.951 Y121.222 E5.71363
G1 X116.163 Y121.582 E5.74524
G1 X115.688 Y121.759 E5.76374
G1 X115.205 Y121.911 E5.78221
G1 X114.36 Y122.114 E5.81392
G1 X113.863 Y122.197 E5.8323
G1 X113.353 Y122.255 E5.85103
G1 X112.842 Y122.287 E5.86971
G1 X112.335 Y122.291 E5.88821
G1 X111.47 Y122.238 E5.91983
G1 X110.968 Y122.172 E5.9383
G1 X110.464 Y122.079 E5.957
G1 X109.965 Y121.959 E5.97573
G1 X109.474 Y121.813 E5.99442
G1 X108.991 Y121.642 E6.01311
G1 X108.523 Y121.448 E6.03159
G1 X107.747 Y121.062 E6.06321
G1 X107.311 Y120.805 E6.08168
G1 X106.888 Y120.525 E6.10019
G1 X106.201 Y119.998 E6.13178
G1 X105.821 Y119.662 E6.15029
G1 X105.46 Y119.307 E6.16876
G1 X104.886 Y118.658 E6.20037
G1 X104.578 Y118.256 E6.21885
G1 X104.287 Y117.833 E6.23758
G1 X104.019 Y117.396 E6.25628
G1 X103.778 Y116.951 E6.27474
G1 X103.418 Y116.163 E6.30635
G1 X103.241 Y115.688 E6.32485
G1 X103.087 Y115.199 E6.34356
G1 X102.958 Y114.703 E6.36226
G1 X102.857 Y114.207 E6.38073
G1 X102.744 Y113.347 E6.41238
G1 X102.713 Y112.842 E6.43084
G1 X102.709 Y112.335 E6.44934
G1 X102.762 Y111.47 E6.48096
G1 X102.828 Y110.968 E6.49943
G1 X102.921 Y110.464 E6.51813
G1 X103.041 Y109.965 E6.53686
G1 X103.187 Y109.474 E6.55555
G1 X103.358 Y108.991 E6.57424
G1 X103.517 Y108.606 E6.58944
G1 X103.962 Y108.725 F12000
G1 F1800
G1 X103.967 Y108.714 E6.58988
G1 X104.34 Y107.965 E6.62041
G1 X104.583 Y107.553 E6.63786
G1 X104.847 Y107.154 E6.65532
G1 X105.355 Y106.492 E6.68577
G1 X105.673 Y106.133 E6.70327
G1 X106.015 Y105.785 E6.72107
G1 X106.375 Y105.454 E6.73891
G1 X106.745 Y105.15 E6.75638
G1 X107.416 Y104.671 E6.78646
G1 X108.126 Y104.253 E6.81652
G1 X108.555 Y104.039 E6.83401
G1 X108.994 Y103.848 E6.85148
G1 X109.78 Y103.57 E6.8819
G1 X110.242 Y103.442 E6.89939
G1 X110.719 Y103.336 E6.91722
G1 X111.201 Y103.255 E6.93505
G1 X111.686 Y103.2 E6.95286
G1 X112.174 Y103.17 E6.9707
G1 X112.651 Y103.166 E6.9881
G1 X113.486 Y103.217 E7.01862
G1 X113.96 Y103.279 E7.03606
G1 X114.431 Y103.367 E7.05354
G1 X115.239 Y103.576 E7.08399
G1 X115.693 Y103.728 E7.10146
G1 X116.148 Y103.907 E7.1193
G1 X116.592 Y104.109 E7.1371
G1 X117.026 Y104.335 E7.15495
G1 X117.447 Y104.583 E7.17278
G1 X117.845 Y104.846 E7.19019
G1 X118.508 Y105.355 E7.22069
G1 X118.867 Y105.672 E7.23816
G1 X119.208 Y106.008 E7.25563
G1 X119.761 Y106.633 E7.28608
G1 X120.053 Y107.013 E7.30357
G1 X120.329 Y107.416 E7.32139
G1 X120.585 Y107.832 E7.33921
G1 X120.812 Y108.251 E7.3566
G1 X121.159 Y109.012 E7.38712
G1 X121.327 Y109.461 E7.40461
G1 X121.474 Y109.927 E7.42244
G1 X121.596 Y110.4 E7.44026
G1 X121.692 Y110.869 E7.45773
G1 X121.801 Y111.697 E7.4882
G1 X121.83 Y112.174 E7.50564
G1 X121.834 Y112.663 E7.52348
G1 X121.813 Y113.151 E7.5413
G1 X121.767 Y113.628 E7.55878
G1 X121.629 Y114.451 E7.58923
G1 X121.517 Y114.916 E7.60668
G1 X121.379 Y115.385 E7.62452
G1 X121.215 Y115.846 E7.64237
G1 X121.032 Y116.288 E7.65982
G1 X120.66 Y117.035 E7.69027
G1 X120.417 Y117.447 E7.70772
G1 X120.153 Y117.846 E7.72518
G1 X119.645 Y118.508 E7.75563
G1 X119.328 Y118.867 E7.7731
G1 X118.992 Y119.208 E7.79057
G1 X118.367 Y119.761 E7.82102
G1 X117.987 Y120.053 E7.83851
G1 X117.584 Y120.329 E7.85633
G1 X117.168 Y120.585 E7.87415
G1 X116.747 Y120.813 E7.89162
G1 X115.988 Y121.159 E7.92205
G1 X115.539 Y121.327 E7.93954
G1 X115.083 Y121.471 E7.95699
G1 X114.269 Y121.666 E7.98753
G1 X113.799 Y121.745 E8.00492
G1 X113.314 Y121.8 E8.02273
G1 X112.826 Y121.83 E8.04057
G1 X112.347 Y121.834 E8.05805
G1 X111.514 Y121.783 E8.0885
G1 X111.04 Y121.721 E8.10594
G1 X110.559 Y121.631 E8.12379
G1 X110.084 Y121.517 E8.14161
G1 X109.615 Y121.379 E8.15945
G1 X109.154 Y121.215 E8.1773
G1 X108.712 Y121.032 E8.19475
G1 X107.965 Y120.66 E8.2252
G1 X107.553 Y120.417 E8.24265
G1 X107.154 Y120.153 E8.26011
G1 X106.492 Y119.645 E8.29056
G1 X106.133 Y119.327 E8.30806
G1 X105.792 Y118.992 E8.3255
G1 X105.239 Y118.367 E8.35595
G1 X104.947 Y117.987 E8.37344
G1 X104.671 Y117.584 E8.39126
G1 X104.415 Y117.168 E8.40908
G1 X104.187 Y116.747 E8.42655
G1 X103.841 Y115.988 E8.45698
G1 X103.673 Y115.539 E8.47447
G1 X103.526 Y115.073 E8.4923
G1 X103.404 Y114.6 E8.51012
G1 X103.308 Y114.131 E8.52759
G1 X103.199 Y113.303 E8.55806
G1 X103.17 Y112.826 E8.5755
G1 X103.166 Y112.347 E8.59298
G1 X103.217 Y111.514 E8.62343
G1 X103.279 Y111.04 E8.64087
G1 X103.369 Y110.559 E8.65872
G1 X103.483 Y110.084 E8.67654
G1 X103.621 Y109.615 E8.69438
G1 X103.785 Y109.155 E8.7122
G1 X103.939 Y108.781 E8.72696
G1 X103.939 Y108.781 F12000
G1 X104.383 Y108.904
G1 F1800
G1 X104.742 Y108.183 E8.75635
G1 X105.22 Y107.419 E8.78923
G1 X105.708 Y106.783 E8.81848
G1 X106.333 Y106.114 E8.85188
G1 X107.023 Y105.513 E8.88527
G1 X107.665 Y105.055 E8.91404
G1 X108.345 Y104.655 E8.94282
G1 X109.161 Y104.274 E8.97568
G1 X109.918 Y104.006 E9.00498
G1 X110.806 Y103.785 E9.03837
G1 X111.726 Y103.656 E9.07227
G1 X112.639 Y103.623 E9.1056
G1 X113.442 Y103.672 E9.13495
G1 X114.332 Y103.813 E9.16783
G1 X115.109 Y104.014 E9.19711
G1 X115.969 Y104.328 E9.23051
G1 X116.804 Y104.735 E9.2644
G1 X117.579 Y105.219 E9.29774
G1 X118.217 Y105.708 E9.32707
G1 X118.876 Y106.323 E9.35996
G1 X119.408 Y106.924 E9.38925
G1 X119.946 Y107.665 E9.42266
G1 X120.403 Y108.455 E9.45596
G1 X120.737 Y109.187 E9.48532
G1 X121.034 Y110.053 E9.51872
G1 X121.241 Y110.944 E9.55209
G1 X121.345 Y111.74 E9.58138
G1 X121.377 Y112.655 E9.61479
G1 X121.313 Y113.568 E9.64818
G1 X121.181 Y114.36 E9.67748
G1 X120.944 Y115.244 E9.71087
G1 X120.616 Y116.098 E9.74425
G1 X120.258 Y116.816 E9.77352
G1 X119.78 Y117.581 E9.80643
G1 X119.292 Y118.217 E9.83568
G1 X118.677 Y118.876 E9.86857
G1 X118.076 Y119.408 E9.89786
G1 X117.335 Y119.946 E9.93127
G1 X116.543 Y120.404 E9.96465
G1 X115.813 Y120.737 E9.99393
G1 X114.961 Y121.03 E10.0268
G1 X114.178 Y121.218 E10.05618
G1 X113.274 Y121.344 E10.08948
G1 X112.359 Y121.377 E10.12289
G1 X111.558 Y121.328 E10.15217
G1 X110.654 Y121.184 E10.18557
G1 X109.757 Y120.944 E10.21945
G1 X108.902 Y120.616 E10.25286
G1 X108.184 Y120.258 E10.28213
G1 X107.419 Y119.78 E10.31504
G1 X106.783 Y119.292 E10.34429
G1 X106.124 Y118.677 E10.37718
G1 X105.592 Y118.076 E10.40647
G1 X105.054 Y117.335 E10.43988
G1 X104.596 Y116.543 E10.47326
G1 X104.263 Y115.813 E10.50254
G1 X103.966 Y114.947 E10.53594
G1 X103.759 Y114.056 E10.56931
G1 X103.655 Y113.26 E10.5986
G1 X103.623 Y112.359 E10.63149
G1 X103.672 Y111.558 E10.66077
G1 X103.816 Y110.654 E10.69417
G1 X104.056 Y109.756 E10.72808
G1 X104.362 Y108.96 E10.75919
G1 E8.75919 F2400
G92 E0
G1 X104.362 Y108.96 Z.6 F12000
G1 X114.833 Y110.617
G1 Z.2
G1 E2 F2400
;TYPE:External perimeter
G1 F1800
G1 X114.958 Y110.78 E2.00749
G1 X115.124 Y111.044 E2.01887
G1 X115.241 Y111.281 E2.02851
G1 X115.353 Y111.573 E2.03992
G1 X115.435 Y111.876 E2.05137
G1 X115.484 Y112.185 E2.06279
G1 X115.5 Y112.449 E2.07244
G1 X115.489 Y112.76 E2.08379
G1 X115.455 Y113.022 E2.09343
G1 X115.384 Y113.327 E2.10486
G1 X115.282 Y113.623 E2.11628
G1 X115.173 Y113.863 E2.1259
G1 X115.017 Y114.133 E2.13728
G1 X114.864 Y114.348 E2.14691
G1 X114.658 Y114.584 E2.15834
G1 X114.429 Y114.798 E2.16978
G1 X114.178 Y114.987 E2.18124
G1 X113.91 Y115.149 E2.19267
G1 X113.671 Y115.262 E2.20232
G1 X113.378 Y115.369 E2.2137
G1 X113.123 Y115.435 E2.22331
G1 X112.815 Y115.484 E2.23469
G1 X112.551 Y115.5 E2.24434
G1 X112.238 Y115.489 E2.25577
G1 X111.927 Y115.445 E2.26723
G1 X111.624 Y115.37 E2.27862
G1 X111.137 Y115.173 E2.29779
G1 X110.867 Y115.017 E2.30917
G1 X110.652 Y114.864 E2.3188
G1 X110.416 Y114.658 E2.33023
G1 X110.202 Y114.429 E2.34167
G1 X110.013 Y114.178 E2.35313
G1 X109.851 Y113.91 E2.36456
G1 X109.738 Y113.671 E2.37421
G1 X109.631 Y113.378 E2.38559
G1 X109.522 Y112.865 E2.40473
G1 X109.5 Y112.554 E2.41611
G1 X109.507 Y112.29 E2.42575
G1 X109.545 Y111.979 E2.43718
G1 X109.616 Y111.674 E2.44861
G1 X109.699 Y111.424 E2.45822
G1 X109.827 Y111.138 E2.46965
G1 X109.984 Y110.866 E2.48111
G1 X110.168 Y110.613 E2.49252
G1 X110.343 Y110.415 E2.50216
G1 X110.571 Y110.202 E2.51354
G1 X110.821 Y110.013 E2.52497
G1 X111.046 Y109.875 E2.5346
G1 X111.328 Y109.738 E2.54604
G1 X111.622 Y109.631 E2.55746
G1 X112.135 Y109.522 E2.5766
G1 X112.446 Y109.5 E2.58798
G1 X112.71 Y109.507 E2.59762
G1 X113.021 Y109.545 E2.60905
G1 X113.326 Y109.616 E2.62048
G1 X113.576 Y109.699 E2.63009
G1 X113.862 Y109.827 E2.64152
G1 X114.133 Y109.983 E2.65293
G1 X114.348 Y110.136 E2.66256
G1 X114.584 Y110.342 E2.67399
G1 X114.796 Y110.569 E2.68532
G1 X115.027 Y110.896 F12000
G1 X115.159 Y110.291
;TYPE:Perimeter
G1 F1800
G1 X115.334 Y110.519 E2.69581
G1 X115.523 Y110.821 E2.70881
G1 X115.66 Y111.096 E2.72002
G1 X115.789 Y111.431 E2.73312
G1 X115.883 Y111.781 E2.74634
G1 X115.939 Y112.136 E2.75945
G1 X115.957 Y112.443 E2.77067
G1 X115.945 Y112.798 E2.78363
G1 X115.905 Y113.104 E2.79489
G1 X115.824 Y113.453 E2.80796
G1 X115.707 Y113.793 E2.82108
G1 X115.58 Y114.073 E2.8323
G1 X115.402 Y114.381 E2.84528
G1 X115.223 Y114.631 E2.8565
G1 X114.987 Y114.902 E2.86961
G1 X114.723 Y115.149 E2.8828
G1 X114.434 Y115.367 E2.89601
G1 X114.126 Y115.552 E2.90912
G1 X113.848 Y115.684 E2.92035
G1 X113.514 Y115.806 E2.93332
G1 X113.216 Y115.883 E2.94455
G1 X112.864 Y115.939 E2.95755
G1 X112.557 Y115.957 E2.96877
G1 X112.199 Y115.945 E2.98184
G1 X111.84 Y115.895 E2.99506
G1 X111.492 Y115.808 E3.00815
G1 X111.205 Y115.706 E3.01926
G1 X110.927 Y115.58 E3.0304
G1 X110.619 Y115.402 E3.04338
G1 X110.369 Y115.223 E3.0546
G1 X110.098 Y114.987 E3.06771
G1 X109.851 Y114.723 E3.0809
G1 X109.633 Y114.434 E3.09411
G1 X109.448 Y114.126 E3.10722
G1 X109.316 Y113.848 E3.11845
G1 X109.194 Y113.514 E3.13142
G1 X109.118 Y113.219 E3.14253
G1 X109.068 Y112.918 E3.15366
G1 X109.043 Y112.564 E3.16661
G1 X109.051 Y112.256 E3.17785
G1 X109.094 Y111.9 E3.19093
G1 X109.175 Y111.55 E3.20404
G1 X109.273 Y111.258 E3.21528
G1 X109.419 Y110.93 E3.22838
G1 X109.6 Y110.617 E3.24157
G1 X109.811 Y110.326 E3.25468
G1 X110.015 Y110.096 E3.2659
G1 X110.277 Y109.851 E3.27899
G1 X110.564 Y109.635 E3.2921
G1 X110.826 Y109.474 E3.30332
G1 X111.149 Y109.317 E3.31642
G1 X111.486 Y109.194 E3.32951
G1 X111.781 Y109.118 E3.34062
G1 X112.082 Y109.068 E3.35175
G1 X112.436 Y109.043 E3.3647
G1 X112.744 Y109.051 E3.37594
G1 X113.101 Y109.094 E3.38906
G1 X113.45 Y109.175 E3.40213
G1 X113.742 Y109.273 E3.41337
G1 X114.07 Y109.419 E3.42647
G1 X114.381 Y109.598 E3.43956
G1 X114.631 Y109.777 E3.45078
G1 X114.902 Y110.013 E3.46389
G1 X115.12 Y110.246 E3.47553
G1 X115.12 Y110.246 F12000
G1 X115.468 Y109.949
G1 F1800
G1 X115.496 Y109.979 E3.47703
G1 X115.71 Y110.258 E3.48986
G1 X115.922 Y110.597 E3.50445
G1 X116.079 Y110.912 E3.51729
G1 X116.224 Y111.29 E3.53206
G1 X116.33 Y111.686 E3.54702
G1 X116.394 Y112.086 E3.5618
G1 X116.415 Y112.437 E3.57463
G1 X116.401 Y112.836 E3.5892
G1 X116.355 Y113.185 E3.60204
G1 X116.264 Y113.579 E3.61679
G1 X116.132 Y113.962 E3.63157
G1 X115.986 Y114.282 E3.6444
G1 X115.787 Y114.628 E3.65896
G1 X115.582 Y114.915 E3.67183
G1 X115.317 Y115.22 E3.68657
G1 X115.017 Y115.5 E3.70154
G1 X114.69 Y115.746 E3.71647
G1 X114.343 Y115.955 E3.73125
G1 X114.025 Y116.106 E3.74409
G1 X113.65 Y116.243 E3.75866
G1 X113.309 Y116.331 E3.77151
G1 X112.914 Y116.394 E3.7861
G1 X112.563 Y116.415 E3.79893
G1 X112.159 Y116.401 E3.81368
G1 X111.753 Y116.344 E3.82864
G1 X111.36 Y116.246 E3.84342
G1 X111.033 Y116.13 E3.85608
G1 X110.718 Y115.986 E3.86872
G1 X110.372 Y115.787 E3.88328
G1 X110.085 Y115.582 E3.89615
G1 X109.78 Y115.317 E3.91089
G1 X109.5 Y115.017 E3.92586
G1 X109.254 Y114.69 E3.94079
G1 X109.045 Y114.343 E3.95557
G1 X108.894 Y114.025 E3.96841
G1 X108.757 Y113.65 E3.98298
G1 X108.67 Y113.314 E3.99564
G1 X108.613 Y112.972 E4.00829
G1 X108.585 Y112.574 E4.02285
G1 X108.594 Y112.222 E4.0357
G1 X108.644 Y111.82 E4.05048
G1 X108.735 Y111.426 E4.06523
G1 X108.846 Y111.092 E4.07807
G1 X109.011 Y110.722 E4.09285
G1 X109.216 Y110.367 E4.10781
G1 X109.454 Y110.04 E4.12257
G1 X109.687 Y109.776 E4.13542
G1 X109.983 Y109.5 E4.15019
G1 X110.306 Y109.257 E4.16494
G1 X110.606 Y109.073 E4.17778
G1 X110.97 Y108.896 E4.19255
G1 X111.35 Y108.757 E4.20731
G1 X111.686 Y108.67 E4.21997
G1 X112.028 Y108.613 E4.23262
G1 X112.426 Y108.585 E4.24718
G1 X112.778 Y108.594 E4.26003
G1 X113.18 Y108.644 E4.27481
G1 X113.574 Y108.735 E4.28956
G1 X113.908 Y108.846 E4.3024
G1 X114.278 Y109.011 E4.31718
G1 X114.628 Y109.213 E4.33192
G1 X114.915 Y109.418 E4.34479
G1 X115.22 Y109.683 E4.35953
G1 X115.427 Y109.906 E4.37063
G1 X115.427 Y109.906 F12000
G1 X115.883 Y109.732
G1 F1800
G1 X116.086 Y109.998 E4.38284
G1 X116.321 Y110.374 E4.39902
G1 X116.498 Y110.728 E4.41346
G1 X116.659 Y111.149 E4.42991
G1 X116.778 Y111.591 E4.44661
G1 X116.848 Y112.036 E4.46305
G1 X116.873 Y112.431 E4.47749
G1 X116.857 Y112.874 E4.49366
G1 X116.805 Y113.266 E4.50809
G1 X116.704 Y113.705 E4.52453
G1 X116.557 Y114.132 E4.54101
G1 X116.393 Y114.492 E4.55544
G1 X116.171 Y114.876 E4.57162
G1 X115.942 Y115.198 E4.58604
G1 X115.646 Y115.538 E4.60249
G1 X115.311 Y115.85 E4.61919
G1 X114.946 Y116.126 E4.63589
G1 X114.559 Y116.358 E4.65235
G1 X114.202 Y116.528 E4.66678
G1 X113.785 Y116.68 E4.68297
G1 X113.402 Y116.779 E4.6974
G1 X112.964 Y116.848 E4.71358
G1 X112.569 Y116.873 E4.72802
G1 X112.119 Y116.857 E4.74445
G1 X111.665 Y116.793 E4.76118
G1 X111.228 Y116.684 E4.77761
G1 X110.862 Y116.554 E4.79178
G1 X110.508 Y116.393 E4.80597
G1 X110.124 Y116.171 E4.82215
G1 X109.802 Y115.942 E4.83657
G1 X109.462 Y115.646 E4.85302
G1 X109.15 Y115.311 E4.86972
G1 X108.874 Y114.946 E4.88642
G1 X108.642 Y114.559 E4.90288
G1 X108.472 Y114.202 E4.91731
G1 X108.32 Y113.785 E4.9335
G1 X108.223 Y113.409 E4.94767
G1 X108.159 Y113.026 E4.96184
G1 X108.128 Y112.584 E4.97801
G1 X108.138 Y112.188 E4.99246
G1 X108.193 Y111.741 E5.00889
G1 X108.294 Y111.301 E5.02536
G1 X108.42 Y110.926 E5.03979
G1 X108.603 Y110.514 E5.05624
G1 X108.832 Y110.118 E5.07293
G1 X109.097 Y109.753 E5.08939
G1 X109.359 Y109.457 E5.10381
G1 X109.689 Y109.15 E5.12026
G1 X110.049 Y108.878 E5.13672
G1 X110.386 Y108.672 E5.15113
G1 X110.791 Y108.474 E5.16758
G1 X111.215 Y108.32 E5.18404
G1 X111.591 Y108.223 E5.19821
G1 X111.974 Y108.159 E5.21238
G1 X112.416 Y108.128 E5.22855
G1 X112.812 Y108.138 E5.243
G1 X113.259 Y108.193 E5.25943
G1 X113.699 Y108.294 E5.2759
G1 X114.074 Y108.42 E5.29033
G1 X114.486 Y108.603 E5.30678
G1 X114.876 Y108.829 E5.32323
G1 X115.198 Y109.058 E5.33765
G1 X115.538 Y109.354 E5.3541
G1 X115.845 Y109.684 E5.37055
;LAYER_CHANGE
;Z:0.41
;HEIGHT:0.21
G1 Z.41 F12000
G1 E3.37055 F2400
G92 E0
G1 X115.845 Y109.684 Z.81 F12000
G1 X106.89 Y105.556
G1 Z.41
G1 E2 F2400
G92 E0
;TYPE:Solid infill
;WIDTH:0.385066
G1 F4800
G1 X106.316 Y106.096 E.02246
G1 X106.754 Y105.684 E.0396
G1 X106.754 Y105.684 F12000
G1 X107.993 Y104.906
G1 F4800
G1 X107.922 Y104.887 E.04169
G1 X107.941 Y104.958 E.04378
G1 X107.982 Y104.947 E.04499
;WIDTH:0.419999
G1 X107.687 Y105.122 E.05577
G1 X105.129 Y107.681 E.16947
G1 X104.959 Y107.935 E.17907
;WIDTH:0.385066
G1 X104.888 Y107.916 E.18116
G1 X104.907 Y107.987 E.18325
G1 X104.948 Y107.976 E.18446
G1 X104.948 Y107.976 F12000
G1 X104.343 Y109.14
G1 F4800
G1 X104.301 Y109.151 E.1857
G1 X104.282 Y109.08 E.18779
G1 X104.354 Y109.099 E.18991
;WIDTH:0.419999
G1 X104.494 Y108.845 E.19902
G1 X108.84 Y104.5 E.39214
G1 X109.133 Y104.351 E.40247
;WIDTH:0.385066
G1 X109.092 Y104.362 E.40368
G1 X109.073 Y104.291 E.40577
G1 X109.144 Y104.31 E.40786
G1 X109.144 Y104.31 F12000
G1 X110.025 Y103.978
G1 F4800
G1 X109.954 Y103.959 E.40995
G1 X109.973 Y104.03 E.41204
G1 X110.014 Y104.019 E.41325
;WIDTH:0.419999
G1 X109.722 Y104.148 E.42328
G1 X104.141 Y109.729 E.67131
G1 X104.024 Y109.98 E.68001
;WIDTH:0.385066
G1 X103.953 Y109.961 E.6821
G1 X103.972 Y110.032 E.68419
G1 X104.013 Y110.021 E.6854
;WIDTH:0.419999
G1 X103.938 Y110.462 E.69946
G1 X110.458 Y103.943 E.9892
G1 X111.13 Y103.8 E1.01079
G1 X103.808 Y111.123 E1.33622
G1 X103.735 Y111.725 E1.35528
G1 X111.737 Y103.724 E1.71088
G1 X112.286 Y103.705 E1.72814
G1 X103.696 Y112.295 E2.1099
G1 X103.708 Y112.813 E2.12618
G1 X112.818 Y103.703 E2.53105
G1 X113.318 Y103.733 E2.54679
G1 X103.732 Y113.32 E2.97283
G1 X103.794 Y113.788 E2.98767
G1 X113.785 Y103.796 E3.43171
G1 X114.243 Y103.869 E3.44628
G1 X103.872 Y114.239 E3.90717
G1 X103.93 Y114.965 E3.93006
;WIDTH:0.385066
G1 X103.889 Y114.976 E3.93127
G1 X103.87 Y114.905 E3.93336
G1 X103.941 Y114.924 E3.93545
;WIDTH:0.419999
G1 X103.972 Y114.67 E3.94349
G1 X114.671 Y103.972 E4.41895
G1 X115.091 Y104.081 E4.43259
G1 X110.757 Y108.415 E4.6252
G1 X110.492 Y108.61 E4.63554
;WIDTH:0.385066
G1 X110.084 Y108.918 E4.65011
G1 X111.411 Y108.349 F12000
G1 F4800
G1 X111.274 Y108.328 E4.65406
;WIDTH:0.419999
G1 X111.536 Y108.166 E4.66374
G1 X115.48 Y104.223 E4.839
G1 X115.869 Y104.364 E4.852
G1 X112.157 Y108.076 E5.01697
G1 X112.696 Y108.067 E5.03391
G1 X116.238 Y104.525 E5.19132
G1 X116.592 Y104.702 E5.20376
G1 X113.178 Y108.116 E5.35548
G1 X113.617 Y108.207 E5.36957
G1 X116.933 Y104.89 E5.51696
G1 X117.263 Y105.091 E5.5291
G1 X114.022 Y108.332 E5.67314
G1 X114.395 Y108.489 E5.68586
G1 X117.579 Y105.305 E5.82736
G1 X117.877 Y105.537 E5.83923
G1 X114.742 Y108.672 E5.97856
G1 X115.066 Y108.879 E5.99064
G1 X118.175 Y105.77 E6.12881
G1 X118.455 Y106.019 E6.14059
G1 X115.366 Y109.108 E6.27787
G1 X115.643 Y109.362 E6.28968
G1 X118.727 Y106.278 E6.42674
G1 X118.985 Y106.55 E6.43852
G1 X115.895 Y109.641 E6.57587
G1 X116.125 Y109.94 E6.58772
G1 X119.231 Y106.834 E6.72576
G1 X119.474 Y107.122 E6.7376
G1 X116.332 Y110.264 E6.87724
G1 X116.514 Y110.612 E6.88958
G1 X119.694 Y107.432 E7.03091
G1 X119.912 Y107.744 E7.04287
G1 X116.671 Y110.985 E7.18691
G1 X116.795 Y111.391 E7.20025
G1 X120.109 Y108.078 E7.34751
G1 X120.302 Y108.415 E7.35971
G1 X116.886 Y111.831 E7.51152
G1 X116.933 Y112.314 E7.52677
G1 X120.471 Y108.776 E7.68401
G1 X120.639 Y109.138 E7.69655
G1 X116.924 Y112.853 E7.86165
G1 X116.924 Y112.853 F12000
G1 X116.701 Y113.775
;WIDTH:0.385066
G1 F4800
G1 X116.66 Y113.786 E7.86286
G1 X116.641 Y113.715 E7.86495
G1 X116.712 Y113.734 E7.86704
;WIDTH:0.419999
G1 X116.827 Y113.48 E7.8758
G1 X120.782 Y109.525 E8.05157
G1 X120.921 Y109.917 E8.06464
G1 X116.577 Y114.261 E8.2577
G1 X116.381 Y114.526 E8.26806
;WIDTH:0.385066
G1 X116.076 Y114.928 E8.28244
G1 E6.28244 F2400
G92 E0
G1 X116.076 Y114.928 Z.81 F12000
G1 X108.926 Y110.074
G1 Z.41
G1 E2 F2400
G1 F4800
G1 X108.609 Y110.493 E2.01497
;WIDTH:0.419999
G1 X108.414 Y110.758 E2.02531
G1 X104.086 Y115.086 E2.21765
G1 X104.222 Y115.481 E2.23078
G1 X108.169 Y111.533 E2.40621
G1 X108.355 Y111.298 E2.41563
;WIDTH:0.385066
G1 X108.314 Y111.309 E2.41684
G1 X108.295 Y111.238 E2.41893
G1 X108.366 Y111.257 E2.42102
G1 X108.366 Y111.257 F12000
G1 X108.076 Y112.157
;WIDTH:0.419999
G1 F4800
G1 X104.364 Y115.869 E2.58599
G1 X104.53 Y116.233 E2.59856
G1 X108.067 Y112.696 E2.75575
G1 X108.116 Y113.178 E2.77098
G1 X104.703 Y116.59 E2.92264
G1 X104.897 Y116.926 E2.93483
G1 X108.205 Y113.618 E3.08184
G1 X108.332 Y114.021 E3.09512
G1 X105.091 Y117.262 E3.23916
G1 X105.311 Y117.573 E3.25113
G1 X108.489 Y114.395 E3.39237
G1 X108.671 Y114.743 E3.40471
G1 X105.534 Y117.88 E3.54412
G1 X105.77 Y118.174 E3.55597
G1 X108.88 Y115.064 E3.69418
G1 X109.11 Y115.365 E3.70608
G1 X106.019 Y118.456 E3.84345
G1 X106.278 Y118.727 E3.85523
G1 X109.362 Y115.643 E3.99229
G1 X109.639 Y115.896 E4.00408
G1 X106.55 Y118.985 E4.14136
G1 X106.83 Y119.235 E4.15316
G1 X109.94 Y116.125 E4.29137
G1 X110.263 Y116.333 E4.30344
G1 X107.128 Y119.467 E4.44274
G1 X107.426 Y119.7 E4.45463
G1 X110.611 Y116.514 E4.5962
G1 X110.986 Y116.67 E4.60896
G1 X107.75 Y119.906 E4.75277
G1 X108.077 Y120.11 E4.76488
G1 X111.39 Y116.796 E4.91214
G1 X111.831 Y116.885 E4.92628
G1 X108.418 Y120.298 E5.07796
G1 X108.772 Y120.475 E5.0904
G1 X112.314 Y116.932 E5.24784
G1 X112.851 Y116.926 E5.26472
G1 X109.142 Y120.635 E5.42956
G1 X109.526 Y120.782 E5.44248
G1 X113.48 Y116.827 E5.61823
G1 X113.742 Y116.665 E5.62791
;WIDTH:0.385066
G1 X113.581 Y116.649 E5.63252
G1 X113.581 Y116.649 F12000
G1 X114.918 Y116.085
G1 F4800
G1 X114.532 Y116.377 E5.64631
;WIDTH:0.419999
G1 X114.267 Y116.571 E5.65663
G1 X109.921 Y120.917 E5.84977
G1 X110.115 Y121.089 E5.85792
;WIDTH:0.385066
G1 X110.044 Y121.07 E5.86001
G1 X110.063 Y121.141 E5.8621
G1 X110.104 Y121.13 E5.86331
;WIDTH:0.419999
G1 X110.339 Y121.029 E5.87135
G1 X121.028 Y110.34 E6.34639
G1 X121.134 Y110.764 E6.36012
G1 X110.766 Y121.132 E6.82089
G1 X111.22 Y121.208 E6.83536
G1 X121.214 Y111.214 E7.27951
G1 X121.271 Y111.687 E7.29448
G1 X111.696 Y121.263 E7.72003
G1 X112.191 Y121.297 E7.73562
G1 X121.304 Y112.185 E8.1406
G1 X121.304 Y112.715 E8.15726
G1 X112.724 Y121.295 E8.53857
G1 X113.275 Y121.274 E8.5559
G1 X121.264 Y113.285 E8.91095
G1 X121.19 Y113.889 E8.93007
G1 X113.886 Y121.194 E9.2547
G1 X114.555 Y121.054 E9.27618
G1 X121.058 Y114.552 E9.56516
G1 X121.053 Y115.013 E9.57965
;WIDTH:0.385066
G1 X120.982 Y114.994 E9.58174
G1 X121.001 Y115.065 E9.58383
G1 X121.042 Y115.054 E9.58504
;WIDTH:0.419999
G1 X120.854 Y115.286 E9.59442
G1 X115.299 Y120.84 E9.84127
G1 X115.067 Y121.031 E9.85071
;WIDTH:0.385066
G1 X115.026 Y121.042 E9.85192
G1 X115.007 Y120.971 E9.85401
G1 X115.078 Y120.99 E9.8561
G1 X115.078 Y120.99 F12000
G1 X115.952 Y120.664
G1 F4800
G1 X115.881 Y120.645 E9.85819
G1 X115.9 Y120.716 E9.86028
G1 X115.941 Y120.705 E9.86149
;WIDTH:0.419999
G1 X116.173 Y120.497 E9.87128
G1 X120.507 Y116.164 E10.06387
G1 X120.712 Y115.928 E10.07369
;WIDTH:0.385066
G1 X120.671 Y115.939 E10.0749
G1 X120.652 Y115.868 E10.07699
G1 X120.723 Y115.887 E10.07908
G1 X120.723 Y115.887 F12000
G1 X120.042 Y117.104
G1 F4800
G1 X120.016 Y117.288 E10.08438
G1 X119.256 Y118.182 E10.11782
;WIDTH:0.413512
G1 X118.629 Y118.832 E10.14571
G1 X118.053 Y119.374 E10.17013
;WIDTH:0.385066
G1 X117.254 Y120.046 E10.19988
G1 X117.085 Y120.058 E10.20471
;WIDTH:0.419999
G1 X117.35 Y119.85 E10.2153
G1 X119.831 Y117.369 E10.32556
G1 E8.32556 F2400
G92 E0
G1 X119.831 Y117.369 Z.81 F12000
G1 X115.622 Y109.898
G1 Z.41
G1 E2 F2400
;TYPE:Perimeter
;WIDTH:0.42
G1 F3600
G1 X115.655 Y109.935 E2.00156
G1 X115.874 Y110.231 E2.01313
G1 X116.091 Y110.591 E2.02634
G1 X116.267 Y110.97 E2.03947
G1 X116.39 Y111.316 E2.05101
G1 X116.492 Y111.724 E2.06423
G1 X116.55 Y112.138 E2.07737
G1 X116.566 Y112.505 E2.08891
G1 X116.545 Y112.917 E2.10187
G1 X116.491 Y113.281 E2.11343
G1 X116.389 Y113.689 E2.12665
G1 X116.243 Y114.089 E2.14003
G1 X116.059 Y114.466 E2.15321
G1 X115.868 Y114.779 E2.16473
G1 X115.619 Y115.109 E2.17772
G1 X115.371 Y115.379 E2.18924
G1 X115.063 Y115.656 E2.20226
G1 X114.769 Y115.874 E2.21376
G1 X114.409 Y116.091 E2.22697
G1 X114.03 Y116.267 E2.2401
G1 X113.684 Y116.39 E2.25164
G1 X113.276 Y116.492 E2.26486
G1 X112.86 Y116.55 E2.27806
G1 X112.494 Y116.566 E2.28957
G1 X112.075 Y116.544 E2.30276
G1 X111.66 Y116.479 E2.31596
G1 X111.306 Y116.387 E2.32745
G1 X110.911 Y116.243 E2.34066
G1 X110.534 Y116.059 E2.35384
G1 X110.221 Y115.868 E2.36536
G1 X109.891 Y115.619 E2.37835
G1 X109.621 Y115.371 E2.38987
G1 X109.34 Y115.059 E2.40307
G1 X109.094 Y114.721 E2.41621
G1 X108.907 Y114.404 E2.42778
G1 X108.73 Y114.023 E2.44098
G1 X108.593 Y113.626 E2.45418
G1 X108.507 Y113.27 E2.46569
G1 X108.45 Y112.86 E2.4787
G1 X108.434 Y112.494 E2.49021
G1 X108.455 Y112.081 E2.50321
G1 X108.51 Y111.718 E2.51475
G1 X108.611 Y111.311 E2.52793
G1 X108.757 Y110.911 E2.54131
G1 X108.941 Y110.534 E2.55449
G1 X109.132 Y110.221 E2.56601
G1 X109.381 Y109.891 E2.579
G1 X109.629 Y109.621 E2.59052
G1 X109.937 Y109.343 E2.60356
G1 X110.231 Y109.126 E2.61504
G1 X110.584 Y108.913 E2.628
G1 X110.916 Y108.755 E2.63955
G1 X111.306 Y108.613 E2.65259
G1 X111.66 Y108.521 E2.66408
G1 X112.075 Y108.456 E2.67728
G1 X112.492 Y108.434 E2.6904
G1 X112.86 Y108.45 E2.70198
G1 X113.276 Y108.508 E2.71518
G1 X113.683 Y108.61 E2.72837
G1 X114.029 Y108.732 E2.7399
G1 X114.409 Y108.909 E2.75307
G1 X114.774 Y109.129 E2.76646
G1 X115.109 Y109.381 E2.77963
G1 X115.379 Y109.629 E2.79115
G1 X115.582 Y109.853 E2.80065
G1 X115.582 Y109.853 F12000
G1 X115.342 Y110.148
G1 F3600
G1 X115.365 Y110.173 E2.80172
G1 X115.562 Y110.439 E2.81212
G1 X115.759 Y110.767 E2.82414
G1 X115.92 Y111.112 E2.8361
G1 X116.031 Y111.425 E2.84654
G1 X116.123 Y111.796 E2.85855
G1 X116.176 Y112.172 E2.87048
G1 X116.191 Y112.504 E2.88092
G1 X116.171 Y112.88 E2.89275
G1 X116.122 Y113.208 E2.90317
G1 X116.03 Y113.579 E2.91518
G1 X115.898 Y113.942 E2.92732
G1 X115.73 Y114.286 E2.93935
G1 X115.558 Y114.567 E2.9497
G1 X115.33 Y114.869 E2.96159
G1 X115.107 Y115.113 E2.97198
G1 X114.826 Y115.366 E2.98386
G1 X114.561 Y115.562 E2.99422
G1 X114.233 Y115.759 E3.00624
G1 X113.888 Y115.92 E3.0182
G1 X113.575 Y116.031 E3.02864
G1 X113.204 Y116.123 E3.04065
G1 X112.826 Y116.177 E3.05265
G1 X112.496 Y116.191 E3.06303
G1 X112.114 Y116.171 E3.07505
G1 X111.737 Y116.111 E3.08705
G1 X111.417 Y116.028 E3.09744
G1 X111.058 Y115.898 E3.10944
G1 X110.714 Y115.73 E3.12147
G1 X110.433 Y115.558 E3.13182
G1 X110.131 Y115.33 E3.14371
G1 X109.887 Y115.107 E3.1541
G1 X109.632 Y114.823 E3.16609
G1 X109.408 Y114.515 E3.17806
G1 X109.239 Y114.229 E3.1885
G1 X109.078 Y113.883 E3.20049
G1 X108.953 Y113.521 E3.21253
G1 X108.876 Y113.2 E3.2229
G1 X108.823 Y112.826 E3.23477
G1 X108.809 Y112.496 E3.24515
G1 X108.829 Y112.118 E3.25705
G1 X108.878 Y111.792 E3.26741
G1 X108.97 Y111.421 E3.27942
G1 X109.102 Y111.058 E3.29156
G1 X109.27 Y110.714 E3.30359
G1 X109.442 Y110.433 E3.31394
G1 X109.67 Y110.131 E3.32583
G1 X109.893 Y109.887 E3.33622
G1 X110.174 Y109.634 E3.3481
G1 X110.439 Y109.438 E3.35846
G1 X110.762 Y109.244 E3.3703
G1 X111.061 Y109.101 E3.38072
G1 X111.417 Y108.972 E3.39262
G1 X111.737 Y108.889 E3.40301
G1 X112.114 Y108.829 E3.41501
G1 X112.494 Y108.809 E3.42697
G1 X112.826 Y108.823 E3.43741
G1 X113.204 Y108.877 E3.44941
G1 X113.575 Y108.969 E3.46142
G1 X113.886 Y109.079 E3.47179
G1 X114.233 Y109.241 E3.48382
G1 X114.564 Y109.44 E3.49596
G1 X114.869 Y109.67 E3.50796
G1 X115.113 Y109.893 E3.51835
G1 X115.302 Y110.103 E3.52723
G1 X115.302 Y110.103 F12000
G1 X115.084 Y110.423
G1 F3600
G1 X115.25 Y110.648 E3.53602
G1 X115.428 Y110.943 E3.54685
G1 X115.573 Y111.254 E3.55763
G1 X115.671 Y111.533 E3.56692
G1 X115.755 Y111.867 E3.57774
G1 X115.803 Y112.207 E3.58853
G1 X115.816 Y112.502 E3.59781
G1 X115.798 Y112.842 E3.60851
G1 X115.754 Y113.135 E3.61782
G1 X115.671 Y113.469 E3.62864
G1 X115.552 Y113.796 E3.63958
G1 X115.401 Y114.105 E3.65039
G1 X115.247 Y114.356 E3.65964
G1 X115.041 Y114.629 E3.67039
G1 X114.843 Y114.846 E3.67962
G1 X114.589 Y115.075 E3.69037
G1 X114.352 Y115.25 E3.69963
G1 X114.057 Y115.428 E3.71046
G1 X113.746 Y115.573 E3.72124
G1 X113.467 Y115.671 E3.73053
G1 X113.133 Y115.755 E3.74135
G1 X112.791 Y115.803 E3.7522
G1 X112.498 Y115.816 E3.76142
G1 X112.153 Y115.798 E3.77228
G1 X111.813 Y115.744 E3.7831
G1 X111.528 Y115.67 E3.79235
G1 X111.204 Y115.552 E3.80319
G1 X110.895 Y115.401 E3.814
G1 X110.644 Y115.247 E3.82325
G1 X110.371 Y115.041 E3.834
G1 X110.154 Y114.843 E3.84323
G1 X109.923 Y114.587 E3.85407
G1 X109.722 Y114.309 E3.86485
G1 X109.571 Y114.054 E3.87416
G1 X109.426 Y113.742 E3.88497
G1 X109.314 Y113.416 E3.8958
G1 X109.245 Y113.13 E3.90505
G1 X109.197 Y112.791 E3.91581
G1 X109.184 Y112.498 E3.92503
G1 X109.202 Y112.156 E3.93579
G1 X109.246 Y111.865 E3.94504
G1 X109.329 Y111.531 E3.95586
G1 X109.448 Y111.204 E3.9668
G1 X109.599 Y110.895 E3.97761
G1 X109.753 Y110.644 E3.98686
G1 X109.959 Y110.371 E3.99761
G1 X110.157 Y110.154 E4.00684
G1 X110.412 Y109.925 E4.01761
G1 X110.648 Y109.75 E4.02684
G1 X110.94 Y109.575 E4.03754
G1 X111.207 Y109.447 E4.04684
G1 X111.528 Y109.33 E4.05758
G1 X111.813 Y109.256 E4.06683
G1 X112.153 Y109.202 E4.07765
G1 X112.496 Y109.184 E4.08844
G1 X112.791 Y109.197 E4.09772
G1 X113.133 Y109.245 E4.10857
G1 X113.467 Y109.329 E4.11939
G1 X113.744 Y109.427 E4.12862
G1 X114.057 Y109.572 E4.13946
G1 X114.354 Y109.751 E4.15036
G1 X114.629 Y109.959 E4.1612
G1 X114.846 Y110.157 E4.17043
G1 X115.045 Y110.378 E4.17978
G1 X115.045 Y110.378 F12000
G1 X114.794 Y110.645
;TYPE:External perimeter
;WIDTH:0.4
G1 F3600
G1 X114.946 Y110.851 E4.1874
G1 X115.105 Y111.115 E4.19657
G1 X115.234 Y111.392 E4.20566
G1 X115.322 Y111.638 E4.21343
G1 X115.396 Y111.937 E4.22259
G1 X115.439 Y112.24 E4.23169
G1 X115.45 Y112.501 E4.23946
G1 X115.434 Y112.806 E4.24855
G1 X115.396 Y113.064 E4.25631
G1 X115.321 Y113.363 E4.26548
G1 X115.216 Y113.653 E4.27466
G1 X115.081 Y113.93 E4.28383
G1 X114.945 Y114.15 E4.29152
G1 X114.761 Y114.396 E4.30066
G1 X114.585 Y114.587 E4.30839
G1 X114.357 Y114.792 E4.31751
G1 X114.149 Y114.946 E4.32521
G1 X113.885 Y115.105 E4.33438
G1 X113.608 Y115.234 E4.34347
G1 X113.362 Y115.322 E4.35124
G1 X113.063 Y115.396 E4.3604
G1 X112.758 Y115.439 E4.36956
G1 X112.499 Y115.45 E4.37727
G1 X112.192 Y115.434 E4.38642
G1 X111.887 Y115.386 E4.39561
G1 X111.637 Y115.321 E4.40329
G1 X111.347 Y115.216 E4.41247
G1 X111.07 Y115.081 E4.42164
G1 X110.85 Y114.945 E4.42933
G1 X110.604 Y114.761 E4.43847
G1 X110.413 Y114.586 E4.44618
G1 X110.207 Y114.357 E4.45534
G1 X110.027 Y114.109 E4.46446
G1 X109.895 Y113.884 E4.47222
G1 X109.765 Y113.605 E4.48138
G1 X109.664 Y113.314 E4.49054
G1 X109.604 Y113.062 E4.49825
G1 X109.561 Y112.758 E4.50738
G1 X109.55 Y112.499 E4.51509
G1 X109.566 Y112.192 E4.52424
G1 X109.604 Y111.936 E4.53194
G1 X109.679 Y111.637 E4.54111
G1 X109.784 Y111.347 E4.55029
G1 X109.919 Y111.07 E4.55946
G1 X110.055 Y110.85 E4.56715
G1 X110.239 Y110.604 E4.57629
G1 X110.414 Y110.413 E4.584
G1 X110.643 Y110.208 E4.59314
G1 X110.851 Y110.054 E4.60084
G1 X111.113 Y109.896 E4.60994
G1 X111.348 Y109.784 E4.61768
G1 X111.637 Y109.679 E4.62683
G1 X111.887 Y109.614 E4.63451
G1 X112.192 Y109.566 E4.6437
G1 X112.497 Y109.55 E4.65279
G1 X112.758 Y109.561 E4.66056
G1 X113.063 Y109.604 E4.66972
G1 X113.362 Y109.678 E4.67888
G1 X113.606 Y109.765 E4.68659
G1 X113.885 Y109.895 E4.69575
G1 X114.15 Y110.054 E4.70494
G1 X114.396 Y110.239 E4.7141
G1 X114.587 Y110.414 E4.72181
G1 X114.754 Y110.6 E4.72925
G1 X114.986 Y110.926 F12000
G1 E2.72925 F2400
G92 E0
G1 Z.81 F12000
G1 X104.087 Y108.826
G1 Z.41
G1 E2 F2400
;TYPE:Perimeter
;WIDTH:0.42
G1 F4800
G1 X104.467 Y108.047 E2.02724
G1 X104.711 Y107.633 E2.04234
G1 X104.976 Y107.232 E2.05744
G1 X105.557 Y106.488 E2.0871
G1 X106.12 Y105.893 E2.11284
G1 X106.729 Y105.355 E2.13838
G1 X107.488 Y104.804 E2.16785
G1 X108.198 Y104.385 E2.19376
G1 X109.049 Y103.989 E2.22326
G1 X109.826 Y103.713 E2.24917
G1 X110.748 Y103.484 E2.27902
G1 X111.222 Y103.405 E2.29412
G1 X111.699 Y103.35 E2.30921
G1 X112.643 Y103.317 E2.33889
G1 X113.472 Y103.367 E2.36499
G1 X114.398 Y103.514 E2.39445
G1 X115.196 Y103.72 E2.42035
G1 X116.089 Y104.045 E2.45021
G1 X116.526 Y104.245 E2.46531
G1 X116.953 Y104.467 E2.48043
G1 X117.367 Y104.711 E2.49553
G1 X117.768 Y104.976 E2.51063
G1 X118.517 Y105.561 E2.5405
G1 X119.115 Y106.128 E2.5664
G1 X119.73 Y106.836 E2.59587
G1 X120.202 Y107.498 E2.62142
G1 X120.615 Y108.198 E2.64696
G1 X121.011 Y109.049 E2.67646
G1 X121.286 Y109.826 E2.70236
G1 X121.516 Y110.748 E2.73222
G1 X121.595 Y111.222 E2.74732
G1 X121.65 Y111.699 E2.76241
G1 X121.679 Y112.179 E2.77752
G1 X121.683 Y112.66 E2.79264
G1 X121.617 Y113.608 E2.8225
G1 X121.481 Y114.421 E2.8484
G1 X121.235 Y115.338 E2.87824
G1 X120.897 Y116.22 E2.90792
G1 X120.527 Y116.963 E2.934
G1 X120.03 Y117.759 E2.96349
G1 X119.528 Y118.412 E2.98937
G1 X118.888 Y119.099 E3.01888
G1 X118.271 Y119.645 E3.04477
G1 X117.502 Y120.203 E3.07463
G1 X116.68 Y120.678 E3.10446
G1 X115.924 Y121.022 E3.13056
G1 X115.032 Y121.329 E3.16021
G1 X114.106 Y121.543 E3.19008
G1 X113.289 Y121.651 E3.21598
G1 X112.34 Y121.683 E3.24582
G1 X111.392 Y121.617 E3.27568
G1 X110.579 Y121.481 E3.30158
G1 X109.662 Y121.235 E3.33142
G1 X108.78 Y120.897 E3.3611
G1 X108.037 Y120.527 E3.38718
G1 X107.232 Y120.024 E3.41701
G1 X106.488 Y119.443 E3.44667
G1 X105.893 Y118.88 E3.47241
G1 X105.355 Y118.271 E3.49795
G1 X104.797 Y117.502 E3.52781
G1 X104.325 Y116.685 E3.55746
G1 X103.98 Y115.93 E3.58355
G1 X103.671 Y115.032 E3.61339
G1 X103.458 Y114.112 E3.64307
G1 X103.349 Y113.289 E3.66916
G1 X103.317 Y112.34 E3.699
G1 X103.383 Y111.392 E3.72886
G1 X103.519 Y110.579 E3.75476
G1 X103.76 Y109.678 E3.78407
G1 X104.05 Y108.901 E3.81013
G1 X104.06 Y108.88 E3.81086
G1 X104.06 Y108.88 F12000
G1 X103.744 Y108.67
G1 F4800
G1 X103.908 Y108.309 E3.82332
G1 X104.139 Y107.865 E3.83905
G1 X104.393 Y107.434 E3.85477
G1 X104.669 Y107.017 E3.87048
G1 X104.967 Y106.614 E3.88623
G1 X105.276 Y106.239 E3.9015
G1 X105.86 Y105.624 E3.92815
G1 X106.49 Y105.066 E3.9546
G1 X106.881 Y104.766 E3.97009
G1 X107.287 Y104.487 E3.98557
G1 X108.019 Y104.056 E4.01226
G1 X108.46 Y103.836 E4.02775
G1 X108.911 Y103.64 E4.0432
G1 X109.713 Y103.356 E4.06994
G1 X110.187 Y103.224 E4.0854
G1 X110.676 Y103.116 E4.10114
G1 X111.17 Y103.033 E4.11688
G1 X111.667 Y102.977 E4.1326
G1 X112.166 Y102.946 E4.14831
G1 X112.653 Y102.942 E4.16361
G1 X113.508 Y102.994 E4.19053
G1 X113.996 Y103.058 E4.206
G1 X114.479 Y103.148 E4.22144
G1 X115.303 Y103.361 E4.24819
G1 X115.77 Y103.517 E4.26366
G1 X116.235 Y103.7 E4.27936
G1 X116.691 Y103.908 E4.29511
G1 X117.135 Y104.139 E4.31084
G1 X117.566 Y104.393 E4.32656
G1 X117.983 Y104.669 E4.34227
G1 X118.386 Y104.967 E4.35802
G1 X118.765 Y105.28 E4.37347
G1 X119.382 Y105.865 E4.40019
G1 X119.715 Y106.228 E4.41567
G1 X120.028 Y106.608 E4.43114
G1 X120.517 Y107.294 E4.45761
G1 X120.944 Y108.019 E4.48405
G1 X121.164 Y108.46 E4.49954
G1 X121.36 Y108.911 E4.51499
G1 X121.644 Y109.713 E4.54173
G1 X121.776 Y110.187 E4.55719
G1 X121.884 Y110.676 E4.57293
G1 X121.967 Y111.17 E4.58867
G1 X122.023 Y111.667 E4.60439
G1 X122.054 Y112.166 E4.6201
G1 X122.058 Y112.667 E4.63584
G1 X122.037 Y113.167 E4.65157
G1 X121.989 Y113.657 E4.66704
G1 X121.849 Y114.496 E4.69377
G1 X121.734 Y114.974 E4.70922
G1 X121.592 Y115.454 E4.72495
G1 X121.425 Y115.926 E4.74068
G1 X121.239 Y116.375 E4.75595
G1 X120.857 Y117.142 E4.78288
G1 X120.607 Y117.566 E4.79835
G1 X120.335 Y117.976 E4.81381
G1 X119.818 Y118.651 E4.84053
G1 X119.492 Y119.02 E4.856
G1 X119.147 Y119.371 E4.87147
G1 X118.51 Y119.934 E4.89819
G1 X118.119 Y120.234 E4.91368
G1 X117.707 Y120.518 E4.92941
G1 X117.28 Y120.779 E4.94514
G1 X116.847 Y121.014 E4.96062
G1 X116.068 Y121.369 E4.98752
G1 X115.613 Y121.539 E5.00278
G1 X115.135 Y121.689 E5.01852
G1 X114.651 Y121.815 E5.03424
G1 X114.168 Y121.913 E5.04973
G1 X113.325 Y122.024 E5.07645
G1 X112.834 Y122.054 E5.09191
G1 X112.333 Y122.058 E5.10765
G1 X111.833 Y122.037 E5.12338
G1 X111.343 Y121.989 E5.13885
G1 X110.504 Y121.849 E5.16558
G1 X110.026 Y121.734 E5.18103
G1 X109.546 Y121.592 E5.19676
G1 X109.074 Y121.425 E5.21249
G1 X108.625 Y121.239 E5.22776
G1 X107.858 Y120.857 E5.25469
G1 X107.434 Y120.607 E5.27016
G1 X107.017 Y120.331 E5.28587
G1 X106.614 Y120.033 E5.30162
G1 X106.239 Y119.724 E5.31689
G1 X105.624 Y119.14 E5.34354
G1 X105.066 Y118.51 E5.36999
G1 X104.766 Y118.119 E5.38548
G1 X104.482 Y117.707 E5.40121
G1 X104.221 Y117.28 E5.41694
G1 X103.989 Y116.853 E5.43221
G1 X103.633 Y116.073 E5.45915
G1 X103.461 Y115.612 E5.47461
G1 X103.311 Y115.135 E5.49032
G1 X103.185 Y114.65 E5.50607
G1 X103.088 Y114.174 E5.52134
G1 X102.976 Y113.325 E5.54825
G1 X102.946 Y112.834 E5.56371
G1 X102.942 Y112.333 E5.57945
G1 X102.963 Y111.833 E5.59518
G1 X103.011 Y111.343 E5.61065
G1 X103.151 Y110.504 E5.63738
G1 X103.266 Y110.026 E5.65283
G1 X103.404 Y109.559 E5.66813
G1 X103.704 Y108.757 E5.69504
G1 X103.719 Y108.724 E5.69618
G1 X103.719 Y108.724 F12000
G1 X103.402 Y108.514
G1 F4800
G1 X103.571 Y108.145 E5.70893
G1 X103.811 Y107.684 E5.72526
G1 X104.075 Y107.235 E5.74163
G1 X104.362 Y106.802 E5.75795
G1 X104.671 Y106.383 E5.77431
G1 X104.995 Y105.991 E5.79029
G1 X105.599 Y105.354 E5.81788
G1 X106.252 Y104.776 E5.84528
G1 X106.66 Y104.463 E5.86144
G1 X107.085 Y104.171 E5.87764
G1 X107.84 Y103.726 E5.90518
G1 X108.301 Y103.496 E5.92137
G1 X108.774 Y103.291 E5.93757
G1 X109.6 Y102.998 E5.96511
G1 X110.097 Y102.86 E5.98132
G1 X110.604 Y102.748 E5.99764
G1 X111.117 Y102.662 E6.01399
G1 X111.634 Y102.603 E6.03034
G1 X112.153 Y102.571 E6.04668
G1 X112.662 Y102.567 E6.06268
G1 X113.543 Y102.62 E6.09042
G1 X114.054 Y102.687 E6.10662
G1 X114.561 Y102.781 E6.12282
G1 X115.409 Y103.001 E6.15035
G1 X115.898 Y103.164 E6.16655
G1 X116.382 Y103.355 E6.1829
G1 X116.855 Y103.571 E6.19924
G1 X117.317 Y103.811 E6.2156
G1 X117.765 Y104.075 E6.23194
G1 X118.198 Y104.362 E6.24826
G1 X118.617 Y104.671 E6.26462
G1 X119.014 Y104.999 E6.2808
G1 X119.65 Y105.602 E6.30834
G1 X119.998 Y105.982 E6.32453
G1 X120.326 Y106.38 E6.34074
G1 X120.832 Y107.089 E6.36811
G1 X121.274 Y107.84 E6.39549
G1 X121.504 Y108.301 E6.41168
G1 X121.709 Y108.774 E6.42788
G1 X122.002 Y109.6 E6.45542
G1 X122.14 Y110.097 E6.47163
G1 X122.252 Y110.604 E6.48795
G1 X122.338 Y111.117 E6.5043
G1 X122.397 Y111.634 E6.52065
G1 X122.429 Y112.153 E6.53699
G1 X122.433 Y112.673 E6.55333
G1 X122.411 Y113.193 E6.56969
G1 X122.361 Y113.706 E6.58589
G1 X122.217 Y114.57 E6.61342
G1 X122.096 Y115.071 E6.62962
G1 X121.949 Y115.57 E6.64597
G1 X121.775 Y116.06 E6.66231
G1 X121.58 Y116.531 E6.67833
G1 X121.187 Y117.321 E6.70606
G1 X120.925 Y117.765 E6.72226
G1 X120.641 Y118.194 E6.73843
G1 X120.107 Y118.89 E6.766
G1 X119.766 Y119.276 E6.78219
G1 X119.405 Y119.643 E6.79837
G1 X118.748 Y120.224 E6.82593
G1 X118.34 Y120.537 E6.84209
G1 X117.911 Y120.832 E6.85845
G1 X117.467 Y121.104 E6.87481
G1 X117.015 Y121.35 E6.89098
G1 X116.211 Y121.715 E6.91873
G1 X115.735 Y121.894 E6.93471
G1 X115.238 Y122.05 E6.95108
G1 X114.735 Y122.18 E6.96741
G1 X114.23 Y122.283 E6.98361
G1 X113.361 Y122.397 E7.01115
G1 X112.847 Y122.429 E7.02733
G1 X112.327 Y122.433 E7.04367
G1 X111.807 Y122.411 E7.06003
G1 X111.294 Y122.361 E7.07623
G1 X110.43 Y122.217 E7.10376
G1 X109.929 Y122.096 E7.11996
G1 X109.43 Y121.949 E7.13631
G1 X108.94 Y121.775 E7.15265
G1 X108.469 Y121.58 E7.16867
G1 X107.679 Y121.187 E7.1964
G1 X107.235 Y120.925 E7.2126
G1 X106.802 Y120.638 E7.22892
G1 X106.383 Y120.329 E7.24528
G1 X105.991 Y120.005 E7.26126
G1 X105.354 Y119.401 E7.28885
G1 X104.776 Y118.748 E7.31625
G1 X104.463 Y118.34 E7.33241
G1 X104.168 Y117.911 E7.34877
G1 X103.896 Y117.467 E7.36513
G1 X103.653 Y117.02 E7.38112
G1 X103.287 Y116.217 E7.40885
G1 X103.106 Y115.734 E7.42506
G1 X102.95 Y115.238 E7.4414
G1 X102.82 Y114.735 E7.45773
G1 X102.718 Y114.236 E7.47374
G1 X102.603 Y113.361 E7.50147
G1 X102.571 Y112.847 E7.51765
G1 X102.567 Y112.327 E7.53399
G1 X102.589 Y111.807 E7.55035
G1 X102.639 Y111.294 E7.56655
G1 X102.783 Y110.43 E7.59408
G1 X102.904 Y109.929 E7.61028
G1 X103.048 Y109.44 E7.6263
G1 X103.357 Y108.614 E7.65401
G1 X103.377 Y108.569 E7.65556
G1 X103.377 Y108.569 F12000
G1 X103.07 Y108.363
;TYPE:External perimeter
;WIDTH:0.4
G1 F2400
G1 X103.242 Y107.985 E7.66791
G1 X103.491 Y107.507 E7.68394
G1 X103.765 Y107.042 E7.7
G1 X104.063 Y106.592 E7.71606
G1 X104.384 Y106.159 E7.73209
G1 X104.721 Y105.749 E7.74788
G1 X105.345 Y105.091 E7.77486
G1 X106.019 Y104.494 E7.80165
G1 X106.446 Y104.167 E7.81765
G1 X106.889 Y103.863 E7.83363
G1 X107.666 Y103.405 E7.86046
G1 X108.147 Y103.165 E7.87645
G1 X108.64 Y102.951 E7.89244
G1 X109.49 Y102.65 E7.91927
G1 X110.008 Y102.506 E7.93526
G1 X110.535 Y102.389 E7.95132
G1 X111.067 Y102.3 E7.96737
G1 X111.602 Y102.239 E7.98339
G1 X112.141 Y102.206 E7.99945
G1 X112.672 Y102.202 E8.01525
G1 X113.578 Y102.257 E8.04225
G1 X114.111 Y102.327 E8.05824
G1 X114.64 Y102.425 E8.07424
G1 X115.513 Y102.651 E8.10107
G1 X116.023 Y102.821 E8.11706
G1 X116.524 Y103.019 E8.13309
G1 X117.015 Y103.242 E8.14913
G1 X117.494 Y103.491 E8.16519
G1 X117.958 Y103.765 E8.18122
G1 X118.408 Y104.063 E8.19728
G1 X118.841 Y104.384 E8.21331
G1 X119.256 Y104.725 E8.22929
G1 X119.91 Y105.346 E8.25612
G1 X120.273 Y105.743 E8.27212
G1 X120.615 Y106.157 E8.28809
G1 X121.138 Y106.89 E8.31488
G1 X121.595 Y107.666 E8.34167
G1 X121.835 Y108.147 E8.35766
G1 X122.049 Y108.64 E8.37365
G1 X122.35 Y109.49 E8.40048
G1 X122.494 Y110.008 E8.41647
G1 X122.611 Y110.535 E8.43253
G1 X122.7 Y111.067 E8.44858
G1 X122.761 Y111.602 E8.4646
G1 X122.794 Y112.141 E8.48066
G1 X122.798 Y112.68 E8.4967
G1 X122.775 Y113.218 E8.51272
G1 X122.723 Y113.753 E8.52871
G1 X122.574 Y114.643 E8.55556
G1 X122.449 Y115.166 E8.57156
G1 X122.296 Y115.683 E8.5876
G1 X122.116 Y116.191 E8.60363
G1 X121.913 Y116.682 E8.61944
G1 X121.508 Y117.495 E8.64646
G1 X121.235 Y117.958 E8.66245
G1 X120.938 Y118.406 E8.67844
G1 X120.389 Y119.122 E8.70528
G1 X120.033 Y119.525 E8.72128
G1 X119.656 Y119.908 E8.73727
G1 X118.981 Y120.506 E8.7641
G1 X118.554 Y120.833 E8.7801
G1 X118.11 Y121.138 E8.79612
G1 X117.65 Y121.42 E8.81217
G1 X117.178 Y121.676 E8.82814
G1 X116.351 Y122.053 E8.85518
G1 X115.853 Y122.239 E8.87099
G1 X115.339 Y122.401 E8.88702
G1 X114.817 Y122.536 E8.90306
G1 X114.29 Y122.643 E8.91906
G1 X113.396 Y122.761 E8.94589
G1 X112.859 Y122.794 E8.9619
G1 X112.32 Y122.798 E8.97794
G1 X111.782 Y122.775 E8.99396
G1 X111.247 Y122.723 E9.00995
G1 X110.357 Y122.574 E9.0368
G1 X109.834 Y122.449 E9.0528
G1 X109.317 Y122.296 E9.06884
G1 X108.809 Y122.116 E9.08487
G1 X108.318 Y121.913 E9.10068
G1 X107.505 Y121.508 E9.1277
G1 X107.042 Y121.235 E9.14369
G1 X106.592 Y120.937 E9.15975
G1 X106.159 Y120.616 E9.17578
G1 X105.749 Y120.279 E9.19157
G1 X105.091 Y119.655 E9.21855
G1 X104.494 Y118.981 E9.24534
G1 X104.167 Y118.554 E9.26134
G1 X103.862 Y118.11 E9.27736
G1 X103.58 Y117.65 E9.29341
G1 X103.326 Y117.183 E9.30922
G1 X102.949 Y116.357 E9.33623
G1 X102.761 Y115.853 E9.35223
G1 X102.599 Y115.339 E9.36826
G1 X102.464 Y114.817 E9.3843
G1 X102.358 Y114.296 E9.40012
G1 X102.239 Y113.396 E9.42713
G1 X102.206 Y112.859 E9.44314
G1 X102.202 Y112.32 E9.45918
G1 X102.225 Y111.782 E9.4752
G1 X102.277 Y111.247 E9.49119
G1 X102.426 Y110.357 E9.51804
G1 X102.551 Y109.834 E9.53404
G1 X102.702 Y109.325 E9.54983
G1 X103.02 Y108.474 E9.57686
G1 X103.045 Y108.417 E9.57871
G1 X103.211 Y108.053 F12000
;LAYER_CHANGE
;Z:0.62
;HEIGHT:0.21
G1 Z.62 F12000
G1 E7.57871 F2400
G92 E0
G1 Z1.02 F12000
G1 X105.556 Y118.11
G1 Z.62
G1 E2 F2400
G92 E0
;TYPE:Solid infill
;WIDTH:0.385066
G1 F4800
G1 X106.096 Y118.684 E.02246
G1 X105.684 Y118.247 E.03958
G1 X105.684 Y118.247 F12000
G1 X105.124 Y117.314
;WIDTH:0.419999
G1 F4800
G1 X107.657 Y119.847 E.15215
G1 X107.911 Y120.017 E.16175
;WIDTH:0.385066
G1 X107.892 Y120.088 E.16384
G1 X107.963 Y120.069 E.16593
G1 X107.952 Y120.028 E.16714
G1 X107.952 Y120.028 F12000
G1 X109.151 Y120.66
G1 F4800
G1 X109.162 Y120.701 E.16835
G1 X109.091 Y120.72 E.17044
G1 X109.11 Y120.649 E.17253
;WIDTH:0.419999
G1 X108.856 Y120.516 E.18154
G1 X104.495 Y116.155 E.37535
G1 X104.348 Y115.863 E.38562
;WIDTH:0.385066
G1 X104.359 Y115.904 E.38683
G1 X104.288 Y115.923 E.38892
G1 X104.307 Y115.852 E.39101
G1 X104.307 Y115.852 F12000
G1 X103.984 Y114.981
G1 F4800
G1 X103.965 Y115.052 E.3931
G1 X104.036 Y115.033 E.39519
G1 X104.025 Y114.992 E.3964
;WIDTH:0.419999
G1 X104.155 Y115.285 E.40647
G1 X109.73 Y120.86 E.65423
G1 X109.981 Y120.976 E.66292
;WIDTH:0.385066
G1 X109.962 Y121.047 E.66501
G1 X110.033 Y121.028 E.6671
G1 X110.022 Y120.987 E.66831
;WIDTH:0.419999
G1 X110.462 Y121.062 E.68234
G1 X103.943 Y114.542 E.97208
G1 X103.805 Y113.875 E.99348
G1 X111.123 Y121.192 E1.31868
G1 X111.725 Y121.265 E1.33774
G1 X103.724 Y113.264 E1.69332
G1 X103.705 Y112.714 E1.71061
G1 X112.295 Y121.304 E2.09237
G1 X112.824 Y121.303 E2.10899
G1 X103.703 Y112.182 E2.51435
G1 X103.738 Y111.687 E2.52994
G1 X113.32 Y121.269 E2.95578
G1 X113.785 Y121.204 E2.97053
G1 X103.793 Y111.212 E3.41459
G1 X103.869 Y110.758 E3.42906
G1 X114.243 Y121.131 E3.89008
G1 X114.966 Y121.071 E3.91288
;WIDTH:0.385066
G1 X114.977 Y121.112 E3.91409
G1 X114.906 Y121.131 E3.91618
G1 X114.925 Y121.06 E3.91827
;WIDTH:0.419999
G1 X114.671 Y121.029 E3.92631
G1 X103.973 Y110.331 E4.40175
G1 X104.085 Y109.913 E4.41535
G1 X108.421 Y114.249 E4.60805
G1 X108.614 Y114.514 E4.61835
;WIDTH:0.385066
G1 X108.881 Y114.871 E4.63105
G1 X108.881 Y114.871 F12000
G1 X108.348 Y113.569
G1 F4800
G1 X108.331 Y113.728 E4.63561
;WIDTH:0.419999
G1 X108.169 Y113.466 E4.64529
G1 X104.221 Y109.519 E4.82072
G1 X104.368 Y109.135 E4.83364
G1 X108.074 Y112.841 E4.99834
G1 X108.068 Y112.305 E5.01518
G1 X104.529 Y108.766 E5.17246
G1 X104.705 Y108.412 E5.18488
G1 X108.116 Y111.823 E5.33647
G1 X108.206 Y111.383 E5.35058
G1 X104.894 Y108.071 E5.49777
G1 X105.098 Y107.744 E5.50988
G1 X108.333 Y110.979 E5.65365
G1 X108.489 Y110.605 E5.66638
G1 X105.305 Y107.421 E5.80788
G1 X105.537 Y107.123 E5.81975
G1 X108.671 Y110.257 E5.95903
G1 X108.879 Y109.934 E5.9711
G1 X105.77 Y106.825 E6.10927
G1 X106.019 Y106.545 E6.12105
G1 X109.11 Y109.635 E6.2584
G1 X109.362 Y109.357 E6.27019
G1 X106.278 Y106.273 E6.40725
G1 X106.55 Y106.015 E6.41903
G1 X109.641 Y109.105 E6.55638
G1 X109.94 Y108.875 E6.56823
G1 X106.834 Y105.768 E6.70629
G1 X107.122 Y105.527 E6.71809
G1 X110.264 Y108.668 E6.8577
G1 X110.611 Y108.485 E6.87003
G1 X107.432 Y105.306 E7.01131
G1 X107.744 Y105.088 E7.02327
G1 X110.986 Y108.33 E7.16735
G1 X111.39 Y108.204 E7.18065
G1 X108.08 Y104.893 E7.32778
G1 X108.416 Y104.699 E7.33997
G1 X111.831 Y108.115 E7.49176
G1 X112.314 Y108.068 E7.50701
G1 X108.774 Y104.527 E7.66436
G1 X109.138 Y104.361 E7.67693
G1 X112.851 Y108.074 E7.84194
G1 X113.775 Y108.298 F12000
;WIDTH:0.385066
G1 F4800
G1 X113.786 Y108.339 E7.84315
G1 X113.715 Y108.358 E7.84524
G1 X113.734 Y108.287 E7.84733
;WIDTH:0.419999
G1 X113.48 Y108.172 E7.85609
G1 X109.525 Y104.218 E8.03184
G1 X109.917 Y104.079 E8.04491
G1 X114.267 Y108.429 E8.23823
G1 X114.532 Y108.623 E8.24855
;WIDTH:0.385066
G1 X114.923 Y108.919 E8.26253
G1 E6.26253 F2400
G92 E0
G1 Z1.02 F12000
G1 X110.079 Y116.078
G1 Z.62
G1 E2 F2400
G1 F4800
G1 X110.493 Y116.391 E2.01479
;WIDTH:0.419999
G1 X110.758 Y116.586 E2.02513
G1 X115.086 Y120.914 E2.21747
G1 X115.481 Y120.778 E2.2306
G1 X111.536 Y116.834 E2.4059
G1 X111.301 Y116.648 E2.41532
;WIDTH:0.385066
G1 X111.312 Y116.689 E2.41653
G1 X111.241 Y116.708 E2.41862
G1 X111.26 Y116.637 E2.42071
G1 X111.26 Y116.637 F12000
G1 X112.157 Y116.924
;WIDTH:0.419999
G1 F4800
G1 X115.869 Y120.636 E2.58568
G1 X116.233 Y120.47 E2.59825
G1 X112.696 Y116.933 E2.75544
G1 X113.178 Y116.884 E2.77067
G1 X116.59 Y120.297 E2.92233
G1 X116.926 Y120.103 E2.93452
G1 X113.617 Y116.793 E3.0816
G1 X114.022 Y116.668 E3.09492
G1 X117.262 Y119.909 E3.23893
G1 X117.573 Y119.689 E3.2509
G1 X114.395 Y116.511 E3.39214
G1 X114.743 Y116.329 E3.40448
G1 X117.88 Y119.466 E3.54389
G1 X118.174 Y119.23 E3.55574
G1 X115.064 Y116.12 E3.69395
G1 X115.365 Y115.89 E3.70585
G1 X118.456 Y118.981 E3.84322
G1 X118.727 Y118.722 E3.855
G1 X115.643 Y115.638 E3.99206
G1 X115.895 Y115.359 E4.00387
G1 X118.985 Y118.45 E4.14122
G1 X119.235 Y118.169 E4.15304
G1 X116.125 Y115.06 E4.29123
G1 X116.333 Y114.737 E4.3033
G1 X119.467 Y117.872 E4.4426
G1 X119.7 Y117.574 E4.45449
G1 X116.514 Y114.389 E4.59606
G1 X116.671 Y114.015 E4.60881
G1 X119.906 Y117.25 E4.75258
G1 X120.11 Y116.923 E4.76469
G1 X116.795 Y113.609 E4.91199
G1 X116.885 Y113.169 E4.9261
G1 X120.298 Y116.582 E5.07778
G1 X120.475 Y116.228 E5.09022
G1 X116.932 Y112.686 E5.24766
G1 X116.926 Y112.149 E5.26454
G1 X120.635 Y115.858 E5.42938
G1 X120.781 Y115.474 E5.44229
G1 X116.827 Y111.52 E5.61801
G1 X116.665 Y111.258 E5.62769
;WIDTH:0.385066
G1 X116.649 Y111.419 E5.6323
G1 X116.649 Y111.419 F12000
G1 X116.121 Y110.127
G1 F4800
G1 X116.378 Y110.468 E5.64447
;WIDTH:0.419999
G1 X116.571 Y110.733 E5.65477
G1 X120.917 Y115.079 E5.84791
G1 X121.089 Y114.885 E5.85606
;WIDTH:0.385066
G1 X121.07 Y114.956 E5.85815
G1 X121.141 Y114.937 E5.86024
G1 X121.13 Y114.896 E5.86145
;WIDTH:0.419999
G1 X121.029 Y114.661 E5.86949
G1 X110.34 Y103.972 E6.34453
G1 X110.764 Y103.866 E6.35826
G1 X121.132 Y114.234 E6.81903
G1 X121.208 Y113.78 E6.8335
G1 X111.214 Y103.786 E7.27765
G1 X111.687 Y103.729 E7.29262
G1 X121.263 Y113.304 E7.71817
G1 X121.297 Y112.809 E7.73376
G1 X112.196 Y103.708 E8.13823
G1 X112.716 Y103.697 E8.15457
G1 X121.297 Y112.279 E8.53595
G1 X121.268 Y111.718 E8.5536
G1 X113.28 Y103.731 E8.90858
G1 X113.893 Y103.814 E8.92802
G1 X121.193 Y111.114 E9.25245
G1 X121.069 Y110.459 E9.2734
G1 X114.552 Y103.942 E9.56303
G1 X115.014 Y103.947 E9.57755
;WIDTH:0.385066
G1 X114.995 Y104.019 E9.57967
G1 X115.066 Y103.999 E9.58177
G1 X115.055 Y103.958 E9.58298
;WIDTH:0.419999
G1 X115.287 Y104.147 E9.59238
G1 X120.856 Y109.717 E9.8399
G1 X121.004 Y109.938 E9.84826
;WIDTH:0.385066
G1 X120.985 Y110.009 E9.85035
G1 X121.056 Y109.99 E9.85244
G1 X121.045 Y109.949 E9.85365
G1 X121.045 Y109.949 F12000
G1 X120.702 Y109.054
G1 F4800
G1 X120.713 Y109.095 E9.85486
G1 X120.642 Y109.114 E9.85695
G1 X120.661 Y109.043 E9.85904
;WIDTH:0.419999
G1 X120.491 Y108.821 E9.86783
G1 X116.174 Y104.504 E10.05969
G1 X115.939 Y104.29 E10.06968
;WIDTH:0.385066
G1 X115.95 Y104.331 E10.07089
G1 X115.879 Y104.35 E10.07298
G1 X115.898 Y104.279 E10.07507
G1 X115.898 Y104.279 F12000
G1 X117.103 Y104.957
G1 F4800
G1 X117.287 Y104.983 E10.08037
G1 X118.183 Y105.744 E10.11387
;WIDTH:0.41353
G1 X118.832 Y106.371 E10.14174
G1 X119.374 Y106.947 E10.16617
;WIDTH:0.385066
G1 X120.047 Y107.747 E10.19596
G1 X120.06 Y107.916 E10.20079
;WIDTH:0.419999
G1 X119.851 Y107.651 E10.2114
G1 X117.368 Y105.168 E10.32175
G1 E8.32175 F2400
G92 E0
G1 X117.368 Y105.168 Z1.02 F12000
G1 X115.624 Y109.901
G1 Z.62
G1 E2 F2400
;TYPE:Perimeter
;WIDTH:0.42
G1 F3600
G1 X115.66 Y109.941 E2.00169
G1 X115.905 Y110.278 E2.01478
G1 X116.093 Y110.596 E2.02639
G1 X116.268 Y110.971 E2.03939
G1 X116.39 Y111.317 E2.05092
G1 X116.492 Y111.724 E2.06411
G1 X116.55 Y112.136 E2.07718
G1 X116.566 Y112.505 E2.08879
G1 X116.544 Y112.925 E2.10201
G1 X116.478 Y113.345 E2.11537
G1 X116.369 Y113.751 E2.12858
G1 X116.241 Y114.094 E2.14008
G1 X116.059 Y114.466 E2.15309
G1 X115.871 Y114.774 E2.16443
G1 X115.656 Y115.063 E2.17575
G1 X115.376 Y115.376 E2.18895
G1 X115.059 Y115.66 E2.20232
G1 X114.722 Y115.905 E2.21541
G1 X114.404 Y116.093 E2.22702
G1 X114.029 Y116.268 E2.24002
G1 X113.683 Y116.39 E2.25155
G1 X113.276 Y116.492 E2.26474
G1 X112.864 Y116.55 E2.27781
G1 X112.495 Y116.566 E2.28942
G1 X112.075 Y116.544 E2.30264
G1 X111.66 Y116.479 E2.31584
G1 X111.306 Y116.387 E2.32733
G1 X110.911 Y116.243 E2.34054
G1 X110.534 Y116.059 E2.35372
G1 X110.226 Y115.871 E2.36506
G1 X109.937 Y115.657 E2.37636
G1 X109.624 Y115.376 E2.38958
G1 X109.34 Y115.059 E2.40295
G1 X109.095 Y114.722 E2.41604
G1 X108.907 Y114.404 E2.42765
G1 X108.73 Y114.023 E2.44085
G1 X108.593 Y113.626 E2.45405
G1 X108.507 Y113.27 E2.46556
G1 X108.45 Y112.86 E2.47857
G1 X108.434 Y112.494 E2.49008
G1 X108.456 Y112.075 E2.50327
G1 X108.521 Y111.664 E2.51635
G1 X108.613 Y111.306 E2.52797
G1 X108.757 Y110.911 E2.54118
G1 X108.941 Y110.534 E2.55436
G1 X109.129 Y110.226 E2.5657
G1 X109.344 Y109.937 E2.57702
G1 X109.624 Y109.624 E2.59022
G1 X109.937 Y109.343 E2.60344
G1 X110.231 Y109.126 E2.61492
G1 X110.586 Y108.912 E2.62795
G1 X110.916 Y108.755 E2.63943
G1 X111.306 Y108.613 E2.65247
G1 X111.66 Y108.521 E2.66396
G1 X112.075 Y108.456 E2.67716
G1 X112.491 Y108.434 E2.69025
G1 X112.86 Y108.45 E2.70186
G1 X113.276 Y108.508 E2.71506
G1 X113.68 Y108.609 E2.72815
G1 X114.028 Y108.732 E2.73975
G1 X114.409 Y108.909 E2.75295
G1 X114.774 Y109.128 E2.76633
G1 X115.107 Y109.379 E2.77943
G1 X115.379 Y109.628 E2.79102
G1 X115.584 Y109.856 E2.80066
G1 X115.344 Y110.15 F12000
G1 F3600
G1 X115.368 Y110.177 E2.8018
G1 X115.591 Y110.484 E2.81372
G1 X115.761 Y110.771 E2.8242
G1 X115.921 Y111.114 E2.83609
G1 X116.031 Y111.425 E2.84646
G1 X116.123 Y111.796 E2.85847
G1 X116.176 Y112.171 E2.87037
G1 X116.191 Y112.504 E2.88085
G1 X116.171 Y112.886 E2.89287
G1 X116.111 Y113.267 E2.90499
G1 X116.012 Y113.637 E2.91703
G1 X115.896 Y113.946 E2.9274
G1 X115.73 Y114.286 E2.93929
G1 X115.56 Y114.564 E2.94953
G1 X115.366 Y114.826 E2.95977
G1 X115.11 Y115.11 E2.97179
G1 X114.823 Y115.368 E2.98392
G1 X114.516 Y115.591 E2.99584
G1 X114.229 Y115.761 E3.00632
G1 X113.886 Y115.921 E3.01821
G1 X113.575 Y116.031 E3.02858
G1 X113.205 Y116.123 E3.04056
G1 X112.829 Y116.176 E3.05249
G1 X112.496 Y116.191 E3.06297
G1 X112.114 Y116.171 E3.07499
G1 X111.737 Y116.111 E3.08699
G1 X111.417 Y116.028 E3.09738
G1 X111.058 Y115.898 E3.10938
G1 X110.714 Y115.73 E3.12141
G1 X110.436 Y115.56 E3.13165
G1 X110.174 Y115.366 E3.14189
G1 X109.89 Y115.11 E3.15391
G1 X109.632 Y114.823 E3.16604
G1 X109.409 Y114.516 E3.17796
G1 X109.239 Y114.229 E3.18844
G1 X109.078 Y113.883 E3.20043
G1 X108.953 Y113.521 E3.21247
G1 X108.876 Y113.2 E3.22284
G1 X108.823 Y112.826 E3.23471
G1 X108.809 Y112.496 E3.24509
G1 X108.829 Y112.114 E3.25711
G1 X108.888 Y111.74 E3.26901
G1 X108.971 Y111.417 E3.27949
G1 X109.102 Y111.058 E3.2915
G1 X109.27 Y110.714 E3.30353
G1 X109.44 Y110.436 E3.31377
G1 X109.634 Y110.174 E3.32401
G1 X109.89 Y109.89 E3.33603
G1 X110.174 Y109.634 E3.34805
G1 X110.439 Y109.438 E3.35841
G1 X110.764 Y109.243 E3.37032
G1 X111.062 Y109.101 E3.38069
G1 X111.417 Y108.972 E3.39256
G1 X111.737 Y108.889 E3.40295
G1 X112.114 Y108.829 E3.41495
G1 X112.493 Y108.809 E3.42688
G1 X112.826 Y108.823 E3.43735
G1 X113.204 Y108.877 E3.44935
G1 X113.572 Y108.968 E3.46126
G1 X113.886 Y109.079 E3.47173
G1 X114.233 Y109.241 E3.48376
G1 X114.564 Y109.44 E3.4959
G1 X114.867 Y109.668 E3.50782
G1 X115.113 Y109.893 E3.5183
G1 X115.304 Y110.106 E3.52729
G1 X115.304 Y110.106 F12000
G1 X115.065 Y110.4
G1 F3600
G1 X115.077 Y110.413 E3.52785
G1 X115.278 Y110.69 E3.53861
G1 X115.429 Y110.945 E3.54792
G1 X115.573 Y111.256 E3.55869
G1 X115.671 Y111.533 E3.56792
G1 X115.755 Y111.867 E3.57874
G1 X115.802 Y112.206 E3.5895
G1 X115.816 Y112.502 E3.59881
G1 X115.798 Y112.847 E3.60967
G1 X115.743 Y113.189 E3.62056
G1 X115.654 Y113.522 E3.63139
G1 X115.551 Y113.798 E3.64065
G1 X115.401 Y114.105 E3.65139
G1 X115.249 Y114.354 E3.66056
G1 X115.075 Y114.588 E3.66972
G1 X114.845 Y114.845 E3.68056
G1 X114.587 Y115.077 E3.69146
G1 X114.31 Y115.278 E3.70222
G1 X114.055 Y115.429 E3.71153
G1 X113.744 Y115.573 E3.7223
G1 X113.467 Y115.671 E3.73153
G1 X113.133 Y115.755 E3.74235
G1 X112.794 Y115.802 E3.75311
G1 X112.498 Y115.816 E3.76242
G1 X112.153 Y115.798 E3.77328
G1 X111.813 Y115.744 E3.7841
G1 X111.528 Y115.67 E3.79335
G1 X111.204 Y115.552 E3.80419
G1 X110.895 Y115.401 E3.815
G1 X110.646 Y115.249 E3.82417
G1 X110.412 Y115.075 E3.83333
G1 X110.155 Y114.845 E3.84417
G1 X109.923 Y114.587 E3.85507
G1 X109.722 Y114.31 E3.86583
G1 X109.571 Y114.055 E3.87514
G1 X109.426 Y113.742 E3.88598
G1 X109.314 Y113.416 E3.89681
G1 X109.245 Y113.13 E3.90606
G1 X109.197 Y112.791 E3.91682
G1 X109.184 Y112.498 E3.92604
G1 X109.202 Y112.154 E3.93687
G1 X109.256 Y111.816 E3.94763
G1 X109.33 Y111.528 E3.95697
G1 X109.448 Y111.204 E3.96781
G1 X109.599 Y110.895 E3.97862
G1 X109.751 Y110.646 E3.98779
G1 X109.925 Y110.412 E3.99695
G1 X110.155 Y110.155 E4.00779
G1 X110.412 Y109.925 E4.01863
G1 X110.648 Y109.75 E4.02786
G1 X110.941 Y109.574 E4.0386
G1 X111.207 Y109.447 E4.04786
G1 X111.528 Y109.33 E4.0586
G1 X111.813 Y109.256 E4.06785
G1 X112.153 Y109.202 E4.07867
G1 X112.495 Y109.184 E4.08943
G1 X112.791 Y109.197 E4.09874
G1 X113.133 Y109.245 E4.10959
G1 X113.464 Y109.328 E4.12031
G1 X113.744 Y109.427 E4.12964
G1 X114.057 Y109.572 E4.14048
G1 X114.354 Y109.751 E4.15138
G1 X114.627 Y109.957 E4.16213
G1 X114.846 Y110.157 E4.17145
G1 X115.025 Y110.356 E4.17986
G1 X115.025 Y110.356 F12000
G1 X114.793 Y110.643
;TYPE:External perimeter
;WIDTH:0.4
G1 F3600
G1 X114.972 Y110.89 E4.18893
G1 X115.105 Y111.116 E4.19673
G1 X115.235 Y111.394 E4.20586
G1 X115.322 Y111.638 E4.21357
G1 X115.396 Y111.937 E4.22273
G1 X115.439 Y112.239 E4.2318
G1 X115.45 Y112.501 E4.2396
G1 X115.434 Y112.808 E4.24875
G1 X115.386 Y113.113 E4.25794
G1 X115.306 Y113.411 E4.26712
G1 X115.215 Y113.654 E4.27484
G1 X115.081 Y113.93 E4.28397
G1 X114.792 Y114.357 E4.29931
G1 X114.586 Y114.586 E4.30847
G1 X114.357 Y114.793 E4.31765
G1 X114.11 Y114.972 E4.32672
G1 X113.884 Y115.105 E4.33452
G1 X113.606 Y115.235 E4.34365
G1 X113.362 Y115.322 E4.35136
G1 X113.063 Y115.396 E4.36052
G1 X112.761 Y115.439 E4.36959
G1 X112.499 Y115.45 E4.37739
G1 X112.192 Y115.434 E4.38654
G1 X111.887 Y115.386 E4.39573
G1 X111.637 Y115.321 E4.40341
G1 X111.347 Y115.216 E4.41259
G1 X111.07 Y115.081 E4.42176
G1 X110.643 Y114.792 E4.4371
G1 X110.414 Y114.586 E4.44626
G1 X110.207 Y114.357 E4.45544
G1 X110.028 Y114.11 E4.46451
G1 X109.895 Y113.884 E4.47231
G1 X109.765 Y113.605 E4.48147
G1 X109.664 Y113.314 E4.49063
G1 X109.604 Y113.062 E4.49834
G1 X109.561 Y112.758 E4.50747
G1 X109.55 Y112.499 E4.51518
G1 X109.566 Y112.192 E4.52433
G1 X109.613 Y111.89 E4.53342
G1 X109.679 Y111.637 E4.5412
G1 X109.784 Y111.347 E4.55038
G1 X109.919 Y111.07 E4.55955
G1 X110.208 Y110.643 E4.57489
G1 X110.414 Y110.414 E4.58405
G1 X110.643 Y110.208 E4.59321
G1 X110.851 Y110.054 E4.60091
G1 X111.114 Y109.896 E4.61004
G1 X111.348 Y109.784 E4.61776
G1 X111.637 Y109.679 E4.62691
G1 X111.887 Y109.614 E4.63459
G1 X112.192 Y109.566 E4.64378
G1 X112.496 Y109.55 E4.65284
G1 X112.758 Y109.561 E4.66064
G1 X113.063 Y109.604 E4.6698
G1 X113.359 Y109.678 E4.67888
G1 X113.606 Y109.765 E4.68667
G1 X113.885 Y109.895 E4.69583
G1 X114.15 Y110.054 E4.70502
G1 X114.394 Y110.238 E4.71411
G1 X114.587 Y110.414 E4.72188
G1 X114.753 Y110.599 E4.72927
G1 X114.986 Y110.924 F12000
G1 E2.72927 F2400
G92 E0
G1 Z1.02 F12000
G1 X104.097 Y108.795
G1 Z.62
G1 E2 F2400
;TYPE:Perimeter
;WIDTH:0.42
G1 F4800
G1 X104.105 Y108.775 E2.00068
G1 X104.473 Y108.037 E2.0266
G1 X104.976 Y107.232 E2.05643
G1 X105.561 Y106.483 E2.0863
G1 X106.128 Y105.885 E2.1122
G1 X106.829 Y105.276 E2.14138
G1 X107.508 Y104.791 E2.1676
G1 X108.311 Y104.326 E2.19676
G1 X109.06 Y103.985 E2.22262
G1 X109.826 Y103.714 E2.24815
G1 X110.747 Y103.484 E2.27798
G1 X111.222 Y103.405 E2.29311
G1 X111.699 Y103.35 E2.3082
G1 X112.639 Y103.317 E2.33776
G1 X113.472 Y103.367 E2.36398
G1 X114.41 Y103.516 E2.39383
G1 X115.318 Y103.759 E2.42337
G1 X116.1 Y104.05 E2.44959
G1 X116.953 Y104.467 E2.47943
G1 X117.75 Y104.964 E2.50895
G1 X118.413 Y105.472 E2.5352
G1 X119.099 Y106.112 E2.56468
G1 X119.645 Y106.729 E2.59057
G1 X120.196 Y107.488 E2.62004
G1 X120.615 Y108.198 E2.64595
G1 X121.016 Y109.059 E2.6758
G1 X121.184 Y109.51 E2.69092
G1 X121.329 Y109.968 E2.70602
G1 X121.449 Y110.434 E2.72114
G1 X121.545 Y110.905 E2.73625
G1 X121.661 Y111.848 E2.76611
G1 X121.683 Y112.672 E2.79201
G1 X121.617 Y113.608 E2.8215
G1 X121.481 Y114.421 E2.8474
G1 X121.235 Y115.338 E2.87724
G1 X120.895 Y116.225 E2.90709
G1 X120.527 Y116.963 E2.93301
G1 X120.024 Y117.768 E2.96284
G1 X119.439 Y118.517 E2.99271
G1 X118.88 Y119.106 E3.01823
G1 X118.271 Y119.645 E3.04379
G1 X117.502 Y120.203 E3.07365
G1 X116.68 Y120.678 E3.10348
G1 X115.93 Y121.02 E3.12938
G1 X115.043 Y121.325 E3.15886
G1 X114.232 Y121.52 E3.18507
G1 X113.301 Y121.65 E3.21461
G1 X112.821 Y121.679 E3.22972
G1 X112.34 Y121.683 E3.24484
G1 X111.392 Y121.617 E3.2747
G1 X110.579 Y121.481 E3.3006
G1 X109.662 Y121.235 E3.33044
G1 X108.784 Y120.899 E3.35998
G1 X108.037 Y120.527 E3.3862
G1 X107.232 Y120.024 E3.41603
G1 X106.483 Y119.439 E3.4459
G1 X105.894 Y118.88 E3.47142
G1 X105.355 Y118.271 E3.49698
G1 X104.797 Y117.502 E3.52684
G1 X104.326 Y116.689 E3.55637
G1 X103.98 Y115.929 E3.58261
G1 X103.671 Y115.032 E3.61242
G1 X103.459 Y114.116 E3.64197
G1 X103.349 Y113.289 E3.66819
G1 X103.317 Y112.34 E3.69803
G1 X103.383 Y111.392 E3.72789
G1 X103.521 Y110.57 E3.75408
G1 X103.765 Y109.662 E3.78363
G1 X104.076 Y108.851 E3.81093
G1 X104.076 Y108.851 F12000
G1 X103.75 Y108.651
G1 F4800
G1 X103.764 Y108.619 E3.81203
G1 X104.143 Y107.858 E3.83875
G1 X104.393 Y107.434 E3.85422
G1 X104.669 Y107.017 E3.86993
G1 X104.967 Y106.614 E3.88568
G1 X105.28 Y106.235 E3.90113
G1 X105.865 Y105.618 E3.92785
G1 X106.228 Y105.285 E3.94333
G1 X106.6 Y104.978 E3.95849
G1 X107.301 Y104.478 E3.98555
G1 X107.72 Y104.221 E4.001
G1 X108.144 Y103.991 E4.01616
G1 X108.919 Y103.637 E4.04294
G1 X109.713 Y103.356 E4.06941
G1 X110.187 Y103.224 E4.08487
G1 X110.676 Y103.116 E4.10061
G1 X111.17 Y103.033 E4.11635
G1 X111.667 Y102.977 E4.13207
G1 X112.167 Y102.946 E4.14781
G1 X112.649 Y102.942 E4.16296
G1 X113.508 Y102.994 E4.19
G1 X113.996 Y103.058 E4.20547
G1 X114.488 Y103.149 E4.22119
G1 X114.974 Y103.266 E4.2369
G1 X115.437 Y103.403 E4.25207
G1 X116.243 Y103.704 E4.27911
G1 X116.691 Y103.908 E4.29458
G1 X117.135 Y104.139 E4.31031
G1 X117.566 Y104.393 E4.32603
G1 X117.968 Y104.659 E4.34118
G1 X118.651 Y105.182 E4.36821
G1 X119.02 Y105.508 E4.38368
G1 X119.371 Y105.853 E4.39915
G1 X119.934 Y106.49 E4.42587
G1 X120.234 Y106.881 E4.44136
G1 X120.513 Y107.287 E4.45684
G1 X120.944 Y108.019 E4.48353
G1 X121.164 Y108.46 E4.49902
G1 X121.364 Y108.919 E4.51475
G1 X121.539 Y109.388 E4.53048
G1 X121.689 Y109.865 E4.54619
G1 X121.815 Y110.35 E4.56194
G1 X121.915 Y110.84 E4.57766
G1 X121.989 Y111.335 E4.59339
G1 X122.036 Y111.825 E4.60886
G1 X122.058 Y112.675 E4.63558
G1 X122.037 Y113.167 E4.65106
G1 X121.989 Y113.657 E4.66653
G1 X121.849 Y114.496 E4.69326
G1 X121.734 Y114.974 E4.70871
G1 X121.592 Y115.454 E4.72444
G1 X121.425 Y115.926 E4.74017
G1 X121.236 Y116.381 E4.75565
G1 X120.857 Y117.142 E4.78237
G1 X120.607 Y117.566 E4.79784
G1 X120.331 Y117.983 E4.81355
G1 X120.033 Y118.386 E4.8293
G1 X119.72 Y118.765 E4.84475
G1 X119.14 Y119.376 E4.87122
G1 X118.51 Y119.934 E4.89767
G1 X118.119 Y120.234 E4.91316
G1 X117.707 Y120.518 E4.92889
G1 X117.28 Y120.779 E4.94462
G1 X116.847 Y121.014 E4.9601
G1 X116.073 Y121.367 E4.98683
G1 X115.612 Y121.539 E5.00229
G1 X115.143 Y121.687 E5.01774
G1 X114.306 Y121.887 E5.04478
G1 X113.831 Y121.967 E5.05992
G1 X113.333 Y122.023 E5.07567
G1 X112.834 Y122.054 E5.09138
G1 X112.333 Y122.058 E5.10712
G1 X111.833 Y122.037 E5.12285
G1 X111.343 Y121.989 E5.13832
G1 X110.504 Y121.849 E5.16505
G1 X110.026 Y121.734 E5.1805
G1 X109.546 Y121.592 E5.19623
G1 X109.074 Y121.425 E5.21196
G1 X108.628 Y121.24 E5.22713
G1 X107.858 Y120.857 E5.25416
G1 X107.434 Y120.607 E5.26963
G1 X107.017 Y120.331 E5.28534
G1 X106.614 Y120.033 E5.30109
G1 X106.235 Y119.72 E5.31654
G1 X105.624 Y119.14 E5.34301
G1 X105.066 Y118.51 E5.36946
G1 X104.766 Y118.119 E5.38495
G1 X104.482 Y117.707 E5.40068
G1 X104.221 Y117.28 E5.41641
G1 X103.991 Y116.856 E5.43157
G1 X103.633 Y116.073 E5.45863
G1 X103.461 Y115.612 E5.47409
G1 X103.311 Y115.135 E5.4898
G1 X103.185 Y114.65 E5.50555
G1 X103.089 Y114.178 E5.52069
G1 X102.976 Y113.325 E5.54773
G1 X102.946 Y112.834 E5.56319
G1 X102.942 Y112.333 E5.57893
G1 X102.963 Y111.833 E5.59466
G1 X103.011 Y111.343 E5.61013
G1 X103.153 Y110.495 E5.63715
G1 X103.266 Y110.026 E5.65231
G1 X103.408 Y109.546 E5.66804
G1 X103.575 Y109.074 E5.68377
G1 X103.727 Y108.707 E5.69625
G1 X103.727 Y108.707 F12000
G1 X103.404 Y108.508
G1 F4800
G1 X103.422 Y108.464 E5.69774
G1 X103.813 Y107.679 E5.7253
G1 X104.075 Y107.235 E5.7415
G1 X104.362 Y106.802 E5.75782
G1 X104.671 Y106.383 E5.77418
G1 X104.999 Y105.986 E5.79036
G1 X105.602 Y105.35 E5.8179
G1 X105.982 Y105.002 E5.83409
G1 X106.372 Y104.681 E5.84996
G1 X107.093 Y104.165 E5.87782
G1 X107.533 Y103.896 E5.89403
G1 X107.976 Y103.655 E5.90988
G1 X108.779 Y103.289 E5.93761
G1 X109.6 Y102.998 E5.96498
G1 X110.097 Y102.86 E5.98119
G1 X110.604 Y102.748 E5.99751
G1 X111.117 Y102.662 E6.01386
G1 X111.634 Y102.603 E6.03021
G1 X112.153 Y102.571 E6.04655
G1 X112.658 Y102.567 E6.06242
G1 X113.544 Y102.62 E6.09031
G1 X114.054 Y102.687 E6.10647
G1 X114.566 Y102.782 E6.12283
G1 X115.071 Y102.904 E6.13916
G1 X115.556 Y103.047 E6.15505
G1 X116.386 Y103.357 E6.18289
G1 X116.855 Y103.571 E6.19909
G1 X117.317 Y103.811 E6.21545
G1 X117.765 Y104.075 E6.23179
G1 X118.186 Y104.353 E6.24764
G1 X118.89 Y104.893 E6.27552
G1 X119.276 Y105.234 E6.29171
G1 X119.643 Y105.595 E6.30789
G1 X120.224 Y106.252 E6.33545
G1 X120.537 Y106.66 E6.35161
G1 X120.829 Y107.085 E6.36781
G1 X121.274 Y107.84 E6.39535
G1 X121.504 Y108.301 E6.41154
G1 X121.711 Y108.778 E6.42788
G1 X121.894 Y109.266 E6.44426
G1 X122.05 Y109.762 E6.4606
G1 X122.18 Y110.265 E6.47693
G1 X122.284 Y110.775 E6.49329
G1 X122.361 Y111.289 E6.50962
G1 X122.41 Y111.802 E6.52581
G1 X122.433 Y112.678 E6.55335
G1 X122.411 Y113.193 E6.56955
G1 X122.361 Y113.706 E6.58575
G1 X122.217 Y114.57 E6.61328
G1 X122.096 Y115.071 E6.62948
G1 X121.949 Y115.57 E6.64583
G1 X121.775 Y116.06 E6.66217
G1 X121.578 Y116.536 E6.67836
G1 X121.187 Y117.321 E6.70592
G1 X120.925 Y117.765 E6.72212
G1 X120.638 Y118.198 E6.73844
G1 X120.329 Y118.617 E6.7548
G1 X120.001 Y119.014 E6.77098
G1 X119.401 Y119.646 E6.79837
G1 X118.748 Y120.224 E6.82577
G1 X118.34 Y120.537 E6.84193
G1 X117.911 Y120.832 E6.85829
G1 X117.467 Y121.104 E6.87465
G1 X117.015 Y121.35 E6.89082
G1 X116.217 Y121.713 E6.91837
G1 X115.735 Y121.894 E6.93455
G1 X115.243 Y122.048 E6.95075
G1 X114.381 Y122.255 E6.97861
G1 X113.883 Y122.338 E6.99448
G1 X113.366 Y122.397 E7.01083
G1 X112.847 Y122.429 E7.02717
G1 X112.327 Y122.433 E7.04351
G1 X111.807 Y122.411 E7.05987
G1 X111.294 Y122.361 E7.07607
G1 X110.43 Y122.217 E7.1036
G1 X109.929 Y122.096 E7.1198
G1 X109.43 Y121.949 E7.13615
G1 X108.94 Y121.775 E7.15249
G1 X108.473 Y121.582 E7.16837
G1 X107.679 Y121.187 E7.19624
G1 X107.235 Y120.925 E7.21244
G1 X106.802 Y120.638 E7.22876
G1 X106.383 Y120.329 E7.24512
G1 X105.986 Y120.001 E7.2613
G1 X105.354 Y119.401 E7.28869
G1 X104.776 Y118.748 E7.31609
G1 X104.463 Y118.34 E7.33225
G1 X104.168 Y117.911 E7.34861
G1 X103.896 Y117.467 E7.36497
G1 X103.655 Y117.024 E7.38082
G1 X103.287 Y116.217 E7.40869
G1 X103.106 Y115.735 E7.42487
G1 X102.95 Y115.238 E7.44124
G1 X102.82 Y114.735 E7.45757
G1 X102.719 Y114.24 E7.47345
G1 X102.603 Y113.361 E7.50131
G1 X102.571 Y112.847 E7.51749
G1 X102.567 Y112.327 E7.53383
G1 X102.589 Y111.807 E7.55019
G1 X102.639 Y111.294 E7.56639
G1 X102.786 Y110.42 E7.59424
G1 X102.904 Y109.929 E7.61011
G1 X103.051 Y109.43 E7.62646
G1 X103.225 Y108.94 E7.6428
G1 X103.381 Y108.563 E7.65562
G1 X103.381 Y108.563 F12000
G1 X103.067 Y108.368
;TYPE:External perimeter
;WIDTH:0.4
G1 F2400
G1 X103.09 Y108.312 E7.65742
G1 X103.492 Y107.505 E7.68424
G1 X103.765 Y107.042 E7.70023
G1 X104.063 Y106.592 E7.71629
G1 X104.384 Y106.159 E7.73232
G1 X104.725 Y105.744 E7.7483
G1 X105.346 Y105.09 E7.77513
G1 X105.743 Y104.727 E7.79113
G1 X106.149 Y104.391 E7.80681
G1 X106.892 Y103.861 E7.83396
G1 X107.35 Y103.58 E7.84995
G1 X107.813 Y103.328 E7.86563
G1 X108.642 Y102.95 E7.89273
G1 X109.49 Y102.65 E7.91949
G1 X110.008 Y102.506 E7.93548
G1 X110.535 Y102.389 E7.95154
G1 X111.067 Y102.3 E7.96759
G1 X111.602 Y102.239 E7.98361
G1 X112.141 Y102.206 E7.99967
G1 X112.668 Y102.202 E8.01535
G1 X113.578 Y102.257 E8.04247
G1 X114.111 Y102.327 E8.05846
G1 X114.641 Y102.425 E8.07449
G1 X115.166 Y102.551 E8.09055
G1 X115.671 Y102.701 E8.10622
G1 X116.526 Y103.02 E8.13337
G1 X117.015 Y103.242 E8.14935
G1 X117.494 Y103.491 E8.16541
G1 X117.958 Y103.765 E8.18144
G1 X118.398 Y104.056 E8.19713
G1 X119.122 Y104.611 E8.22427
G1 X119.525 Y104.967 E8.24027
G1 X119.908 Y105.344 E8.25626
G1 X120.506 Y106.019 E8.28309
G1 X120.833 Y106.446 E8.29909
G1 X121.137 Y106.889 E8.31507
G1 X121.595 Y107.666 E8.3419
G1 X121.835 Y108.147 E8.35789
G1 X122.05 Y108.642 E8.37394
G1 X122.239 Y109.147 E8.38998
G1 X122.401 Y109.661 E8.40601
G1 X122.536 Y110.183 E8.42205
G1 X122.643 Y110.711 E8.43808
G1 X122.723 Y111.245 E8.45414
G1 X122.775 Y111.78 E8.47013
G1 X122.798 Y112.681 E8.49694
G1 X122.775 Y113.218 E8.51293
G1 X122.723 Y113.754 E8.52895
G1 X122.574 Y114.643 E8.55577
G1 X122.449 Y115.166 E8.57177
G1 X122.296 Y115.683 E8.58781
G1 X122.116 Y116.191 E8.60384
G1 X121.91 Y116.688 E8.61984
G1 X121.508 Y117.495 E8.64666
G1 X121.235 Y117.958 E8.66265
G1 X120.937 Y118.408 E8.67871
G1 X120.616 Y118.841 E8.69474
G1 X120.275 Y119.256 E8.71072
G1 X119.655 Y119.909 E8.73751
G1 X118.981 Y120.506 E8.7643
G1 X118.554 Y120.833 E8.7803
G1 X118.11 Y121.138 E8.79632
G1 X117.65 Y121.42 E8.81237
G1 X117.178 Y121.676 E8.82834
G1 X116.357 Y122.051 E8.85519
G1 X115.853 Y122.239 E8.87119
G1 X115.341 Y122.4 E8.88716
G1 X114.453 Y122.613 E8.91433
G1 X113.934 Y122.7 E8.92999
G1 X113.398 Y122.761 E8.94604
G1 X112.859 Y122.794 E8.9621
G1 X112.32 Y122.798 E8.97814
G1 X111.782 Y122.775 E8.99416
G1 X111.247 Y122.723 E9.01015
G1 X110.357 Y122.574 E9.037
G1 X109.834 Y122.449 E9.053
G1 X109.317 Y122.296 E9.06904
G1 X108.809 Y122.116 E9.08507
G1 X108.322 Y121.914 E9.10075
G1 X107.505 Y121.508 E9.12789
G1 X107.042 Y121.235 E9.14388
G1 X106.592 Y120.937 E9.15994
G1 X106.159 Y120.616 E9.17597
G1 X105.744 Y120.275 E9.19195
G1 X105.091 Y119.655 E9.21874
G1 X104.494 Y118.981 E9.24553
G1 X104.167 Y118.554 E9.26153
G1 X103.862 Y118.11 E9.27755
G1 X103.58 Y117.65 E9.2936
G1 X103.328 Y117.187 E9.30928
G1 X102.949 Y116.357 E9.33642
G1 X102.761 Y115.853 E9.35242
G1 X102.599 Y115.339 E9.36845
G1 X102.464 Y114.817 E9.38449
G1 X102.359 Y114.301 E9.40016
G1 X102.239 Y113.396 E9.42732
G1 X102.206 Y112.859 E9.44333
G1 X102.202 Y112.32 E9.45937
G1 X102.225 Y111.782 E9.47539
G1 X102.277 Y111.247 E9.49138
G1 X102.428 Y110.347 E9.51853
G1 X102.551 Y109.834 E9.53422
G1 X102.704 Y109.317 E9.55026
G1 X102.884 Y108.809 E9.56629
G1 X103.044 Y108.424 E9.57869
G1 X103.216 Y108.063 F12000
M106 S86.7
;LAYER_CHANGE
;Z:0.83
;HEIGHT:0.21
G1 Z.83 F12000
G1 E7.57869 F2400
G92 E0
G1 Z1.23 F12000
G1 X103.71 Y110.685
G1 Z.83
G1 E2 F2400
G92 E0
;TYPE:Internal infill
;WIDTH:0.42
G1 F6000
G1 X110.683 Y103.713 E.30987
G1 E-1.69013 F2400
G92 E0
G1 X110.683 Y103.713 Z1.23 F12000
G1 X109.391 Y120.911
G1 Z.83
G1 E2 F2400
G1 F6000
G1 X113.473 Y116.829 E2.18141
G1 X112.493 Y116.942 E2.21241
G1 X111.645 Y116.859 E2.23919
G1 X111.202 Y116.748 E2.25354
G1 X110.409 Y116.419 E2.28052
G1 X110.016 Y116.183 E2.29493
G1 X109.359 Y115.641 E2.3217
G1 X106.275 Y118.725 E2.45876
G1 X105.648 Y118.036 E2.48804
G1 X105.112 Y117.298 E2.5167
G1 X104.662 Y116.52 E2.54494
G1 X104.221 Y115.477 E2.58053
G1 X108.171 Y111.527 E2.75608
G1 X108.581 Y110.409 E2.7935
G1 X108.817 Y110.016 E2.80791
G1 X109.364 Y109.354 E2.8349
G1 X109.695 Y109.056 E2.8489
G1 X110.353 Y108.612 E2.87385
G1 X110.764 Y108.411 E2.88823
G1 X111.53 Y108.168 E2.91348
G1 X115.479 Y104.219 E3.08898
G1 X116.75 Y104.784 E3.13269
G1 X117.435 Y105.203 E3.15792
G1 X118.163 Y105.752 E3.18657
G1 X118.725 Y106.275 E3.2107
G1 X115.641 Y109.359 E3.34776
G1 X116.225 Y110.081 E3.37694
G1 X116.454 Y110.477 E3.39132
G1 X116.75 Y111.208 E3.4161
G1 X116.918 Y112.043 E3.44287
G1 X116.942 Y112.5 E3.45725
G1 X116.829 Y113.473 E3.48803
G1 X120.786 Y109.516 E3.66389
G1 X121.171 Y110.947 E3.71046
G1 X121.276 Y111.743 E3.73569
G1 X121.308 Y112.654 E3.76434
G1 X121.245 Y113.564 E3.79301
G1 X121.06 Y114.545 E3.82438
G1 X114.324 Y121.281 E4.12374
G1 E2.12374 F2400
G92 E0
G1 X114.324 Y121.281 Z1.23 F12000
G1 X115.692 Y109.985
G1 Z.83
G1 E2 F2400
;TYPE:Perimeter
G1 F3600
G1 X115.911 Y110.285 E2.01167
G1 X116.12 Y110.649 E2.02486
G1 X116.27 Y110.977 E2.03619
G1 X116.39 Y111.317 E2.04752
G1 X116.491 Y111.719 E2.06055
G1 X116.545 Y112.081 E2.07205
G1 X116.567 Y112.5 E2.08524
G1 X116.545 Y112.919 E2.09843
G1 X116.491 Y113.281 E2.10993
G1 X116.392 Y113.679 E2.12282
G1 X116.268 Y114.028 E2.13446
G1 X116.091 Y114.409 E2.14766
G1 X115.877 Y114.765 E2.16071
G1 X115.657 Y115.063 E2.17235
G1 X115.376 Y115.376 E2.18557
G1 X115.059 Y115.66 E2.19894
G1 X114.715 Y115.911 E2.21232
G1 X114.351 Y116.12 E2.22551
G1 X114.023 Y116.27 E2.23684
G1 X113.683 Y116.39 E2.24817
G1 X113.276 Y116.492 E2.26136
G1 X112.86 Y116.55 E2.27456
G1 X112.494 Y116.566 E2.28607
G1 X112.081 Y116.545 E2.29907
G1 X111.718 Y116.491 E2.3106
G1 X111.311 Y116.389 E2.32379
G1 X110.921 Y116.247 E2.33683
G1 X110.586 Y116.088 E2.34848
G1 X110.226 Y115.871 E2.36169
G1 X109.891 Y115.619 E2.37486
G1 X109.621 Y115.371 E2.38638
G1 X109.34 Y115.059 E2.39958
G1 X109.095 Y114.723 E2.41265
G1 X108.907 Y114.404 E2.42429
G1 X108.73 Y114.023 E2.43749
G1 X108.593 Y113.626 E2.45069
G1 X108.509 Y113.276 E2.462
G1 X108.455 Y112.919 E2.47335
G1 X108.433 Y112.5 E2.48654
G1 X108.455 Y112.081 E2.49973
G1 X108.51 Y111.718 E2.51127
G1 X108.611 Y111.311 E2.52445
G1 X108.753 Y110.921 E2.53749
G1 X108.912 Y110.586 E2.54914
G1 X109.129 Y110.226 E2.56235
G1 X109.381 Y109.891 E2.57552
G1 X109.628 Y109.621 E2.58702
G1 X109.933 Y109.347 E2.5999
G1 X110.226 Y109.129 E2.61138
G1 X110.534 Y108.941 E2.62272
G1 X110.911 Y108.757 E2.6359
G1 X111.301 Y108.615 E2.64894
G1 X111.66 Y108.521 E2.6606
G1 X112.075 Y108.456 E2.6738
G1 X112.489 Y108.434 E2.68683
G1 X112.86 Y108.45 E2.6985
G1 X113.276 Y108.508 E2.7117
G1 X113.679 Y108.608 E2.72475
G1 X114.028 Y108.732 E2.73639
G1 X114.409 Y108.909 E2.74959
G1 X114.774 Y109.129 E2.76298
G1 X115.109 Y109.381 E2.77615
G1 X115.379 Y109.629 E2.78767
G1 X115.656 Y109.936 E2.80066
G1 X115.656 Y109.936 F12000
G1 X115.39 Y110.206
G1 F3600
G1 X115.596 Y110.49 E2.81169
G1 X115.787 Y110.821 E2.8237
G1 X115.922 Y111.117 E2.83392
G1 X116.031 Y111.425 E2.84419
G1 X116.122 Y111.792 E2.85607
G1 X116.171 Y112.118 E2.86643
G1 X116.191 Y112.5 E2.87845
G1 X116.171 Y112.882 E2.89047
G1 X116.122 Y113.208 E2.90083
G1 X116.032 Y113.571 E2.91258
G1 X115.921 Y113.886 E2.92308
G1 X115.759 Y114.233 E2.93511
G1 X115.565 Y114.557 E2.94698
G1 X115.366 Y114.826 E2.9575
G1 X115.11 Y115.11 E2.96952
G1 X114.823 Y115.369 E2.98167
G1 X114.51 Y115.596 E2.99382
G1 X114.179 Y115.787 E3.00583
G1 X113.883 Y115.922 E3.01605
G1 X113.575 Y116.031 E3.02632
G1 X113.204 Y116.123 E3.03833
G1 X112.826 Y116.177 E3.05033
G1 X112.496 Y116.191 E3.06071
G1 X112.118 Y116.171 E3.07261
G1 X111.792 Y116.122 E3.08297
G1 X111.421 Y116.03 E3.09498
G1 X111.066 Y115.901 E3.10685
G1 X110.764 Y115.757 E3.11736
G1 X110.436 Y115.56 E3.12938
G1 X110.131 Y115.33 E3.14138
G1 X109.887 Y115.107 E3.15177
G1 X109.632 Y114.823 E3.16376
G1 X109.409 Y114.517 E3.17566
G1 X109.239 Y114.23 E3.18614
G1 X109.078 Y113.883 E3.19816
G1 X108.953 Y113.521 E3.2102
G1 X108.877 Y113.204 E3.22044
G1 X108.829 Y112.882 E3.23067
G1 X108.809 Y112.5 E3.24269
G1 X108.829 Y112.118 E3.25471
G1 X108.878 Y111.792 E3.26507
G1 X108.97 Y111.421 E3.27708
G1 X109.099 Y111.066 E3.28895
G1 X109.243 Y110.764 E3.29946
G1 X109.44 Y110.436 E3.31148
G1 X109.67 Y110.131 E3.32348
G1 X109.893 Y109.887 E3.33387
G1 X110.171 Y109.637 E3.34562
G1 X110.436 Y109.44 E3.356
G1 X110.714 Y109.27 E3.36624
G1 X111.058 Y109.102 E3.37827
G1 X111.413 Y108.973 E3.39014
G1 X111.736 Y108.889 E3.40063
G1 X112.114 Y108.829 E3.41266
G1 X112.491 Y108.809 E3.42452
G1 X112.825 Y108.823 E3.43503
G1 X113.204 Y108.877 E3.44706
G1 X113.571 Y108.968 E3.45894
G1 X113.886 Y109.079 E3.46944
G1 X114.233 Y109.241 E3.48147
G1 X114.564 Y109.44 E3.49361
G1 X114.869 Y109.67 E3.50561
G1 X115.113 Y109.893 E3.516
G1 X115.352 Y110.159 E3.52724
G1 X115.352 Y110.159 F12000
G1 X115.087 Y110.428
G1 F3600
G1 X115.281 Y110.694 E3.53759
G1 X115.453 Y110.993 E3.54843
G1 X115.574 Y111.258 E3.55758
G1 X115.671 Y111.533 E3.56674
G1 X115.754 Y111.865 E3.57749
G1 X115.798 Y112.156 E3.58674
G1 X115.816 Y112.5 E3.59757
G1 X115.798 Y112.844 E3.6084
G1 X115.754 Y113.135 E3.61765
G1 X115.673 Y113.463 E3.62827
G1 X115.573 Y113.744 E3.63764
G1 X115.428 Y114.056 E3.64845
G1 X115.252 Y114.348 E3.65916
G1 X115.075 Y114.588 E3.66853
G1 X114.845 Y114.845 E3.67937
G1 X114.587 Y115.077 E3.69027
G1 X114.306 Y115.281 E3.70118
G1 X114.007 Y115.453 E3.71202
G1 X113.742 Y115.574 E3.72117
G1 X113.467 Y115.671 E3.73033
G1 X113.133 Y115.755 E3.74115
G1 X112.791 Y115.803 E3.752
G1 X112.498 Y115.816 E3.76122
G1 X112.156 Y115.798 E3.77198
G1 X111.865 Y115.754 E3.78123
G1 X111.531 Y115.671 E3.79205
G1 X111.211 Y115.555 E3.80275
G1 X110.941 Y115.426 E3.81215
G1 X110.646 Y115.249 E3.82296
G1 X110.371 Y115.041 E3.8338
G1 X110.154 Y114.843 E3.84303
G1 X109.923 Y114.587 E3.85387
G1 X109.723 Y114.311 E3.86458
G1 X109.571 Y114.055 E3.87394
G1 X109.426 Y113.742 E3.88478
G1 X109.314 Y113.416 E3.89561
G1 X109.245 Y113.133 E3.90476
G1 X109.202 Y112.844 E3.91394
G1 X109.184 Y112.5 E3.92477
G1 X109.202 Y112.156 E3.9356
G1 X109.246 Y111.865 E3.94485
G1 X109.329 Y111.531 E3.95567
G1 X109.445 Y111.211 E3.96637
G1 X109.574 Y110.941 E3.97577
G1 X109.751 Y110.646 E3.98658
G1 X109.959 Y110.371 E3.99742
G1 X110.157 Y110.154 E4.00665
G1 X110.408 Y109.928 E4.01726
G1 X110.646 Y109.751 E4.02658
G1 X110.895 Y109.599 E4.03575
G1 X111.204 Y109.448 E4.04656
G1 X111.524 Y109.331 E4.05727
G1 X111.813 Y109.256 E4.06665
G1 X112.153 Y109.202 E4.07747
G1 X112.493 Y109.184 E4.08817
G1 X112.791 Y109.197 E4.09754
G1 X113.132 Y109.245 E4.10836
G1 X113.463 Y109.327 E4.11908
G1 X113.744 Y109.427 E4.12845
G1 X114.057 Y109.572 E4.13929
G1 X114.354 Y109.751 E4.15019
G1 X114.629 Y109.959 E4.16103
G1 X114.846 Y110.157 E4.17026
G1 X115.048 Y110.382 E4.17976
G1 X115.048 Y110.382 F12000
G1 X114.793 Y110.643
;TYPE:External perimeter
;WIDTH:0.4
G1 F3600
G1 X114.974 Y110.893 E4.18894
G1 X115.128 Y111.16 E4.19811
G1 X115.322 Y111.638 E4.21346
G1 X115.396 Y111.936 E4.22259
G1 X115.434 Y112.192 E4.23029
G1 X115.45 Y112.5 E4.23947
G1 X115.434 Y112.808 E4.24865
G1 X115.396 Y113.064 E4.25635
G1 X115.323 Y113.358 E4.26536
G1 X115.235 Y113.606 E4.27319
G1 X115.105 Y113.885 E4.28235
G1 X114.949 Y114.146 E4.2914
G1 X114.792 Y114.357 E4.29922
G1 X114.586 Y114.586 E4.30838
G1 X114.357 Y114.793 E4.31756
G1 X114.107 Y114.974 E4.32674
G1 X113.84 Y115.128 E4.33591
G1 X113.362 Y115.322 E4.35126
G1 X113.063 Y115.396 E4.36042
G1 X112.758 Y115.439 E4.36958
G1 X112.499 Y115.45 E4.37729
G1 X112.192 Y115.434 E4.38644
G1 X111.936 Y115.396 E4.39414
G1 X111.638 Y115.321 E4.40328
G1 X111.352 Y115.218 E4.41232
G1 X111.114 Y115.105 E4.42016
G1 X110.85 Y114.946 E4.42933
G1 X110.604 Y114.761 E4.43849
G1 X110.413 Y114.586 E4.4462
G1 X110.207 Y114.357 E4.45536
G1 X110.028 Y114.111 E4.46441
G1 X109.895 Y113.884 E4.47224
G1 X109.765 Y113.605 E4.4814
G1 X109.664 Y113.314 E4.49056
G1 X109.566 Y112.808 E4.50589
G1 X109.55 Y112.5 E4.51507
G1 X109.566 Y112.192 E4.52425
G1 X109.604 Y111.936 E4.53195
G1 X109.679 Y111.637 E4.54112
G1 X109.782 Y111.352 E4.55014
G1 X109.895 Y111.114 E4.55798
G1 X110.054 Y110.85 E4.56715
G1 X110.239 Y110.604 E4.57631
G1 X110.414 Y110.413 E4.58402
G1 X110.64 Y110.21 E4.59306
G1 X111.07 Y109.919 E4.60851
G1 X111.347 Y109.784 E4.61768
G1 X111.633 Y109.68 E4.62673
G1 X111.887 Y109.614 E4.63454
G1 X112.192 Y109.566 E4.64373
G1 X112.495 Y109.55 E4.65276
G1 X112.758 Y109.561 E4.66059
G1 X113.063 Y109.604 E4.66975
G1 X113.358 Y109.677 E4.67879
G1 X113.606 Y109.765 E4.68662
G1 X113.885 Y109.895 E4.69578
G1 X114.15 Y110.054 E4.70497
G1 X114.396 Y110.239 E4.71413
G1 X114.587 Y110.415 E4.72186
G1 X114.753 Y110.599 E4.72923
G1 X114.985 Y110.924 F12000
G1 E2.72923 F2400
G92 E0
G1 Z1.23 F12000
G1 X104.094 Y108.801
G1 Z.83
G1 E2 F2400
;TYPE:Perimeter
;WIDTH:0.42
G1 F4800
G1 X104.099 Y108.788 E2.00044
G1 X104.473 Y108.037 E2.0268
G1 X104.97 Y107.241 E2.05629
G1 X105.472 Y106.588 E2.08217
G1 X106.112 Y105.901 E2.11168
G1 X106.729 Y105.355 E2.13757
G1 X107.498 Y104.797 E2.16743
G1 X108.308 Y104.328 E2.19684
G1 X109.06 Y103.985 E2.22281
G1 X109.826 Y103.714 E2.24834
G1 X110.748 Y103.484 E2.2782
G1 X111.222 Y103.405 E2.2933
G1 X111.7 Y103.35 E2.30842
G1 X112.635 Y103.317 E2.33782
G1 X113.472 Y103.367 E2.36417
G1 X114.41 Y103.516 E2.39402
G1 X115.314 Y103.757 E2.42342
G1 X116.1 Y104.05 E2.44978
G1 X116.93 Y104.455 E2.4788
G1 X117.646 Y104.892 E2.50516
G1 X118.404 Y105.464 E2.535
G1 X119.099 Y106.112 E2.56486
G1 X119.645 Y106.729 E2.59075
G1 X120.196 Y107.488 E2.62022
G1 X120.615 Y108.198 E2.64613
G1 X121.016 Y109.059 E2.67598
G1 X121.184 Y109.51 E2.6911
G1 X121.329 Y109.968 E2.7062
G1 X121.54 Y110.88 E2.73562
G1 X121.651 Y111.711 E2.76197
G1 X121.683 Y112.66 E2.79181
G1 X121.617 Y113.608 E2.82167
G1 X121.481 Y114.421 E2.84757
G1 X121.243 Y115.314 E2.87661
G1 X120.95 Y116.1 E2.90297
G1 X120.538 Y116.943 E2.93246
G1 X120.108 Y117.645 E2.95833
G1 X119.536 Y118.404 E2.9882
G1 X118.888 Y119.099 E3.01806
G1 X118.271 Y119.645 E3.04395
G1 X117.502 Y120.203 E3.07381
G1 X116.68 Y120.678 E3.10364
G1 X115.93 Y121.02 E3.12954
G1 X115.032 Y121.329 E3.15938
G1 X114.106 Y121.543 E3.18925
G1 X113.289 Y121.651 E3.21515
G1 X112.34 Y121.683 E3.24499
G1 X111.392 Y121.617 E3.27485
G1 X110.579 Y121.481 E3.30075
G1 X109.662 Y121.235 E3.33059
G1 X108.788 Y120.901 E3.35999
G1 X108.037 Y120.527 E3.38635
G1 X107.241 Y120.03 E3.41584
G1 X106.588 Y119.528 E3.44172
G1 X105.901 Y118.888 E3.47123
G1 X105.355 Y118.271 E3.49712
G1 X104.797 Y117.502 E3.52698
G1 X104.328 Y116.692 E3.55639
G1 X103.98 Y115.929 E3.58274
G1 X103.671 Y115.032 E3.61255
G1 X103.46 Y114.12 E3.64197
G1 X103.349 Y113.288 E3.66835
G1 X103.317 Y112.34 E3.69816
G1 X103.381 Y111.406 E3.72758
G1 X103.519 Y110.579 E3.75393
G1 X103.765 Y109.662 E3.78377
G1 X104.073 Y108.857 E3.81086
G1 X104.073 Y108.857 F12000
G1 X103.748 Y108.657
G1 F4800
G1 X103.758 Y108.632 E3.81171
G1 X104.143 Y107.858 E3.83888
G1 X104.393 Y107.434 E3.85435
G1 X104.665 Y107.024 E3.86981
G1 X105.182 Y106.349 E3.89653
G1 X105.508 Y105.98 E3.912
G1 X105.853 Y105.629 E3.92747
G1 X106.49 Y105.066 E3.95419
G1 X106.881 Y104.766 E3.96968
G1 X107.293 Y104.482 E3.98541
G1 X107.72 Y104.221 E4.00114
G1 X108.14 Y103.993 E4.01616
G1 X108.919 Y103.637 E4.04308
G1 X109.713 Y103.356 E4.06955
G1 X110.187 Y103.224 E4.08501
G1 X110.676 Y103.116 E4.10075
G1 X111.17 Y103.033 E4.11649
G1 X111.667 Y102.977 E4.13221
G1 X112.167 Y102.946 E4.14795
G1 X112.644 Y102.942 E4.16294
G1 X113.508 Y102.994 E4.19014
G1 X113.995 Y103.058 E4.20558
G1 X114.488 Y103.149 E4.22133
G1 X114.974 Y103.266 E4.23704
G1 X115.433 Y103.401 E4.25208
G1 X116.243 Y103.704 E4.27926
G1 X116.691 Y103.908 E4.29473
G1 X117.115 Y104.128 E4.30974
G1 X117.853 Y104.58 E4.33694
G1 X118.253 Y104.865 E4.35237
G1 X118.645 Y105.177 E4.36811
G1 X119.02 Y105.508 E4.38383
G1 X119.371 Y105.853 E4.3993
G1 X119.934 Y106.49 E4.42602
G1 X120.234 Y106.881 E4.44151
G1 X120.513 Y107.287 E4.45699
G1 X120.944 Y108.019 E4.48368
G1 X121.164 Y108.46 E4.49917
G1 X121.364 Y108.919 E4.5149
G1 X121.539 Y109.388 E4.53063
G1 X121.689 Y109.865 E4.54634
G1 X121.815 Y110.35 E4.56209
G1 X121.91 Y110.818 E4.5771
G1 X122.024 Y111.675 E4.60427
G1 X122.054 Y112.166 E4.61973
G1 X122.058 Y112.667 E4.63547
G1 X122.037 Y113.167 E4.6512
G1 X121.989 Y113.657 E4.66667
G1 X121.849 Y114.496 E4.6934
G1 X121.734 Y114.974 E4.70885
G1 X121.599 Y115.433 E4.72389
G1 X121.296 Y116.243 E4.75107
G1 X121.092 Y116.691 E4.76654
G1 X120.865 Y117.127 E4.78199
G1 X120.421 Y117.852 E4.80871
G1 X120.135 Y118.253 E4.82419
G1 X119.823 Y118.645 E4.83993
G1 X119.492 Y119.02 E4.85565
G1 X119.147 Y119.371 E4.87112
G1 X118.51 Y119.934 E4.89784
G1 X118.119 Y120.234 E4.91333
G1 X117.707 Y120.518 E4.92906
G1 X117.28 Y120.779 E4.94479
G1 X116.847 Y121.014 E4.96027
G1 X116.073 Y121.367 E4.987
G1 X115.612 Y121.539 E5.00246
G1 X115.135 Y121.689 E5.01817
G1 X114.651 Y121.815 E5.03389
G1 X114.168 Y121.913 E5.04938
G1 X113.325 Y122.024 E5.0761
G1 X112.834 Y122.054 E5.09156
G1 X112.333 Y122.058 E5.1073
G1 X111.833 Y122.037 E5.12303
G1 X111.343 Y121.989 E5.1385
G1 X110.504 Y121.849 E5.16523
G1 X110.026 Y121.734 E5.18068
G1 X109.546 Y121.592 E5.19641
G1 X109.074 Y121.425 E5.21214
G1 X108.632 Y121.242 E5.22717
G1 X107.858 Y120.857 E5.25434
G1 X107.434 Y120.607 E5.26981
G1 X107.024 Y120.335 E5.28527
G1 X106.349 Y119.818 E5.31199
G1 X105.98 Y119.492 E5.32746
G1 X105.629 Y119.147 E5.34293
G1 X105.066 Y118.51 E5.36965
G1 X104.766 Y118.119 E5.38514
G1 X104.482 Y117.707 E5.40087
G1 X104.221 Y117.28 E5.4166
G1 X103.993 Y116.86 E5.43162
G1 X103.633 Y116.073 E5.45882
G1 X103.461 Y115.612 E5.47428
G1 X103.311 Y115.135 E5.48999
G1 X103.185 Y114.65 E5.50574
G1 X103.09 Y114.182 E5.52075
G1 X102.976 Y113.325 E5.54792
G1 X102.946 Y112.834 E5.56338
G1 X102.942 Y112.333 E5.57912
G1 X102.963 Y111.833 E5.59485
G1 X103.009 Y111.357 E5.60988
G1 X103.151 Y110.504 E5.63705
G1 X103.266 Y110.026 E5.6525
G1 X103.408 Y109.546 E5.66823
G1 X103.575 Y109.074 E5.68396
G1 X103.725 Y108.713 E5.69624
G1 X103.725 Y108.713 F12000
G1 X103.401 Y108.514
G1 F4800
G1 X103.416 Y108.477 E5.69749
G1 X103.813 Y107.679 E5.7255
G1 X104.075 Y107.235 E5.7417
G1 X104.359 Y106.806 E5.75787
G1 X104.893 Y106.11 E5.78544
G1 X105.234 Y105.724 E5.80163
G1 X105.595 Y105.357 E5.81781
G1 X106.252 Y104.776 E5.84537
G1 X106.66 Y104.463 E5.86153
G1 X107.089 Y104.168 E5.87789
G1 X107.533 Y103.896 E5.89425
G1 X107.973 Y103.657 E5.90999
G1 X108.779 Y103.289 E5.93783
G1 X109.6 Y102.998 E5.9652
G1 X110.097 Y102.86 E5.98141
G1 X110.604 Y102.748 E5.99773
G1 X111.117 Y102.662 E6.01408
G1 X111.634 Y102.603 E6.03043
G1 X112.153 Y102.571 E6.04677
G1 X112.654 Y102.567 E6.06251
G1 X113.544 Y102.62 E6.09053
G1 X114.054 Y102.687 E6.10669
G1 X114.566 Y102.782 E6.12305
G1 X115.071 Y102.904 E6.13938
G1 X115.552 Y103.046 E6.15514
G1 X116.387 Y103.357 E6.18314
G1 X116.855 Y103.571 E6.19931
G1 X117.299 Y103.802 E6.21504
G1 X118.06 Y104.267 E6.24307
G1 X118.479 Y104.566 E6.25925
G1 X118.886 Y104.889 E6.27558
G1 X119.276 Y105.234 E6.29194
G1 X119.643 Y105.595 E6.30812
G1 X120.224 Y106.252 E6.33568
G1 X120.537 Y106.66 E6.35184
G1 X120.829 Y107.085 E6.36804
G1 X121.274 Y107.84 E6.39558
G1 X121.504 Y108.301 E6.41177
G1 X121.711 Y108.778 E6.42811
G1 X121.894 Y109.266 E6.44449
G1 X122.05 Y109.762 E6.46083
G1 X122.18 Y110.265 E6.47716
G1 X122.28 Y110.756 E6.49291
G1 X122.397 Y111.639 E6.5209
G1 X122.429 Y112.153 E6.53708
G1 X122.433 Y112.673 E6.55342
G1 X122.411 Y113.193 E6.56978
G1 X122.361 Y113.706 E6.58598
G1 X122.217 Y114.57 E6.61351
G1 X122.096 Y115.071 E6.62971
G1 X121.954 Y115.552 E6.64547
G1 X121.643 Y116.387 E6.67347
G1 X121.429 Y116.855 E6.68964
G1 X121.192 Y117.312 E6.70582
G1 X120.734 Y118.06 E6.73338
G1 X120.434 Y118.479 E6.74957
G1 X120.111 Y118.886 E6.7659
G1 X119.766 Y119.276 E6.78226
G1 X119.405 Y119.643 E6.79844
G1 X118.748 Y120.224 E6.826
G1 X118.34 Y120.537 E6.84216
G1 X117.911 Y120.832 E6.85852
G1 X117.467 Y121.104 E6.87488
G1 X117.015 Y121.35 E6.89105
G1 X116.217 Y121.713 E6.9186
G1 X115.734 Y121.894 E6.93481
G1 X115.238 Y122.05 E6.95115
G1 X114.735 Y122.18 E6.96748
G1 X114.23 Y122.283 E6.98368
G1 X113.361 Y122.397 E7.01122
G1 X112.847 Y122.429 E7.0274
G1 X112.327 Y122.433 E7.04374
G1 X111.807 Y122.411 E7.0601
G1 X111.294 Y122.361 E7.0763
G1 X110.43 Y122.217 E7.10383
G1 X109.929 Y122.096 E7.12003
G1 X109.43 Y121.949 E7.13638
G1 X108.94 Y121.775 E7.15272
G1 X108.477 Y121.584 E7.16846
G1 X107.679 Y121.187 E7.19647
G1 X107.235 Y120.925 E7.21267
G1 X106.806 Y120.641 E7.22884
G1 X106.11 Y120.107 E7.25641
G1 X105.724 Y119.766 E7.2726
G1 X105.357 Y119.405 E7.28878
G1 X104.776 Y118.748 E7.31634
G1 X104.463 Y118.34 E7.3325
G1 X104.168 Y117.911 E7.34886
G1 X103.896 Y117.467 E7.36522
G1 X103.657 Y117.027 E7.38096
G1 X103.287 Y116.217 E7.40894
G1 X103.106 Y115.734 E7.42515
G1 X102.95 Y115.238 E7.44149
G1 X102.82 Y114.735 E7.45782
G1 X102.72 Y114.244 E7.47357
G1 X102.603 Y113.361 E7.50156
G1 X102.571 Y112.847 E7.51774
G1 X102.567 Y112.327 E7.53408
G1 X102.589 Y111.807 E7.55044
G1 X102.637 Y111.308 E7.56619
G1 X102.783 Y110.429 E7.59419
G1 X102.904 Y109.929 E7.61036
G1 X103.051 Y109.43 E7.62671
G1 X103.225 Y108.94 E7.64305
G1 X103.378 Y108.569 E7.65566
G1 X103.378 Y108.569 F12000
G1 X103.064 Y108.374
;TYPE:External perimeter
;WIDTH:0.4
G1 F2400
G1 X103.084 Y108.326 E7.65721
G1 X103.492 Y107.505 E7.68448
G1 X103.765 Y107.042 E7.70047
G1 X104.062 Y106.594 E7.71646
G1 X104.611 Y105.878 E7.7433
G1 X104.967 Y105.475 E7.7593
G1 X105.344 Y105.092 E7.77529
G1 X106.019 Y104.494 E7.80212
G1 X106.446 Y104.167 E7.81812
G1 X106.89 Y103.862 E7.83414
G1 X107.35 Y103.58 E7.85019
G1 X107.809 Y103.33 E7.86574
G1 X108.642 Y102.95 E7.89298
G1 X109.49 Y102.65 E7.91974
G1 X110.008 Y102.506 E7.93573
G1 X110.535 Y102.389 E7.95179
G1 X111.067 Y102.3 E7.96784
G1 X111.602 Y102.239 E7.98386
G1 X112.141 Y102.206 E7.99992
G1 X112.663 Y102.202 E8.01545
G1 X113.578 Y102.257 E8.04272
G1 X114.111 Y102.327 E8.05871
G1 X114.641 Y102.425 E8.07474
G1 X115.166 Y102.551 E8.0908
G1 X115.667 Y102.699 E8.10634
G1 X116.526 Y103.02 E8.13362
G1 X117.015 Y103.242 E8.1496
G1 X117.479 Y103.484 E8.16517
G1 X118.261 Y103.962 E8.19244
G1 X118.699 Y104.274 E8.20844
G1 X119.121 Y104.61 E8.22449
G1 X119.525 Y104.967 E8.24053
G1 X119.908 Y105.344 E8.25652
G1 X120.506 Y106.019 E8.28335
G1 X120.833 Y106.446 E8.29935
G1 X121.137 Y106.889 E8.31533
G1 X121.595 Y107.666 E8.34216
G1 X121.835 Y108.147 E8.35815
G1 X122.05 Y108.642 E8.3742
G1 X122.239 Y109.147 E8.39024
G1 X122.401 Y109.661 E8.40627
G1 X122.536 Y110.183 E8.42231
G1 X122.64 Y110.695 E8.43785
G1 X122.761 Y111.604 E8.46513
G1 X122.794 Y112.141 E8.48114
G1 X122.798 Y112.68 E8.49718
G1 X122.775 Y113.218 E8.5132
G1 X122.723 Y113.754 E8.52922
G1 X122.574 Y114.643 E8.55604
G1 X122.449 Y115.166 E8.57204
G1 X122.301 Y115.667 E8.58758
G1 X121.98 Y116.526 E8.61486
G1 X121.758 Y117.015 E8.63084
G1 X121.509 Y117.492 E8.64685
G1 X121.038 Y118.261 E8.67368
G1 X120.726 Y118.699 E8.68968
G1 X120.39 Y119.121 E8.70573
G1 X120.033 Y119.525 E8.72177
G1 X119.656 Y119.908 E8.73776
G1 X118.981 Y120.506 E8.76459
G1 X118.554 Y120.833 E8.78059
G1 X118.11 Y121.138 E8.79661
G1 X117.65 Y121.42 E8.81266
G1 X117.178 Y121.676 E8.82863
G1 X116.357 Y122.051 E8.85548
G1 X115.853 Y122.239 E8.87148
G1 X115.339 Y122.401 E8.88751
G1 X114.817 Y122.536 E8.90355
G1 X114.29 Y122.643 E8.91955
G1 X113.396 Y122.761 E8.94638
G1 X112.859 Y122.794 E8.96239
G1 X112.32 Y122.798 E8.97843
G1 X111.782 Y122.775 E8.99445
G1 X111.247 Y122.723 E9.01044
G1 X110.357 Y122.574 E9.03729
G1 X109.834 Y122.449 E9.05329
G1 X109.317 Y122.296 E9.06933
G1 X108.809 Y122.116 E9.08536
G1 X108.326 Y121.916 E9.10091
G1 X107.505 Y121.508 E9.12818
G1 X107.042 Y121.235 E9.14417
G1 X106.594 Y120.938 E9.16016
G1 X105.878 Y120.389 E9.187
G1 X105.475 Y120.033 E9.203
G1 X105.092 Y119.656 E9.21899
G1 X104.494 Y118.981 E9.24582
G1 X104.167 Y118.554 E9.26182
G1 X103.862 Y118.11 E9.27784
G1 X103.58 Y117.65 E9.29389
G1 X103.33 Y117.191 E9.30944
G1 X102.949 Y116.357 E9.33672
G1 X102.761 Y115.853 E9.35272
G1 X102.599 Y115.339 E9.36875
G1 X102.464 Y114.817 E9.38479
G1 X102.36 Y114.305 E9.40033
G1 X102.239 Y113.396 E9.42761
G1 X102.206 Y112.859 E9.44362
G1 X102.202 Y112.32 E9.45966
G1 X102.225 Y111.781 E9.47571
G1 X102.275 Y111.261 E9.49125
G1 X102.426 Y110.357 E9.51852
G1 X102.551 Y109.834 E9.53452
G1 X102.704 Y109.317 E9.55056
G1 X102.884 Y108.809 E9.56659
G1 X103.041 Y108.43 E9.57879
G1 X103.213 Y108.069 F12000
;LAYER_CHANGE
;Z:1.04
;HEIGHT:0.21
G1 Z1.04 F12000
G1 E7.57879 F2400
G92 E0
G1 Z1.44 F12000
G1 X103.718 Y114.323
G1 Z1.04
G1 E2 F2400
G92 E0
;TYPE:Internal infill
;WIDTH:0.42
G1 F6000
G1 X110.685 Y121.29 E.30963
G1 E-1.69037 F2400
G92 E0
G1 X110.685 Y121.29 Z1.44 F12000
G1 X120.913 Y115.61
G1 Z1.04
G1 E2 F2400
G1 F6000
G1 X116.83 Y111.527 E2.18146
G1 X116.942 Y112.507 E2.21246
G1 X116.918 Y112.964 E2.22684
G1 X116.727 Y113.866 E2.25581
G1 X116.388 Y114.647 E2.28257
G1 X116.178 Y114.99 E2.29521
G1 X115.641 Y115.641 E2.32173
G1 X118.725 Y118.725 E2.45879
G1 X118.022 Y119.363 E2.48862
G1 X117.306 Y119.882 E2.51641
G1 X116.627 Y120.283 E2.54119
G1 X115.479 Y120.781 E2.58051
G1 X111.53 Y116.832 E2.75601
G1 X110.764 Y116.589 E2.78126
G1 X110.353 Y116.388 E2.79564
G1 X109.699 Y115.947 E2.82043
G1 X109.359 Y115.641 E2.8348
G1 X109.048 Y115.295 E2.84942
G1 X108.546 Y114.523 E2.87836
G1 X108.17 Y113.473 E2.91341
G1 X104.22 Y109.522 E3.08898
G1 X104.801 Y108.22 E3.13378
G1 X105.284 Y107.447 E3.16242
G1 X106.275 Y106.275 E3.21065
G1 X109.36 Y109.36 E3.34775
G1 X109.699 Y109.053 E3.36212
G1 X110.353 Y108.612 E3.38691
G1 X111.135 Y108.273 E3.41369
G1 X111.576 Y108.155 E3.42804
G1 X112.486 Y108.058 E3.4568
G1 X113.473 Y108.171 E3.48802
G1 X109.521 Y104.219 E3.66365
G1 X109.934 Y104.073 E3.67742
G1 X111.274 Y103.776 E3.72055
G1 X112.626 Y103.692 E3.76312
G1 X113.431 Y103.74 E3.78846
G1 X114.543 Y103.939 E3.82396
G1 X121.287 Y110.683 E4.12368
G1 E2.12368 F2400
G92 E0
G1 X121.287 Y110.683 Z1.44 F12000
G1 X115.624 Y109.901
G1 Z1.04
G1 E2 F2400
;TYPE:Perimeter
G1 F3600
G1 X115.66 Y109.941 E2.00169
G1 X115.911 Y110.285 E2.01507
G1 X116.12 Y110.649 E2.02826
G1 X116.272 Y110.982 E2.03976
G1 X116.407 Y111.374 E2.05279
G1 X116.493 Y111.73 E2.0643
G1 X116.55 Y112.14 E2.07731
G1 X116.566 Y112.506 E2.08882
G1 X116.544 Y112.925 E2.10201
G1 X116.478 Y113.346 E2.1154
G1 X116.369 Y113.751 E2.12858
G1 X116.241 Y114.094 E2.14008
G1 X116.059 Y114.466 E2.15309
G1 X115.868 Y114.779 E2.16461
G1 X115.619 Y115.109 E2.1776
G1 X115.371 Y115.379 E2.18912
G1 X115.059 Y115.66 E2.20232
G1 X114.715 Y115.911 E2.2157
G1 X114.351 Y116.121 E2.22891
G1 X114.018 Y116.272 E2.2404
G1 X113.632 Y116.405 E2.25323
G1 X113.271 Y116.493 E2.26491
G1 X112.86 Y116.55 E2.27795
G1 X112.494 Y116.566 E2.28946
G1 X112.075 Y116.544 E2.30265
G1 X111.66 Y116.479 E2.31585
G1 X111.306 Y116.387 E2.32734
G1 X110.911 Y116.243 E2.34055
G1 X110.534 Y116.059 E2.35373
G1 X110.226 Y115.871 E2.36507
G1 X109.936 Y115.656 E2.37641
G1 X109.624 Y115.375 E2.38961
G1 X109.34 Y115.059 E2.40296
G1 X109.089 Y114.715 E2.41634
G1 X108.88 Y114.351 E2.42953
G1 X108.728 Y114.018 E2.44103
G1 X108.593 Y113.626 E2.45406
G1 X108.509 Y113.276 E2.46537
G1 X108.455 Y112.919 E2.47672
G1 X108.433 Y112.5 E2.48991
G1 X108.455 Y112.081 E2.5031
G1 X108.51 Y111.718 E2.51464
G1 X108.611 Y111.311 E2.52782
G1 X108.757 Y110.911 E2.5412
G1 X108.941 Y110.534 E2.55438
G1 X109.132 Y110.221 E2.5659
G1 X109.381 Y109.891 E2.57889
G1 X109.629 Y109.621 E2.59041
G1 X109.937 Y109.344 E2.60343
G1 X110.226 Y109.129 E2.61475
G1 X110.534 Y108.941 E2.62609
G1 X110.906 Y108.759 E2.6391
G1 X111.249 Y108.631 E2.6506
G1 X111.655 Y108.522 E2.66381
G1 X112.074 Y108.456 E2.67714
G1 X112.488 Y108.434 E2.69017
G1 X112.859 Y108.45 E2.70184
G1 X113.276 Y108.508 E2.71507
G1 X113.683 Y108.61 E2.72826
G1 X114.029 Y108.732 E2.73979
G1 X114.409 Y108.909 E2.75296
G1 X114.774 Y109.129 E2.76635
G1 X115.109 Y109.381 E2.77952
G1 X115.379 Y109.629 E2.79104
G1 X115.584 Y109.856 E2.80065
G1 X115.345 Y110.15 F12000
G1 F3600
G1 X115.369 Y110.177 E2.80179
G1 X115.596 Y110.49 E2.81394
G1 X115.787 Y110.821 E2.82595
G1 X115.924 Y111.121 E2.83631
G1 X116.047 Y111.479 E2.84821
G1 X116.124 Y111.8 E2.85858
G1 X116.177 Y112.174 E2.87045
G1 X116.191 Y112.504 E2.88083
G1 X116.171 Y112.886 E2.89285
G1 X116.11 Y113.267 E2.90498
G1 X116.012 Y113.637 E2.91701
G1 X115.896 Y113.946 E2.92738
G1 X115.73 Y114.286 E2.93927
G1 X115.558 Y114.567 E2.94962
G1 X115.33 Y114.869 E2.96151
G1 X115.107 Y115.113 E2.9719
G1 X114.823 Y115.369 E2.98392
G1 X114.51 Y115.596 E2.99607
G1 X114.179 Y115.787 E3.00808
G1 X113.879 Y115.924 E3.01844
G1 X113.527 Y116.045 E3.03014
G1 X113.201 Y116.124 E3.04068
G1 X112.826 Y116.177 E3.05258
G1 X112.496 Y116.191 E3.06296
G1 X112.114 Y116.171 E3.07498
G1 X111.737 Y116.111 E3.08698
G1 X111.417 Y116.028 E3.09737
G1 X111.058 Y115.898 E3.10937
G1 X110.714 Y115.73 E3.1214
G1 X110.436 Y115.56 E3.13164
G1 X110.174 Y115.366 E3.14188
G1 X109.89 Y115.11 E3.1539
G1 X109.631 Y114.823 E3.16605
G1 X109.404 Y114.51 E3.1782
G1 X109.213 Y114.179 E3.19021
G1 X109.076 Y113.879 E3.20057
G1 X108.953 Y113.521 E3.21247
G1 X108.877 Y113.204 E3.22271
G1 X108.829 Y112.882 E3.23294
G1 X108.809 Y112.5 E3.24496
G1 X108.829 Y112.118 E3.25698
G1 X108.878 Y111.792 E3.26734
G1 X108.97 Y111.421 E3.27935
G1 X109.102 Y111.058 E3.29149
G1 X109.27 Y110.714 E3.30352
G1 X109.442 Y110.433 E3.31387
G1 X109.67 Y110.131 E3.32576
G1 X109.893 Y109.887 E3.33615
G1 X110.174 Y109.634 E3.34803
G1 X110.436 Y109.44 E3.35827
G1 X110.714 Y109.27 E3.36851
G1 X111.054 Y109.104 E3.3804
G1 X111.363 Y108.988 E3.39077
G1 X111.733 Y108.89 E3.4028
G1 X112.114 Y108.829 E3.41493
G1 X112.49 Y108.809 E3.42676
G1 X112.825 Y108.823 E3.4373
G1 X113.204 Y108.877 E3.44933
G1 X113.575 Y108.969 E3.46134
G1 X113.886 Y109.079 E3.47171
G1 X114.233 Y109.241 E3.48374
G1 X114.564 Y109.44 E3.49588
G1 X114.869 Y109.67 E3.50788
G1 X115.113 Y109.893 E3.51827
G1 X115.304 Y110.106 E3.52726
G1 X115.304 Y110.106 F12000
G1 X115.087 Y110.428
G1 F3600
G1 X115.281 Y110.694 E3.53761
G1 X115.453 Y110.993 E3.54845
G1 X115.575 Y111.26 E3.55767
G1 X115.686 Y111.584 E3.56843
G1 X115.755 Y111.87 E3.57768
G1 X115.803 Y112.209 E3.58844
G1 X115.816 Y112.502 E3.59766
G1 X115.798 Y112.847 E3.60852
G1 X115.743 Y113.189 E3.61941
G1 X115.654 Y113.522 E3.63024
G1 X115.551 Y113.798 E3.6395
G1 X115.401 Y114.105 E3.65024
G1 X115.247 Y114.356 E3.65949
G1 X115.041 Y114.629 E3.67024
G1 X114.843 Y114.846 E3.67947
G1 X114.587 Y115.077 E3.69031
G1 X114.306 Y115.281 E3.70122
G1 X114.007 Y115.453 E3.71206
G1 X113.74 Y115.575 E3.72128
G1 X113.422 Y115.685 E3.73185
G1 X113.13 Y115.755 E3.74129
G1 X112.791 Y115.803 E3.75205
G1 X112.498 Y115.816 E3.76127
G1 X112.153 Y115.798 E3.77213
G1 X111.813 Y115.744 E3.78295
G1 X111.528 Y115.67 E3.7922
G1 X111.204 Y115.552 E3.80304
G1 X110.895 Y115.401 E3.81385
G1 X110.646 Y115.249 E3.82302
G1 X110.411 Y115.075 E3.83221
G1 X110.155 Y114.845 E3.84302
G1 X109.923 Y114.587 E3.85392
G1 X109.719 Y114.306 E3.86483
G1 X109.547 Y114.007 E3.87567
G1 X109.425 Y113.74 E3.88489
G1 X109.314 Y113.416 E3.89565
G1 X109.245 Y113.133 E3.9048
G1 X109.202 Y112.844 E3.91398
G1 X109.184 Y112.5 E3.92481
G1 X109.202 Y112.156 E3.93564
G1 X109.246 Y111.865 E3.94489
G1 X109.329 Y111.531 E3.95571
G1 X109.448 Y111.204 E3.96665
G1 X109.599 Y110.895 E3.97746
G1 X109.753 Y110.644 E3.98671
G1 X109.959 Y110.371 E3.99746
G1 X110.157 Y110.154 E4.00669
G1 X110.412 Y109.925 E4.01746
G1 X110.646 Y109.751 E4.02662
G1 X110.895 Y109.599 E4.03579
G1 X111.202 Y109.449 E4.04653
G1 X111.478 Y109.346 E4.05579
G1 X111.811 Y109.257 E4.06662
G1 X112.153 Y109.202 E4.07751
G1 X112.492 Y109.184 E4.08818
G1 X112.791 Y109.197 E4.09759
G1 X113.133 Y109.245 E4.10844
G1 X113.467 Y109.329 E4.11926
G1 X113.744 Y109.427 E4.12849
G1 X114.057 Y109.572 E4.13933
G1 X114.354 Y109.751 E4.15023
G1 X114.629 Y109.959 E4.16107
G1 X114.846 Y110.157 E4.1703
G1 X115.048 Y110.382 E4.1798
G1 X115.048 Y110.382 F12000
G1 X114.792 Y110.642
;TYPE:External perimeter
;WIDTH:0.4
G1 F3600
G1 X114.793 Y110.643 E4.17984
G1 X114.974 Y110.893 E4.18902
G1 X115.128 Y111.16 E4.19819
G1 X115.236 Y111.396 E4.20591
G1 X115.336 Y111.686 E4.21504
G1 X115.396 Y111.938 E4.22275
G1 X115.439 Y112.242 E4.23188
G1 X115.45 Y112.501 E4.23959
G1 X115.434 Y112.808 E4.24874
G1 X115.386 Y113.113 E4.25793
G1 X115.306 Y113.411 E4.26711
G1 X115.215 Y113.654 E4.27483
G1 X115.081 Y113.93 E4.28396
G1 X114.945 Y114.15 E4.29165
G1 X114.761 Y114.396 E4.30079
G1 X114.585 Y114.587 E4.30852
G1 X114.357 Y114.793 E4.31766
G1 X114.107 Y114.974 E4.32684
G1 X113.84 Y115.128 E4.33601
G1 X113.604 Y115.236 E4.34373
G1 X113.319 Y115.334 E4.3527
G1 X113.062 Y115.396 E4.36056
G1 X112.758 Y115.439 E4.36969
G1 X112.499 Y115.45 E4.3774
G1 X112.192 Y115.434 E4.38655
G1 X111.887 Y115.386 E4.39574
G1 X111.637 Y115.321 E4.40342
G1 X111.347 Y115.216 E4.4126
G1 X111.07 Y115.081 E4.42177
G1 X110.643 Y114.792 E4.43711
G1 X110.414 Y114.586 E4.44627
G1 X110.207 Y114.357 E4.45545
G1 X110.026 Y114.107 E4.46463
G1 X109.872 Y113.84 E4.4738
G1 X109.764 Y113.604 E4.48152
G1 X109.664 Y113.314 E4.49065
G1 X109.566 Y112.808 E4.50598
G1 X109.55 Y112.5 E4.51516
G1 X109.566 Y112.193 E4.52431
G1 X109.604 Y111.936 E4.53204
G1 X109.679 Y111.637 E4.54121
G1 X109.784 Y111.347 E4.55039
G1 X109.919 Y111.07 E4.55956
G1 X110.055 Y110.85 E4.56725
G1 X110.239 Y110.604 E4.57639
G1 X110.415 Y110.413 E4.58412
G1 X110.643 Y110.208 E4.59324
G1 X111.07 Y109.919 E4.60858
G1 X111.346 Y109.785 E4.61771
G1 X111.589 Y109.694 E4.62543
G1 X111.887 Y109.614 E4.63461
G1 X112.192 Y109.566 E4.6438
G1 X112.494 Y109.55 E4.6528
G1 X112.758 Y109.561 E4.66066
G1 X113.063 Y109.604 E4.66982
G1 X113.362 Y109.678 E4.67898
G1 X113.606 Y109.765 E4.68669
G1 X113.885 Y109.895 E4.69585
G1 X114.15 Y110.054 E4.70504
G1 X114.396 Y110.239 E4.7142
G1 X114.587 Y110.415 E4.72193
G1 X114.752 Y110.597 E4.72924
G1 X114.985 Y110.923 F12000
G1 E2.72924 F2400
G92 E0
G1 Z1.44 F12000
G1 X104.092 Y108.807
G1 Z1.04
G1 E2 F2400
;TYPE:Perimeter
;WIDTH:0.42
G1 F4800
G1 X104.098 Y108.791 E2.00054
G1 X104.473 Y108.037 E2.027
G1 X104.976 Y107.232 E2.05683
G1 X105.549 Y106.497 E2.08612
G1 X106.129 Y105.885 E2.11262
G1 X106.836 Y105.27 E2.14207
G1 X107.507 Y104.791 E2.16798
G1 X108.304 Y104.33 E2.19691
G1 X109.06 Y103.985 E2.22302
G1 X109.826 Y103.714 E2.24855
G1 X110.747 Y103.484 E2.27838
G1 X111.222 Y103.405 E2.29351
G1 X111.699 Y103.35 E2.3086
G1 X112.631 Y103.317 E2.33791
G1 X113.472 Y103.367 E2.36439
G1 X114.398 Y103.514 E2.39385
G1 X115.196 Y103.72 E2.41975
G1 X116.089 Y104.045 E2.44961
G1 X116.526 Y104.245 E2.46471
G1 X116.953 Y104.467 E2.47983
G1 X117.744 Y104.96 E2.50912
G1 X118.413 Y105.472 E2.53559
G1 X119.099 Y106.112 E2.56507
G1 X119.645 Y106.729 E2.59096
G1 X120.196 Y107.488 E2.62043
G1 X120.615 Y108.198 E2.64634
G1 X121.011 Y109.049 E2.67584
G1 X121.286 Y109.826 E2.70174
G1 X121.516 Y110.748 E2.7316
G1 X121.595 Y111.222 E2.7467
G1 X121.65 Y111.699 E2.76179
G1 X121.679 Y112.179 E2.7769
G1 X121.683 Y112.66 E2.79202
G1 X121.617 Y113.608 E2.82188
G1 X121.481 Y114.421 E2.84778
G1 X121.238 Y115.327 E2.87726
G1 X120.95 Y116.099 E2.90315
G1 X120.538 Y116.943 E2.93266
G1 X120.108 Y117.645 E2.95853
G1 X119.536 Y118.404 E2.9884
G1 X118.889 Y119.098 E3.01822
G1 X118.257 Y119.656 E3.04471
G1 X117.512 Y120.196 E3.07363
G1 X116.802 Y120.615 E3.09954
G1 X115.951 Y121.011 E3.12904
G1 X115.174 Y121.286 E3.15494
G1 X114.253 Y121.516 E3.18477
G1 X113.778 Y121.595 E3.1999
G1 X113.301 Y121.65 E3.21499
G1 X112.821 Y121.679 E3.2301
G1 X112.34 Y121.683 E3.24522
G1 X111.41 Y121.619 E3.27451
G1 X110.579 Y121.481 E3.30098
G1 X109.673 Y121.238 E3.33046
G1 X108.901 Y120.95 E3.35635
G1 X108.047 Y120.533 E3.38622
G1 X107.633 Y120.289 E3.40132
G1 X107.232 Y120.024 E3.41642
G1 X106.497 Y119.451 E3.44571
G1 X105.893 Y118.879 E3.47185
G1 X105.355 Y118.271 E3.49736
G1 X104.797 Y117.502 E3.52722
G1 X104.322 Y116.68 E3.55705
G1 X103.98 Y115.93 E3.58295
G1 X103.671 Y115.032 E3.61279
G1 X103.46 Y114.124 E3.64208
G1 X103.349 Y113.288 E3.66858
G1 X103.317 Y112.34 E3.69839
G1 X103.381 Y111.41 E3.72768
G1 X103.519 Y110.579 E3.75415
G1 X103.765 Y109.662 E3.78399
G1 X104.07 Y108.863 E3.81087
G1 X104.07 Y108.863 F12000
G1 X103.745 Y108.664
G1 F4800
G1 X103.756 Y108.636 E3.81182
G1 X104.143 Y107.858 E3.83913
G1 X104.393 Y107.434 E3.8546
G1 X104.669 Y107.017 E3.87031
G1 X104.967 Y106.614 E3.88606
G1 X105.268 Y106.248 E3.90095
G1 X105.866 Y105.617 E3.92827
G1 X106.228 Y105.285 E3.94371
G1 X106.608 Y104.972 E3.95918
G1 X107.3 Y104.478 E3.9859
G1 X108.137 Y103.994 E4.01628
G1 X108.92 Y103.637 E4.04332
G1 X109.713 Y103.356 E4.06976
G1 X110.187 Y103.224 E4.08522
G1 X110.676 Y103.116 E4.10096
G1 X111.17 Y103.033 E4.1167
G1 X111.667 Y102.977 E4.13242
G1 X112.167 Y102.946 E4.14816
G1 X112.64 Y102.942 E4.16302
G1 X113.508 Y102.994 E4.19035
G1 X113.995 Y103.058 E4.20579
G1 X114.48 Y103.148 E4.22129
G1 X115.303 Y103.361 E4.24801
G1 X115.77 Y103.517 E4.26348
G1 X116.235 Y103.7 E4.27918
G1 X116.691 Y103.908 E4.29493
G1 X117.135 Y104.139 E4.31066
G1 X117.566 Y104.393 E4.32638
G1 X117.961 Y104.654 E4.34126
G1 X118.651 Y105.183 E4.36858
G1 X119.02 Y105.508 E4.38403
G1 X119.371 Y105.853 E4.3995
G1 X119.934 Y106.49 E4.42622
G1 X120.234 Y106.881 E4.44171
G1 X120.513 Y107.287 E4.45719
G1 X120.944 Y108.019 E4.48388
G1 X121.164 Y108.46 E4.49937
G1 X121.36 Y108.911 E4.51482
G1 X121.644 Y109.713 E4.54156
G1 X121.776 Y110.187 E4.55702
G1 X121.884 Y110.676 E4.57276
G1 X121.967 Y111.169 E4.58847
G1 X122.023 Y111.667 E4.60422
G1 X122.054 Y112.166 E4.61993
G1 X122.058 Y112.667 E4.63567
G1 X122.037 Y113.167 E4.6514
G1 X121.989 Y113.657 E4.66687
G1 X121.849 Y114.496 E4.6936
G1 X121.734 Y114.974 E4.70905
G1 X121.594 Y115.446 E4.72452
G1 X121.296 Y116.243 E4.75126
G1 X121.092 Y116.691 E4.76673
G1 X120.865 Y117.127 E4.78218
G1 X120.421 Y117.852 E4.8089
G1 X120.135 Y118.253 E4.82438
G1 X119.823 Y118.645 E4.84012
G1 X119.492 Y119.02 E4.85584
G1 X119.147 Y119.371 E4.87131
G1 X118.495 Y119.946 E4.89863
G1 X117.713 Y120.513 E4.92898
G1 X116.981 Y120.944 E4.95567
G1 X116.54 Y121.164 E4.97116
G1 X116.089 Y121.36 E4.98661
G1 X115.287 Y121.644 E5.01335
G1 X114.813 Y121.776 E5.02881
G1 X114.324 Y121.884 E5.04455
G1 X113.83 Y121.967 E5.06029
G1 X113.333 Y122.023 E5.07601
G1 X112.834 Y122.054 E5.09172
G1 X112.333 Y122.058 E5.10746
G1 X111.833 Y122.037 E5.12319
G1 X111.361 Y121.991 E5.13809
G1 X110.504 Y121.849 E5.16539
G1 X110.026 Y121.734 E5.18084
G1 X109.554 Y121.594 E5.19631
G1 X108.757 Y121.296 E5.22305
G1 X108.309 Y121.092 E5.23852
G1 X107.865 Y120.861 E5.25425
G1 X107.434 Y120.607 E5.26997
G1 X107.017 Y120.331 E5.28568
G1 X106.614 Y120.033 E5.30143
G1 X106.248 Y119.732 E5.31632
G1 X105.623 Y119.14 E5.34337
G1 X105.066 Y118.51 E5.3698
G1 X104.766 Y118.119 E5.38529
G1 X104.482 Y117.707 E5.40102
G1 X104.221 Y117.28 E5.41675
G1 X103.986 Y116.847 E5.43223
G1 X103.633 Y116.073 E5.45896
G1 X103.461 Y115.612 E5.47442
G1 X103.311 Y115.135 E5.49013
G1 X103.185 Y114.65 E5.50588
G1 X103.09 Y114.186 E5.52076
G1 X102.976 Y113.324 E5.54808
G1 X102.946 Y112.834 E5.56351
G1 X102.942 Y112.333 E5.57925
G1 X102.963 Y111.833 E5.59498
G1 X103.009 Y111.361 E5.60988
G1 X103.151 Y110.504 E5.63718
G1 X103.266 Y110.026 E5.65263
G1 X103.408 Y109.546 E5.66836
G1 X103.575 Y109.074 E5.68409
G1 X103.722 Y108.719 E5.69616
G1 X103.722 Y108.719 F12000
G1 X103.398 Y108.52
G1 F4800
G1 X103.415 Y108.481 E5.6975
G1 X103.813 Y107.679 E5.72564
G1 X104.075 Y107.235 E5.74184
G1 X104.362 Y106.802 E5.75816
G1 X104.671 Y106.383 E5.77452
G1 X104.987 Y106 E5.79012
G1 X105.603 Y105.35 E5.81826
G1 X105.982 Y105.002 E5.83443
G1 X106.38 Y104.674 E5.85064
G1 X107.093 Y104.165 E5.87817
G1 X107.533 Y103.896 E5.89438
G1 X107.969 Y103.659 E5.90997
G1 X108.779 Y103.289 E5.93795
G1 X109.6 Y102.998 E5.96532
G1 X110.097 Y102.86 E5.98153
G1 X110.604 Y102.748 E5.99785
G1 X111.117 Y102.662 E6.0142
G1 X111.634 Y102.603 E6.03055
G1 X112.153 Y102.571 E6.04689
G1 X112.65 Y102.567 E6.06251
G1 X113.544 Y102.62 E6.09065
G1 X114.054 Y102.687 E6.10681
G1 X114.561 Y102.781 E6.12301
G1 X115.409 Y103.001 E6.15054
G1 X115.898 Y103.164 E6.16674
G1 X116.382 Y103.355 E6.18309
G1 X116.855 Y103.571 E6.19943
G1 X117.317 Y103.811 E6.21579
G1 X117.765 Y104.075 E6.23213
G1 X118.179 Y104.349 E6.24773
G1 X118.89 Y104.893 E6.27586
G1 X119.276 Y105.234 E6.29205
G1 X119.643 Y105.595 E6.30823
G1 X120.224 Y106.252 E6.33579
G1 X120.537 Y106.66 E6.35195
G1 X120.829 Y107.085 E6.36815
G1 X121.274 Y107.84 E6.39569
G1 X121.504 Y108.301 E6.41188
G1 X121.709 Y108.774 E6.42808
G1 X122.002 Y109.6 E6.45562
G1 X122.14 Y110.097 E6.47183
G1 X122.252 Y110.604 E6.48815
G1 X122.338 Y111.117 E6.5045
G1 X122.397 Y111.634 E6.52085
G1 X122.429 Y112.153 E6.53719
G1 X122.433 Y112.673 E6.55353
G1 X122.411 Y113.193 E6.56989
G1 X122.361 Y113.706 E6.58609
G1 X122.217 Y114.57 E6.61362
G1 X122.096 Y115.071 E6.62982
G1 X121.95 Y115.565 E6.64601
G1 X121.643 Y116.386 E6.67355
G1 X121.429 Y116.855 E6.68975
G1 X121.192 Y117.312 E6.70593
G1 X120.734 Y118.06 E6.73349
G1 X120.434 Y118.479 E6.74968
G1 X120.111 Y118.886 E6.76601
G1 X119.766 Y119.276 E6.78237
G1 X119.405 Y119.643 E6.79855
G1 X118.734 Y120.235 E6.82667
G1 X118.34 Y120.537 E6.84227
G1 X117.915 Y120.829 E6.85847
G1 X117.16 Y121.274 E6.88601
G1 X116.699 Y121.504 E6.9022
G1 X116.226 Y121.709 E6.9184
G1 X115.4 Y122.002 E6.94594
G1 X114.903 Y122.14 E6.96215
G1 X114.396 Y122.252 E6.97847
G1 X113.883 Y122.338 E6.99482
G1 X113.366 Y122.397 E7.01117
G1 X112.847 Y122.429 E7.02751
G1 X112.327 Y122.433 E7.04385
G1 X111.807 Y122.411 E7.06021
G1 X111.313 Y122.363 E7.07581
G1 X110.429 Y122.217 E7.10397
G1 X109.929 Y122.096 E7.12014
G1 X109.435 Y121.95 E7.13633
G1 X108.614 Y121.643 E7.16387
G1 X108.145 Y121.429 E7.18007
G1 X107.683 Y121.189 E7.19643
G1 X107.235 Y120.925 E7.21277
G1 X106.802 Y120.638 E7.22909
G1 X106.383 Y120.329 E7.24545
G1 X106 Y120.013 E7.26105
G1 X105.353 Y119.401 E7.28904
G1 X104.776 Y118.748 E7.31642
G1 X104.463 Y118.34 E7.33258
G1 X104.168 Y117.911 E7.34894
G1 X103.896 Y117.467 E7.3653
G1 X103.65 Y117.015 E7.38147
G1 X103.287 Y116.217 E7.40902
G1 X103.106 Y115.735 E7.4252
G1 X102.95 Y115.238 E7.44157
G1 X102.82 Y114.735 E7.4579
G1 X102.72 Y114.248 E7.47352
G1 X102.603 Y113.361 E7.50164
G1 X102.571 Y112.847 E7.51782
G1 X102.567 Y112.327 E7.53416
G1 X102.589 Y111.807 E7.55052
G1 X102.637 Y111.313 E7.56612
G1 X102.783 Y110.429 E7.59428
G1 X102.904 Y109.929 E7.61045
G1 X103.051 Y109.43 E7.6268
G1 X103.225 Y108.94 E7.64314
G1 X103.375 Y108.576 E7.65551
G1 X103.375 Y108.576 F12000
G1 X103.061 Y108.381
;TYPE:External perimeter
;WIDTH:0.4
G1 F2400
G1 X103.082 Y108.33 E7.65715
G1 X103.492 Y107.505 E7.68456
G1 X103.765 Y107.042 E7.70055
G1 X104.063 Y106.592 E7.71661
G1 X104.384 Y106.159 E7.73264
G1 X104.713 Y105.758 E7.74807
G1 X105.346 Y105.09 E7.77545
G1 X105.743 Y104.727 E7.79145
G1 X106.157 Y104.385 E7.80742
G1 X106.892 Y103.861 E7.83427
G1 X107.35 Y103.58 E7.85026
G1 X107.806 Y103.332 E7.8657
G1 X108.642 Y102.95 E7.89304
G1 X109.49 Y102.65 E7.9198
G1 X110.008 Y102.506 E7.93579
G1 X110.535 Y102.389 E7.95185
G1 X111.067 Y102.3 E7.9679
G1 X111.602 Y102.239 E7.98392
G1 X112.141 Y102.206 E7.99998
G1 X112.659 Y102.201 E8.01539
G1 X113.578 Y102.257 E8.04278
G1 X114.111 Y102.327 E8.05877
G1 X114.64 Y102.425 E8.07477
G1 X115.513 Y102.651 E8.1016
G1 X116.023 Y102.821 E8.11759
G1 X116.524 Y103.019 E8.13362
G1 X117.015 Y103.242 E8.14966
G1 X117.494 Y103.491 E8.16572
G1 X117.958 Y103.765 E8.18175
G1 X118.391 Y104.051 E8.19719
G1 X119.122 Y104.611 E8.22458
G1 X119.525 Y104.967 E8.24058
G1 X119.908 Y105.344 E8.25657
G1 X120.506 Y106.019 E8.2834
G1 X120.833 Y106.446 E8.2994
G1 X121.137 Y106.889 E8.31538
G1 X121.595 Y107.666 E8.34221
G1 X121.835 Y108.147 E8.3582
G1 X122.049 Y108.64 E8.37419
G1 X122.35 Y109.49 E8.40102
G1 X122.494 Y110.008 E8.41701
G1 X122.611 Y110.535 E8.43307
G1 X122.7 Y111.066 E8.44909
G1 X122.761 Y111.602 E8.46514
G1 X122.794 Y112.141 E8.4812
G1 X122.798 Y112.68 E8.49724
G1 X122.775 Y113.219 E8.51329
G1 X122.723 Y113.753 E8.52925
G1 X122.574 Y114.643 E8.5561
G1 X122.449 Y115.166 E8.5721
G1 X122.296 Y115.681 E8.58808
G1 X121.98 Y116.526 E8.61492
G1 X121.758 Y117.015 E8.6309
G1 X121.509 Y117.492 E8.64691
G1 X121.038 Y118.261 E8.67374
G1 X120.726 Y118.699 E8.68974
G1 X120.39 Y119.121 E8.70579
G1 X120.033 Y119.525 E8.72183
G1 X119.656 Y119.908 E8.73782
G1 X118.966 Y120.517 E8.7652
G1 X118.554 Y120.833 E8.78065
G1 X118.111 Y121.137 E8.79663
G1 X117.334 Y121.595 E8.82346
G1 X116.853 Y121.835 E8.83945
G1 X116.36 Y122.049 E8.85544
G1 X115.51 Y122.35 E8.88227
G1 X114.992 Y122.494 E8.89826
G1 X114.465 Y122.611 E8.91432
G1 X113.934 Y122.7 E8.93034
G1 X113.398 Y122.761 E8.94639
G1 X112.859 Y122.794 E8.96245
G1 X112.32 Y122.798 E8.97849
G1 X111.781 Y122.775 E8.99454
G1 X111.265 Y122.725 E9.00996
G1 X110.357 Y122.574 E9.03734
G1 X109.834 Y122.449 E9.05334
G1 X109.319 Y122.296 E9.06932
G1 X108.474 Y121.98 E9.09616
G1 X107.985 Y121.758 E9.11214
G1 X107.506 Y121.509 E9.1282
G1 X107.042 Y121.235 E9.14423
G1 X106.592 Y120.937 E9.16029
G1 X106.159 Y120.616 E9.17632
G1 X105.758 Y120.287 E9.19175
G1 X105.091 Y119.655 E9.21909
G1 X104.494 Y118.981 E9.24588
G1 X104.167 Y118.554 E9.26188
G1 X103.862 Y118.11 E9.2779
G1 X103.58 Y117.65 E9.29395
G1 X103.324 Y117.178 E9.30992
G1 X102.949 Y116.357 E9.33677
G1 X102.761 Y115.853 E9.35277
G1 X102.599 Y115.339 E9.3688
G1 X102.464 Y114.817 E9.38484
G1 X102.36 Y114.309 E9.40027
G1 X102.239 Y113.396 E9.42767
G1 X102.206 Y112.859 E9.44368
G1 X102.202 Y112.32 E9.45972
G1 X102.225 Y111.781 E9.47577
G1 X102.275 Y111.265 E9.49119
G1 X102.426 Y110.357 E9.51857
G1 X102.551 Y109.834 E9.53457
G1 X102.704 Y109.317 E9.55061
G1 X102.884 Y108.809 E9.56664
G1 X103.038 Y108.436 E9.57864
G1 X103.21 Y108.075 F12000
;LAYER_CHANGE
;Z:1.25
;HEIGHT:0.21
G1 Z1.25 F12000
G1 E7.57864 F2400
G92 E0
G1 Z1.65 F12000
G1 X103.71 Y110.685
G1 Z1.25
G1 E2 F2400
G92 E0
;TYPE:Internal infill
;WIDTH:0.42
G1 F6000
G1 X110.683 Y103.713 E.30987
G1 E-1.69013 F2400
G92 E0
G1 X110.683 Y103.713 Z1.65 F12000
G1 X109.391 Y120.911
G1 Z1.25
G1 E2 F2400
G1 F6000
G1 X113.47 Y116.832 E2.18128
G1 X112.5 Y116.942 E2.21196
G1 X112.036 Y116.918 E2.22656
G1 X111.134 Y116.727 E2.25553
G1 X110.353 Y116.388 E2.28229
G1 X109.657 Y115.912 E2.30879
G1 X109.359 Y115.641 E2.32145
G1 X106.276 Y118.724 E2.45846
G1 X105.564 Y117.931 E2.49195
G1 X105.107 Y117.289 E2.51671
G1 X104.665 Y116.527 E2.54439
G1 X104.221 Y115.477 E2.58022
G1 X108.171 Y111.527 E2.75577
G1 X108.385 Y110.829 E2.77871
G1 X108.578 Y110.415 E2.79306
G1 X108.817 Y110.017 E2.80765
G1 X109.364 Y109.355 E2.83464
G1 X109.699 Y109.053 E2.84881
G1 X110.353 Y108.612 E2.8736
G1 X110.764 Y108.411 E2.88798
G1 X111.53 Y108.168 E2.91323
G1 X115.476 Y104.221 E3.08862
G1 X116.362 Y104.582 E3.11869
G1 X117.527 Y105.266 E3.16114
G1 X118.171 Y105.759 E3.18663
G1 X118.725 Y106.275 E3.21042
G1 X115.641 Y109.359 E3.34748
G1 X115.947 Y109.699 E3.36185
G1 X116.388 Y110.353 E3.38664
G1 X116.748 Y111.201 E3.41559
G1 X116.918 Y112.042 E3.44255
G1 X116.942 Y112.5 E3.45696
G1 X116.829 Y113.473 E3.48774
G1 X120.779 Y109.523 E3.66329
G1 X121.17 Y110.94 E3.70948
G1 X121.276 Y111.743 E3.73493
G1 X121.288 Y113.115 E3.77805
G1 X121.066 Y114.539 E3.82334
G1 X114.324 Y121.281 E4.12297
G1 E2.12297 F2400
G92 E0
G1 X114.324 Y121.281 Z1.65 F12000
G1 X115.623 Y109.899
G1 Z1.25
G1 E2 F2400
;TYPE:Perimeter
G1 F3600
G1 X115.656 Y109.937 E2.00158
G1 X115.871 Y110.226 E2.0129
G1 X116.059 Y110.534 E2.02424
G1 X116.243 Y110.911 E2.03742
G1 X116.389 Y111.31 E2.05077
G1 X116.489 Y111.711 E2.06376
G1 X116.545 Y112.08 E2.07549
G1 X116.567 Y112.5 E2.08871
G1 X116.545 Y112.919 E2.1019
G1 X116.49 Y113.282 E2.11344
G1 X116.39 Y113.683 E2.12643
G1 X116.268 Y114.029 E2.13796
G1 X116.091 Y114.409 E2.15113
G1 X115.872 Y114.774 E2.16451
G1 X115.623 Y115.104 E2.1775
G1 X115.372 Y115.379 E2.1892
G1 X115.063 Y115.657 E2.20226
G1 X114.774 Y115.871 E2.21356
G1 X114.466 Y116.059 E2.2249
G1 X114.089 Y116.243 E2.23808
G1 X113.694 Y116.387 E2.25129
G1 X113.34 Y116.479 E2.26278
G1 X112.925 Y116.544 E2.27598
G1 X112.5 Y116.567 E2.28936
G1 X112.075 Y116.544 E2.30274
G1 X111.654 Y116.478 E2.31613
G1 X111.249 Y116.369 E2.32931
G1 X110.906 Y116.241 E2.34081
G1 X110.534 Y116.059 E2.35382
G1 X110.222 Y115.868 E2.36532
G1 X109.896 Y115.623 E2.37814
G1 X109.621 Y115.372 E2.38984
G1 X109.344 Y115.064 E2.40286
G1 X109.129 Y114.774 E2.4142
G1 X108.941 Y114.466 E2.42554
G1 X108.757 Y114.089 E2.43872
G1 X108.611 Y113.69 E2.45207
G1 X108.511 Y113.289 E2.46506
G1 X108.455 Y112.92 E2.47679
G1 X108.433 Y112.5 E2.49001
G1 X108.455 Y112.081 E2.5032
G1 X108.51 Y111.718 E2.51474
G1 X108.61 Y111.317 E2.52773
G1 X108.732 Y110.971 E2.53926
G1 X108.909 Y110.591 E2.55243
G1 X109.128 Y110.227 E2.56578
G1 X109.377 Y109.896 E2.5788
G1 X109.628 Y109.621 E2.5905
G1 X109.936 Y109.344 E2.60352
G1 X110.226 Y109.129 E2.61486
G1 X110.534 Y108.941 E2.6262
G1 X110.911 Y108.757 E2.63938
G1 X111.306 Y108.613 E2.65259
G1 X111.66 Y108.521 E2.66408
G1 X112.074 Y108.456 E2.67725
G1 X112.487 Y108.434 E2.69025
G1 X112.859 Y108.45 E2.70195
G1 X113.276 Y108.508 E2.71518
G1 X113.683 Y108.61 E2.72837
G1 X114.029 Y108.732 E2.7399
G1 X114.409 Y108.909 E2.75307
G1 X114.774 Y109.128 E2.76645
G1 X115.104 Y109.377 E2.77944
G1 X115.379 Y109.628 E2.79114
G1 X115.583 Y109.855 E2.80073
G1 X115.583 Y109.855 F12000
G1 X115.344 Y110.149
G1 F3600
G1 X115.366 Y110.174 E2.80178
G1 X115.56 Y110.436 E2.81202
G1 X115.73 Y110.714 E2.82226
G1 X115.898 Y111.058 E2.83429
G1 X116.03 Y111.42 E2.8464
G1 X116.121 Y111.785 E2.85822
G1 X116.171 Y112.118 E2.8688
G1 X116.191 Y112.5 E2.88082
G1 X116.171 Y112.882 E2.89284
G1 X116.122 Y113.208 E2.9032
G1 X116.031 Y113.575 E2.91508
G1 X115.921 Y113.886 E2.92545
G1 X115.759 Y114.233 E2.93748
G1 X115.56 Y114.564 E2.94962
G1 X115.335 Y114.864 E2.9614
G1 X115.107 Y115.112 E2.97199
G1 X114.826 Y115.366 E2.98389
G1 X114.564 Y115.56 E2.99413
G1 X114.286 Y115.73 E3.00437
G1 X113.942 Y115.898 E3.0164
G1 X113.583 Y116.028 E3.0284
G1 X113.263 Y116.111 E3.03879
G1 X112.886 Y116.171 E3.05079
G1 X112.5 Y116.191 E3.06294
G1 X112.114 Y116.171 E3.07509
G1 X111.733 Y116.11 E3.08722
G1 X111.363 Y116.012 E3.09925
G1 X111.054 Y115.896 E3.10962
G1 X110.714 Y115.73 E3.12151
G1 X110.433 Y115.558 E3.13186
G1 X110.136 Y115.335 E3.14353
G1 X109.888 Y115.107 E3.15412
G1 X109.634 Y114.826 E3.16602
G1 X109.44 Y114.564 E3.17626
G1 X109.27 Y114.286 E3.1865
G1 X109.102 Y113.942 E3.19853
G1 X108.97 Y113.58 E3.21064
G1 X108.879 Y113.215 E3.22246
G1 X108.829 Y112.882 E3.23304
G1 X108.809 Y112.5 E3.24506
G1 X108.829 Y112.118 E3.25708
G1 X108.878 Y111.792 E3.26744
G1 X108.969 Y111.425 E3.27932
G1 X109.079 Y111.114 E3.28969
G1 X109.241 Y110.767 E3.30172
G1 X109.44 Y110.436 E3.31386
G1 X109.665 Y110.136 E3.32564
G1 X109.893 Y109.888 E3.33623
G1 X110.174 Y109.634 E3.34813
G1 X110.436 Y109.44 E3.35837
G1 X110.714 Y109.27 E3.36861
G1 X111.058 Y109.102 E3.38064
G1 X111.417 Y108.972 E3.39264
G1 X111.737 Y108.889 E3.40303
G1 X112.114 Y108.829 E3.41503
G1 X112.489 Y108.809 E3.42683
G1 X112.825 Y108.823 E3.4374
G1 X113.204 Y108.877 E3.44943
G1 X113.575 Y108.969 E3.46144
G1 X113.886 Y109.079 E3.47181
G1 X114.233 Y109.241 E3.48384
G1 X114.564 Y109.44 E3.49598
G1 X114.864 Y109.665 E3.50776
G1 X115.112 Y109.893 E3.51835
G1 X115.303 Y110.105 E3.52732
G1 X115.303 Y110.105 F12000
G1 X115.064 Y110.399
G1 F3600
G1 X115.075 Y110.411 E3.52783
G1 X115.249 Y110.646 E3.53702
G1 X115.401 Y110.895 E3.54619
G1 X115.552 Y111.204 E3.557
G1 X115.671 Y111.53 E3.56791
G1 X115.753 Y111.858 E3.57853
G1 X115.798 Y112.156 E3.588
G1 X115.816 Y112.5 E3.59883
G1 X115.798 Y112.844 E3.60966
G1 X115.754 Y113.135 E3.61891
G1 X115.671 Y113.467 E3.62966
G1 X115.573 Y113.744 E3.63889
G1 X115.428 Y114.057 E3.64973
G1 X115.249 Y114.354 E3.66063
G1 X115.046 Y114.624 E3.67125
G1 X114.843 Y114.846 E3.6807
G1 X114.588 Y115.075 E3.69147
G1 X114.354 Y115.249 E3.70063
G1 X114.105 Y115.401 E3.7098
G1 X113.796 Y115.552 E3.72061
G1 X113.472 Y115.67 E3.73145
G1 X113.187 Y115.744 E3.7407
G1 X112.847 Y115.798 E3.75152
G1 X112.5 Y115.816 E3.76244
G1 X112.153 Y115.798 E3.77336
G1 X111.811 Y115.743 E3.78425
G1 X111.478 Y115.654 E3.79508
G1 X111.202 Y115.551 E3.80434
G1 X110.895 Y115.401 E3.81508
G1 X110.644 Y115.247 E3.82433
G1 X110.376 Y115.046 E3.83486
G1 X110.154 Y114.843 E3.84431
G1 X109.925 Y114.589 E3.85506
G1 X109.751 Y114.354 E3.86425
G1 X109.599 Y114.105 E3.87342
G1 X109.448 Y113.796 E3.88423
G1 X109.329 Y113.47 E3.89514
G1 X109.247 Y113.142 E3.90576
G1 X109.202 Y112.844 E3.91523
G1 X109.184 Y112.5 E3.92606
G1 X109.202 Y112.156 E3.93689
G1 X109.246 Y111.865 E3.94614
G1 X109.329 Y111.533 E3.95689
G1 X109.427 Y111.256 E3.96612
G1 X109.572 Y110.943 E3.97696
G1 X109.751 Y110.646 E3.98786
G1 X109.954 Y110.376 E3.99848
G1 X110.157 Y110.154 E4.00793
G1 X110.411 Y109.925 E4.01868
G1 X110.646 Y109.751 E4.02787
G1 X110.895 Y109.599 E4.03704
G1 X111.204 Y109.448 E4.04785
G1 X111.528 Y109.33 E4.05869
G1 X111.813 Y109.256 E4.06794
G1 X112.153 Y109.202 E4.07876
G1 X112.491 Y109.184 E4.0894
G1 X112.791 Y109.197 E4.09884
G1 X113.133 Y109.245 E4.10969
G1 X113.467 Y109.329 E4.12051
G1 X113.744 Y109.427 E4.12974
G1 X114.057 Y109.572 E4.14058
G1 X114.354 Y109.751 E4.15148
G1 X114.624 Y109.954 E4.1621
G1 X114.846 Y110.157 E4.17155
G1 X115.024 Y110.355 E4.17992
G1 X115.024 Y110.355 F12000
G1 X114.791 Y110.641
;TYPE:External perimeter
;WIDTH:0.4
G1 F3600
G1 X114.792 Y110.643 E4.17999
G1 X115.081 Y111.07 E4.19533
G1 X115.216 Y111.347 E4.2045
G1 X115.321 Y111.637 E4.21368
G1 X115.395 Y111.93 E4.22267
G1 X115.434 Y112.192 E4.23055
G1 X115.45 Y112.5 E4.23973
G1 X115.434 Y112.808 E4.24891
G1 X115.396 Y113.064 E4.25661
G1 X115.322 Y113.362 E4.26574
G1 X115.235 Y113.606 E4.27345
G1 X115.105 Y113.885 E4.28261
G1 X114.946 Y114.15 E4.2918
G1 X114.765 Y114.391 E4.30077
G1 X114.586 Y114.587 E4.30867
G1 X114.357 Y114.792 E4.31781
G1 X113.93 Y115.081 E4.33315
G1 X113.653 Y115.216 E4.34232
G1 X113.363 Y115.321 E4.3515
G1 X113.112 Y115.386 E4.35921
G1 X112.808 Y115.434 E4.36837
G1 X112.5 Y115.45 E4.37755
G1 X112.192 Y115.434 E4.38673
G1 X111.887 Y115.386 E4.39592
G1 X111.589 Y115.306 E4.4051
G1 X111.346 Y115.215 E4.41282
G1 X111.07 Y115.081 E4.42195
G1 X110.85 Y114.945 E4.42964
G1 X110.609 Y114.765 E4.43859
G1 X110.413 Y114.586 E4.44649
G1 X110.208 Y114.357 E4.45563
G1 X109.919 Y113.93 E4.47097
G1 X109.784 Y113.653 E4.48014
G1 X109.679 Y113.363 E4.48932
G1 X109.605 Y113.07 E4.49831
G1 X109.566 Y112.808 E4.50619
G1 X109.55 Y112.5 E4.51537
G1 X109.566 Y112.192 E4.52455
G1 X109.604 Y111.936 E4.53225
G1 X109.678 Y111.638 E4.54138
G1 X109.765 Y111.394 E4.54909
G1 X109.895 Y111.115 E4.55825
G1 X110.054 Y110.85 E4.56744
G1 X110.235 Y110.609 E4.57641
G1 X110.414 Y110.413 E4.58431
G1 X110.643 Y110.208 E4.59345
G1 X111.07 Y109.919 E4.60879
G1 X111.347 Y109.784 E4.61796
G1 X111.637 Y109.679 E4.62714
G1 X111.887 Y109.614 E4.63482
G1 X112.192 Y109.566 E4.64401
G1 X112.493 Y109.55 E4.65298
G1 X112.758 Y109.561 E4.66087
G1 X113.063 Y109.604 E4.67003
G1 X113.362 Y109.678 E4.67919
G1 X113.606 Y109.765 E4.6869
G1 X113.885 Y109.895 E4.69606
G1 X114.15 Y110.054 E4.70525
G1 X114.391 Y110.235 E4.71422
G1 X114.587 Y110.414 E4.72212
G1 X114.75 Y110.596 E4.72939
G1 X114.98 Y110.924 F12000
G1 E2.72939 F2400
G92 E0
G1 Z1.65 F12000
G1 X104.089 Y108.814
G1 Z1.25
G1 E2 F2400
;TYPE:Perimeter
;WIDTH:0.42
G1 F4800
G1 X104.096 Y108.795 E2.00064
G1 X104.473 Y108.037 E2.02724
G1 X104.976 Y107.232 E2.05707
G1 X105.547 Y106.5 E2.08624
G1 X106.129 Y105.885 E2.11285
G1 X106.836 Y105.27 E2.1423
G1 X107.507 Y104.791 E2.16821
G1 X108.301 Y104.332 E2.19703
G1 X109.06 Y103.984 E2.22327
G1 X109.826 Y103.714 E2.24879
G1 X110.747 Y103.484 E2.27862
G1 X111.222 Y103.405 E2.29375
G1 X111.699 Y103.35 E2.30884
G1 X112.627 Y103.317 E2.33802
G1 X113.472 Y103.367 E2.36462
G1 X114.398 Y103.514 E2.39408
G1 X115.196 Y103.72 E2.41998
G1 X116.089 Y104.045 E2.44984
G1 X116.526 Y104.245 E2.46494
G1 X116.953 Y104.467 E2.48006
G1 X117.74 Y104.958 E2.50921
G1 X118.413 Y105.472 E2.53582
G1 X119.099 Y106.112 E2.5653
G1 X119.645 Y106.729 E2.59119
G1 X120.203 Y107.498 E2.62105
G1 X120.678 Y108.32 E2.65088
G1 X121.02 Y109.07 E2.67678
G1 X121.329 Y109.968 E2.70662
G1 X121.539 Y110.872 E2.73578
G1 X121.651 Y111.712 E2.76241
G1 X121.683 Y112.66 E2.79222
G1 X121.662 Y113.141 E2.80735
G1 X121.616 Y113.619 E2.82244
G1 X121.456 Y114.533 E2.8516
G1 X121.231 Y115.35 E2.87823
G1 X120.895 Y116.225 E2.90768
G1 X120.527 Y116.963 E2.9336
G1 X120.03 Y117.759 E2.96309
G1 X119.528 Y118.412 E2.98897
G1 X118.888 Y119.099 E3.01848
G1 X118.271 Y119.645 E3.04437
G1 X117.502 Y120.203 E3.07423
G1 X116.699 Y120.668 E3.10339
G1 X115.929 Y121.02 E3.13
G1 X115.032 Y121.329 E3.15981
G1 X114.106 Y121.543 E3.18968
G1 X113.289 Y121.651 E3.21558
G1 X112.34 Y121.683 E3.24542
G1 X111.392 Y121.617 E3.27528
G1 X110.579 Y121.481 E3.30118
G1 X109.662 Y121.235 E3.33102
G1 X108.795 Y120.904 E3.36018
G1 X108.037 Y120.527 E3.38678
G1 X107.241 Y120.03 E3.41627
G1 X106.588 Y119.528 E3.44215
G1 X105.893 Y118.88 E3.47201
G1 X105.27 Y118.164 E3.50184
G1 X104.791 Y117.493 E3.52775
G1 X104.332 Y116.699 E3.55657
G1 X103.98 Y115.929 E3.58318
G1 X103.671 Y115.032 E3.61299
G1 X103.461 Y114.128 E3.64215
G1 X103.349 Y113.288 E3.66878
G1 X103.317 Y112.34 E3.69859
G1 X103.383 Y111.392 E3.72845
G1 X103.519 Y110.579 E3.75435
G1 X103.765 Y109.662 E3.78419
G1 X104.068 Y108.87 E3.81084
G1 X104.068 Y108.87 F12000
G1 X103.743 Y108.671
G1 F4800
G1 X103.755 Y108.64 E3.81188
G1 X104.143 Y107.858 E3.83931
G1 X104.393 Y107.434 E3.85478
G1 X104.669 Y107.017 E3.87049
G1 X104.967 Y106.614 E3.88624
G1 X105.265 Y106.252 E3.90097
G1 X105.866 Y105.617 E3.92845
G1 X106.228 Y105.285 E3.94389
G1 X106.608 Y104.972 E3.95936
G1 X107.3 Y104.478 E3.98608
G1 X108.133 Y103.996 E4.01632
G1 X108.92 Y103.637 E4.0435
G1 X109.713 Y103.356 E4.06994
G1 X110.187 Y103.224 E4.0854
G1 X110.676 Y103.116 E4.10114
G1 X111.17 Y103.033 E4.11688
G1 X111.667 Y102.977 E4.1326
G1 X112.167 Y102.946 E4.14834
G1 X112.636 Y102.942 E4.16308
G1 X113.508 Y102.994 E4.19053
G1 X113.995 Y103.058 E4.20597
G1 X114.48 Y103.148 E4.22147
G1 X115.303 Y103.361 E4.24819
G1 X115.77 Y103.517 E4.26366
G1 X116.235 Y103.7 E4.27936
G1 X116.691 Y103.908 E4.29511
G1 X117.135 Y104.139 E4.31084
G1 X117.958 Y104.652 E4.34132
G1 X118.652 Y105.183 E4.36878
G1 X119.02 Y105.508 E4.38421
G1 X119.371 Y105.853 E4.39968
G1 X119.934 Y106.49 E4.4264
G1 X120.234 Y106.881 E4.44189
G1 X120.518 Y107.293 E4.45762
G1 X120.779 Y107.72 E4.47335
G1 X121.014 Y108.153 E4.48883
G1 X121.367 Y108.927 E4.51556
G1 X121.539 Y109.388 E4.53102
G1 X121.689 Y109.865 E4.54673
G1 X121.815 Y110.35 E4.56248
G1 X121.909 Y110.81 E4.57723
G1 X122.024 Y111.676 E4.60468
G1 X122.054 Y112.166 E4.62011
G1 X122.058 Y112.667 E4.63585
G1 X122.037 Y113.167 E4.65158
G1 X121.989 Y113.665 E4.6673
G1 X121.915 Y114.16 E4.68303
G1 X121.821 Y114.621 E4.69782
G1 X121.589 Y115.462 E4.72524
G1 X121.425 Y115.926 E4.74071
G1 X121.236 Y116.381 E4.75619
G1 X120.857 Y117.142 E4.78291
G1 X120.607 Y117.566 E4.79838
G1 X120.335 Y117.976 E4.81384
G1 X119.818 Y118.651 E4.84056
G1 X119.492 Y119.02 E4.85603
G1 X119.147 Y119.371 E4.8715
G1 X118.51 Y119.934 E4.89822
G1 X118.119 Y120.234 E4.91371
G1 X117.707 Y120.518 E4.92944
G1 X117.28 Y120.779 E4.94517
G1 X116.867 Y121.004 E4.95995
G1 X116.073 Y121.367 E4.98739
G1 X115.612 Y121.539 E5.00285
G1 X115.135 Y121.689 E5.01856
G1 X114.651 Y121.815 E5.03428
G1 X114.168 Y121.913 E5.04977
G1 X113.325 Y122.024 E5.07649
G1 X112.834 Y122.054 E5.09195
G1 X112.333 Y122.058 E5.10769
G1 X111.833 Y122.037 E5.12342
G1 X111.343 Y121.989 E5.13889
G1 X110.504 Y121.849 E5.16562
G1 X110.026 Y121.734 E5.18107
G1 X109.546 Y121.592 E5.1968
G1 X108.64 Y121.245 E5.22729
G1 X107.858 Y120.857 E5.25472
G1 X107.434 Y120.607 E5.27019
G1 X107.024 Y120.335 E5.28565
G1 X106.349 Y119.818 E5.31237
G1 X105.98 Y119.492 E5.32784
G1 X105.623 Y119.141 E5.34357
G1 X105.285 Y118.772 E5.3593
G1 X104.972 Y118.392 E5.37477
G1 X104.478 Y117.7 E5.40149
G1 X103.996 Y116.867 E5.43173
G1 X103.633 Y116.073 E5.45917
G1 X103.461 Y115.612 E5.47463
G1 X103.311 Y115.135 E5.49034
G1 X103.185 Y114.65 E5.50609
G1 X103.091 Y114.19 E5.52084
G1 X102.976 Y113.324 E5.54829
G1 X102.946 Y112.834 E5.56372
G1 X102.942 Y112.333 E5.57946
G1 X102.963 Y111.833 E5.59519
G1 X103.011 Y111.343 E5.61066
G1 X103.151 Y110.504 E5.63739
G1 X103.266 Y110.026 E5.65284
G1 X103.408 Y109.546 E5.66857
G1 X103.721 Y108.727 E5.69612
G1 X103.721 Y108.727 F12000
G1 X103.396 Y108.527
G1 F4800
G1 X103.413 Y108.485 E5.69754
G1 X103.813 Y107.679 E5.72582
G1 X104.075 Y107.235 E5.74202
G1 X104.362 Y106.802 E5.75834
G1 X104.671 Y106.383 E5.7747
G1 X104.984 Y106.003 E5.79017
G1 X105.603 Y105.35 E5.81845
G1 X105.982 Y105.002 E5.83462
G1 X106.38 Y104.674 E5.85083
G1 X107.093 Y104.165 E5.87836
G1 X107.533 Y103.896 E5.89457
G1 X107.965 Y103.661 E5.91002
G1 X108.779 Y103.289 E5.93814
G1 X109.6 Y102.998 E5.96551
G1 X110.097 Y102.86 E5.98172
G1 X110.604 Y102.748 E5.99804
G1 X111.117 Y102.662 E6.01439
G1 X111.634 Y102.603 E6.03074
G1 X112.153 Y102.571 E6.04708
G1 X112.646 Y102.566 E6.06257
G1 X113.544 Y102.62 E6.09084
G1 X114.054 Y102.687 E6.107
G1 X114.561 Y102.781 E6.1232
G1 X115.409 Y103.001 E6.15073
G1 X115.898 Y103.164 E6.16693
G1 X116.382 Y103.355 E6.18328
G1 X116.855 Y103.571 E6.19962
G1 X117.317 Y103.811 E6.21598
G1 X117.765 Y104.075 E6.23232
G1 X118.176 Y104.346 E6.24779
G1 X118.89 Y104.893 E6.27606
G1 X119.276 Y105.234 E6.29225
G1 X119.643 Y105.595 E6.30843
G1 X120.224 Y106.252 E6.33599
G1 X120.537 Y106.66 E6.35215
G1 X120.832 Y107.089 E6.36851
G1 X121.104 Y107.533 E6.38487
G1 X121.35 Y107.985 E6.40104
G1 X121.713 Y108.783 E6.42859
G1 X121.894 Y109.266 E6.4448
G1 X122.05 Y109.762 E6.46114
G1 X122.18 Y110.265 E6.47747
G1 X122.279 Y110.748 E6.49296
G1 X122.397 Y111.639 E6.5212
G1 X122.429 Y112.153 E6.53738
G1 X122.433 Y112.673 E6.55372
G1 X122.411 Y113.193 E6.57008
G1 X122.361 Y113.711 E6.58643
G1 X122.284 Y114.225 E6.60276
G1 X122.186 Y114.708 E6.61825
G1 X121.947 Y115.575 E6.64651
G1 X121.775 Y116.06 E6.66268
G1 X121.578 Y116.536 E6.67887
G1 X121.187 Y117.321 E6.70643
G1 X120.925 Y117.765 E6.72263
G1 X120.641 Y118.194 E6.7388
G1 X120.107 Y118.89 E6.76637
G1 X119.766 Y119.276 E6.78256
G1 X119.405 Y119.643 E6.79874
G1 X118.748 Y120.224 E6.8263
G1 X118.34 Y120.537 E6.84246
G1 X117.911 Y120.832 E6.85882
G1 X117.467 Y121.104 E6.87518
G1 X117.035 Y121.339 E6.89063
G1 X116.217 Y121.713 E6.9189
G1 X115.734 Y121.894 E6.93511
G1 X115.238 Y122.05 E6.95145
G1 X114.735 Y122.18 E6.96778
G1 X114.23 Y122.283 E6.98398
G1 X113.361 Y122.397 E7.01152
G1 X112.847 Y122.429 E7.0277
G1 X112.327 Y122.433 E7.04404
G1 X111.807 Y122.411 E7.0604
G1 X111.294 Y122.361 E7.0766
G1 X110.43 Y122.217 E7.10413
G1 X109.929 Y122.096 E7.12033
G1 X109.43 Y121.949 E7.13668
G1 X108.939 Y121.775 E7.15305
G1 X108.485 Y121.587 E7.16849
G1 X107.679 Y121.187 E7.19677
G1 X107.235 Y120.925 E7.21297
G1 X106.806 Y120.641 E7.22914
G1 X106.11 Y120.107 E7.25671
G1 X105.724 Y119.766 E7.2729
G1 X105.353 Y119.401 E7.28926
G1 X105.002 Y119.018 E7.30559
G1 X104.674 Y118.62 E7.3218
G1 X104.165 Y117.907 E7.34933
G1 X103.896 Y117.467 E7.36554
G1 X103.661 Y117.035 E7.38099
G1 X103.287 Y116.217 E7.40926
G1 X103.106 Y115.735 E7.42544
G1 X102.95 Y115.238 E7.44181
G1 X102.82 Y114.735 E7.45814
G1 X102.721 Y114.252 E7.47363
G1 X102.603 Y113.361 E7.50187
G1 X102.571 Y112.847 E7.51805
G1 X102.567 Y112.327 E7.53439
G1 X102.589 Y111.807 E7.55075
G1 X102.639 Y111.294 E7.56695
G1 X102.783 Y110.43 E7.59448
G1 X102.904 Y109.929 E7.61068
G1 X103.051 Y109.43 E7.62703
G1 X103.225 Y108.939 E7.6434
G1 X103.373 Y108.583 E7.65552
G1 X103.373 Y108.583 F12000
G1 X103.058 Y108.388
;TYPE:External perimeter
;WIDTH:0.4
G1 F2400
G1 X103.081 Y108.333 E7.65729
G1 X103.492 Y107.505 E7.68479
G1 X103.765 Y107.042 E7.70078
G1 X104.063 Y106.592 E7.71684
G1 X104.384 Y106.159 E7.73287
G1 X104.71 Y105.762 E7.74815
G1 X105.346 Y105.09 E7.77568
G1 X105.743 Y104.727 E7.79168
G1 X106.157 Y104.385 E7.80765
G1 X106.892 Y103.861 E7.8345
G1 X107.35 Y103.58 E7.85049
G1 X107.802 Y103.334 E7.8658
G1 X108.642 Y102.95 E7.89328
G1 X109.49 Y102.65 E7.92004
G1 X110.008 Y102.506 E7.93603
G1 X110.535 Y102.389 E7.95209
G1 X111.067 Y102.3 E7.96814
G1 X111.602 Y102.239 E7.98416
G1 X112.141 Y102.206 E8.00022
G1 X112.655 Y102.201 E8.01551
G1 X113.579 Y102.257 E8.04305
G1 X114.111 Y102.327 E8.05901
G1 X114.64 Y102.425 E8.07501
G1 X115.513 Y102.651 E8.10184
G1 X116.023 Y102.821 E8.11783
G1 X116.524 Y103.019 E8.13386
G1 X117.015 Y103.242 E8.1499
G1 X117.494 Y103.491 E8.16596
G1 X117.958 Y103.765 E8.18199
G1 X118.387 Y104.049 E8.1973
G1 X119.122 Y104.611 E8.22482
G1 X119.525 Y104.967 E8.24082
G1 X119.908 Y105.344 E8.25681
G1 X120.506 Y106.019 E8.28364
G1 X120.833 Y106.446 E8.29964
G1 X121.138 Y106.89 E8.31566
G1 X121.42 Y107.35 E8.33171
G1 X121.676 Y107.822 E8.34768
G1 X122.051 Y108.643 E8.37453
G1 X122.239 Y109.147 E8.39053
G1 X122.401 Y109.661 E8.40656
G1 X122.536 Y110.183 E8.4226
G1 X122.639 Y110.687 E8.4379
G1 X122.761 Y111.604 E8.46542
G1 X122.794 Y112.141 E8.48143
G1 X122.798 Y112.68 E8.49747
G1 X122.775 Y113.219 E8.51352
G1 X122.723 Y113.755 E8.52954
G1 X122.643 Y114.289 E8.5456
G1 X122.541 Y114.793 E8.5609
G1 X122.295 Y115.685 E8.58843
G1 X122.116 Y116.191 E8.6044
G1 X121.91 Y116.688 E8.6204
G1 X121.508 Y117.495 E8.64722
G1 X121.235 Y117.958 E8.66321
G1 X120.938 Y118.406 E8.6792
G1 X120.389 Y119.122 E8.70604
G1 X120.033 Y119.525 E8.72204
G1 X119.656 Y119.908 E8.73803
G1 X118.981 Y120.506 E8.76486
G1 X118.554 Y120.833 E8.78086
G1 X118.11 Y121.138 E8.79688
G1 X117.65 Y121.42 E8.81293
G1 X117.198 Y121.666 E8.82824
G1 X116.357 Y122.051 E8.85576
G1 X115.853 Y122.239 E8.87176
G1 X115.339 Y122.401 E8.88779
G1 X114.817 Y122.536 E8.90383
G1 X114.29 Y122.643 E8.91983
G1 X113.396 Y122.761 E8.94666
G1 X112.859 Y122.794 E8.96267
G1 X112.32 Y122.798 E8.97871
G1 X111.781 Y122.775 E8.99476
G1 X111.247 Y122.723 E9.01072
G1 X110.357 Y122.574 E9.03757
G1 X109.834 Y122.449 E9.05357
G1 X109.317 Y122.296 E9.06961
G1 X108.809 Y122.116 E9.08564
G1 X108.333 Y121.919 E9.10097
G1 X107.505 Y121.508 E9.12847
G1 X107.042 Y121.235 E9.14446
G1 X106.594 Y120.938 E9.16045
G1 X105.878 Y120.389 E9.18729
G1 X105.475 Y120.033 E9.20329
G1 X105.091 Y119.655 E9.21932
G1 X104.727 Y119.257 E9.23537
G1 X104.385 Y118.843 E9.25134
G1 X103.861 Y118.108 E9.27819
G1 X103.58 Y117.65 E9.29418
G1 X103.334 Y117.198 E9.30949
G1 X102.949 Y116.357 E9.33701
G1 X102.761 Y115.853 E9.35301
G1 X102.599 Y115.339 E9.36904
G1 X102.464 Y114.817 E9.38508
G1 X102.361 Y114.313 E9.40038
G1 X102.239 Y113.396 E9.4279
G1 X102.206 Y112.859 E9.44391
G1 X102.202 Y112.32 E9.45995
G1 X102.225 Y111.782 E9.47597
G1 X102.277 Y111.247 E9.49196
G1 X102.426 Y110.357 E9.51881
G1 X102.551 Y109.834 E9.53481
G1 X102.704 Y109.317 E9.55085
G1 X102.884 Y108.809 E9.56688
G1 X103.035 Y108.443 E9.57866
G1 X103.207 Y108.082 F12000
;LAYER_CHANGE
;Z:1.46
;HEIGHT:0.21
G1 Z1.46 F12000
G1 E7.57866 F2400
G92 E0
G1 Z1.86 F12000
G1 X103.719 Y114.324
G1 Z1.46
G1 E2 F2400
G92 E0
;TYPE:Internal infill
;WIDTH:0.42
G1 F6000
G1 X110.685 Y121.29 E.30958
G1 E-1.69042 F2400
G92 E0
G1 X110.685 Y121.29 Z1.86 F12000
G1 X120.911 Y115.608
G1 Z1.46
G1 E2 F2400
G1 F6000
G1 X116.829 Y111.527 E2.18139
G1 X116.942 Y112.5 E2.21217
G1 X116.918 Y112.964 E2.22677
G1 X116.727 Y113.866 E2.25574
G1 X116.414 Y114.6 E2.28082
G1 X116.183 Y114.984 E2.2949
G1 X115.641 Y115.641 E2.32167
G1 X118.725 Y118.725 E2.45873
G1 X118.036 Y119.352 E2.48801
G1 X117.298 Y119.888 E2.51667
G1 X116.508 Y120.345 E2.54535
G1 X115.477 Y120.779 E2.5805
G1 X111.53 Y116.833 E2.75589
G1 X110.758 Y116.586 E2.78136
G1 X110.353 Y116.388 E2.79553
G1 X109.658 Y115.913 E2.82198
G1 X109.355 Y115.636 E2.83488
G1 X108.814 Y114.978 E2.86165
G1 X108.578 Y114.586 E2.87603
G1 X108.388 Y114.179 E2.89015
G1 X108.171 Y113.473 E2.91336
G1 X104.219 Y109.522 E3.08897
G1 X104.727 Y108.356 E3.12894
G1 X105.199 Y107.57 E3.15775
G1 X105.748 Y106.841 E3.18643
G1 X106.275 Y106.275 E3.21073
G1 X109.359 Y109.359 E3.34779
G1 X109.699 Y109.053 E3.36216
G1 X110.353 Y108.612 E3.38695
G1 X111.185 Y108.257 E3.41538
G1 X112.035 Y108.082 E3.44265
G1 X112.483 Y108.058 E3.45675
G1 X113.473 Y108.171 E3.48806
G1 X109.521 Y104.219 E3.66369
G1 X109.934 Y104.073 E3.67746
G1 X111.274 Y103.776 E3.72059
G1 X112.619 Y103.692 E3.76294
G1 X113.432 Y103.74 E3.78853
G1 X114.543 Y103.939 E3.824
G1 X121.281 Y110.676 E4.12343
G1 E2.12343 F2400
G92 E0
G1 X121.281 Y110.676 Z1.86 F12000
G1 X115.623 Y109.899
G1 Z1.46
G1 E2 F2400
;TYPE:Perimeter
G1 F3600
G1 X115.657 Y109.937 E2.0016
G1 X115.871 Y110.226 E2.0129
G1 X116.059 Y110.534 E2.02424
G1 X116.243 Y110.911 E2.03742
G1 X116.389 Y111.31 E2.05077
G1 X116.489 Y111.71 E2.06373
G1 X116.545 Y112.08 E2.07549
G1 X116.567 Y112.5 E2.08871
G1 X116.544 Y112.925 E2.10209
G1 X116.478 Y113.346 E2.11548
G1 X116.369 Y113.751 E2.12866
G1 X116.242 Y114.09 E2.14004
G1 X116.083 Y114.422 E2.15161
G1 X115.871 Y114.774 E2.16452
G1 X115.624 Y115.102 E2.17742
G1 X115.372 Y115.379 E2.18919
G1 X115.063 Y115.657 E2.20225
G1 X114.77 Y115.874 E2.21371
G1 X114.422 Y116.083 E2.22647
G1 X114.084 Y116.245 E2.23825
G1 X113.69 Y116.389 E2.25143
G1 X113.29 Y116.489 E2.26439
G1 X112.92 Y116.545 E2.27615
G1 X112.5 Y116.567 E2.28937
G1 X112.075 Y116.544 E2.30275
G1 X111.654 Y116.478 E2.31614
G1 X111.249 Y116.369 E2.32932
G1 X110.906 Y116.241 E2.34082
G1 X110.534 Y116.059 E2.35383
G1 X110.222 Y115.868 E2.36533
G1 X109.898 Y115.624 E2.37808
G1 X109.621 Y115.372 E2.38985
G1 X109.343 Y115.063 E2.40291
G1 X109.126 Y114.769 E2.41439
G1 X108.91 Y114.41 E2.42756
G1 X108.735 Y114.037 E2.44051
G1 X108.61 Y113.684 E2.45228
G1 X108.508 Y113.276 E2.4655
G1 X108.45 Y112.86 E2.4787
G1 X108.434 Y112.494 E2.49021
G1 X108.456 Y112.075 E2.5034
G1 X108.522 Y111.654 E2.51679
G1 X108.631 Y111.249 E2.52997
G1 X108.759 Y110.906 E2.54147
G1 X108.941 Y110.534 E2.55448
G1 X109.132 Y110.222 E2.56598
G1 X109.376 Y109.898 E2.57873
G1 X109.628 Y109.621 E2.5905
G1 X109.937 Y109.343 E2.60356
G1 X110.226 Y109.129 E2.61486
G1 X110.534 Y108.941 E2.6262
G1 X110.91 Y108.757 E2.63935
G1 X111.297 Y108.616 E2.65229
G1 X111.659 Y108.522 E2.66404
G1 X112.074 Y108.456 E2.67725
G1 X112.485 Y108.434 E2.69018
G1 X112.859 Y108.45 E2.70194
G1 X113.275 Y108.508 E2.71514
G1 X113.675 Y108.607 E2.72809
G1 X114.028 Y108.732 E2.73986
G1 X114.409 Y108.909 E2.75306
G1 X114.773 Y109.128 E2.76641
G1 X115.102 Y109.376 E2.77936
G1 X115.379 Y109.628 E2.79113
G1 X115.583 Y109.855 E2.80072
G1 X115.583 Y109.855 F12000
G1 X115.344 Y110.149
G1 F3600
G1 X115.366 Y110.174 E2.80177
G1 X115.56 Y110.436 E2.81201
G1 X115.73 Y110.714 E2.82225
G1 X115.898 Y111.058 E2.83428
G1 X116.03 Y111.42 E2.84639
G1 X116.121 Y111.783 E2.85815
G1 X116.171 Y112.118 E2.86879
G1 X116.191 Y112.5 E2.88081
G1 X116.171 Y112.886 E2.89296
G1 X116.11 Y113.267 E2.90509
G1 X116.012 Y113.637 E2.91712
G1 X115.897 Y113.943 E2.92739
G1 X115.753 Y114.244 E2.93788
G1 X115.56 Y114.564 E2.94962
G1 X115.335 Y114.863 E2.96138
G1 X115.108 Y115.112 E2.97197
G1 X114.826 Y115.366 E2.9839
G1 X114.561 Y115.562 E2.99426
G1 X114.244 Y115.753 E3.00589
G1 X113.939 Y115.899 E3.01652
G1 X113.58 Y116.03 E3.02853
G1 X113.217 Y116.121 E3.04029
G1 X112.882 Y116.171 E3.05093
G1 X112.5 Y116.191 E3.06295
G1 X112.114 Y116.171 E3.0751
G1 X111.733 Y116.11 E3.08723
G1 X111.363 Y116.012 E3.09926
G1 X111.054 Y115.896 E3.10963
G1 X110.714 Y115.73 E3.12152
G1 X110.433 Y115.558 E3.13187
G1 X110.137 Y115.335 E3.14352
G1 X109.888 Y115.108 E3.15411
G1 X109.634 Y114.826 E3.16604
G1 X109.438 Y114.561 E3.1764
G1 X109.241 Y114.233 E3.18842
G1 X109.083 Y113.894 E3.20017
G1 X108.969 Y113.576 E3.21079
G1 X108.877 Y113.204 E3.22283
G1 X108.823 Y112.826 E3.23483
G1 X108.809 Y112.496 E3.24521
G1 X108.829 Y112.114 E3.25723
G1 X108.89 Y111.733 E3.26936
G1 X108.988 Y111.363 E3.28139
G1 X109.104 Y111.054 E3.29176
G1 X109.27 Y110.714 E3.30365
G1 X109.442 Y110.433 E3.314
G1 X109.665 Y110.137 E3.32565
G1 X109.892 Y109.888 E3.33624
G1 X110.174 Y109.634 E3.34817
G1 X110.436 Y109.44 E3.35841
G1 X110.714 Y109.27 E3.36865
G1 X111.057 Y109.102 E3.38065
G1 X111.409 Y108.974 E3.39242
G1 X111.736 Y108.889 E3.40304
G1 X112.114 Y108.829 E3.41507
G1 X112.487 Y108.809 E3.42681
G1 X112.825 Y108.823 E3.43744
G1 X113.204 Y108.877 E3.44947
G1 X113.567 Y108.967 E3.46122
G1 X113.886 Y109.079 E3.47184
G1 X114.233 Y109.241 E3.48387
G1 X114.564 Y109.44 E3.49601
G1 X114.863 Y109.665 E3.50777
G1 X115.112 Y109.892 E3.51836
G1 X115.304 Y110.105 E3.52737
G1 X115.304 Y110.105 F12000
G1 X115.064 Y110.399
G1 F3600
G1 X115.075 Y110.412 E3.52791
G1 X115.249 Y110.646 E3.53707
G1 X115.401 Y110.895 E3.54624
G1 X115.552 Y111.204 E3.55705
G1 X115.671 Y111.53 E3.56796
G1 X115.753 Y111.857 E3.57855
G1 X115.798 Y112.155 E3.58802
G1 X115.816 Y112.5 E3.59888
G1 X115.798 Y112.847 E3.6098
G1 X115.743 Y113.189 E3.62069
G1 X115.654 Y113.522 E3.63152
G1 X115.552 Y113.796 E3.64071
G1 X115.423 Y114.066 E3.65011
G1 X115.249 Y114.354 E3.66068
G1 X115.047 Y114.623 E3.67125
G1 X114.843 Y114.846 E3.68075
G1 X114.588 Y115.075 E3.69152
G1 X114.352 Y115.25 E3.70075
G1 X114.066 Y115.423 E3.71125
G1 X113.794 Y115.553 E3.72072
G1 X113.47 Y115.671 E3.73156
G1 X113.143 Y115.753 E3.74215
G1 X112.845 Y115.798 E3.75162
G1 X112.5 Y115.816 E3.76248
G1 X112.153 Y115.798 E3.7734
G1 X111.811 Y115.743 E3.78429
G1 X111.478 Y115.654 E3.79512
G1 X111.202 Y115.551 E3.80438
G1 X110.895 Y115.401 E3.81512
G1 X110.644 Y115.248 E3.82436
G1 X110.377 Y115.047 E3.83486
G1 X110.154 Y114.843 E3.84436
G1 X109.925 Y114.588 E3.85513
G1 X109.75 Y114.352 E3.86436
G1 X109.573 Y114.057 E3.87517
G1 X109.43 Y113.752 E3.88576
G1 X109.329 Y113.467 E3.89526
G1 X109.245 Y113.133 E3.90608
G1 X109.197 Y112.791 E3.91693
G1 X109.184 Y112.498 E3.92615
G1 X109.202 Y112.153 E3.93701
G1 X109.257 Y111.811 E3.9479
G1 X109.346 Y111.478 E3.95873
G1 X109.449 Y111.202 E3.96799
G1 X109.599 Y110.895 E3.97873
G1 X109.752 Y110.644 E3.98797
G1 X109.953 Y110.377 E3.99847
G1 X110.157 Y110.154 E4.00797
G1 X110.412 Y109.925 E4.01874
G1 X110.646 Y109.751 E4.0279
G1 X110.895 Y109.599 E4.03707
G1 X111.204 Y109.448 E4.04788
G1 X111.521 Y109.332 E4.05849
G1 X111.813 Y109.256 E4.06797
G1 X112.153 Y109.203 E4.07878
G1 X112.49 Y109.184 E4.08939
G1 X112.791 Y109.197 E4.09886
G1 X113.132 Y109.245 E4.10968
G1 X113.459 Y109.326 E4.12027
G1 X113.744 Y109.427 E4.12977
G1 X114.057 Y109.572 E4.14061
G1 X114.354 Y109.751 E4.15151
G1 X114.623 Y109.953 E4.16208
G1 X114.846 Y110.157 E4.17158
G1 X115.024 Y110.355 E4.17995
G1 X115.024 Y110.355 F12000
G1 X114.79 Y110.64
;TYPE:External perimeter
;WIDTH:0.4
G1 F3600
G1 X114.792 Y110.643 E4.18006
G1 X115.081 Y111.07 E4.1954
G1 X115.216 Y111.347 E4.20457
G1 X115.321 Y111.637 E4.21375
G1 X115.394 Y111.929 E4.2227
G1 X115.434 Y112.192 E4.23061
G1 X115.45 Y112.5 E4.23979
G1 X115.434 Y112.808 E4.24897
G1 X115.386 Y113.113 E4.25816
G1 X115.306 Y113.411 E4.26734
G1 X115.101 Y113.892 E4.28289
G1 X114.946 Y114.15 E4.29184
G1 X114.765 Y114.39 E4.30078
G1 X114.586 Y114.587 E4.3087
G1 X114.357 Y114.792 E4.31784
G1 X114.149 Y114.946 E4.32554
G1 X113.892 Y115.101 E4.33447
G1 X113.652 Y115.216 E4.34239
G1 X113.363 Y115.321 E4.35154
G1 X113.071 Y115.394 E4.36049
G1 X112.808 Y115.434 E4.3684
G1 X112.5 Y115.45 E4.37758
G1 X112.192 Y115.434 E4.38676
G1 X111.887 Y115.386 E4.39595
G1 X111.589 Y115.306 E4.40513
G1 X111.346 Y115.215 E4.41285
G1 X111.07 Y115.081 E4.42198
G1 X110.85 Y114.945 E4.42967
G1 X110.61 Y114.765 E4.43859
G1 X110.413 Y114.586 E4.44651
G1 X110.208 Y114.357 E4.45565
G1 X110.054 Y114.149 E4.46335
G1 X109.895 Y113.885 E4.47252
G1 X109.768 Y113.613 E4.48145
G1 X109.678 Y113.362 E4.48938
G1 X109.604 Y113.063 E4.49854
G1 X109.561 Y112.758 E4.5077
G1 X109.55 Y112.499 E4.51541
G1 X109.566 Y112.192 E4.52456
G1 X109.614 Y111.887 E4.53375
G1 X109.694 Y111.589 E4.54293
G1 X109.785 Y111.346 E4.55065
G1 X109.919 Y111.07 E4.55978
G1 X110.055 Y110.85 E4.56747
G1 X110.235 Y110.61 E4.57639
G1 X110.414 Y110.413 E4.58431
G1 X110.643 Y110.208 E4.59345
G1 X111.07 Y109.919 E4.60879
G1 X111.347 Y109.784 E4.61796
G1 X111.629 Y109.681 E4.62689
G1 X111.887 Y109.614 E4.63482
G1 X112.192 Y109.566 E4.64401
G1 X112.492 Y109.55 E4.65295
G1 X112.758 Y109.561 E4.66087
G1 X113.063 Y109.604 E4.67003
G1 X113.355 Y109.676 E4.67898
G1 X113.606 Y109.765 E4.6869
G1 X113.885 Y109.895 E4.69606
G1 X114.15 Y110.054 E4.70525
G1 X114.39 Y110.235 E4.71419
G1 X114.587 Y110.414 E4.72211
G1 X114.749 Y110.595 E4.72934
G1 X114.979 Y110.922 F12000
G1 E2.72934 F2400
G92 E0
G1 Z1.86 F12000
G1 X104.063 Y108.875
G1 Z1.46
G1 E2 F2400
;TYPE:Perimeter
;WIDTH:0.42
G1 F4800
G1 X104.396 Y108.178 E2.02427
G1 X104.886 Y107.364 E2.05413
G1 X105.165 Y106.972 E2.06925
G1 X105.464 Y106.596 E2.08435
G1 X106.112 Y105.901 E2.11421
G1 X106.729 Y105.355 E2.1401
G1 X107.498 Y104.797 E2.16996
G1 X108.297 Y104.334 E2.19898
G1 X109.061 Y103.984 E2.22539
G1 X109.826 Y103.714 E2.25088
G1 X110.747 Y103.484 E2.28071
G1 X111.222 Y103.405 E2.29584
G1 X111.699 Y103.35 E2.31093
G1 X112.623 Y103.317 E2.33999
G1 X113.472 Y103.367 E2.36672
G1 X114.398 Y103.514 E2.39618
G1 X115.196 Y103.72 E2.42208
G1 X116.089 Y104.045 E2.45194
G1 X116.92 Y104.449 E2.48098
G1 X117.646 Y104.893 E2.50772
G1 X118.404 Y105.464 E2.53754
G1 X119.099 Y106.112 E2.5674
G1 X119.645 Y106.729 E2.59329
G1 X120.196 Y107.488 E2.62276
G1 X120.615 Y108.198 E2.64867
G1 X121.016 Y109.059 E2.67852
G1 X121.184 Y109.51 E2.69364
G1 X121.329 Y109.968 E2.70874
G1 X121.543 Y110.894 E2.73861
G1 X121.651 Y111.711 E2.76451
G1 X121.683 Y112.66 E2.79435
G1 X121.617 Y113.608 E2.82421
G1 X121.481 Y114.421 E2.85011
G1 X121.235 Y115.338 E2.87995
G1 X120.895 Y116.225 E2.9098
G1 X120.527 Y116.963 E2.93572
G1 X120.03 Y117.759 E2.96521
G1 X119.528 Y118.412 E2.99109
G1 X118.888 Y119.099 E3.0206
G1 X118.271 Y119.645 E3.04649
G1 X117.502 Y120.203 E3.07635
G1 X116.68 Y120.678 E3.10618
G1 X115.93 Y121.02 E3.13208
G1 X115.044 Y121.325 E3.16153
G1 X114.216 Y121.523 E3.18828
G1 X113.301 Y121.65 E3.21731
G1 X112.821 Y121.679 E3.23242
G1 X112.34 Y121.683 E3.24754
G1 X111.392 Y121.617 E3.2774
G1 X110.579 Y121.481 E3.3033
G1 X109.662 Y121.235 E3.33314
G1 X108.775 Y120.895 E3.36299
G1 X108.037 Y120.527 E3.38891
G1 X107.232 Y120.024 E3.41874
G1 X106.503 Y119.456 E3.44778
G1 X105.893 Y118.879 E3.47417
G1 X105.355 Y118.271 E3.49968
G1 X104.797 Y117.502 E3.52954
G1 X104.546 Y117.092 E3.54465
G1 X104.316 Y116.67 E3.55975
G1 X103.939 Y115.826 E3.5888
G1 X103.668 Y115.02 E3.61552
G1 X103.455 Y114.095 E3.64535
G1 X103.341 Y113.178 E3.67439
G1 X103.317 Y112.327 E3.70114
G1 X103.38 Y111.418 E3.72977
G1 X103.519 Y110.578 E3.75653
G1 X103.754 Y109.698 E3.78515
G1 X104.039 Y108.93 E3.81089
G1 X104.039 Y108.93 F12000
G1 X103.725 Y108.714
G1 F4800
G1 X104.063 Y108.005 E3.83557
G1 X104.306 Y107.576 E3.85106
G1 X104.575 Y107.154 E3.86679
G1 X104.865 Y106.747 E3.88249
G1 X105.177 Y106.355 E3.89823
G1 X105.508 Y105.98 E3.91395
G1 X105.853 Y105.629 E3.92942
G1 X106.49 Y105.066 E3.95614
G1 X106.881 Y104.766 E3.97163
G1 X107.293 Y104.482 E3.98736
G1 X108.129 Y103.998 E4.01772
G1 X108.92 Y103.637 E4.04504
G1 X109.713 Y103.356 E4.07148
G1 X110.187 Y103.224 E4.08694
G1 X110.676 Y103.116 E4.10268
G1 X111.17 Y103.033 E4.11842
G1 X111.667 Y102.977 E4.13414
G1 X112.632 Y102.941 E4.16449
G1 X113.508 Y102.994 E4.19207
G1 X113.995 Y103.058 E4.20751
G1 X114.48 Y103.148 E4.22301
G1 X115.303 Y103.361 E4.24973
G1 X115.77 Y103.517 E4.2652
G1 X116.235 Y103.7 E4.2809
G1 X117.104 Y104.122 E4.31126
G1 X117.853 Y104.58 E4.33885
G1 X118.253 Y104.865 E4.35428
G1 X118.645 Y105.177 E4.37002
G1 X119.02 Y105.508 E4.38574
G1 X119.371 Y105.853 E4.40121
G1 X119.934 Y106.49 E4.42793
G1 X120.234 Y106.881 E4.44342
G1 X120.513 Y107.287 E4.4589
G1 X120.944 Y108.019 E4.48559
G1 X121.164 Y108.46 E4.50108
G1 X121.364 Y108.919 E4.51681
G1 X121.539 Y109.388 E4.53254
G1 X121.689 Y109.865 E4.54825
G1 X121.815 Y110.349 E4.56397
G1 X121.913 Y110.832 E4.57946
G1 X122.024 Y111.675 E4.60618
G1 X122.054 Y112.166 E4.62164
G1 X122.058 Y112.667 E4.63738
G1 X122.037 Y113.167 E4.65311
G1 X121.989 Y113.657 E4.66858
G1 X121.849 Y114.496 E4.69531
G1 X121.734 Y114.974 E4.71076
G1 X121.592 Y115.454 E4.72649
G1 X121.425 Y115.926 E4.74222
G1 X121.236 Y116.381 E4.7577
G1 X120.857 Y117.142 E4.78442
G1 X120.607 Y117.566 E4.79989
G1 X120.335 Y117.976 E4.81535
G1 X119.818 Y118.651 E4.84207
G1 X119.492 Y119.02 E4.85754
G1 X119.147 Y119.371 E4.87301
G1 X118.51 Y119.934 E4.89973
G1 X118.119 Y120.234 E4.91522
G1 X117.707 Y120.518 E4.93095
G1 X117.28 Y120.779 E4.94668
G1 X116.847 Y121.014 E4.96216
G1 X116.073 Y121.367 E4.98889
G1 X115.612 Y121.539 E5.00435
G1 X115.144 Y121.687 E5.01977
G1 X114.29 Y121.89 E5.04735
G1 X113.333 Y122.023 E5.07771
G1 X112.834 Y122.054 E5.09342
G1 X112.333 Y122.058 E5.10916
G1 X111.833 Y122.037 E5.12489
G1 X111.343 Y121.989 E5.14036
G1 X110.504 Y121.849 E5.16709
G1 X110.026 Y121.734 E5.18254
G1 X109.546 Y121.592 E5.19827
G1 X109.074 Y121.425 E5.214
G1 X108.619 Y121.236 E5.22948
G1 X107.858 Y120.857 E5.2562
G1 X107.434 Y120.607 E5.27167
G1 X107.017 Y120.331 E5.28738
G1 X106.255 Y119.737 E5.31774
G1 X105.623 Y119.14 E5.34506
G1 X105.066 Y118.51 E5.37149
G1 X104.766 Y118.119 E5.38698
G1 X104.482 Y117.707 E5.40271
G1 X104.221 Y117.28 E5.41844
G1 X103.982 Y116.84 E5.43418
G1 X103.588 Y115.958 E5.46454
G1 X103.308 Y115.126 E5.49213
G1 X103.185 Y114.65 E5.50758
G1 X103.085 Y114.16 E5.5233
G1 X102.966 Y113.201 E5.55367
G1 X102.942 Y112.324 E5.58124
G1 X103.008 Y111.369 E5.61132
G1 X103.151 Y110.504 E5.63887
G1 X103.398 Y109.579 E5.66896
G1 X103.699 Y108.768 E5.69614
G1 X103.699 Y108.768 F12000
G1 X103.387 Y108.553
G1 F4800
G1 X103.73 Y107.832 E5.72123
G1 X103.984 Y107.383 E5.73744
G1 X104.264 Y106.944 E5.7538
G1 X104.566 Y106.521 E5.77013
G1 X104.889 Y106.114 E5.78646
G1 X105.234 Y105.724 E5.80282
G1 X105.595 Y105.357 E5.819
G1 X106.252 Y104.776 E5.84656
G1 X106.66 Y104.463 E5.86272
G1 X107.089 Y104.168 E5.87908
G1 X107.533 Y103.896 E5.89544
G1 X107.961 Y103.663 E5.91075
G1 X108.779 Y103.289 E5.93902
G1 X109.6 Y102.998 E5.96639
G1 X110.097 Y102.86 E5.9826
G1 X110.604 Y102.748 E5.99892
G1 X111.117 Y102.662 E6.01527
G1 X111.634 Y102.603 E6.03162
G1 X112.154 Y102.571 E6.04799
G1 X112.642 Y102.566 E6.06333
G1 X113.544 Y102.62 E6.09173
G1 X114.054 Y102.687 E6.10789
G1 X114.561 Y102.781 E6.12409
G1 X115.409 Y103.001 E6.15162
G1 X115.898 Y103.164 E6.16782
G1 X116.382 Y103.355 E6.18417
G1 X116.855 Y103.571 E6.20051
G1 X117.289 Y103.796 E6.21587
G1 X118.06 Y104.267 E6.24426
G1 X118.479 Y104.566 E6.26044
G1 X118.886 Y104.889 E6.27677
G1 X119.276 Y105.234 E6.29313
G1 X119.643 Y105.595 E6.30931
G1 X120.224 Y106.252 E6.33687
G1 X120.537 Y106.66 E6.35303
G1 X120.829 Y107.085 E6.36923
G1 X121.274 Y107.84 E6.39677
G1 X121.504 Y108.301 E6.41296
G1 X121.711 Y108.778 E6.4293
G1 X121.894 Y109.265 E6.44565
G1 X122.05 Y109.762 E6.46202
G1 X122.18 Y110.265 E6.47835
G1 X122.283 Y110.77 E6.49455
G1 X122.397 Y111.639 E6.52209
G1 X122.429 Y112.153 E6.53827
G1 X122.433 Y112.673 E6.55461
G1 X122.411 Y113.193 E6.57097
G1 X122.361 Y113.706 E6.58717
G1 X122.217 Y114.57 E6.6147
G1 X122.096 Y115.071 E6.6309
G1 X121.949 Y115.57 E6.64725
G1 X121.775 Y116.06 E6.66359
G1 X121.578 Y116.536 E6.67978
G1 X121.187 Y117.321 E6.70734
G1 X120.925 Y117.765 E6.72354
G1 X120.641 Y118.194 E6.73971
G1 X120.107 Y118.89 E6.76728
G1 X119.766 Y119.276 E6.78347
G1 X119.405 Y119.643 E6.79965
G1 X118.748 Y120.224 E6.82721
G1 X118.34 Y120.537 E6.84337
G1 X117.911 Y120.832 E6.85973
G1 X117.467 Y121.104 E6.87609
G1 X117.015 Y121.35 E6.89226
G1 X116.217 Y121.713 E6.91981
G1 X115.735 Y121.894 E6.93599
G1 X115.244 Y122.048 E6.95216
G1 X114.364 Y122.258 E6.98059
G1 X113.883 Y122.338 E6.99591
G1 X113.366 Y122.397 E7.01226
G1 X112.847 Y122.429 E7.0286
G1 X112.327 Y122.433 E7.04494
G1 X111.807 Y122.411 E7.0613
G1 X111.294 Y122.361 E7.0775
G1 X110.43 Y122.217 E7.10503
G1 X109.929 Y122.096 E7.12123
G1 X109.43 Y121.949 E7.13758
G1 X108.94 Y121.775 E7.15392
G1 X108.464 Y121.578 E7.17011
G1 X107.679 Y121.187 E7.19767
G1 X107.235 Y120.925 E7.21387
G1 X106.802 Y120.638 E7.23019
G1 X106.383 Y120.329 E7.24655
G1 X106.006 Y120.019 E7.26189
G1 X105.353 Y119.401 E7.29014
G1 X104.776 Y118.748 E7.31752
G1 X104.463 Y118.34 E7.33368
G1 X104.168 Y117.911 E7.35004
G1 X103.896 Y117.467 E7.3664
G1 X103.648 Y117.01 E7.38274
G1 X103.424 Y116.541 E7.39907
G1 X103.237 Y116.09 E7.41441
G1 X102.949 Y115.233 E7.44282
G1 X102.82 Y114.735 E7.45899
G1 X102.716 Y114.225 E7.47535
G1 X102.639 Y113.71 E7.49171
G1 X102.592 Y113.225 E7.50702
G1 X102.567 Y112.321 E7.53544
G1 X102.589 Y111.807 E7.55161
G1 X102.636 Y111.321 E7.56695
G1 X102.783 Y110.429 E7.59536
G1 X102.904 Y109.928 E7.61156
G1 X103.042 Y109.46 E7.62689
G1 X103.355 Y108.618 E7.65512
G1 X103.361 Y108.607 E7.65551
G1 X103.361 Y108.607 F12000
G1 X103.057 Y108.395
;TYPE:External perimeter
;WIDTH:0.4
G1 F2400
G1 X103.407 Y107.663 E7.67965
G1 X103.671 Y107.195 E7.69563
G1 X103.961 Y106.74 E7.71168
G1 X104.274 Y106.301 E7.72772
G1 X104.61 Y105.879 E7.74377
G1 X104.967 Y105.475 E7.75981
G1 X105.344 Y105.092 E7.7758
G1 X106.019 Y104.494 E7.80263
G1 X106.446 Y104.167 E7.81863
G1 X106.89 Y103.862 E7.83465
G1 X107.35 Y103.58 E7.8507
G1 X107.798 Y103.336 E7.86588
G1 X108.642 Y102.95 E7.89349
G1 X109.49 Y102.65 E7.92025
G1 X110.008 Y102.506 E7.93624
G1 X110.535 Y102.389 E7.9523
G1 X111.067 Y102.3 E7.96835
G1 X111.602 Y102.239 E7.98437
G1 X112.141 Y102.206 E8.00043
G1 X112.651 Y102.201 E8.0156
G1 X113.579 Y102.257 E8.04326
G1 X114.111 Y102.327 E8.05922
G1 X114.64 Y102.425 E8.07522
G1 X115.513 Y102.651 E8.10205
G1 X116.023 Y102.821 E8.11804
G1 X116.524 Y103.019 E8.13407
G1 X117.015 Y103.243 E8.15012
G1 X117.468 Y103.478 E8.1653
G1 X118.261 Y103.962 E8.19294
G1 X118.699 Y104.274 E8.20894
G1 X119.121 Y104.61 E8.22499
G1 X119.525 Y104.967 E8.24103
G1 X119.908 Y105.344 E8.25702
G1 X120.506 Y106.019 E8.28385
G1 X120.833 Y106.446 E8.29985
G1 X121.137 Y106.889 E8.31583
G1 X121.595 Y107.666 E8.34266
G1 X121.835 Y108.147 E8.35865
G1 X122.05 Y108.642 E8.3747
G1 X122.239 Y109.147 E8.39074
G1 X122.401 Y109.661 E8.40677
G1 X122.536 Y110.183 E8.42281
G1 X122.643 Y110.71 E8.43881
G1 X122.761 Y111.604 E8.46564
G1 X122.794 Y112.141 E8.48165
G1 X122.798 Y112.68 E8.49769
G1 X122.775 Y113.218 E8.51371
G1 X122.723 Y113.754 E8.52973
G1 X122.574 Y114.643 E8.55655
G1 X122.449 Y115.166 E8.57255
G1 X122.296 Y115.683 E8.58859
G1 X122.116 Y116.191 E8.60462
G1 X121.91 Y116.688 E8.62062
G1 X121.508 Y117.495 E8.64744
G1 X121.235 Y117.958 E8.66343
G1 X120.938 Y118.406 E8.67942
G1 X120.389 Y119.122 E8.70626
G1 X120.033 Y119.525 E8.72226
G1 X119.656 Y119.908 E8.73825
G1 X118.981 Y120.506 E8.76508
G1 X118.554 Y120.833 E8.78108
G1 X118.11 Y121.138 E8.7971
G1 X117.65 Y121.42 E8.81315
G1 X117.178 Y121.676 E8.82912
G1 X116.357 Y122.051 E8.85597
G1 X115.853 Y122.239 E8.87197
G1 X115.341 Y122.4 E8.88794
G1 X114.437 Y122.616 E8.91559
G1 X113.934 Y122.7 E8.93076
G1 X113.398 Y122.761 E8.94681
G1 X112.859 Y122.794 E8.96287
G1 X112.32 Y122.798 E8.97891
G1 X111.782 Y122.775 E8.99493
G1 X111.247 Y122.723 E9.01092
G1 X110.357 Y122.574 E9.03777
G1 X109.834 Y122.449 E9.05377
G1 X109.317 Y122.296 E9.06981
G1 X108.809 Y122.116 E9.08584
G1 X108.312 Y121.91 E9.10184
G1 X107.505 Y121.508 E9.12866
G1 X107.042 Y121.235 E9.14465
G1 X106.592 Y120.937 E9.16071
G1 X106.159 Y120.616 E9.17674
G1 X105.765 Y120.292 E9.19192
G1 X105.091 Y119.655 E9.21951
G1 X104.494 Y118.981 E9.2463
G1 X104.167 Y118.554 E9.2623
G1 X103.862 Y118.11 E9.27832
G1 X103.58 Y117.65 E9.29437
G1 X103.323 Y117.176 E9.31041
G1 X103.091 Y116.689 E9.32646
G1 X102.895 Y116.218 E9.34164
G1 X102.599 Y115.337 E9.36929
G1 X102.464 Y114.817 E9.38527
G1 X102.357 Y114.289 E9.4013
G1 X102.277 Y113.755 E9.41736
G1 X102.227 Y113.247 E9.43255
G1 X102.202 Y112.318 E9.4602
G1 X102.225 Y111.781 E9.47619
G1 X102.274 Y111.274 E9.49134
G1 X102.426 Y110.357 E9.51899
G1 X102.551 Y109.834 E9.53499
G1 X102.695 Y109.345 E9.55015
G1 X103.019 Y108.475 E9.57777
G1 X103.031 Y108.45 E9.57859
G1 X103.204 Y108.089 F12000
;LAYER_CHANGE
;Z:1.67
;HEIGHT:0.21
G1 Z1.67 F12000
G1 E7.57859 F2400
G92 E0
G1 Z2.07 F12000
G1 X103.71 Y110.685
G1 Z1.67
G1 E2 F2400
G92 E0
;TYPE:Internal infill
;WIDTH:0.42
G1 F6000
G1 X110.683 Y103.713 E.30987
G1 E-1.69013 F2400
G92 E0
G1 X110.683 Y103.713 Z2.07 F12000
G1 X109.392 Y120.91
G1 Z1.67
G1 E2 F2400
G1 F6000
G1 X113.473 Y116.829 E2.18137
G1 X112.493 Y116.942 E2.21237
G1 X112.037 Y116.918 E2.22672
G1 X111.196 Y116.746 E2.2537
G1 X110.353 Y116.388 E2.28248
G1 X110.01 Y116.178 E2.29512
G1 X109.359 Y115.641 E2.32164
G1 X106.275 Y118.725 E2.4587
G1 X105.648 Y118.036 E2.48798
G1 X105.112 Y117.298 E2.51664
G1 X104.669 Y116.534 E2.54439
G1 X104.219 Y115.479 E2.58043
G1 X108.167 Y111.53 E2.75591
G1 X108.414 Y110.758 E2.78138
G1 X108.612 Y110.353 E2.79555
G1 X108.822 Y110.01 E2.80819
G1 X109.364 Y109.355 E2.83491
G1 X110.021 Y108.814 E2.86166
G1 X110.408 Y108.582 E2.87584
G1 X111.53 Y108.168 E2.91342
G1 X115.479 Y104.219 E3.08892
G1 X116.771 Y104.795 E3.13337
G1 X117.52 Y105.262 E3.16111
G1 X118.171 Y105.759 E3.18685
G1 X118.724 Y106.276 E3.21064
G1 X115.641 Y109.359 E3.34765
G1 X116.225 Y110.081 E3.37683
G1 X116.454 Y110.477 E3.39121
G1 X116.764 Y111.258 E3.41762
G1 X116.861 Y111.658 E3.43055
G1 X116.942 Y112.507 E3.45735
G1 X116.832 Y113.471 E3.48784
G1 X120.779 Y109.523 E3.66327
G1 X121.174 Y110.961 E3.71013
G1 X121.276 Y111.742 E3.73488
G1 X121.308 Y112.654 E3.76356
G1 X121.245 Y113.564 E3.79223
G1 X121.06 Y114.545 E3.8236
G1 X114.317 Y121.287 E4.12325
G1 E2.12325 F2400
G92 E0
G1 X114.317 Y121.287 Z2.07 F12000
G1 X115.692 Y109.985
G1 Z1.67
G1 E2 F2400
;TYPE:Perimeter
G1 F3600
G1 X115.911 Y110.285 E2.01167
G1 X116.12 Y110.649 E2.02486
G1 X116.272 Y110.981 E2.03633
G1 X116.404 Y111.364 E2.04906
G1 X116.493 Y111.729 E2.06087
G1 X116.55 Y112.14 E2.07391
G1 X116.566 Y112.506 E2.08542
G1 X116.544 Y112.924 E2.09857
G1 X116.481 Y113.33 E2.11148
G1 X116.387 Y113.693 E2.12326
G1 X116.245 Y114.084 E2.13633
G1 X116.088 Y114.414 E2.14781
G1 X115.871 Y114.774 E2.16102
G1 X115.619 Y115.109 E2.17419
G1 X115.372 Y115.379 E2.18569
G1 X115.071 Y115.65 E2.19842
G1 X114.77 Y115.874 E2.21021
G1 X114.409 Y116.091 E2.22345
G1 X114.029 Y116.268 E2.23662
G1 X113.683 Y116.39 E2.24815
G1 X113.276 Y116.492 E2.26134
G1 X112.86 Y116.55 E2.27454
G1 X112.494 Y116.566 E2.28605
G1 X112.076 Y116.544 E2.2992
G1 X111.67 Y116.481 E2.31211
G1 X111.307 Y116.387 E2.32389
G1 X110.911 Y116.243 E2.33713
G1 X110.534 Y116.059 E2.35031
G1 X110.221 Y115.868 E2.36183
G1 X109.891 Y115.619 E2.37482
G1 X109.621 Y115.371 E2.38634
G1 X109.34 Y115.059 E2.39954
G1 X109.089 Y114.715 E2.41292
G1 X108.88 Y114.351 E2.42611
G1 X108.728 Y114.019 E2.43758
G1 X108.596 Y113.636 E2.45031
G1 X108.507 Y113.271 E2.46212
G1 X108.45 Y112.86 E2.47516
G1 X108.434 Y112.494 E2.48667
G1 X108.456 Y112.075 E2.49986
G1 X108.522 Y111.655 E2.51322
G1 X108.631 Y111.249 E2.52643
G1 X108.759 Y110.906 E2.53793
G1 X108.941 Y110.534 E2.55094
G1 X109.132 Y110.221 E2.56246
G1 X109.381 Y109.891 E2.57545
G1 X109.628 Y109.621 E2.58695
G1 X109.929 Y109.35 E2.59968
G1 X110.23 Y109.126 E2.61147
G1 X110.586 Y108.912 E2.62452
G1 X110.916 Y108.755 E2.636
G1 X111.306 Y108.613 E2.64904
G1 X111.66 Y108.521 E2.66053
G1 X112.074 Y108.456 E2.6737
G1 X112.484 Y108.434 E2.6866
G1 X112.859 Y108.45 E2.6984
G1 X113.275 Y108.508 E2.7116
G1 X113.673 Y108.607 E2.72449
G1 X114.028 Y108.731 E2.73631
G1 X114.408 Y108.909 E2.7495
G1 X114.76 Y109.12 E2.7624
G1 X115.063 Y109.343 E2.77422
G1 X115.376 Y109.624 E2.78744
G1 X115.656 Y109.936 E2.80061
G1 X115.656 Y109.936 F12000
G1 X115.39 Y110.206
G1 F3600
G1 X115.596 Y110.49 E2.81164
G1 X115.787 Y110.821 E2.82365
G1 X115.923 Y111.121 E2.834
G1 X116.044 Y111.469 E2.84558
G1 X116.124 Y111.799 E2.85625
G1 X116.177 Y112.174 E2.86815
G1 X116.191 Y112.504 E2.87853
G1 X116.171 Y112.885 E2.89052
G1 X116.113 Y113.254 E2.90226
G1 X116.029 Y113.582 E2.9129
G1 X115.899 Y113.938 E2.92481
G1 X115.757 Y114.236 E2.93518
G1 X115.56 Y114.564 E2.9472
G1 X115.33 Y114.869 E2.9592
G1 X115.107 Y115.112 E2.96956
G1 X114.834 Y115.36 E2.98115
G1 X114.561 Y115.562 E2.99182
G1 X114.233 Y115.759 E3.00384
G1 X113.886 Y115.921 E3.01587
G1 X113.575 Y116.031 E3.02624
G1 X113.204 Y116.123 E3.03825
G1 X112.826 Y116.177 E3.05025
G1 X112.496 Y116.191 E3.06063
G1 X112.115 Y116.171 E3.07262
G1 X111.746 Y116.113 E3.08436
G1 X111.418 Y116.029 E3.095
G1 X111.058 Y115.898 E3.10704
G1 X110.714 Y115.73 E3.11907
G1 X110.433 Y115.558 E3.12942
G1 X110.131 Y115.33 E3.14131
G1 X109.887 Y115.107 E3.1517
G1 X109.631 Y114.823 E3.16372
G1 X109.404 Y114.51 E3.17587
G1 X109.213 Y114.179 E3.18788
G1 X109.077 Y113.879 E3.19823
G1 X108.956 Y113.531 E3.20981
G1 X108.876 Y113.201 E3.22048
G1 X108.823 Y112.826 E3.23238
G1 X108.809 Y112.496 E3.24276
G1 X108.829 Y112.114 E3.25478
G1 X108.89 Y111.733 E3.26691
G1 X108.988 Y111.363 E3.27894
G1 X109.104 Y111.054 E3.28931
G1 X109.27 Y110.714 E3.3012
G1 X109.442 Y110.433 E3.31155
G1 X109.67 Y110.131 E3.32344
G1 X109.893 Y109.888 E3.3338
G1 X110.166 Y109.64 E3.34539
G1 X110.439 Y109.438 E3.35606
G1 X110.764 Y109.243 E3.36797
G1 X111.062 Y109.101 E3.37834
G1 X111.417 Y108.972 E3.39021
G1 X111.737 Y108.889 E3.4006
G1 X112.114 Y108.829 E3.4126
G1 X112.486 Y108.809 E3.42431
G1 X112.825 Y108.823 E3.43497
G1 X113.204 Y108.877 E3.447
G1 X113.566 Y108.966 E3.45871
G1 X113.886 Y109.079 E3.46937
G1 X114.232 Y109.241 E3.48138
G1 X114.552 Y109.432 E3.49309
G1 X114.825 Y109.634 E3.50376
G1 X115.11 Y109.89 E3.5158
G1 X115.352 Y110.159 E3.52717
G1 X115.352 Y110.159 F12000
G1 X115.087 Y110.428
G1 F3600
G1 X115.281 Y110.694 E3.53752
G1 X115.453 Y110.993 E3.54836
G1 X115.575 Y111.26 E3.55758
G1 X115.684 Y111.575 E3.56805
G1 X115.755 Y111.869 E3.57755
G1 X115.803 Y112.209 E3.58834
G1 X115.816 Y112.502 E3.59756
G1 X115.798 Y112.846 E3.60839
G1 X115.745 Y113.178 E3.61896
G1 X115.67 Y113.471 E3.62846
G1 X115.553 Y113.793 E3.63923
G1 X115.426 Y114.059 E3.64849
G1 X115.249 Y114.354 E3.6593
G1 X115.041 Y114.629 E3.67014
G1 X114.843 Y114.846 E3.67937
G1 X114.596 Y115.069 E3.68983
G1 X114.352 Y115.25 E3.69938
G1 X114.057 Y115.428 E3.71021
G1 X113.744 Y115.573 E3.72105
G1 X113.467 Y115.671 E3.73028
G1 X113.133 Y115.755 E3.7411
G1 X112.791 Y115.803 E3.75195
G1 X112.498 Y115.816 E3.76117
G1 X112.154 Y115.798 E3.772
G1 X111.822 Y115.745 E3.78257
G1 X111.529 Y115.67 E3.79207
G1 X111.204 Y115.552 E3.80294
G1 X110.895 Y115.401 E3.81375
G1 X110.644 Y115.247 E3.823
G1 X110.371 Y115.041 E3.83375
G1 X110.154 Y114.843 E3.84298
G1 X109.923 Y114.587 E3.85382
G1 X109.719 Y114.306 E3.86473
G1 X109.547 Y114.007 E3.87557
G1 X109.425 Y113.74 E3.88479
G1 X109.316 Y113.425 E3.89526
G1 X109.245 Y113.131 E3.90476
G1 X109.197 Y112.791 E3.91555
G1 X109.184 Y112.498 E3.92477
G1 X109.202 Y112.153 E3.93563
G1 X109.257 Y111.811 E3.94652
G1 X109.346 Y111.478 E3.95735
G1 X109.449 Y111.202 E3.96661
G1 X109.599 Y110.895 E3.97735
G1 X109.753 Y110.644 E3.9866
G1 X109.959 Y110.371 E3.99735
G1 X110.157 Y110.154 E4.00658
G1 X110.404 Y109.931 E4.01704
G1 X110.648 Y109.75 E4.02659
G1 X110.941 Y109.574 E4.03733
G1 X111.207 Y109.447 E4.04659
G1 X111.528 Y109.33 E4.05733
G1 X111.813 Y109.256 E4.06658
G1 X112.153 Y109.203 E4.07739
G1 X112.488 Y109.185 E4.08793
G1 X112.791 Y109.197 E4.09746
G1 X113.132 Y109.245 E4.10828
G1 X113.458 Y109.326 E4.11884
G1 X113.744 Y109.427 E4.12837
G1 X114.056 Y109.572 E4.13918
G1 X114.344 Y109.745 E4.14974
G1 X114.588 Y109.925 E4.15927
G1 X114.845 Y110.155 E4.17011
G1 X115.048 Y110.382 E4.17968
G1 X115.048 Y110.382 F12000
G1 X114.788 Y110.638
;TYPE:External perimeter
;WIDTH:0.4
G1 F3600
G1 X114.793 Y110.643 E4.17989
G1 X114.974 Y110.893 E4.18907
G1 X115.128 Y111.16 E4.19824
G1 X115.236 Y111.396 E4.20596
G1 X115.333 Y111.678 E4.21483
G1 X115.396 Y111.938 E4.22279
G1 X115.439 Y112.242 E4.23192
G1 X115.45 Y112.501 E4.23963
G1 X115.434 Y112.808 E4.24878
G1 X115.388 Y113.104 E4.25769
G1 X115.321 Y113.363 E4.26565
G1 X115.216 Y113.652 E4.2748
G1 X115.104 Y113.886 E4.28252
G1 X114.946 Y114.15 E4.29167
G1 X114.761 Y114.396 E4.30083
G1 X114.586 Y114.587 E4.30854
G1 X114.364 Y114.787 E4.31743
G1 X114.149 Y114.946 E4.32539
G1 X113.885 Y115.105 E4.33456
G1 X113.606 Y115.235 E4.34372
G1 X113.362 Y115.322 E4.35143
G1 X113.063 Y115.396 E4.36059
G1 X112.758 Y115.439 E4.36975
G1 X112.499 Y115.45 E4.37746
G1 X112.192 Y115.434 E4.38661
G1 X111.896 Y115.388 E4.39552
G1 X111.637 Y115.321 E4.40348
G1 X111.347 Y115.216 E4.41266
G1 X111.07 Y115.081 E4.42183
G1 X110.85 Y114.945 E4.42952
G1 X110.604 Y114.761 E4.43866
G1 X110.413 Y114.586 E4.44637
G1 X110.207 Y114.357 E4.45553
G1 X110.026 Y114.107 E4.46471
G1 X109.872 Y113.84 E4.47388
G1 X109.764 Y113.604 E4.4816
G1 X109.667 Y113.322 E4.49047
G1 X109.604 Y113.062 E4.49843
G1 X109.561 Y112.758 E4.50756
G1 X109.55 Y112.499 E4.51527
G1 X109.566 Y112.192 E4.52442
G1 X109.614 Y111.887 E4.53361
G1 X109.694 Y111.589 E4.54279
G1 X109.785 Y111.346 E4.55051
G1 X109.919 Y111.07 E4.55964
G1 X110.055 Y110.85 E4.56733
G1 X110.239 Y110.604 E4.57647
G1 X110.414 Y110.413 E4.58418
G1 X110.636 Y110.213 E4.59307
G1 X110.851 Y110.054 E4.60103
G1 X111.114 Y109.896 E4.61016
G1 X111.348 Y109.784 E4.61788
G1 X111.637 Y109.679 E4.62703
G1 X111.887 Y109.614 E4.63471
G1 X112.192 Y109.566 E4.6439
G1 X112.49 Y109.55 E4.65278
G1 X112.758 Y109.561 E4.66076
G1 X113.063 Y109.604 E4.66992
G1 X113.353 Y109.676 E4.67881
G1 X113.606 Y109.765 E4.68679
G1 X113.885 Y109.895 E4.69595
G1 X114.142 Y110.049 E4.70486
G1 X114.357 Y110.208 E4.71282
G1 X114.586 Y110.414 E4.72198
G1 X114.748 Y110.594 E4.72918
G1 X114.982 Y110.918 F12000
G1 E2.72918 F2400
G92 E0
G1 Z2.07 F12000
G1 X104.068 Y108.865
G1 Z1.67
G1 E2 F2400
;TYPE:Perimeter
;WIDTH:0.42
G1 F4800
G1 X104.467 Y108.047 E2.0286
G1 X104.953 Y107.266 E2.05751
G1 X105.472 Y106.587 E2.08437
G1 X106.12 Y105.893 E2.11421
G1 X106.813 Y105.288 E2.14312
G1 X107.508 Y104.79 E2.16999
G1 X108.294 Y104.336 E2.19851
G1 X109.061 Y103.984 E2.22503
G1 X109.826 Y103.714 E2.25052
G1 X110.748 Y103.484 E2.28038
G1 X111.222 Y103.405 E2.29548
G1 X111.699 Y103.35 E2.31057
G1 X112.619 Y103.317 E2.3395
G1 X113.473 Y103.367 E2.36638
G1 X114.41 Y103.516 E2.3962
G1 X115.327 Y103.762 E2.42604
G1 X116.099 Y104.05 E2.45193
G1 X116.953 Y104.467 E2.4818
G1 X117.734 Y104.953 E2.51071
G1 X118.413 Y105.472 E2.53757
G1 X119.107 Y106.12 E2.56741
G1 X119.712 Y106.813 E2.59632
G1 X120.21 Y107.508 E2.62319
G1 X120.664 Y108.294 E2.65171
G1 X121.02 Y109.071 E2.67857
G1 X121.329 Y109.968 E2.70838
G1 X121.543 Y110.894 E2.73825
G1 X121.651 Y111.711 E2.76415
G1 X121.683 Y112.66 E2.79399
G1 X121.617 Y113.608 E2.82385
G1 X121.481 Y114.421 E2.84975
G1 X121.235 Y115.338 E2.87959
G1 X120.895 Y116.225 E2.90944
G1 X120.527 Y116.963 E2.93536
G1 X120.03 Y117.759 E2.96485
G1 X119.528 Y118.412 E2.99073
G1 X118.889 Y119.098 E3.02019
G1 X118.248 Y119.664 E3.04706
G1 X117.502 Y120.203 E3.07598
G1 X116.706 Y120.664 E3.10489
G1 X115.939 Y121.016 E3.13141
G1 X115.174 Y121.287 E3.15691
G1 X114.253 Y121.516 E3.18673
G1 X113.778 Y121.595 E3.20186
G1 X113.301 Y121.65 E3.21695
G1 X112.821 Y121.679 E3.23206
G1 X112.34 Y121.683 E3.24718
G1 X111.392 Y121.617 E3.27704
G1 X110.591 Y121.483 E3.30256
G1 X109.804 Y121.28 E3.3281
G1 X108.922 Y120.959 E3.3576
G1 X108.178 Y120.604 E3.38351
G1 X107.364 Y120.115 E3.41335
G1 X106.972 Y119.835 E3.42849
G1 X106.596 Y119.536 E3.44359
G1 X105.901 Y118.888 E3.47345
G1 X105.355 Y118.271 E3.49934
G1 X104.797 Y117.502 E3.5292
G1 X104.336 Y116.707 E3.55808
G1 X103.984 Y115.939 E3.58463
G1 X103.714 Y115.174 E3.61012
G1 X103.484 Y114.252 E3.63998
G1 X103.405 Y113.778 E3.65508
G1 X103.35 Y113.301 E3.67017
G1 X103.321 Y112.821 E3.68528
G1 X103.317 Y112.34 E3.7004
G1 X103.379 Y111.422 E3.72931
G1 X103.519 Y110.578 E3.7562
G1 X103.762 Y109.673 E3.78565
G1 X104.043 Y108.919 E3.81094
G1 X104.043 Y108.919 F12000
G1 X103.726 Y108.709
G1 F4800
G1 X103.908 Y108.309 E3.82475
G1 X104.139 Y107.865 E3.84048
G1 X104.647 Y107.049 E3.87069
G1 X105.183 Y106.348 E3.89842
G1 X105.508 Y105.98 E3.91385
G1 X105.859 Y105.623 E3.92958
G1 X106.584 Y104.991 E3.9598
G1 X107.301 Y104.478 E3.98751
G1 X108.126 Y104 E4.01747
G1 X108.92 Y103.637 E4.04491
G1 X109.713 Y103.356 E4.07135
G1 X110.187 Y103.224 E4.08681
G1 X110.676 Y103.116 E4.10255
G1 X111.17 Y103.033 E4.11829
G1 X111.667 Y102.977 E4.13401
G1 X112.628 Y102.941 E4.16423
G1 X113.508 Y102.994 E4.19193
G1 X113.995 Y103.058 E4.20737
G1 X114.488 Y103.149 E4.22312
G1 X114.974 Y103.266 E4.23883
G1 X115.446 Y103.406 E4.2543
G1 X116.243 Y103.704 E4.28104
G1 X116.691 Y103.908 E4.29651
G1 X117.135 Y104.139 E4.31224
G1 X117.951 Y104.647 E4.34245
G1 X118.652 Y105.183 E4.37018
G1 X119.02 Y105.508 E4.38561
G1 X119.377 Y105.859 E4.40134
G1 X120.009 Y106.584 E4.43156
G1 X120.522 Y107.301 E4.45927
G1 X121 Y108.126 E4.48923
G1 X121.367 Y108.927 E4.51692
G1 X121.539 Y109.388 E4.53238
G1 X121.689 Y109.865 E4.54809
G1 X121.815 Y110.349 E4.56381
G1 X121.913 Y110.832 E4.5793
G1 X122.024 Y111.675 E4.60602
G1 X122.054 Y112.166 E4.62148
G1 X122.058 Y112.667 E4.63722
G1 X122.037 Y113.167 E4.65295
G1 X121.989 Y113.657 E4.66842
G1 X121.849 Y114.496 E4.69515
G1 X121.734 Y114.974 E4.7106
G1 X121.592 Y115.454 E4.72633
G1 X121.425 Y115.926 E4.74206
G1 X121.236 Y116.381 E4.75754
G1 X120.857 Y117.142 E4.78426
G1 X120.607 Y117.566 E4.79973
G1 X120.335 Y117.976 E4.81519
G1 X119.818 Y118.651 E4.84191
G1 X119.492 Y119.02 E4.85738
G1 X119.147 Y119.37 E4.87282
G1 X118.486 Y119.953 E4.90052
G1 X117.707 Y120.518 E4.93076
G1 X116.874 Y121 E4.961
G1 X116.08 Y121.363 E4.98844
G1 X115.287 Y121.644 E5.01488
G1 X114.813 Y121.776 E5.03034
G1 X114.324 Y121.884 E5.04608
G1 X113.83 Y121.967 E5.06182
G1 X113.333 Y122.023 E5.07754
G1 X112.834 Y122.054 E5.09325
G1 X112.333 Y122.058 E5.10899
G1 X111.833 Y122.037 E5.12472
G1 X111.343 Y121.989 E5.14019
G1 X110.513 Y121.85 E5.16664
G1 X109.697 Y121.639 E5.19313
G1 X109.23 Y121.483 E5.2086
G1 X108.772 Y121.303 E5.22406
G1 X108.005 Y120.937 E5.25077
G1 X107.576 Y120.694 E5.26626
G1 X107.154 Y120.425 E5.28199
G1 X106.747 Y120.135 E5.29769
G1 X106.355 Y119.823 E5.31343
G1 X105.98 Y119.492 E5.32915
G1 X105.629 Y119.147 E5.34462
G1 X105.066 Y118.51 E5.37134
G1 X104.766 Y118.119 E5.38683
G1 X104.482 Y117.707 E5.40256
G1 X104 Y116.874 E5.4328
G1 X103.637 Y116.08 E5.46024
G1 X103.356 Y115.287 E5.48668
G1 X103.224 Y114.813 E5.50214
G1 X103.116 Y114.324 E5.51788
G1 X103.033 Y113.83 E5.53362
G1 X102.977 Y113.333 E5.54934
G1 X102.946 Y112.834 E5.56505
G1 X102.942 Y112.333 E5.58079
G1 X103.007 Y111.373 E5.61103
G1 X103.151 Y110.504 E5.63871
G1 X103.266 Y110.026 E5.65416
G1 X103.406 Y109.554 E5.66963
G1 X103.701 Y108.763 E5.69616
G1 X103.701 Y108.763 F12000
G1 X103.385 Y108.553
G1 F4800
G1 X103.571 Y108.145 E5.71025
G1 X103.811 Y107.683 E5.72661
G1 X104.075 Y107.235 E5.74295
G1 X104.342 Y106.831 E5.75817
G1 X104.893 Y106.11 E5.78669
G1 X105.234 Y105.724 E5.80288
G1 X105.599 Y105.353 E5.81924
G1 X105.982 Y105.002 E5.83557
G1 X106.355 Y104.694 E5.85077
G1 X107.094 Y104.165 E5.87933
G1 X107.533 Y103.896 E5.89551
G1 X107.958 Y103.665 E5.91071
G1 X108.779 Y103.289 E5.93909
G1 X109.6 Y102.998 E5.96646
G1 X110.097 Y102.86 E5.98267
G1 X110.604 Y102.748 E5.99899
G1 X111.117 Y102.662 E6.01534
G1 X111.634 Y102.603 E6.03169
G1 X112.154 Y102.571 E6.04806
G1 X112.637 Y102.566 E6.06324
G1 X113.544 Y102.62 E6.09179
G1 X114.054 Y102.687 E6.10795
G1 X114.566 Y102.782 E6.12431
G1 X115.071 Y102.904 E6.14064
G1 X115.565 Y103.05 E6.15683
G1 X116.386 Y103.357 E6.18437
G1 X116.855 Y103.571 E6.20057
G1 X117.316 Y103.811 E6.2169
G1 X117.765 Y104.075 E6.23327
G1 X118.169 Y104.342 E6.24849
G1 X118.89 Y104.893 E6.27701
G1 X119.276 Y105.234 E6.2932
G1 X119.647 Y105.599 E6.30956
G1 X119.998 Y105.982 E6.32589
G1 X120.306 Y106.355 E6.34109
G1 X120.835 Y107.094 E6.36965
G1 X121.104 Y107.533 E6.38583
G1 X121.335 Y107.958 E6.40103
G1 X121.713 Y108.783 E6.42955
G1 X121.894 Y109.265 E6.44573
G1 X122.05 Y109.762 E6.4621
G1 X122.18 Y110.265 E6.47843
G1 X122.283 Y110.77 E6.49463
G1 X122.397 Y111.639 E6.52217
G1 X122.429 Y112.153 E6.53835
G1 X122.433 Y112.673 E6.55469
G1 X122.411 Y113.193 E6.57105
G1 X122.361 Y113.706 E6.58725
G1 X122.217 Y114.57 E6.61478
G1 X122.096 Y115.071 E6.63098
G1 X121.949 Y115.57 E6.64733
G1 X121.775 Y116.06 E6.66367
G1 X121.578 Y116.536 E6.67986
G1 X121.187 Y117.321 E6.70742
G1 X120.925 Y117.765 E6.72362
G1 X120.641 Y118.194 E6.73979
G1 X120.107 Y118.89 E6.76736
G1 X119.766 Y119.276 E6.78355
G1 X119.405 Y119.643 E6.79973
G1 X118.724 Y120.243 E6.82825
G1 X118.34 Y120.537 E6.84345
G1 X117.911 Y120.832 E6.85981
G1 X117.467 Y121.104 E6.87617
G1 X117.042 Y121.335 E6.89137
G1 X116.221 Y121.711 E6.91975
G1 X115.4 Y122.002 E6.94712
G1 X114.904 Y122.14 E6.9633
G1 X114.396 Y122.252 E6.97965
G1 X113.883 Y122.338 E6.996
G1 X113.366 Y122.397 E7.01235
G1 X112.847 Y122.429 E7.02869
G1 X112.327 Y122.433 E7.04503
G1 X111.807 Y122.411 E7.06139
G1 X111.294 Y122.361 E7.07759
G1 X110.435 Y122.217 E7.10496
G1 X109.591 Y121.999 E7.13235
G1 X109.102 Y121.836 E7.14855
G1 X108.623 Y121.647 E7.16473
G1 X107.832 Y121.27 E7.19227
G1 X107.383 Y121.016 E7.20848
G1 X106.944 Y120.736 E7.22484
G1 X106.521 Y120.434 E7.24117
G1 X106.114 Y120.111 E7.2575
G1 X105.724 Y119.766 E7.27386
G1 X105.357 Y119.405 E7.29004
G1 X104.776 Y118.748 E7.3176
G1 X104.463 Y118.34 E7.33376
G1 X104.168 Y117.911 E7.35012
G1 X103.896 Y117.467 E7.36648
G1 X103.665 Y117.042 E7.38168
G1 X103.289 Y116.221 E7.41006
G1 X102.998 Y115.4 E7.43743
G1 X102.86 Y114.903 E7.45364
G1 X102.748 Y114.396 E7.46996
G1 X102.662 Y113.883 E7.48631
G1 X102.603 Y113.366 E7.50266
G1 X102.571 Y112.847 E7.519
G1 X102.567 Y112.327 E7.53534
G1 X102.589 Y111.807 E7.5517
G1 X102.635 Y111.325 E7.56692
G1 X102.783 Y110.429 E7.59546
G1 X102.904 Y109.929 E7.61163
G1 X103.05 Y109.435 E7.62782
G1 X103.357 Y108.614 E7.65536
G1 X103.36 Y108.608 E7.65557
G1 X103.36 Y108.608 F12000
G1 X103.052 Y108.402
;TYPE:External perimeter
;WIDTH:0.4
G1 F2400
G1 X103.242 Y107.985 E7.6692
G1 X103.491 Y107.506 E7.68526
G1 X103.765 Y107.042 E7.70129
G1 X104.044 Y106.62 E7.71634
G1 X104.611 Y105.878 E7.74412
G1 X104.967 Y105.475 E7.76012
G1 X105.345 Y105.091 E7.77615
G1 X105.743 Y104.726 E7.79222
G1 X106.133 Y104.404 E7.80727
G1 X106.892 Y103.861 E7.83503
G1 X107.35 Y103.58 E7.85102
G1 X107.794 Y103.338 E7.86606
G1 X108.642 Y102.95 E7.8938
G1 X109.49 Y102.65 E7.92056
G1 X110.008 Y102.506 E7.93655
G1 X110.535 Y102.389 E7.95261
G1 X111.067 Y102.3 E7.96866
G1 X111.602 Y102.239 E7.98468
G1 X112.141 Y102.206 E8.00074
G1 X112.646 Y102.201 E8.01576
G1 X113.579 Y102.257 E8.04357
G1 X114.111 Y102.327 E8.05953
G1 X114.641 Y102.425 E8.07556
G1 X115.166 Y102.551 E8.09162
G1 X115.681 Y102.704 E8.1076
G1 X116.526 Y103.02 E8.13444
G1 X117.015 Y103.242 E8.15042
G1 X117.493 Y103.491 E8.16645
G1 X117.958 Y103.765 E8.18251
G1 X118.38 Y104.044 E8.19756
G1 X119.122 Y104.611 E8.22534
G1 X119.525 Y104.967 E8.24134
G1 X119.909 Y105.345 E8.25737
G1 X120.274 Y105.743 E8.27344
G1 X120.596 Y106.133 E8.28849
G1 X121.139 Y106.892 E8.31625
G1 X121.42 Y107.35 E8.33224
G1 X121.662 Y107.794 E8.34728
G1 X122.051 Y108.643 E8.37506
G1 X122.239 Y109.147 E8.39106
G1 X122.401 Y109.661 E8.40709
G1 X122.536 Y110.183 E8.42313
G1 X122.643 Y110.71 E8.43913
G1 X122.761 Y111.604 E8.46596
G1 X122.794 Y112.141 E8.48197
G1 X122.798 Y112.68 E8.49801
G1 X122.775 Y113.219 E8.51406
G1 X122.723 Y113.754 E8.53005
G1 X122.574 Y114.643 E8.55687
G1 X122.449 Y115.166 E8.57287
G1 X122.296 Y115.683 E8.58891
G1 X122.116 Y116.191 E8.60494
G1 X121.91 Y116.688 E8.62094
G1 X121.508 Y117.495 E8.64776
G1 X121.235 Y117.958 E8.66375
G1 X120.938 Y118.406 E8.67974
G1 X120.389 Y119.122 E8.70658
G1 X120.033 Y119.525 E8.72258
G1 X119.656 Y119.908 E8.73857
G1 X118.956 Y120.525 E8.76633
G1 X118.554 Y120.833 E8.7814
G1 X118.11 Y121.138 E8.79742
G1 X117.65 Y121.42 E8.81347
G1 X117.206 Y121.662 E8.82851
G1 X116.358 Y122.05 E8.85625
G1 X115.51 Y122.35 E8.88301
G1 X114.992 Y122.494 E8.899
G1 X114.465 Y122.611 E8.91506
G1 X113.933 Y122.7 E8.93111
G1 X113.398 Y122.761 E8.94713
G1 X112.859 Y122.794 E8.96319
G1 X112.32 Y122.798 E8.97923
G1 X111.782 Y122.775 E8.99525
G1 X111.247 Y122.723 E9.01124
G1 X110.359 Y122.575 E9.03802
G1 X109.487 Y122.349 E9.06482
G1 X108.977 Y122.179 E9.08081
G1 X108.477 Y121.982 E9.0968
G1 X107.663 Y121.593 E9.12364
G1 X107.195 Y121.329 E9.13962
G1 X106.74 Y121.039 E9.15567
G1 X106.301 Y120.726 E9.17171
G1 X105.879 Y120.39 E9.18776
G1 X105.475 Y120.033 E9.2038
G1 X105.092 Y119.656 E9.21979
G1 X104.494 Y118.981 E9.24662
G1 X104.167 Y118.554 E9.26262
G1 X103.862 Y118.11 E9.27864
G1 X103.58 Y117.65 E9.29469
G1 X103.338 Y117.206 E9.30973
G1 X102.95 Y116.358 E9.33747
G1 X102.65 Y115.51 E9.36423
G1 X102.506 Y114.992 E9.38022
G1 X102.389 Y114.465 E9.39628
G1 X102.3 Y113.933 E9.41233
G1 X102.239 Y113.398 E9.42835
G1 X102.206 Y112.859 E9.44441
G1 X102.202 Y112.32 E9.46045
G1 X102.225 Y111.781 E9.4765
G1 X102.273 Y111.278 E9.49153
G1 X102.426 Y110.357 E9.5193
G1 X102.551 Y109.834 E9.5353
G1 X102.704 Y109.319 E9.55128
G1 X103.02 Y108.474 E9.57812
G1 X103.028 Y108.456 E9.57871
G1 X103.193 Y108.092 F12000
;LAYER_CHANGE
;Z:1.88
;HEIGHT:0.21
G1 Z1.88 F12000
G1 E7.57871 F2400
G92 E0
G1 Z2.28 F12000
G1 X103.718 Y114.322
G1 Z1.88
G1 E2 F2400
G92 E0
;TYPE:Internal infill
;WIDTH:0.42
G1 F6000
G1 X110.685 Y121.29 E.30965
G1 E-1.69035 F2400
G92 E0
G1 X110.685 Y121.29 Z2.28 F12000
G1 X120.912 Y115.609
G1 Z1.88
G1 E2 F2400
G1 F6000
G1 X116.829 Y111.527 E2.18143
G1 X116.942 Y112.506 E2.2124
G1 X116.918 Y112.957 E2.22659
G1 X116.75 Y113.792 E2.25336
G1 X116.615 Y114.171 E2.266
G1 X116.221 Y114.925 E2.29273
G1 X115.641 Y115.641 E2.32169
G1 X118.725 Y118.725 E2.45875
G1 X118.036 Y119.352 E2.48803
G1 X117.298 Y119.888 E2.51669
G1 X116.538 Y120.329 E2.5443
G1 X115.479 Y120.781 E2.58048
G1 X111.527 Y116.829 E2.75611
G1 X110.829 Y116.615 E2.77905
G1 X110.421 Y116.425 E2.79319
G1 X109.704 Y115.952 E2.82018
G1 X109.359 Y115.641 E2.83478
G1 X108.814 Y114.978 E2.86175
G1 X108.578 Y114.585 E2.87616
G1 X108.381 Y114.164 E2.89077
G1 X108.17 Y113.473 E2.91347
G1 X104.219 Y109.522 E3.08906
G1 X104.775 Y108.267 E3.1322
G1 X105.203 Y107.565 E3.15804
G1 X105.752 Y106.837 E3.18669
G1 X106.275 Y106.275 E3.21082
G1 X109.359 Y109.359 E3.34788
G1 X110.021 Y108.814 E3.37483
G1 X110.769 Y108.41 E3.40155
G1 X111.183 Y108.258 E3.41541
G1 X112.034 Y108.082 E3.44272
G1 X112.48 Y108.058 E3.45676
G1 X113.473 Y108.171 E3.48817
G1 X109.521 Y104.219 E3.6638
G1 X109.934 Y104.073 E3.67757
G1 X111.274 Y103.776 E3.7207
G1 X112.611 Y103.692 E3.7628
G1 X113.432 Y103.74 E3.78864
G1 X114.545 Y103.94 E3.82418
G1 X121.287 Y110.683 E4.12383
G1 E2.12383 F2400
G92 E0
G1 X121.287 Y110.683 Z2.28 F12000
G1 X115.624 Y109.901
G1 Z1.88
G1 E2 F2400
;TYPE:Perimeter
G1 F3600
G1 X115.66 Y109.941 E2.00169
G1 X115.911 Y110.285 E2.01507
G1 X116.121 Y110.649 E2.02828
G1 X116.27 Y110.977 E2.0396
G1 X116.39 Y111.317 E2.05093
G1 X116.492 Y111.723 E2.06409
G1 X116.549 Y112.128 E2.07694
G1 X116.566 Y112.504 E2.08877
G1 X116.545 Y112.919 E2.10183
G1 X116.49 Y113.282 E2.11337
G1 X116.39 Y113.683 E2.12636
G1 X116.268 Y114.029 E2.13789
G1 X116.093 Y114.404 E2.15089
G1 X115.907 Y114.719 E2.16239
G1 X115.66 Y115.059 E2.1756
G1 X115.376 Y115.376 E2.18897
G1 X115.06 Y115.66 E2.20232
G1 X114.729 Y115.901 E2.21519
G1 X114.405 Y116.092 E2.22701
G1 X114.029 Y116.268 E2.24006
G1 X113.683 Y116.39 E2.25159
G1 X113.276 Y116.492 E2.26478
G1 X112.86 Y116.55 E2.27798
G1 X112.5 Y116.566 E2.2893
G1 X112.14 Y116.55 E2.30062
G1 X111.724 Y116.492 E2.31382
G1 X111.317 Y116.39 E2.32701
G1 X110.971 Y116.268 E2.33854
G1 X110.596 Y116.093 E2.35154
G1 X110.281 Y115.907 E2.36304
G1 X109.941 Y115.66 E2.37625
G1 X109.624 Y115.376 E2.38962
G1 X109.343 Y115.063 E2.40284
G1 X109.126 Y114.769 E2.41432
G1 X108.909 Y114.409 E2.42753
G1 X108.73 Y114.023 E2.4409
G1 X108.593 Y113.626 E2.4541
G1 X108.508 Y113.271 E2.46557
G1 X108.451 Y112.872 E2.47824
G1 X108.434 Y112.497 E2.49004
G1 X108.454 Y112.092 E2.50278
G1 X108.509 Y111.72 E2.5146
G1 X108.611 Y111.311 E2.52785
G1 X108.757 Y110.911 E2.54123
G1 X108.941 Y110.534 E2.55441
G1 X109.132 Y110.222 E2.56591
G1 X109.374 Y109.9 E2.57857
G1 X109.628 Y109.622 E2.5904
G1 X109.937 Y109.344 E2.60346
G1 X110.23 Y109.126 E2.61494
G1 X110.576 Y108.918 E2.62763
G1 X110.914 Y108.756 E2.63941
G1 X111.294 Y108.617 E2.65213
G1 X111.659 Y108.522 E2.66398
G1 X112.074 Y108.456 E2.67719
G1 X112.483 Y108.434 E2.69006
G1 X112.859 Y108.449 E2.70189
G1 X113.275 Y108.508 E2.71509
G1 X113.672 Y108.606 E2.72794
G1 X114.027 Y108.731 E2.73977
G1 X114.409 Y108.909 E2.75301
G1 X114.773 Y109.128 E2.76636
G1 X115.1 Y109.374 E2.77922
G1 X115.378 Y109.628 E2.79105
G1 X115.584 Y109.856 E2.80071
G1 X115.345 Y110.15 F12000
G1 F3600
G1 X115.369 Y110.177 E2.80185
G1 X115.596 Y110.49 E2.814
G1 X115.787 Y110.821 E2.82601
G1 X115.922 Y111.117 E2.83623
G1 X116.031 Y111.425 E2.8465
G1 X116.123 Y111.795 E2.85848
G1 X116.175 Y112.163 E2.87016
G1 X116.191 Y112.503 E2.88086
G1 X116.171 Y112.882 E2.89279
G1 X116.122 Y113.208 E2.90315
G1 X116.031 Y113.575 E2.91503
G1 X115.921 Y113.886 E2.9254
G1 X115.761 Y114.229 E2.93729
G1 X115.593 Y114.514 E2.94769
G1 X115.369 Y114.823 E2.95968
G1 X115.11 Y115.11 E2.97183
G1 X114.823 Y115.368 E2.98396
G1 X114.523 Y115.587 E2.99563
G1 X114.23 Y115.76 E3.00632
G1 X113.886 Y115.921 E3.01826
G1 X113.575 Y116.031 E3.02863
G1 X113.204 Y116.123 E3.04064
G1 X112.826 Y116.177 E3.05264
G1 X112.5 Y116.191 E3.06289
G1 X112.174 Y116.177 E3.07314
G1 X111.796 Y116.123 E3.08514
G1 X111.425 Y116.031 E3.09715
G1 X111.114 Y115.921 E3.10752
G1 X110.771 Y115.761 E3.11941
G1 X110.486 Y115.593 E3.12981
G1 X110.177 Y115.369 E3.1418
G1 X109.89 Y115.11 E3.15395
G1 X109.634 Y114.826 E3.16597
G1 X109.438 Y114.561 E3.17633
G1 X109.241 Y114.233 E3.18835
G1 X109.078 Y113.883 E3.20048
G1 X108.953 Y113.521 E3.21252
G1 X108.876 Y113.201 E3.22286
G1 X108.825 Y112.837 E3.23441
G1 X108.809 Y112.498 E3.24508
G1 X108.828 Y112.129 E3.25669
G1 X108.877 Y111.793 E3.26736
G1 X108.97 Y111.421 E3.27941
G1 X109.102 Y111.058 E3.29155
G1 X109.27 Y110.714 E3.30358
G1 X109.442 Y110.433 E3.31393
G1 X109.663 Y110.139 E3.32549
G1 X109.892 Y109.888 E3.33617
G1 X110.174 Y109.634 E3.3481
G1 X110.439 Y109.438 E3.35846
G1 X110.754 Y109.248 E3.37002
G1 X111.06 Y109.102 E3.38067
G1 X111.406 Y108.975 E3.39225
G1 X111.736 Y108.889 E3.40297
G1 X112.114 Y108.829 E3.415
G1 X112.485 Y108.809 E3.42668
G1 X112.825 Y108.823 E3.43737
G1 X113.204 Y108.877 E3.4494
G1 X113.565 Y108.966 E3.46108
G1 X113.886 Y109.079 E3.47177
G1 X114.233 Y109.241 E3.4838
G1 X114.564 Y109.44 E3.49594
G1 X114.861 Y109.663 E3.50761
G1 X115.112 Y109.892 E3.51829
G1 X115.304 Y110.106 E3.52732
G1 X115.304 Y110.106 F12000
G1 X115.065 Y110.4
G1 F3600
G1 X115.077 Y110.413 E3.52788
G1 X115.281 Y110.694 E3.53879
G1 X115.453 Y110.993 E3.54963
G1 X115.574 Y111.258 E3.55878
G1 X115.671 Y111.533 E3.56794
G1 X115.755 Y111.867 E3.57876
G1 X115.802 Y112.198 E3.58927
G1 X115.816 Y112.502 E3.59883
G1 X115.798 Y112.844 E3.60959
G1 X115.754 Y113.135 E3.61884
G1 X115.671 Y113.467 E3.62959
G1 X115.573 Y113.744 E3.63882
G1 X115.429 Y114.054 E3.64956
G1 X115.279 Y114.308 E3.65883
G1 X115.077 Y114.587 E3.66965
G1 X114.845 Y114.845 E3.68055
G1 X114.587 Y115.077 E3.69145
G1 X114.317 Y115.274 E3.70195
G1 X114.055 Y115.428 E3.7115
G1 X113.744 Y115.573 E3.72228
G1 X113.467 Y115.671 E3.73151
G1 X113.133 Y115.755 E3.74233
G1 X112.791 Y115.803 E3.75318
G1 X112.5 Y115.815 E3.76233
G1 X112.209 Y115.803 E3.77148
G1 X111.867 Y115.755 E3.78233
G1 X111.533 Y115.671 E3.79315
G1 X111.256 Y115.573 E3.80238
G1 X110.946 Y115.429 E3.81312
G1 X110.692 Y115.279 E3.82239
G1 X110.413 Y115.077 E3.83321
G1 X110.155 Y114.845 E3.84411
G1 X109.925 Y114.588 E3.85495
G1 X109.75 Y114.352 E3.86418
G1 X109.572 Y114.057 E3.87501
G1 X109.426 Y113.742 E3.88592
G1 X109.314 Y113.416 E3.89675
G1 X109.245 Y113.131 E3.90596
G1 X109.198 Y112.802 E3.9164
G1 X109.184 Y112.499 E3.92593
G1 X109.201 Y112.166 E3.93641
G1 X109.246 Y111.865 E3.94597
G1 X109.329 Y111.531 E3.95679
G1 X109.448 Y111.204 E3.96773
G1 X109.599 Y110.895 E3.97854
G1 X109.752 Y110.644 E3.98778
G1 X109.952 Y110.379 E3.99821
G1 X110.157 Y110.154 E4.00778
G1 X110.412 Y109.925 E4.01855
G1 X110.648 Y109.75 E4.02778
G1 X110.932 Y109.579 E4.0382
G1 X111.206 Y109.447 E4.04776
G1 X111.518 Y109.333 E4.0582
G1 X111.813 Y109.256 E4.06778
G1 X112.153 Y109.203 E4.07859
G1 X112.487 Y109.185 E4.0891
G1 X112.791 Y109.197 E4.09866
G1 X113.132 Y109.245 E4.10948
G1 X113.457 Y109.326 E4.12001
G1 X113.744 Y109.427 E4.12957
G1 X114.057 Y109.572 E4.14041
G1 X114.354 Y109.751 E4.15131
G1 X114.621 Y109.952 E4.16181
G1 X114.846 Y110.157 E4.17138
G1 X115.025 Y110.356 E4.17979
G1 X115.025 Y110.356 F12000
G1 X114.787 Y110.637
;TYPE:External perimeter
;WIDTH:0.4
G1 F3600
G1 X114.793 Y110.643 E4.18004
G1 X114.974 Y110.893 E4.18922
G1 X115.128 Y111.16 E4.19839
G1 X115.322 Y111.638 E4.21374
G1 X115.396 Y111.937 E4.2229
G1 X115.438 Y112.232 E4.23176
G1 X115.45 Y112.501 E4.23977
G1 X115.434 Y112.808 E4.24892
G1 X115.396 Y113.064 E4.25662
G1 X115.322 Y113.362 E4.26575
G1 X115.235 Y113.606 E4.27346
G1 X115.105 Y113.884 E4.28259
G1 X114.974 Y114.108 E4.29031
G1 X114.793 Y114.357 E4.29947
G1 X114.586 Y114.586 E4.30865
G1 X114.357 Y114.793 E4.31783
G1 X114.116 Y114.968 E4.32669
G1 X113.884 Y115.105 E4.33471
G1 X113.606 Y115.235 E4.34384
G1 X113.362 Y115.322 E4.35155
G1 X113.063 Y115.396 E4.36071
G1 X112.758 Y115.439 E4.36987
G1 X112.242 Y115.439 E4.38522
G1 X111.937 Y115.396 E4.39438
G1 X111.638 Y115.322 E4.40354
G1 X111.394 Y115.235 E4.41125
G1 X111.116 Y115.105 E4.42038
G1 X110.892 Y114.974 E4.4281
G1 X110.643 Y114.793 E4.43726
G1 X110.414 Y114.586 E4.44644
G1 X110.208 Y114.357 E4.4556
G1 X110.054 Y114.149 E4.4633
G1 X109.895 Y113.885 E4.47247
G1 X109.765 Y113.605 E4.48165
G1 X109.664 Y113.314 E4.49081
G1 X109.604 Y113.062 E4.49852
G1 X109.562 Y112.768 E4.50735
G1 X109.55 Y112.499 E4.51536
G1 X109.565 Y112.202 E4.52421
G1 X109.604 Y111.936 E4.53221
G1 X109.679 Y111.637 E4.54138
G1 X109.784 Y111.347 E4.55056
G1 X109.919 Y111.07 E4.55973
G1 X110.055 Y110.85 E4.56742
G1 X110.233 Y110.612 E4.57626
G1 X110.414 Y110.413 E4.58426
G1 X110.643 Y110.208 E4.5934
G1 X110.851 Y110.054 E4.6011
G1 X111.106 Y109.9 E4.60996
G1 X111.348 Y109.784 E4.61794
G1 X111.627 Y109.682 E4.62678
G1 X111.887 Y109.614 E4.63477
G1 X112.192 Y109.566 E4.64396
G1 X112.489 Y109.55 E4.65281
G1 X112.758 Y109.561 E4.66082
G1 X113.063 Y109.604 E4.66998
G1 X113.352 Y109.676 E4.67884
G1 X113.606 Y109.765 E4.68685
G1 X113.885 Y109.895 E4.69601
G1 X114.15 Y110.054 E4.7052
G1 X114.388 Y110.233 E4.71406
G1 X114.587 Y110.414 E4.72206
G1 X114.747 Y110.593 E4.7292
G1 X114.981 Y110.917 F12000
G1 E2.7292 F2400
G92 E0
G1 Z2.28 F12000
G1 X104.064 Y108.872
G1 Z1.88
G1 E2 F2400
;TYPE:Perimeter
;WIDTH:0.42
G1 F4800
G1 X104.445 Y108.087 E2.02742
G1 X104.893 Y107.354 E2.05442
G1 X105.464 Y106.596 E2.08424
G1 X106.112 Y105.901 E2.1141
G1 X106.729 Y105.355 E2.13999
G1 X107.498 Y104.797 E2.16985
G1 X108.29 Y104.338 E2.19862
G1 X109.061 Y103.984 E2.22528
G1 X109.826 Y103.714 E2.25077
G1 X110.747 Y103.484 E2.2806
G1 X111.222 Y103.405 E2.29573
G1 X111.699 Y103.35 E2.31082
G1 X112.615 Y103.316 E2.33963
G1 X113.473 Y103.367 E2.36664
G1 X114.41 Y103.516 E2.39646
G1 X115.295 Y103.751 E2.42524
G1 X116.09 Y104.047 E2.4519
G1 X116.822 Y104.396 E2.47738
G1 X117.636 Y104.886 E2.50724
G1 X118.028 Y105.165 E2.52236
G1 X118.404 Y105.464 E2.53746
G1 X119.099 Y106.112 E2.56732
G1 X119.645 Y106.729 E2.59321
G1 X120.196 Y107.488 E2.62268
G1 X120.615 Y108.198 E2.64859
G1 X121.011 Y109.049 E2.67809
G1 X121.287 Y109.826 E2.704
G1 X121.516 Y110.747 E2.73382
G1 X121.595 Y111.222 E2.74895
G1 X121.65 Y111.699 E2.76404
G1 X121.679 Y112.179 E2.77915
G1 X121.683 Y112.66 E2.79427
G1 X121.617 Y113.608 E2.82413
G1 X121.481 Y114.421 E2.85003
G1 X121.249 Y115.295 E2.87845
G1 X120.949 Y116.1 E2.90545
G1 X120.538 Y116.943 E2.93492
G1 X120.108 Y117.645 E2.96079
G1 X119.536 Y118.404 E2.99066
G1 X118.888 Y119.099 E3.02052
G1 X118.271 Y119.645 E3.04641
G1 X117.502 Y120.203 E3.07627
G1 X116.71 Y120.662 E3.10504
G1 X115.939 Y121.016 E3.1317
G1 X115.174 Y121.286 E3.15719
G1 X114.253 Y121.516 E3.18702
G1 X113.778 Y121.595 E3.20215
G1 X113.301 Y121.65 E3.21724
G1 X112.821 Y121.679 E3.23235
G1 X112.34 Y121.683 E3.24747
G1 X111.392 Y121.617 E3.27733
G1 X110.579 Y121.481 E3.30323
G1 X109.673 Y121.238 E3.33271
G1 X108.901 Y120.95 E3.3586
G1 X108.047 Y120.533 E3.38847
G1 X107.633 Y120.289 E3.40357
G1 X107.232 Y120.024 E3.41867
G1 X106.509 Y119.461 E3.44747
G1 X105.893 Y118.879 E3.4741
G1 X105.355 Y118.271 E3.49961
G1 X104.797 Y117.502 E3.52947
G1 X104.338 Y116.71 E3.55824
G1 X103.98 Y115.929 E3.58524
G1 X103.671 Y115.032 E3.61505
G1 X103.463 Y114.14 E3.64383
G1 X103.349 Y113.288 E3.67084
G1 X103.317 Y112.34 E3.70065
G1 X103.379 Y111.426 E3.72944
G1 X103.519 Y110.578 E3.75645
G1 X103.751 Y109.705 E3.78484
G1 X104.041 Y108.927 E3.81093
G1 X104.041 Y108.927 F12000
G1 X103.723 Y108.716
G1 F4800
G1 X104.118 Y107.903 E3.83933
G1 X104.58 Y107.147 E3.86717
G1 X104.865 Y106.747 E3.8826
G1 X105.177 Y106.355 E3.89834
G1 X105.508 Y105.98 E3.91406
G1 X105.853 Y105.629 E3.92953
G1 X106.49 Y105.066 E3.95625
G1 X106.881 Y104.766 E3.97174
G1 X107.293 Y104.482 E3.98747
G1 X108.122 Y104.002 E4.01757
G1 X108.92 Y103.637 E4.04515
G1 X109.713 Y103.356 E4.07159
G1 X110.187 Y103.224 E4.08705
G1 X110.676 Y103.116 E4.10279
G1 X111.17 Y103.033 E4.11853
G1 X111.667 Y102.977 E4.13425
G1 X112.624 Y102.941 E4.16435
G1 X113.508 Y102.994 E4.19218
G1 X113.996 Y103.058 E4.20765
G1 X114.488 Y103.149 E4.22337
G1 X115.413 Y103.395 E4.25345
G1 X116.236 Y103.701 E4.28104
G1 X116.995 Y104.063 E4.30747
G1 X117.424 Y104.306 E4.32296
G1 X117.846 Y104.575 E4.33869
G1 X118.253 Y104.865 E4.35439
G1 X118.645 Y105.177 E4.37013
G1 X119.02 Y105.508 E4.38585
G1 X119.371 Y105.853 E4.40132
G1 X119.934 Y106.49 E4.42804
G1 X120.234 Y106.881 E4.44353
G1 X120.513 Y107.287 E4.45901
G1 X120.944 Y108.019 E4.4857
G1 X121.164 Y108.46 E4.50119
G1 X121.36 Y108.911 E4.51664
G1 X121.644 Y109.713 E4.54338
G1 X121.776 Y110.187 E4.55884
G1 X121.884 Y110.676 E4.57458
G1 X121.967 Y111.17 E4.59032
G1 X122.023 Y111.667 E4.60604
G1 X122.054 Y112.166 E4.62175
G1 X122.058 Y112.667 E4.63749
G1 X122.037 Y113.167 E4.65322
G1 X121.989 Y113.657 E4.66869
G1 X121.849 Y114.496 E4.69542
G1 X121.605 Y115.413 E4.72524
G1 X121.296 Y116.244 E4.7531
G1 X121.092 Y116.691 E4.76854
G1 X120.865 Y117.127 E4.78399
G1 X120.421 Y117.852 E4.81071
G1 X120.135 Y118.253 E4.82619
G1 X119.823 Y118.645 E4.84193
G1 X119.492 Y119.02 E4.85765
G1 X119.147 Y119.371 E4.87312
G1 X118.51 Y119.934 E4.89984
G1 X118.119 Y120.234 E4.91533
G1 X117.707 Y120.518 E4.93106
G1 X116.878 Y120.998 E4.96116
G1 X116.08 Y121.363 E4.98874
G1 X115.287 Y121.644 E5.01518
G1 X114.813 Y121.776 E5.03064
G1 X114.324 Y121.884 E5.04638
G1 X113.83 Y121.967 E5.06212
G1 X113.333 Y122.023 E5.07784
G1 X112.834 Y122.054 E5.09355
G1 X112.333 Y122.058 E5.10929
G1 X111.833 Y122.037 E5.12502
G1 X111.343 Y121.989 E5.14049
G1 X110.504 Y121.849 E5.16722
G1 X110.026 Y121.734 E5.18267
G1 X109.554 Y121.594 E5.19814
G1 X108.757 Y121.296 E5.22488
G1 X108.309 Y121.092 E5.24035
G1 X107.865 Y120.861 E5.25608
G1 X107.434 Y120.607 E5.2718
G1 X107.017 Y120.331 E5.28751
G1 X106.261 Y119.743 E5.31761
G1 X105.623 Y119.14 E5.3452
G1 X105.066 Y118.51 E5.37163
G1 X104.766 Y118.119 E5.38712
G1 X104.482 Y117.707 E5.40285
G1 X104.002 Y116.878 E5.43295
G1 X103.633 Y116.073 E5.46078
G1 X103.461 Y115.612 E5.47624
G1 X103.311 Y115.135 E5.49195
G1 X103.093 Y114.202 E5.52206
G1 X102.976 Y113.324 E5.5499
G1 X102.946 Y112.834 E5.56533
G1 X102.942 Y112.333 E5.58107
G1 X103.007 Y111.378 E5.61115
G1 X103.151 Y110.504 E5.63899
G1 X103.395 Y109.587 E5.66881
G1 X103.699 Y108.771 E5.69617
G1 X103.699 Y108.771 F12000
G1 X103.381 Y108.56
G1 F4800
G1 X103.571 Y108.145 E5.71051
G1 X103.792 Y107.719 E5.72559
G1 X104.267 Y106.94 E5.75426
G1 X104.566 Y106.521 E5.77044
G1 X104.889 Y106.114 E5.78677
G1 X105.234 Y105.724 E5.80313
G1 X105.595 Y105.357 E5.81931
G1 X106.252 Y104.776 E5.84687
G1 X106.66 Y104.463 E5.86303
G1 X107.089 Y104.168 E5.87939
G1 X107.533 Y103.896 E5.89575
G1 X107.954 Y103.667 E5.91081
G1 X108.779 Y103.289 E5.93933
G1 X109.6 Y102.998 E5.9667
G1 X110.097 Y102.86 E5.98291
G1 X110.604 Y102.748 E5.99923
G1 X111.117 Y102.662 E6.01558
G1 X111.634 Y102.603 E6.03193
G1 X112.154 Y102.571 E6.0483
G1 X112.633 Y102.566 E6.06335
G1 X113.544 Y102.62 E6.09203
G1 X114.054 Y102.687 E6.10819
G1 X114.566 Y102.782 E6.12455
G1 X115.072 Y102.904 E6.14091
G1 X115.532 Y103.039 E6.15598
G1 X116.382 Y103.355 E6.18448
G1 X117.168 Y103.73 E6.21185
G1 X117.617 Y103.984 E6.22806
G1 X118.056 Y104.264 E6.24442
G1 X118.479 Y104.566 E6.26075
G1 X118.886 Y104.889 E6.27708
G1 X119.276 Y105.234 E6.29344
G1 X119.643 Y105.595 E6.30962
G1 X120.224 Y106.252 E6.33718
G1 X120.537 Y106.66 E6.35334
G1 X120.829 Y107.085 E6.36954
G1 X121.274 Y107.84 E6.39708
G1 X121.504 Y108.301 E6.41327
G1 X121.709 Y108.774 E6.42947
G1 X122.002 Y109.6 E6.45701
G1 X122.14 Y110.097 E6.47322
G1 X122.252 Y110.604 E6.48954
G1 X122.338 Y111.117 E6.50589
G1 X122.397 Y111.634 E6.52224
G1 X122.429 Y112.153 E6.53858
G1 X122.433 Y112.673 E6.55492
G1 X122.411 Y113.193 E6.57128
G1 X122.361 Y113.706 E6.58748
G1 X122.217 Y114.57 E6.61501
G1 X122.096 Y115.072 E6.63124
G1 X121.961 Y115.532 E6.64631
G1 X121.643 Y116.387 E6.67498
G1 X121.429 Y116.855 E6.69115
G1 X121.192 Y117.312 E6.70733
G1 X120.734 Y118.06 E6.73489
G1 X120.434 Y118.479 E6.75108
G1 X120.111 Y118.886 E6.76741
G1 X119.766 Y119.276 E6.78377
G1 X119.405 Y119.643 E6.79995
G1 X118.748 Y120.224 E6.82751
G1 X118.34 Y120.537 E6.84367
G1 X117.911 Y120.832 E6.86003
G1 X117.467 Y121.104 E6.87639
G1 X117.046 Y121.333 E6.89145
G1 X116.221 Y121.711 E6.91997
G1 X115.4 Y122.002 E6.94734
G1 X114.903 Y122.14 E6.96355
G1 X114.396 Y122.252 E6.97987
G1 X113.883 Y122.338 E6.99622
G1 X113.366 Y122.397 E7.01257
G1 X112.847 Y122.429 E7.02891
G1 X112.327 Y122.433 E7.04525
G1 X111.807 Y122.411 E7.06161
G1 X111.294 Y122.361 E7.07781
G1 X110.43 Y122.217 E7.10534
G1 X109.929 Y122.096 E7.12154
G1 X109.435 Y121.95 E7.13773
G1 X108.614 Y121.643 E7.16527
G1 X108.145 Y121.429 E7.18147
G1 X107.683 Y121.189 E7.19783
G1 X107.235 Y120.925 E7.21417
G1 X106.802 Y120.638 E7.23049
G1 X106.383 Y120.329 E7.24685
G1 X106.013 Y120.024 E7.26192
G1 X105.353 Y119.401 E7.29044
G1 X104.776 Y118.748 E7.31782
G1 X104.463 Y118.34 E7.33398
G1 X104.168 Y117.911 E7.35034
G1 X103.896 Y117.467 E7.3667
G1 X103.667 Y117.046 E7.38176
G1 X103.287 Y116.217 E7.41042
G1 X103.106 Y115.735 E7.4266
G1 X102.95 Y115.238 E7.44297
G1 X102.82 Y114.735 E7.4593
G1 X102.723 Y114.265 E7.47438
G1 X102.603 Y113.36 E7.50307
G1 X102.571 Y112.847 E7.51922
G1 X102.567 Y112.327 E7.53556
G1 X102.589 Y111.807 E7.55192
G1 X102.635 Y111.329 E7.56701
G1 X102.784 Y110.429 E7.59568
G1 X102.904 Y109.928 E7.61187
G1 X103.039 Y109.468 E7.62694
G1 X103.356 Y108.615 E7.65554
G1 X103.356 Y108.615 F12000
G1 X103.049 Y108.409
;TYPE:External perimeter
;WIDTH:0.4
G1 F2400
G1 X103.243 Y107.985 E7.66941
G1 X103.474 Y107.54 E7.68433
G1 X103.962 Y106.739 E7.71223
G1 X104.274 Y106.301 E7.72823
G1 X104.61 Y105.879 E7.74428
G1 X104.967 Y105.475 E7.76032
G1 X105.344 Y105.092 E7.77631
G1 X106.019 Y104.494 E7.80314
G1 X106.446 Y104.167 E7.81914
G1 X106.89 Y103.862 E7.83516
G1 X107.35 Y103.58 E7.85121
G1 X107.791 Y103.34 E7.86615
G1 X108.642 Y102.95 E7.894
G1 X109.49 Y102.65 E7.92076
G1 X110.008 Y102.506 E7.93675
G1 X110.535 Y102.389 E7.95281
G1 X111.067 Y102.3 E7.96886
G1 X111.602 Y102.239 E7.98488
G1 X112.141 Y102.206 E8.00094
G1 X112.642 Y102.201 E8.01584
G1 X113.579 Y102.257 E8.04376
G1 X114.111 Y102.327 E8.05972
G1 X114.641 Y102.425 E8.07575
G1 X115.166 Y102.551 E8.09181
G1 X115.647 Y102.693 E8.10673
G1 X116.525 Y103.019 E8.13459
G1 X117.337 Y103.407 E8.16136
G1 X117.805 Y103.671 E8.17734
G1 X118.26 Y103.961 E8.19339
G1 X118.699 Y104.274 E8.20943
G1 X119.121 Y104.61 E8.22548
G1 X119.525 Y104.967 E8.24152
G1 X119.908 Y105.344 E8.25751
G1 X120.506 Y106.019 E8.28434
G1 X120.833 Y106.446 E8.30034
G1 X121.137 Y106.889 E8.31632
G1 X121.595 Y107.666 E8.34315
G1 X121.835 Y108.147 E8.35914
G1 X122.049 Y108.64 E8.37513
G1 X122.35 Y109.49 E8.40196
G1 X122.494 Y110.008 E8.41795
G1 X122.611 Y110.535 E8.43401
G1 X122.7 Y111.067 E8.45006
G1 X122.761 Y111.602 E8.46608
G1 X122.794 Y112.141 E8.48214
G1 X122.798 Y112.68 E8.49818
G1 X122.775 Y113.219 E8.51423
G1 X122.723 Y113.754 E8.53022
G1 X122.574 Y114.643 E8.55704
G1 X122.449 Y115.166 E8.57304
G1 X122.307 Y115.647 E8.58796
G1 X121.98 Y116.526 E8.61586
G1 X121.758 Y117.015 E8.63184
G1 X121.509 Y117.492 E8.64785
G1 X121.038 Y118.261 E8.67468
G1 X120.726 Y118.699 E8.69068
G1 X120.39 Y119.121 E8.70673
G1 X120.033 Y119.525 E8.72277
G1 X119.656 Y119.908 E8.73876
G1 X118.981 Y120.506 E8.76559
G1 X118.554 Y120.833 E8.78159
G1 X118.11 Y121.138 E8.79761
G1 X117.65 Y121.42 E8.81366
G1 X117.209 Y121.66 E8.8286
G1 X116.358 Y122.05 E8.85645
G1 X115.51 Y122.35 E8.88321
G1 X114.992 Y122.494 E8.8992
G1 X114.465 Y122.611 E8.91526
G1 X113.933 Y122.7 E8.93131
G1 X113.398 Y122.761 E8.94733
G1 X112.859 Y122.794 E8.96339
G1 X112.32 Y122.798 E8.97943
G1 X111.781 Y122.775 E8.99548
G1 X111.247 Y122.723 E9.01144
G1 X110.357 Y122.574 E9.03829
G1 X109.834 Y122.449 E9.05429
G1 X109.319 Y122.296 E9.07027
G1 X108.474 Y121.98 E9.09711
G1 X107.985 Y121.758 E9.11309
G1 X107.506 Y121.509 E9.12915
G1 X107.042 Y121.235 E9.14518
G1 X106.592 Y120.937 E9.16124
G1 X106.159 Y120.616 E9.17727
G1 X105.771 Y120.298 E9.19219
G1 X105.091 Y119.655 E9.22003
G1 X104.494 Y118.981 E9.24682
G1 X104.167 Y118.554 E9.26282
G1 X103.862 Y118.11 E9.27884
G1 X103.58 Y117.65 E9.29489
G1 X103.34 Y117.209 E9.30983
G1 X102.949 Y116.357 E9.33772
G1 X102.761 Y115.853 E9.35372
G1 X102.599 Y115.339 E9.36975
G1 X102.464 Y114.817 E9.38579
G1 X102.363 Y114.326 E9.4007
G1 X102.239 Y113.396 E9.42861
G1 X102.206 Y112.859 E9.44462
G1 X102.202 Y112.32 E9.46066
G1 X102.225 Y111.781 E9.47671
G1 X102.273 Y111.282 E9.49162
G1 X102.426 Y110.357 E9.51951
G1 X102.551 Y109.834 E9.53551
G1 X102.693 Y109.353 E9.55043
G1 X103.02 Y108.474 E9.57833
G1 X103.024 Y108.464 E9.57865
G1 X103.19 Y108.1 F12000
;LAYER_CHANGE
;Z:2.09
;HEIGHT:0.21
G1 Z2.09 F12000
G1 E7.57865 F2400
G92 E0
G1 Z2.49 F12000
G1 X103.71 Y110.685
G1 Z2.09
G1 E2 F2400
G92 E0
;TYPE:Internal infill
;WIDTH:0.42
G1 F6000
G1 X110.683 Y103.713 E.30987
G1 E-1.69013 F2400
G92 E0
G1 X110.683 Y103.713 Z2.49 F12000
G1 X109.392 Y120.91
G1 Z2.09
G1 E2 F2400
G1 F6000
G1 X113.473 Y116.829 E2.18137
G1 X112.493 Y116.942 E2.21237
G1 X112.036 Y116.918 E2.22675
G1 X111.135 Y116.727 E2.25569
G1 X110.353 Y116.388 E2.28247
G1 X110.01 Y116.178 E2.29511
G1 X109.359 Y115.641 E2.32163
G1 X106.275 Y118.725 E2.45869
G1 X105.648 Y118.036 E2.48797
G1 X105.112 Y117.298 E2.51663
G1 X104.656 Y116.508 E2.54529
G1 X104.221 Y115.477 E2.58046
G1 X108.171 Y111.527 E2.75601
G1 X108.411 Y110.764 E2.78115
G1 X108.612 Y110.353 E2.79553
G1 X109.093 Y109.651 E2.82227
G1 X109.365 Y109.354 E2.83493
G1 X110.022 Y108.814 E2.86166
G1 X110.408 Y108.582 E2.87581
G1 X111.53 Y108.168 E2.91339
G1 X115.476 Y104.221 E3.08878
G1 X116.362 Y104.582 E3.11885
G1 X117.514 Y105.257 E3.16081
G1 X118.171 Y105.759 E3.18679
G1 X118.725 Y106.275 E3.21058
G1 X115.641 Y109.36 E3.34766
G1 X116.225 Y110.081 E3.37682
G1 X116.454 Y110.477 E3.3912
G1 X116.768 Y111.269 E3.41797
G1 X116.861 Y111.66 E3.4306
G1 X116.942 Y112.507 E3.45734
G1 X116.833 Y113.47 E3.4878
G1 X120.781 Y109.521 E3.66328
G1 X121.149 Y110.824 E3.70583
G1 X121.276 Y111.732 E3.73464
G1 X121.308 Y112.649 E3.76347
G1 X121.245 Y113.564 E3.79229
G1 X121.061 Y114.543 E3.82359
G1 X114.317 Y121.287 E4.12331
G1 E2.12331 F2400
G92 E0
G1 X114.317 Y121.287 Z2.49 F12000
G1 X115.624 Y109.901
G1 Z2.09
G1 E2 F2400
;TYPE:Perimeter
G1 F3600
G1 X115.66 Y109.941 E2.00169
G1 X115.911 Y110.285 E2.01507
G1 X116.12 Y110.649 E2.02826
G1 X116.272 Y110.982 E2.03976
G1 X116.407 Y111.374 E2.05279
G1 X116.493 Y111.73 E2.0643
G1 X116.55 Y112.14 E2.07731
G1 X116.566 Y112.506 E2.08882
G1 X116.544 Y112.925 E2.10201
G1 X116.478 Y113.346 E2.1154
G1 X116.369 Y113.751 E2.12858
G1 X116.242 Y114.09 E2.13996
G1 X116.081 Y114.426 E2.15167
G1 X115.871 Y114.775 E2.16447
G1 X115.619 Y115.109 E2.17762
G1 X115.371 Y115.379 E2.18914
G1 X115.059 Y115.66 E2.20234
G1 X114.715 Y115.911 E2.21572
G1 X114.351 Y116.121 E2.22893
G1 X114.023 Y116.27 E2.24025
G1 X113.683 Y116.39 E2.25158
G1 X113.276 Y116.492 E2.26477
G1 X112.86 Y116.55 E2.27797
G1 X112.494 Y116.566 E2.28948
G1 X112.075 Y116.544 E2.30267
G1 X111.654 Y116.478 E2.31606
G1 X111.249 Y116.369 E2.32924
G1 X110.906 Y116.241 E2.34074
G1 X110.534 Y116.059 E2.35375
G1 X110.221 Y115.868 E2.36527
G1 X109.891 Y115.619 E2.37826
G1 X109.621 Y115.371 E2.38978
G1 X109.34 Y115.059 E2.40298
G1 X109.089 Y114.715 E2.41636
G1 X108.879 Y114.351 E2.42957
G1 X108.73 Y114.023 E2.44089
G1 X108.61 Y113.683 E2.45222
G1 X108.508 Y113.276 E2.46541
G1 X108.45 Y112.86 E2.47861
G1 X108.434 Y112.5 E2.48993
G1 X108.45 Y112.14 E2.50125
G1 X108.508 Y111.724 E2.51445
G1 X108.611 Y111.311 E2.52783
G1 X108.757 Y110.911 E2.54121
G1 X108.941 Y110.534 E2.55439
G1 X109.132 Y110.221 E2.56591
G1 X109.381 Y109.891 E2.5789
G1 X109.629 Y109.621 E2.59042
G1 X109.937 Y109.344 E2.60344
G1 X110.231 Y109.126 E2.61494
G1 X110.586 Y108.912 E2.62797
G1 X110.916 Y108.755 E2.63945
G1 X111.306 Y108.613 E2.65249
G1 X111.66 Y108.521 E2.66398
G1 X112.074 Y108.456 E2.67715
G1 X112.481 Y108.434 E2.68996
G1 X112.859 Y108.449 E2.70185
G1 X113.275 Y108.508 E2.71505
G1 X113.671 Y108.606 E2.72787
G1 X114.027 Y108.731 E2.73973
G1 X114.409 Y108.909 E2.75297
G1 X114.774 Y109.129 E2.76636
G1 X115.109 Y109.381 E2.77953
G1 X115.379 Y109.629 E2.79105
G1 X115.584 Y109.856 E2.80066
G1 X115.39 Y110.206 F12000
G1 F3600
G1 X115.596 Y110.49 E2.81169
G1 X115.787 Y110.821 E2.8237
G1 X115.924 Y111.121 E2.83406
G1 X116.047 Y111.479 E2.84596
G1 X116.124 Y111.8 E2.85633
G1 X116.177 Y112.174 E2.8682
G1 X116.191 Y112.504 E2.87858
G1 X116.171 Y112.886 E2.8906
G1 X116.11 Y113.267 E2.90273
G1 X116.012 Y113.637 E2.91476
G1 X115.897 Y113.943 E2.92503
G1 X115.751 Y114.247 E2.93563
G1 X115.56 Y114.565 E2.94729
G1 X115.33 Y114.869 E2.95927
G1 X115.107 Y115.113 E2.96966
G1 X114.823 Y115.369 E2.98168
G1 X114.51 Y115.596 E2.99383
G1 X114.179 Y115.787 E3.00584
G1 X113.883 Y115.922 E3.01606
G1 X113.575 Y116.031 E3.02633
G1 X113.204 Y116.123 E3.03834
G1 X112.826 Y116.177 E3.05034
G1 X112.496 Y116.191 E3.06072
G1 X112.114 Y116.171 E3.07274
G1 X111.733 Y116.11 E3.08487
G1 X111.363 Y116.012 E3.0969
G1 X111.054 Y115.896 E3.10727
G1 X110.714 Y115.73 E3.11916
G1 X110.433 Y115.558 E3.12951
G1 X110.131 Y115.33 E3.1414
G1 X109.887 Y115.107 E3.15179
G1 X109.631 Y114.823 E3.16381
G1 X109.404 Y114.51 E3.17596
G1 X109.213 Y114.179 E3.18797
G1 X109.078 Y113.883 E3.19819
G1 X108.969 Y113.575 E3.20846
G1 X108.877 Y113.204 E3.22047
G1 X108.823 Y112.826 E3.23247
G1 X108.809 Y112.5 E3.24272
G1 X108.823 Y112.174 E3.25297
G1 X108.877 Y111.796 E3.26497
G1 X108.97 Y111.421 E3.27711
G1 X109.102 Y111.058 E3.28925
G1 X109.27 Y110.714 E3.30128
G1 X109.442 Y110.433 E3.31163
G1 X109.67 Y110.131 E3.32352
G1 X109.893 Y109.887 E3.33391
G1 X110.174 Y109.634 E3.34579
G1 X110.439 Y109.438 E3.35615
G1 X110.764 Y109.243 E3.36806
G1 X111.062 Y109.101 E3.37843
G1 X111.417 Y108.972 E3.3903
G1 X111.737 Y108.889 E3.40069
G1 X112.113 Y108.829 E3.41266
G1 X112.483 Y108.809 E3.4243
G1 X112.825 Y108.823 E3.43506
G1 X113.204 Y108.877 E3.44709
G1 X113.563 Y108.966 E3.45871
G1 X113.886 Y109.079 E3.46946
G1 X114.233 Y109.241 E3.48149
G1 X114.564 Y109.44 E3.49363
G1 X114.869 Y109.67 E3.50563
G1 X115.113 Y109.893 E3.51602
G1 X115.352 Y110.159 E3.52726
G1 X115.352 Y110.159 F12000
G1 X115.087 Y110.428
G1 F3600
G1 X115.281 Y110.694 E3.53761
G1 X115.453 Y110.993 E3.54845
G1 X115.575 Y111.26 E3.55767
G1 X115.686 Y111.584 E3.56843
G1 X115.755 Y111.87 E3.57768
G1 X115.803 Y112.209 E3.58844
G1 X115.816 Y112.502 E3.59766
G1 X115.798 Y112.847 E3.60852
G1 X115.743 Y113.189 E3.61941
G1 X115.654 Y113.522 E3.63024
G1 X115.552 Y113.796 E3.63943
G1 X115.421 Y114.069 E3.64895
G1 X115.249 Y114.354 E3.65941
G1 X115.041 Y114.629 E3.67025
G1 X114.843 Y114.846 E3.67948
G1 X114.587 Y115.077 E3.69032
G1 X114.306 Y115.281 E3.70123
G1 X114.007 Y115.453 E3.71207
G1 X113.742 Y115.574 E3.72122
G1 X113.467 Y115.671 E3.73038
G1 X113.133 Y115.755 E3.7412
G1 X112.791 Y115.803 E3.75205
G1 X112.498 Y115.816 E3.76127
G1 X112.153 Y115.798 E3.77213
G1 X111.811 Y115.743 E3.78302
G1 X111.478 Y115.654 E3.79385
G1 X111.202 Y115.551 E3.80311
G1 X110.895 Y115.401 E3.81385
G1 X110.644 Y115.247 E3.8231
G1 X110.371 Y115.041 E3.83385
G1 X110.154 Y114.843 E3.84308
G1 X109.923 Y114.587 E3.85392
G1 X109.719 Y114.306 E3.86483
G1 X109.547 Y114.007 E3.87567
G1 X109.426 Y113.742 E3.88482
G1 X109.329 Y113.467 E3.89398
G1 X109.245 Y113.133 E3.9048
G1 X109.197 Y112.791 E3.91565
G1 X109.185 Y112.5 E3.9248
G1 X109.197 Y112.209 E3.93395
G1 X109.245 Y111.867 E3.9448
G1 X109.329 Y111.531 E3.95568
G1 X109.448 Y111.204 E3.96662
G1 X109.599 Y110.895 E3.97743
G1 X109.753 Y110.644 E3.98668
G1 X109.959 Y110.371 E3.99743
G1 X110.157 Y110.154 E4.00666
G1 X110.412 Y109.925 E4.01743
G1 X110.648 Y109.75 E4.02666
G1 X110.941 Y109.574 E4.0374
G1 X111.207 Y109.447 E4.04666
G1 X111.528 Y109.33 E4.0574
G1 X111.813 Y109.256 E4.06665
G1 X112.153 Y109.203 E4.07746
G1 X112.486 Y109.185 E4.08794
G1 X112.791 Y109.197 E4.09753
G1 X113.132 Y109.245 E4.10835
G1 X113.456 Y109.325 E4.11884
G1 X113.744 Y109.427 E4.12844
G1 X114.057 Y109.572 E4.13928
G1 X114.354 Y109.751 E4.15018
G1 X114.629 Y109.959 E4.16102
G1 X114.846 Y110.157 E4.17025
G1 X115.048 Y110.382 E4.17975
G1 X115.048 Y110.382 F12000
G1 X114.786 Y110.636
;TYPE:External perimeter
;WIDTH:0.4
G1 F3600
G1 X114.793 Y110.643 E4.18004
G1 X114.974 Y110.893 E4.18922
G1 X115.128 Y111.16 E4.19839
G1 X115.236 Y111.396 E4.20611
G1 X115.336 Y111.686 E4.21524
G1 X115.396 Y111.938 E4.22295
G1 X115.439 Y112.242 E4.23208
G1 X115.45 Y112.501 E4.23979
G1 X115.434 Y112.808 E4.24894
G1 X115.386 Y113.113 E4.25813
G1 X115.306 Y113.411 E4.26731
G1 X115.099 Y113.895 E4.28297
G1 X114.946 Y114.15 E4.29182
G1 X114.761 Y114.396 E4.30098
G1 X114.585 Y114.587 E4.30871
G1 X114.357 Y114.793 E4.31785
G1 X114.107 Y114.974 E4.32703
G1 X113.84 Y115.128 E4.3362
G1 X113.362 Y115.322 E4.35155
G1 X113.063 Y115.396 E4.36071
G1 X112.758 Y115.439 E4.36987
G1 X112.499 Y115.45 E4.37758
G1 X112.192 Y115.434 E4.38673
G1 X111.887 Y115.386 E4.39592
G1 X111.589 Y115.306 E4.4051
G1 X111.346 Y115.215 E4.41282
G1 X111.07 Y115.081 E4.42195
G1 X110.85 Y114.945 E4.42964
G1 X110.604 Y114.761 E4.43878
G1 X110.413 Y114.585 E4.44651
G1 X110.207 Y114.357 E4.45565
G1 X110.026 Y114.107 E4.46483
G1 X109.872 Y113.84 E4.474
G1 X109.678 Y113.362 E4.48935
G1 X109.604 Y113.063 E4.49851
G1 X109.561 Y112.758 E4.50767
G1 X109.561 Y112.242 E4.52302
G1 X109.604 Y111.937 E4.53218
G1 X109.679 Y111.637 E4.54138
G1 X109.784 Y111.347 E4.55056
G1 X109.919 Y111.07 E4.55973
G1 X110.055 Y110.85 E4.56742
G1 X110.239 Y110.604 E4.57656
G1 X110.415 Y110.413 E4.58429
G1 X110.643 Y110.208 E4.59341
G1 X110.851 Y110.054 E4.60111
G1 X111.114 Y109.896 E4.61024
G1 X111.348 Y109.784 E4.61796
G1 X111.637 Y109.679 E4.62711
G1 X111.887 Y109.614 E4.63479
G1 X112.191 Y109.566 E4.64395
G1 X112.488 Y109.55 E4.6528
G1 X112.758 Y109.561 E4.66084
G1 X113.063 Y109.604 E4.67
G1 X113.351 Y109.675 E4.67882
G1 X113.606 Y109.765 E4.68686
G1 X113.885 Y109.895 E4.69602
G1 X114.15 Y110.054 E4.70521
G1 X114.396 Y110.239 E4.71437
G1 X114.587 Y110.415 E4.7221
G1 X114.746 Y110.591 E4.72916
G1 X114.98 Y110.915 F12000
G1 E2.72916 F2400
G92 E0
G1 Z2.49 F12000
G1 X104.06 Y108.879
G1 Z2.09
G1 E2 F2400
;TYPE:Perimeter
;WIDTH:0.42
G1 F4800
G1 X104.245 Y108.474 E2.01399
G1 X104.467 Y108.047 E2.02911
G1 X104.948 Y107.273 E2.05775
G1 X105.473 Y106.586 E2.08492
G1 X106.112 Y105.901 E2.11436
G1 X106.729 Y105.355 E2.14025
G1 X107.498 Y104.797 E2.17011
G1 X108.286 Y104.339 E2.19875
G1 X109.061 Y103.984 E2.22554
G1 X109.826 Y103.714 E2.25103
G1 X110.747 Y103.484 E2.28086
G1 X111.222 Y103.405 E2.29599
G1 X111.7 Y103.35 E2.31111
G1 X112.611 Y103.316 E2.33976
G1 X113.473 Y103.367 E2.3669
G1 X114.398 Y103.514 E2.39633
G1 X115.196 Y103.72 E2.42223
G1 X116.089 Y104.045 E2.45209
G1 X116.526 Y104.245 E2.46719
G1 X116.953 Y104.467 E2.48231
G1 X117.727 Y104.948 E2.51095
G1 X118.414 Y105.473 E2.53812
G1 X119.099 Y106.112 E2.56756
G1 X119.645 Y106.729 E2.59345
G1 X120.203 Y107.498 E2.62331
G1 X120.661 Y108.286 E2.65195
G1 X121.016 Y109.061 E2.67874
G1 X121.287 Y109.826 E2.70424
G1 X121.516 Y110.748 E2.73409
G1 X121.595 Y111.222 E2.74919
G1 X121.65 Y111.699 E2.76428
G1 X121.679 Y112.179 E2.77939
G1 X121.683 Y112.66 E2.79451
G1 X121.617 Y113.608 E2.82437
G1 X121.483 Y114.409 E2.84989
G1 X121.28 Y115.196 E2.87543
G1 X120.955 Y116.089 E2.90529
G1 X120.538 Y116.943 E2.93516
G1 X120.108 Y117.645 E2.96103
G1 X119.536 Y118.404 E2.9909
G1 X118.888 Y119.099 E3.02076
G1 X118.271 Y119.645 E3.04665
G1 X117.502 Y120.203 E3.07651
G1 X116.68 Y120.678 E3.10634
G1 X115.94 Y121.015 E3.13189
G1 X115.174 Y121.286 E3.15742
G1 X114.253 Y121.516 E3.18725
G1 X113.778 Y121.595 E3.20238
G1 X113.301 Y121.65 E3.21747
G1 X112.821 Y121.679 E3.23258
G1 X112.34 Y121.683 E3.2477
G1 X111.392 Y121.617 E3.27756
G1 X110.591 Y121.483 E3.30308
G1 X109.804 Y121.28 E3.32862
G1 X108.922 Y120.959 E3.35812
G1 X108.178 Y120.604 E3.38403
G1 X107.364 Y120.115 E3.41387
G1 X106.972 Y119.835 E3.42901
G1 X106.596 Y119.536 E3.44411
G1 X105.901 Y118.888 E3.47397
G1 X105.355 Y118.271 E3.49986
G1 X104.797 Y117.502 E3.52972
G1 X104.322 Y116.68 E3.55955
G1 X103.98 Y115.93 E3.58545
G1 X103.671 Y115.032 E3.61529
G1 X103.464 Y114.144 E3.64394
G1 X103.349 Y113.288 E3.67108
G1 X103.317 Y112.34 E3.70089
G1 X103.378 Y111.43 E3.72955
G1 X103.517 Y110.589 E3.75634
G1 X103.72 Y109.804 E3.78182
G1 X104.037 Y108.934 E3.81092
G1 X104.037 Y108.934 F12000
G1 X103.719 Y108.723
G1 F4800
G1 X103.908 Y108.309 E3.82522
G1 X104.139 Y107.865 E3.84095
G1 X104.643 Y107.055 E3.87093
G1 X105.183 Y106.348 E3.89889
G1 X105.508 Y105.98 E3.91432
G1 X105.853 Y105.629 E3.92979
G1 X106.49 Y105.066 E3.95651
G1 X106.881 Y104.766 E3.972
G1 X107.293 Y104.482 E3.98773
G1 X108.118 Y104.004 E4.01769
G1 X108.92 Y103.636 E4.04542
G1 X109.713 Y103.356 E4.07185
G1 X110.187 Y103.224 E4.08731
G1 X110.676 Y103.116 E4.10305
G1 X111.17 Y103.033 E4.11879
G1 X111.667 Y102.977 E4.13451
G1 X112.62 Y102.941 E4.16448
G1 X113.508 Y102.994 E4.19244
G1 X113.995 Y103.058 E4.20788
G1 X114.479 Y103.148 E4.22335
G1 X115.303 Y103.361 E4.2501
G1 X115.77 Y103.517 E4.26557
G1 X116.235 Y103.7 E4.28127
G1 X116.691 Y103.908 E4.29702
G1 X117.135 Y104.139 E4.31275
G1 X117.945 Y104.643 E4.34273
G1 X118.652 Y105.183 E4.37069
G1 X119.02 Y105.508 E4.38612
G1 X119.371 Y105.853 E4.40159
G1 X119.934 Y106.49 E4.42831
G1 X120.234 Y106.881 E4.4438
G1 X120.518 Y107.293 E4.45953
G1 X120.996 Y108.118 E4.48949
G1 X121.364 Y108.92 E4.51722
G1 X121.644 Y109.713 E4.54365
G1 X121.776 Y110.187 E4.55911
G1 X121.884 Y110.676 E4.57485
G1 X121.967 Y111.17 E4.59059
G1 X122.023 Y111.667 E4.60631
G1 X122.054 Y112.166 E4.62202
G1 X122.058 Y112.667 E4.63776
G1 X122.037 Y113.167 E4.65349
G1 X121.989 Y113.657 E4.66896
G1 X121.85 Y114.487 E4.69541
G1 X121.639 Y115.303 E4.7219
G1 X121.483 Y115.77 E4.73737
G1 X121.3 Y116.235 E4.75307
G1 X121.092 Y116.691 E4.76882
G1 X120.865 Y117.127 E4.78427
G1 X120.421 Y117.852 E4.81099
G1 X120.135 Y118.253 E4.82647
G1 X119.823 Y118.645 E4.84221
G1 X119.492 Y119.02 E4.85793
G1 X119.147 Y119.371 E4.8734
G1 X118.51 Y119.934 E4.90012
G1 X118.119 Y120.234 E4.91561
G1 X117.707 Y120.518 E4.93134
G1 X117.28 Y120.779 E4.94707
G1 X116.847 Y121.014 E4.96255
G1 X116.081 Y121.363 E4.989
G1 X115.287 Y121.644 E5.01547
G1 X114.813 Y121.776 E5.03093
G1 X114.324 Y121.884 E5.04667
G1 X113.83 Y121.967 E5.06241
G1 X113.333 Y122.023 E5.07813
G1 X112.834 Y122.054 E5.09384
G1 X112.333 Y122.058 E5.10958
G1 X111.833 Y122.037 E5.12531
G1 X111.343 Y121.989 E5.14078
G1 X110.513 Y121.85 E5.16723
G1 X109.697 Y121.639 E5.19372
G1 X109.23 Y121.483 E5.20919
G1 X108.772 Y121.303 E5.22465
G1 X108.005 Y120.937 E5.25136
G1 X107.576 Y120.694 E5.26685
G1 X107.154 Y120.425 E5.28258
G1 X106.747 Y120.135 E5.29828
G1 X106.355 Y119.823 E5.31402
G1 X105.98 Y119.492 E5.32974
G1 X105.629 Y119.147 E5.34521
G1 X105.066 Y118.51 E5.37193
G1 X104.766 Y118.119 E5.38742
G1 X104.482 Y117.707 E5.40315
G1 X104.221 Y117.28 E5.41888
G1 X103.986 Y116.847 E5.43436
G1 X103.633 Y116.073 E5.46109
G1 X103.461 Y115.612 E5.47655
G1 X103.311 Y115.135 E5.49226
G1 X103.094 Y114.206 E5.52224
G1 X102.976 Y113.324 E5.5502
G1 X102.946 Y112.834 E5.56563
G1 X102.942 Y112.333 E5.58137
G1 X103.006 Y111.382 E5.61132
G1 X103.15 Y110.512 E5.63903
G1 X103.361 Y109.697 E5.66549
G1 X103.517 Y109.23 E5.68096
G1 X103.695 Y108.778 E5.69623
G1 X103.695 Y108.778 F12000
G1 X103.378 Y108.568
G1 F4800
G1 X103.571 Y108.145 E5.71084
G1 X103.811 Y107.683 E5.7272
G1 X104.075 Y107.235 E5.74354
G1 X104.337 Y106.838 E5.75849
G1 X104.893 Y106.11 E5.78728
G1 X105.234 Y105.724 E5.80347
G1 X105.595 Y105.357 E5.81965
G1 X106.252 Y104.776 E5.84721
G1 X106.66 Y104.463 E5.86337
G1 X107.089 Y104.168 E5.87973
G1 X107.533 Y103.896 E5.89609
G1 X107.95 Y103.669 E5.91101
G1 X108.779 Y103.289 E5.93967
G1 X109.6 Y102.998 E5.96704
G1 X110.097 Y102.86 E5.98325
G1 X110.604 Y102.748 E5.99957
G1 X111.117 Y102.662 E6.01592
G1 X111.634 Y102.603 E6.03227
G1 X112.154 Y102.571 E6.04864
G1 X112.629 Y102.566 E6.06357
G1 X113.544 Y102.62 E6.09237
G1 X114.054 Y102.687 E6.10853
G1 X114.561 Y102.781 E6.12473
G1 X115.409 Y103.001 E6.15226
G1 X115.898 Y103.164 E6.16846
G1 X116.382 Y103.355 E6.18481
G1 X116.855 Y103.571 E6.20115
G1 X117.317 Y103.811 E6.21751
G1 X117.765 Y104.075 E6.23385
G1 X118.162 Y104.337 E6.2488
G1 X118.89 Y104.893 E6.27759
G1 X119.276 Y105.234 E6.29378
G1 X119.643 Y105.595 E6.30996
G1 X120.224 Y106.252 E6.33752
G1 X120.537 Y106.66 E6.35368
G1 X120.832 Y107.089 E6.37004
G1 X121.104 Y107.533 E6.3864
G1 X121.331 Y107.95 E6.40132
G1 X121.711 Y108.779 E6.42998
G1 X122.002 Y109.6 E6.45735
G1 X122.14 Y110.097 E6.47356
G1 X122.252 Y110.604 E6.48988
G1 X122.338 Y111.117 E6.50623
G1 X122.397 Y111.634 E6.52258
G1 X122.429 Y112.153 E6.53892
G1 X122.433 Y112.673 E6.55526
G1 X122.411 Y113.193 E6.57162
G1 X122.361 Y113.706 E6.58782
G1 X122.217 Y114.565 E6.61519
G1 X121.999 Y115.409 E6.64258
G1 X121.836 Y115.898 E6.65878
G1 X121.645 Y116.382 E6.67513
G1 X121.429 Y116.855 E6.69147
G1 X121.192 Y117.312 E6.70765
G1 X120.733 Y118.06 E6.73523
G1 X120.434 Y118.479 E6.75141
G1 X120.111 Y118.886 E6.76774
G1 X119.766 Y119.276 E6.7841
G1 X119.405 Y119.643 E6.80028
G1 X118.748 Y120.224 E6.82784
G1 X118.34 Y120.537 E6.844
G1 X117.911 Y120.832 E6.86036
G1 X117.467 Y121.104 E6.87672
G1 X117.015 Y121.35 E6.89289
G1 X116.222 Y121.711 E6.92027
G1 X115.4 Y122.002 E6.94767
G1 X114.903 Y122.14 E6.96388
G1 X114.396 Y122.252 E6.9802
G1 X113.883 Y122.338 E6.99655
G1 X113.366 Y122.397 E7.0129
G1 X112.847 Y122.429 E7.02924
G1 X112.327 Y122.433 E7.04558
G1 X111.807 Y122.411 E7.06194
G1 X111.294 Y122.361 E7.07814
G1 X110.435 Y122.217 E7.10551
G1 X109.591 Y121.999 E7.1329
G1 X109.102 Y121.836 E7.1491
G1 X108.623 Y121.647 E7.16528
G1 X107.832 Y121.27 E7.19282
G1 X107.383 Y121.016 E7.20903
G1 X106.944 Y120.736 E7.22539
G1 X106.521 Y120.434 E7.24172
G1 X106.114 Y120.111 E7.25805
G1 X105.724 Y119.766 E7.27441
G1 X105.357 Y119.405 E7.29059
G1 X104.776 Y118.748 E7.31815
G1 X104.463 Y118.34 E7.33431
G1 X104.168 Y117.911 E7.35067
G1 X103.896 Y117.467 E7.36703
G1 X103.65 Y117.015 E7.3832
G1 X103.287 Y116.217 E7.41075
G1 X103.106 Y115.734 E7.42696
G1 X102.95 Y115.238 E7.4433
G1 X102.82 Y114.734 E7.45966
G1 X102.724 Y114.269 E7.47458
G1 X102.603 Y113.36 E7.5034
G1 X102.571 Y112.847 E7.51955
G1 X102.567 Y112.327 E7.53589
G1 X102.589 Y111.807 E7.55225
G1 X102.634 Y111.333 E7.56721
G1 X102.783 Y110.434 E7.59585
G1 X103.001 Y109.591 E7.62321
G1 X103.164 Y109.102 E7.63941
G1 X103.353 Y108.622 E7.65562
G1 X103.353 Y108.622 F12000
G1 X103.046 Y108.416
;TYPE:External perimeter
;WIDTH:0.4
G1 F2400
G1 X103.242 Y107.985 E7.66971
G1 X103.491 Y107.506 E7.68577
G1 X103.765 Y107.042 E7.7018
G1 X104.039 Y106.627 E7.71659
G1 X104.611 Y105.878 E7.74463
G1 X104.967 Y105.475 E7.76063
G1 X105.344 Y105.092 E7.77662
G1 X106.019 Y104.494 E7.80345
G1 X106.446 Y104.167 E7.81945
G1 X106.89 Y103.862 E7.83547
G1 X107.35 Y103.58 E7.85152
G1 X107.787 Y103.342 E7.86632
G1 X108.642 Y102.95 E7.8943
G1 X109.49 Y102.65 E7.92106
G1 X110.008 Y102.506 E7.93705
G1 X110.535 Y102.389 E7.95311
G1 X111.067 Y102.3 E7.96916
G1 X111.602 Y102.239 E7.98518
G1 X112.141 Y102.206 E8.00124
G1 X112.638 Y102.201 E8.01603
G1 X113.579 Y102.257 E8.04407
G1 X114.111 Y102.327 E8.06003
G1 X114.64 Y102.425 E8.07603
G1 X115.513 Y102.651 E8.10286
G1 X116.023 Y102.821 E8.11885
G1 X116.525 Y103.019 E8.1349
G1 X117.015 Y103.242 E8.15092
G1 X117.494 Y103.491 E8.16698
G1 X117.958 Y103.765 E8.18301
G1 X118.373 Y104.039 E8.1978
G1 X119.122 Y104.611 E8.22584
G1 X119.525 Y104.967 E8.24184
G1 X119.908 Y105.344 E8.25783
G1 X120.506 Y106.019 E8.28466
G1 X120.833 Y106.446 E8.30066
G1 X121.138 Y106.89 E8.31668
G1 X121.42 Y107.35 E8.33273
G1 X121.658 Y107.787 E8.34753
G1 X122.05 Y108.642 E8.37551
G1 X122.35 Y109.49 E8.40227
G1 X122.494 Y110.008 E8.41826
G1 X122.611 Y110.535 E8.43432
G1 X122.7 Y111.067 E8.45037
G1 X122.761 Y111.602 E8.46639
G1 X122.794 Y112.141 E8.48245
G1 X122.798 Y112.68 E8.49849
G1 X122.775 Y113.219 E8.51454
G1 X122.723 Y113.754 E8.53053
G1 X122.575 Y114.641 E8.55728
G1 X122.349 Y115.513 E8.58408
G1 X122.179 Y116.023 E8.60007
G1 X121.981 Y116.524 E8.6161
G1 X121.758 Y117.015 E8.63214
G1 X121.509 Y117.492 E8.64815
G1 X121.038 Y118.261 E8.67498
G1 X120.726 Y118.699 E8.69098
G1 X120.39 Y119.121 E8.70703
G1 X120.033 Y119.525 E8.72307
G1 X119.656 Y119.908 E8.73906
G1 X118.981 Y120.506 E8.76589
G1 X118.554 Y120.833 E8.78189
G1 X118.11 Y121.138 E8.79791
G1 X117.65 Y121.42 E8.81396
G1 X117.178 Y121.676 E8.82993
G1 X116.358 Y122.05 E8.85674
G1 X115.51 Y122.35 E8.8835
G1 X114.992 Y122.494 E8.89949
G1 X114.465 Y122.611 E8.91555
G1 X113.933 Y122.7 E8.9316
G1 X113.398 Y122.761 E8.94762
G1 X112.859 Y122.794 E8.96368
G1 X112.32 Y122.798 E8.97972
G1 X111.781 Y122.775 E8.99577
G1 X111.247 Y122.723 E9.01173
G1 X110.359 Y122.575 E9.03851
G1 X109.487 Y122.349 E9.06531
G1 X108.977 Y122.179 E9.0813
G1 X108.477 Y121.982 E9.09729
G1 X107.663 Y121.593 E9.12413
G1 X107.195 Y121.329 E9.14011
G1 X106.74 Y121.039 E9.15616
G1 X106.301 Y120.726 E9.1722
G1 X105.879 Y120.39 E9.18825
G1 X105.475 Y120.033 E9.20429
G1 X105.092 Y119.656 E9.22028
G1 X104.494 Y118.981 E9.24711
G1 X104.167 Y118.554 E9.26311
G1 X103.862 Y118.11 E9.27913
G1 X103.58 Y117.65 E9.29518
G1 X103.324 Y117.178 E9.31115
G1 X102.949 Y116.357 E9.338
G1 X102.761 Y115.853 E9.354
G1 X102.599 Y115.339 E9.37003
G1 X102.464 Y114.817 E9.38607
G1 X102.364 Y114.33 E9.40086
G1 X102.239 Y113.396 E9.42889
G1 X102.206 Y112.859 E9.4449
G1 X102.202 Y112.32 E9.46094
G1 X102.225 Y111.781 E9.47699
G1 X102.272 Y111.286 E9.49178
G1 X102.425 Y110.358 E9.51976
G1 X102.651 Y109.487 E9.54653
G1 X102.821 Y108.977 E9.56252
G1 X103.019 Y108.475 E9.57857
G1 X103.021 Y108.471 E9.5787
G1 X103.187 Y108.107 F12000
;LAYER_CHANGE
;Z:2.3
;HEIGHT:0.21
G1 Z2.3 F12000
G1 E7.5787 F2400
G92 E0
G1 Z2.7 F12000
G1 X103.713 Y114.317
G1 Z2.3
G1 E2 F2400
G92 E0
;TYPE:Internal infill
;WIDTH:0.42
G1 F6000
G1 X110.685 Y121.29 E.30987
G1 E-1.69013 F2400
G92 E0
G1 X110.685 Y121.29 Z2.7 F12000
G1 X120.911 Y115.608
G1 Z2.3
G1 E2 F2400
G1 F6000
G1 X116.829 Y111.527 E2.18139
G1 X116.942 Y112.505 E2.21233
G1 X116.918 Y112.964 E2.22677
G1 X116.727 Y113.866 E2.25574
G1 X116.388 Y114.647 E2.2825
G1 X116.178 Y114.99 E2.29514
G1 X115.641 Y115.641 E2.32166
G1 X118.725 Y118.725 E2.45872
G1 X118.036 Y119.352 E2.488
G1 X117.298 Y119.888 E2.51666
G1 X116.508 Y120.345 E2.54534
G1 X115.479 Y120.781 E2.58046
G1 X111.53 Y116.833 E2.75594
G1 X110.758 Y116.586 E2.78141
G1 X110.353 Y116.388 E2.79558
G1 X109.651 Y115.907 E2.82232
G1 X109.354 Y115.635 E2.83498
G1 X108.814 Y114.978 E2.86171
G1 X108.578 Y114.585 E2.87612
G1 X108.381 Y114.164 E2.89073
G1 X108.17 Y113.473 E2.91343
G1 X104.219 Y109.521 E3.08904
G1 X104.795 Y108.229 E3.13349
G1 X105.255 Y107.489 E3.16087
G1 X105.76 Y106.829 E3.18699
G1 X106.276 Y106.276 E3.21076
G1 X109.359 Y109.359 E3.34777
G1 X110.022 Y108.814 E3.37474
G1 X110.408 Y108.582 E3.38889
G1 X111.18 Y108.259 E3.41519
G1 X112.034 Y108.083 E3.44259
G1 X112.477 Y108.058 E3.45653
G1 X113.473 Y108.171 E3.48803
G1 X109.521 Y104.219 E3.66366
G1 X109.934 Y104.073 E3.67743
G1 X111.274 Y103.776 E3.72056
G1 X112.603 Y103.692 E3.76241
G1 X113.433 Y103.74 E3.78854
G1 X114.543 Y103.939 E3.82398
G1 X121.281 Y110.676 E4.12341
G1 E2.12341 F2400
G92 E0
G1 X121.281 Y110.676 Z2.7 F12000
G1 X115.623 Y109.899
G1 Z2.3
G1 E2 F2400
;TYPE:Perimeter
G1 F3600
G1 X115.656 Y109.937 E2.00158
G1 X115.874 Y110.231 E2.01308
G1 X116.09 Y110.59 E2.02625
G1 X116.262 Y110.958 E2.03902
G1 X116.39 Y111.315 E2.05094
G1 X116.492 Y111.723 E2.06416
G1 X116.549 Y112.125 E2.07692
G1 X116.566 Y112.504 E2.08884
G1 X116.544 Y112.925 E2.10209
G1 X116.478 Y113.346 E2.11548
G1 X116.369 Y113.751 E2.12866
G1 X116.241 Y114.094 E2.14016
G1 X116.059 Y114.466 E2.15317
G1 X115.868 Y114.779 E2.16469
G1 X115.619 Y115.109 E2.17768
G1 X115.371 Y115.379 E2.1892
G1 X115.059 Y115.66 E2.2024
G1 X114.715 Y115.911 E2.21578
G1 X114.351 Y116.121 E2.22899
G1 X114.019 Y116.272 E2.24045
G1 X113.64 Y116.403 E2.25305
G1 X113.272 Y116.492 E2.26495
G1 X112.86 Y116.55 E2.27802
G1 X112.494 Y116.566 E2.28953
G1 X112.075 Y116.544 E2.30272
G1 X111.654 Y116.478 E2.31611
G1 X111.249 Y116.369 E2.32929
G1 X110.906 Y116.241 E2.34079
G1 X110.534 Y116.059 E2.3538
G1 X110.221 Y115.868 E2.36532
G1 X109.891 Y115.619 E2.37831
G1 X109.621 Y115.371 E2.38983
G1 X109.344 Y115.064 E2.40282
G1 X109.126 Y114.769 E2.41435
G1 X108.909 Y114.409 E2.42756
G1 X108.73 Y114.023 E2.44093
G1 X108.593 Y113.626 E2.45413
G1 X108.507 Y113.27 E2.46564
G1 X108.45 Y112.86 E2.47865
G1 X108.434 Y112.494 E2.49016
G1 X108.456 Y112.076 E2.50331
G1 X108.518 Y111.674 E2.51609
G1 X108.613 Y111.307 E2.528
G1 X108.757 Y110.911 E2.54124
G1 X108.941 Y110.534 E2.55442
G1 X109.132 Y110.221 E2.56594
G1 X109.381 Y109.891 E2.57893
G1 X109.629 Y109.621 E2.59045
G1 X109.936 Y109.344 E2.60344
G1 X110.231 Y109.126 E2.61497
G1 X110.586 Y108.912 E2.628
G1 X110.915 Y108.755 E2.63946
G1 X111.292 Y108.617 E2.65208
G1 X111.659 Y108.522 E2.66399
G1 X112.074 Y108.456 E2.6772
G1 X112.48 Y108.434 E2.68998
G1 X112.859 Y108.449 E2.7019
G1 X113.276 Y108.508 E2.71513
G1 X113.683 Y108.61 E2.72832
G1 X114.029 Y108.732 E2.73985
G1 X114.408 Y108.909 E2.753
G1 X114.757 Y109.118 E2.76578
G1 X115.062 Y109.342 E2.77767
G1 X115.376 Y109.625 E2.79095
G1 X115.583 Y109.855 E2.80067
G1 X115.583 Y109.855 F12000
G1 X115.344 Y110.149
G1 F3600
G1 X115.366 Y110.174 E2.80172
G1 X115.562 Y110.439 E2.81208
G1 X115.759 Y110.766 E2.82408
G1 X115.915 Y111.101 E2.83569
G1 X116.031 Y111.424 E2.84648
G1 X116.123 Y111.795 E2.85849
G1 X116.175 Y112.161 E2.87011
G1 X116.191 Y112.503 E2.88087
G1 X116.171 Y112.886 E2.89292
G1 X116.11 Y113.267 E2.90505
G1 X116.012 Y113.637 E2.91708
G1 X115.896 Y113.946 E2.92745
G1 X115.73 Y114.286 E2.93934
G1 X115.558 Y114.567 E2.94969
G1 X115.33 Y114.869 E2.96158
G1 X115.107 Y115.113 E2.97197
G1 X114.823 Y115.369 E2.98399
G1 X114.51 Y115.596 E2.99614
G1 X114.179 Y115.787 E3.00815
G1 X113.88 Y115.923 E3.01847
G1 X113.534 Y116.043 E3.02998
G1 X113.201 Y116.124 E3.04075
G1 X112.826 Y116.177 E3.05265
G1 X112.496 Y116.191 E3.06303
G1 X112.114 Y116.171 E3.07505
G1 X111.733 Y116.11 E3.08718
G1 X111.363 Y116.012 E3.09921
G1 X111.054 Y115.896 E3.10958
G1 X110.714 Y115.73 E3.12147
G1 X110.433 Y115.558 E3.13182
G1 X110.131 Y115.33 E3.14371
G1 X109.887 Y115.107 E3.1541
G1 X109.634 Y114.826 E3.16598
G1 X109.438 Y114.561 E3.17634
G1 X109.241 Y114.233 E3.18836
G1 X109.078 Y113.883 E3.20049
G1 X108.953 Y113.521 E3.21253
G1 X108.876 Y113.2 E3.2229
G1 X108.823 Y112.826 E3.23477
G1 X108.809 Y112.496 E3.24515
G1 X108.829 Y112.115 E3.25714
G1 X108.886 Y111.75 E3.26875
G1 X108.971 Y111.418 E3.27952
G1 X109.102 Y111.058 E3.29156
G1 X109.27 Y110.714 E3.30359
G1 X109.442 Y110.433 E3.31394
G1 X109.67 Y110.131 E3.32583
G1 X109.893 Y109.887 E3.33622
G1 X110.174 Y109.634 E3.3481
G1 X110.439 Y109.438 E3.35846
G1 X110.764 Y109.243 E3.37037
G1 X111.061 Y109.101 E3.38072
G1 X111.404 Y108.976 E3.39219
G1 X111.735 Y108.889 E3.40295
G1 X112.113 Y108.829 E3.41498
G1 X112.482 Y108.809 E3.42659
G1 X112.825 Y108.823 E3.43738
G1 X113.204 Y108.877 E3.44941
G1 X113.575 Y108.969 E3.46142
G1 X113.886 Y109.079 E3.47179
G1 X114.232 Y109.241 E3.4838
G1 X114.549 Y109.43 E3.4954
G1 X114.825 Y109.633 E3.50617
G1 X115.11 Y109.89 E3.51823
G1 X115.303 Y110.105 E3.52731
G1 X115.303 Y110.105 F12000
G1 X115.064 Y110.399
G1 F3600
G1 X115.075 Y110.412 E3.52785
G1 X115.25 Y110.648 E3.53708
G1 X115.427 Y110.943 E3.54789
G1 X115.568 Y111.244 E3.55834
G1 X115.671 Y111.532 E3.56795
G1 X115.755 Y111.867 E3.5788
G1 X115.802 Y112.196 E3.58924
G1 X115.816 Y112.502 E3.59887
G1 X115.798 Y112.847 E3.60973
G1 X115.743 Y113.189 E3.62062
G1 X115.654 Y113.522 E3.63145
G1 X115.551 Y113.798 E3.64071
G1 X115.401 Y114.105 E3.65145
G1 X115.247 Y114.356 E3.6607
G1 X115.041 Y114.629 E3.67145
G1 X114.843 Y114.846 E3.68068
G1 X114.587 Y115.077 E3.69152
G1 X114.306 Y115.281 E3.70243
G1 X114.007 Y115.453 E3.71327
G1 X113.74 Y115.575 E3.72249
G1 X113.429 Y115.683 E3.73284
G1 X113.131 Y115.755 E3.74247
G1 X112.791 Y115.803 E3.75326
G1 X112.498 Y115.816 E3.76248
G1 X112.153 Y115.798 E3.77334
G1 X111.811 Y115.743 E3.78423
G1 X111.478 Y115.654 E3.79506
G1 X111.202 Y115.551 E3.80432
G1 X110.895 Y115.401 E3.81506
G1 X110.644 Y115.247 E3.82431
G1 X110.371 Y115.041 E3.83506
G1 X110.154 Y114.843 E3.84429
G1 X109.925 Y114.589 E3.85504
G1 X109.75 Y114.352 E3.8643
G1 X109.572 Y114.057 E3.87513
G1 X109.426 Y113.742 E3.88604
G1 X109.314 Y113.416 E3.89687
G1 X109.245 Y113.13 E3.90612
G1 X109.197 Y112.791 E3.91688
G1 X109.184 Y112.498 E3.9261
G1 X109.202 Y112.154 E3.93693
G1 X109.254 Y111.826 E3.94737
G1 X109.33 Y111.529 E3.957
G1 X109.448 Y111.204 E3.96787
G1 X109.599 Y110.895 E3.97868
G1 X109.753 Y110.644 E3.98793
G1 X109.959 Y110.371 E3.99868
G1 X110.157 Y110.154 E4.00791
G1 X110.411 Y109.925 E4.01866
G1 X110.648 Y109.75 E4.02792
G1 X110.941 Y109.574 E4.03866
G1 X111.206 Y109.447 E4.04789
G1 X111.516 Y109.334 E4.05826
G1 X111.812 Y109.256 E4.06788
G1 X112.153 Y109.203 E4.07872
G1 X112.485 Y109.185 E4.08917
G1 X112.791 Y109.197 E4.09879
G1 X113.133 Y109.245 E4.10964
G1 X113.467 Y109.329 E4.12046
G1 X113.744 Y109.427 E4.12969
G1 X114.056 Y109.572 E4.1405
G1 X114.341 Y109.743 E4.15094
G1 X114.588 Y109.924 E4.16056
G1 X114.845 Y110.155 E4.17142
G1 X115.024 Y110.355 E4.17985
G1 X115.024 Y110.355 F12000
G1 X114.785 Y110.635
;TYPE:External perimeter
;WIDTH:0.4
G1 F3600
G1 X114.792 Y110.643 E4.18017
G1 X114.946 Y110.851 E4.18787
G1 X115.105 Y111.115 E4.19704
G1 X115.23 Y111.383 E4.20584
G1 X115.322 Y111.638 E4.2139
G1 X115.396 Y111.937 E4.22306
G1 X115.438 Y112.23 E4.23187
G1 X115.45 Y112.501 E4.23994
G1 X115.434 Y112.808 E4.24909
G1 X115.386 Y113.113 E4.25828
G1 X115.306 Y113.411 E4.26746
G1 X115.215 Y113.654 E4.27518
G1 X115.081 Y113.93 E4.28431
G1 X114.945 Y114.15 E4.292
G1 X114.761 Y114.396 E4.30114
G1 X114.585 Y114.587 E4.30887
G1 X114.357 Y114.793 E4.31801
G1 X114.107 Y114.974 E4.32719
G1 X113.84 Y115.128 E4.33636
G1 X113.605 Y115.236 E4.34405
G1 X113.326 Y115.332 E4.35283
G1 X113.062 Y115.396 E4.36091
G1 X112.758 Y115.439 E4.37004
G1 X112.499 Y115.45 E4.37775
G1 X112.192 Y115.434 E4.3869
G1 X111.887 Y115.386 E4.39609
G1 X111.589 Y115.306 E4.40527
G1 X111.346 Y115.215 E4.41299
G1 X111.07 Y115.081 E4.42212
G1 X110.85 Y114.945 E4.42981
G1 X110.604 Y114.761 E4.43895
G1 X110.413 Y114.585 E4.44668
G1 X110.208 Y114.357 E4.4558
G1 X110.054 Y114.149 E4.4635
G1 X109.895 Y113.885 E4.47267
G1 X109.765 Y113.605 E4.48185
G1 X109.664 Y113.314 E4.49101
G1 X109.604 Y113.062 E4.49872
G1 X109.561 Y112.758 E4.50785
G1 X109.55 Y112.499 E4.51556
G1 X109.566 Y112.192 E4.52471
G1 X109.612 Y111.899 E4.53353
G1 X109.679 Y111.637 E4.54158
G1 X109.784 Y111.347 E4.55076
G1 X109.919 Y111.07 E4.55993
G1 X110.055 Y110.85 E4.56762
G1 X110.239 Y110.604 E4.57676
G1 X110.415 Y110.413 E4.58449
G1 X110.643 Y110.208 E4.59361
G1 X110.851 Y110.054 E4.60131
G1 X111.114 Y109.896 E4.61044
G1 X111.348 Y109.784 E4.61816
G1 X111.625 Y109.683 E4.62693
G1 X111.887 Y109.614 E4.63499
G1 X112.191 Y109.566 E4.64415
G1 X112.487 Y109.55 E4.65297
G1 X112.758 Y109.561 E4.66104
G1 X113.063 Y109.604 E4.6702
G1 X113.362 Y109.678 E4.67936
G1 X113.606 Y109.765 E4.68707
G1 X113.885 Y109.895 E4.69623
G1 X114.139 Y110.047 E4.70504
G1 X114.357 Y110.208 E4.7131
G1 X114.586 Y110.414 E4.72226
G1 X114.745 Y110.59 E4.72932
G1 X114.979 Y110.914 F12000
G1 E2.72932 F2400
G92 E0
G1 Z2.7 F12000
G1 X104.057 Y108.886
G1 Z2.3
G1 E2 F2400
;TYPE:Perimeter
;WIDTH:0.42
G1 F4800
G1 X104.467 Y108.047 E2.02935
G1 X104.946 Y107.276 E2.05787
G1 X105.473 Y106.586 E2.08515
G1 X106.12 Y105.893 E2.11494
G1 X106.836 Y105.27 E2.14477
G1 X107.507 Y104.791 E2.17068
G1 X108.283 Y104.341 E2.19887
G1 X109.061 Y103.984 E2.22577
G1 X109.826 Y103.714 E2.25126
G1 X110.748 Y103.484 E2.28112
G1 X111.222 Y103.405 E2.29622
G1 X111.699 Y103.35 E2.31131
G1 X112.607 Y103.316 E2.33986
G1 X113.473 Y103.367 E2.36712
G1 X114.398 Y103.514 E2.39655
G1 X115.196 Y103.72 E2.42245
G1 X116.089 Y104.045 E2.45231
G1 X116.526 Y104.245 E2.46741
G1 X116.953 Y104.467 E2.48253
G1 X117.724 Y104.946 E2.51105
G1 X118.414 Y105.473 E2.53833
G1 X119.099 Y106.112 E2.56777
G1 X119.645 Y106.729 E2.59366
G1 X120.196 Y107.488 E2.62313
G1 X120.615 Y108.198 E2.64904
G1 X121.016 Y109.059 E2.67889
G1 X121.184 Y109.51 E2.69401
G1 X121.329 Y109.968 E2.70911
G1 X121.543 Y110.894 E2.73898
G1 X121.651 Y111.711 E2.76488
G1 X121.683 Y112.66 E2.79472
G1 X121.617 Y113.608 E2.82458
G1 X121.481 Y114.421 E2.85048
G1 X121.235 Y115.338 E2.88032
G1 X120.895 Y116.225 E2.91017
G1 X120.527 Y116.963 E2.93609
G1 X120.03 Y117.759 E2.96558
G1 X119.528 Y118.412 E2.99146
G1 X118.888 Y119.099 E3.02097
G1 X118.271 Y119.645 E3.04686
G1 X117.502 Y120.203 E3.07672
G1 X116.68 Y120.678 E3.10655
G1 X115.94 Y121.015 E3.1321
G1 X115.174 Y121.286 E3.15763
G1 X114.253 Y121.516 E3.18746
G1 X113.778 Y121.595 E3.20259
G1 X113.301 Y121.65 E3.21768
G1 X112.821 Y121.679 E3.23279
G1 X112.34 Y121.683 E3.24791
G1 X111.392 Y121.617 E3.27777
G1 X110.591 Y121.483 E3.30329
G1 X109.804 Y121.28 E3.32883
G1 X108.922 Y120.959 E3.35833
G1 X108.178 Y120.604 E3.38424
G1 X107.364 Y120.115 E3.41408
G1 X106.972 Y119.835 E3.42922
G1 X106.596 Y119.536 E3.44432
G1 X105.901 Y118.888 E3.47418
G1 X105.355 Y118.271 E3.50007
G1 X104.797 Y117.502 E3.52993
G1 X104.341 Y116.717 E3.55846
G1 X103.984 Y115.939 E3.58536
G1 X103.714 Y115.174 E3.61085
G1 X103.484 Y114.253 E3.64068
G1 X103.405 Y113.778 E3.65581
G1 X103.35 Y113.301 E3.6709
G1 X103.321 Y112.821 E3.68601
G1 X103.317 Y112.34 E3.70113
G1 X103.378 Y111.434 E3.72967
G1 X103.519 Y110.578 E3.75693
G1 X103.762 Y109.673 E3.78638
G1 X104.035 Y108.942 E3.8109
G1 X104.035 Y108.942 F12000
G1 X103.716 Y108.731
G1 F4800
G1 X103.908 Y108.309 E3.82547
G1 X104.139 Y107.865 E3.8412
G1 X104.64 Y107.059 E3.87102
G1 X105.183 Y106.348 E3.89913
G1 X105.508 Y105.98 E3.91456
G1 X105.859 Y105.623 E3.93029
G1 X106.228 Y105.285 E3.94602
G1 X106.608 Y104.972 E3.96149
G1 X107.3 Y104.478 E3.98821
G1 X108.115 Y104.006 E4.01781
G1 X108.92 Y103.636 E4.04565
G1 X109.713 Y103.356 E4.07208
G1 X110.187 Y103.224 E4.08754
G1 X110.676 Y103.116 E4.10328
G1 X111.17 Y103.033 E4.11902
G1 X111.667 Y102.977 E4.13474
G1 X112.616 Y102.941 E4.16458
G1 X113.509 Y102.994 E4.19269
G1 X113.996 Y103.058 E4.20813
G1 X114.479 Y103.148 E4.22357
G1 X115.303 Y103.361 E4.25032
G1 X115.77 Y103.517 E4.26579
G1 X116.235 Y103.7 E4.28149
G1 X116.691 Y103.908 E4.29724
G1 X117.135 Y104.139 E4.31297
G1 X117.941 Y104.64 E4.34279
G1 X118.652 Y105.183 E4.3709
G1 X119.02 Y105.508 E4.38633
G1 X119.371 Y105.853 E4.4018
G1 X119.934 Y106.49 E4.42852
G1 X120.234 Y106.881 E4.44401
G1 X120.513 Y107.287 E4.45949
G1 X120.944 Y108.019 E4.48618
G1 X121.164 Y108.46 E4.50167
G1 X121.364 Y108.919 E4.5174
G1 X121.539 Y109.388 E4.53313
G1 X121.689 Y109.865 E4.54884
G1 X121.815 Y110.349 E4.56456
G1 X121.913 Y110.832 E4.58005
G1 X122.024 Y111.675 E4.60677
G1 X122.054 Y112.166 E4.62223
G1 X122.058 Y112.667 E4.63797
G1 X122.037 Y113.167 E4.6537
G1 X121.989 Y113.657 E4.66917
G1 X121.849 Y114.496 E4.6959
G1 X121.734 Y114.974 E4.71135
G1 X121.592 Y115.454 E4.72708
G1 X121.425 Y115.926 E4.74281
G1 X121.236 Y116.381 E4.75829
G1 X120.857 Y117.142 E4.78501
G1 X120.607 Y117.566 E4.80048
G1 X120.335 Y117.976 E4.81594
G1 X119.818 Y118.651 E4.84266
G1 X119.492 Y119.02 E4.85813
G1 X119.147 Y119.371 E4.8736
G1 X118.51 Y119.934 E4.90032
G1 X118.119 Y120.234 E4.91581
G1 X117.707 Y120.518 E4.93154
G1 X117.28 Y120.779 E4.94727
G1 X116.847 Y121.014 E4.96275
G1 X116.081 Y121.363 E4.9892
G1 X115.287 Y121.644 E5.01567
G1 X114.813 Y121.776 E5.03113
G1 X114.324 Y121.884 E5.04687
G1 X113.83 Y121.967 E5.06261
G1 X113.333 Y122.023 E5.07833
G1 X112.834 Y122.054 E5.09404
G1 X112.333 Y122.058 E5.10978
G1 X111.833 Y122.037 E5.12551
G1 X111.343 Y121.989 E5.14098
G1 X110.513 Y121.85 E5.16743
G1 X109.697 Y121.639 E5.19392
G1 X109.23 Y121.483 E5.20939
G1 X108.772 Y121.303 E5.22485
G1 X108.005 Y120.937 E5.25156
G1 X107.576 Y120.694 E5.26705
G1 X107.154 Y120.425 E5.28278
G1 X106.747 Y120.135 E5.29848
G1 X106.355 Y119.823 E5.31422
G1 X105.98 Y119.492 E5.32994
G1 X105.629 Y119.147 E5.34541
G1 X105.066 Y118.51 E5.37213
G1 X104.766 Y118.119 E5.38762
G1 X104.482 Y117.707 E5.40335
G1 X104.006 Y116.885 E5.4332
G1 X103.636 Y116.08 E5.46104
G1 X103.356 Y115.287 E5.48747
G1 X103.224 Y114.813 E5.50293
G1 X103.116 Y114.324 E5.51867
G1 X103.033 Y113.83 E5.53441
G1 X102.977 Y113.333 E5.55013
G1 X102.946 Y112.834 E5.56584
G1 X102.942 Y112.333 E5.58158
G1 X103.006 Y111.386 E5.61141
G1 X103.151 Y110.503 E5.63953
G1 X103.266 Y110.026 E5.65495
G1 X103.406 Y109.554 E5.67042
G1 X103.693 Y108.786 E5.69618
G1 X103.693 Y108.786 F12000
G1 X103.374 Y108.575
G1 F4800
G1 X103.571 Y108.145 E5.71104
G1 X103.811 Y107.683 E5.7274
G1 X104.075 Y107.235 E5.74374
G1 X104.334 Y106.842 E5.75853
G1 X104.893 Y106.11 E5.78747
G1 X105.234 Y105.724 E5.80366
G1 X105.599 Y105.353 E5.82002
G1 X105.982 Y105.002 E5.83635
G1 X106.38 Y104.674 E5.85256
G1 X107.093 Y104.165 E5.88009
G1 X107.533 Y103.896 E5.8963
G1 X107.947 Y103.67 E5.91112
G1 X108.779 Y103.289 E5.93988
G1 X109.6 Y102.998 E5.96725
G1 X110.097 Y102.86 E5.98346
G1 X110.604 Y102.748 E5.99978
G1 X111.117 Y102.662 E6.01613
G1 X111.634 Y102.603 E6.03248
G1 X112.154 Y102.571 E6.04885
G1 X112.625 Y102.566 E6.06365
G1 X113.544 Y102.62 E6.09258
G1 X114.054 Y102.687 E6.10874
G1 X114.561 Y102.781 E6.12494
G1 X115.409 Y103.001 E6.15247
G1 X115.898 Y103.164 E6.16867
G1 X116.382 Y103.355 E6.18502
G1 X116.855 Y103.571 E6.20136
G1 X117.317 Y103.811 E6.21772
G1 X117.765 Y104.075 E6.23406
G1 X118.158 Y104.334 E6.24885
G1 X118.89 Y104.893 E6.27779
G1 X119.276 Y105.234 E6.29398
G1 X119.643 Y105.595 E6.31016
G1 X120.224 Y106.252 E6.33772
G1 X120.537 Y106.66 E6.35388
G1 X120.829 Y107.085 E6.37008
G1 X121.274 Y107.84 E6.39762
G1 X121.504 Y108.301 E6.41381
G1 X121.711 Y108.778 E6.43015
G1 X121.894 Y109.266 E6.44653
G1 X122.05 Y109.762 E6.46287
G1 X122.18 Y110.265 E6.4792
G1 X122.283 Y110.77 E6.4954
G1 X122.397 Y111.639 E6.52294
G1 X122.429 Y112.153 E6.53912
G1 X122.433 Y112.673 E6.55546
G1 X122.411 Y113.193 E6.57182
G1 X122.361 Y113.706 E6.58802
G1 X122.217 Y114.57 E6.61555
G1 X122.096 Y115.071 E6.63175
G1 X121.949 Y115.57 E6.6481
G1 X121.775 Y116.06 E6.66444
G1 X121.578 Y116.536 E6.68063
G1 X121.187 Y117.321 E6.70819
G1 X120.925 Y117.765 E6.72439
G1 X120.641 Y118.194 E6.74056
G1 X120.107 Y118.89 E6.76813
G1 X119.766 Y119.276 E6.78432
G1 X119.405 Y119.643 E6.8005
G1 X118.748 Y120.224 E6.82806
G1 X118.34 Y120.537 E6.84422
G1 X117.911 Y120.832 E6.86058
G1 X117.467 Y121.104 E6.87694
G1 X117.015 Y121.35 E6.89311
G1 X116.222 Y121.711 E6.92049
G1 X115.4 Y122.002 E6.94789
G1 X114.903 Y122.14 E6.9641
G1 X114.396 Y122.252 E6.98042
G1 X113.883 Y122.338 E6.99677
G1 X113.366 Y122.397 E7.01312
G1 X112.847 Y122.429 E7.02946
G1 X112.327 Y122.433 E7.0458
G1 X111.807 Y122.411 E7.06216
G1 X111.294 Y122.361 E7.07836
G1 X110.435 Y122.217 E7.10573
G1 X109.591 Y121.999 E7.13312
G1 X109.102 Y121.836 E7.14932
G1 X108.623 Y121.647 E7.1655
G1 X107.832 Y121.27 E7.19304
G1 X107.383 Y121.016 E7.20925
G1 X106.944 Y120.736 E7.22561
G1 X106.521 Y120.434 E7.24194
G1 X106.114 Y120.111 E7.25827
G1 X105.724 Y119.766 E7.27463
G1 X105.357 Y119.405 E7.29081
G1 X104.776 Y118.748 E7.31837
G1 X104.463 Y118.34 E7.33453
G1 X104.168 Y117.911 E7.35089
G1 X103.896 Y117.467 E7.36725
G1 X103.67 Y117.053 E7.38207
G1 X103.289 Y116.221 E7.41083
G1 X102.998 Y115.4 E7.4382
G1 X102.86 Y114.903 E7.45441
G1 X102.748 Y114.396 E7.47073
G1 X102.662 Y113.883 E7.48708
G1 X102.603 Y113.366 E7.50343
G1 X102.571 Y112.847 E7.51977
G1 X102.567 Y112.327 E7.53611
G1 X102.589 Y111.807 E7.55247
G1 X102.634 Y111.337 E7.56731
G1 X102.784 Y110.429 E7.59623
G1 X102.904 Y109.929 E7.61239
G1 X103.05 Y109.435 E7.62858
G1 X103.351 Y108.63 E7.65559
G1 X103.351 Y108.63 F12000
G1 X103.042 Y108.424
;TYPE:External perimeter
;WIDTH:0.4
G1 F2400
G1 X103.242 Y107.985 E7.66994
G1 X103.491 Y107.506 E7.686
G1 X103.765 Y107.042 E7.70203
G1 X104.037 Y106.63 E7.71672
G1 X104.611 Y105.878 E7.74486
G1 X104.967 Y105.475 E7.76086
G1 X105.345 Y105.091 E7.77689
G1 X105.743 Y104.727 E7.79294
G1 X106.157 Y104.385 E7.80891
G1 X106.892 Y103.861 E7.83576
G1 X107.35 Y103.58 E7.85175
G1 X107.783 Y103.344 E7.86642
G1 X108.642 Y102.95 E7.89453
G1 X109.49 Y102.65 E7.92129
G1 X110.008 Y102.506 E7.93728
G1 X110.535 Y102.389 E7.95334
G1 X111.067 Y102.3 E7.96939
G1 X111.602 Y102.239 E7.98541
G1 X112.141 Y102.206 E8.00147
G1 X112.634 Y102.201 E8.01614
G1 X113.579 Y102.257 E8.0443
G1 X114.111 Y102.327 E8.06026
G1 X114.64 Y102.425 E8.07626
G1 X115.513 Y102.651 E8.10309
G1 X116.023 Y102.821 E8.11908
G1 X116.525 Y103.019 E8.13513
G1 X117.015 Y103.242 E8.15115
G1 X117.494 Y103.491 E8.16721
G1 X117.958 Y103.765 E8.18324
G1 X118.37 Y104.037 E8.19793
G1 X119.122 Y104.611 E8.22607
G1 X119.525 Y104.967 E8.24207
G1 X119.908 Y105.344 E8.25806
G1 X120.506 Y106.019 E8.28489
G1 X120.833 Y106.446 E8.30089
G1 X121.137 Y106.889 E8.31687
G1 X121.595 Y107.666 E8.3437
G1 X121.835 Y108.147 E8.35969
G1 X122.05 Y108.642 E8.37574
G1 X122.239 Y109.147 E8.39178
G1 X122.401 Y109.661 E8.40781
G1 X122.536 Y110.183 E8.42385
G1 X122.643 Y110.71 E8.43985
G1 X122.761 Y111.604 E8.46668
G1 X122.794 Y112.141 E8.48269
G1 X122.798 Y112.68 E8.49873
G1 X122.775 Y113.219 E8.51478
G1 X122.723 Y113.754 E8.53077
G1 X122.574 Y114.643 E8.55759
G1 X122.449 Y115.166 E8.57359
G1 X122.296 Y115.683 E8.58963
G1 X122.116 Y116.191 E8.60566
G1 X121.91 Y116.688 E8.62166
G1 X121.508 Y117.495 E8.64848
G1 X121.235 Y117.958 E8.66447
G1 X120.938 Y118.406 E8.68046
G1 X120.389 Y119.122 E8.7073
G1 X120.033 Y119.525 E8.7233
G1 X119.656 Y119.908 E8.73929
G1 X118.981 Y120.506 E8.76612
G1 X118.554 Y120.833 E8.78212
G1 X118.11 Y121.138 E8.79814
G1 X117.65 Y121.42 E8.81419
G1 X117.178 Y121.676 E8.83016
G1 X116.358 Y122.05 E8.85697
G1 X115.51 Y122.35 E8.88373
G1 X114.992 Y122.494 E8.89972
G1 X114.465 Y122.611 E8.91578
G1 X113.933 Y122.7 E8.93183
G1 X113.398 Y122.761 E8.94785
G1 X112.859 Y122.794 E8.96391
G1 X112.32 Y122.798 E8.97995
G1 X111.781 Y122.775 E8.996
G1 X111.246 Y122.723 E9.01199
G1 X110.359 Y122.575 E9.03874
G1 X109.487 Y122.349 E9.06554
G1 X108.977 Y122.179 E9.08153
G1 X108.477 Y121.982 E9.09752
G1 X107.663 Y121.593 E9.12436
G1 X107.195 Y121.329 E9.14034
G1 X106.74 Y121.039 E9.15639
G1 X106.301 Y120.726 E9.17243
G1 X105.879 Y120.39 E9.18848
G1 X105.475 Y120.033 E9.20452
G1 X105.092 Y119.656 E9.22051
G1 X104.494 Y118.981 E9.24734
G1 X104.167 Y118.554 E9.26334
G1 X103.862 Y118.11 E9.27936
G1 X103.58 Y117.65 E9.29541
G1 X103.344 Y117.217 E9.31008
G1 X102.95 Y116.358 E9.33819
G1 X102.65 Y115.51 E9.36495
G1 X102.506 Y114.992 E9.38094
G1 X102.389 Y114.465 E9.397
G1 X102.3 Y113.933 E9.41305
G1 X102.239 Y113.398 E9.42907
G1 X102.206 Y112.859 E9.44513
G1 X102.202 Y112.32 E9.46117
G1 X102.225 Y111.781 E9.47722
G1 X102.272 Y111.291 E9.49186
G1 X102.426 Y110.357 E9.52002
G1 X102.551 Y109.834 E9.53602
G1 X102.704 Y109.319 E9.552
G1 X103.018 Y108.479 E9.57868
G1 X103.183 Y108.115 F12000
;LAYER_CHANGE
;Z:2.51
;HEIGHT:0.21
G1 Z2.51 F12000
G1 E7.57868 F2400
G92 E0
G1 Z2.91 F12000
G1 X103.71 Y110.685
G1 Z2.51
G1 E2 F2400
G92 E0
;TYPE:Internal infill
;WIDTH:0.42
G1 F6000
G1 X110.683 Y103.713 E.30987
G1 E-1.69013 F2400
G92 E0
G1 X110.683 Y103.713 Z2.91 F12000
G1 X109.392 Y120.91
G1 Z2.51
G1 E2 F2400
G1 F6000
G1 X113.473 Y116.83 E2.18135
G1 X112.493 Y116.942 E2.21235
G1 X112.036 Y116.918 E2.22673
G1 X111.15 Y116.732 E2.25518
G1 X110.761 Y116.587 E2.26823
G1 X110.012 Y116.18 E2.29502
G1 X109.359 Y115.641 E2.32163
G1 X106.275 Y118.725 E2.45869
G1 X105.648 Y118.036 E2.48797
G1 X105.112 Y117.298 E2.51663
G1 X104.676 Y116.548 E2.54389
G1 X104.219 Y115.479 E2.58042
G1 X108.171 Y111.527 E2.75605
G1 X108.411 Y110.764 E2.78119
G1 X108.612 Y110.353 E2.79557
G1 X108.822 Y110.01 E2.80821
G1 X109.359 Y109.36 E2.83471
G1 X110.01 Y108.822 E2.86125
G1 X110.353 Y108.612 E2.87389
G1 X110.763 Y108.412 E2.88823
G1 X111.53 Y108.168 E2.91352
G1 X115.476 Y104.221 E3.08891
G1 X116.362 Y104.582 E3.11898
G1 X117.507 Y105.253 E3.16069
G1 X118.172 Y105.76 E3.18697
G1 X118.725 Y106.275 E3.21072
G1 X115.641 Y109.359 E3.34778
G1 X115.951 Y109.703 E3.36233
G1 X116.424 Y110.419 E3.3893
G1 X116.768 Y111.269 E3.41812
G1 X116.861 Y111.66 E3.43075
G1 X116.942 Y112.507 E3.45749
G1 X116.833 Y113.47 E3.48795
G1 X120.781 Y109.521 E3.66343
G1 X121.149 Y110.824 E3.70598
G1 X121.276 Y111.732 E3.73479
G1 X121.308 Y112.649 E3.76362
G1 X121.245 Y113.564 E3.79244
G1 X121.06 Y114.545 E3.82381
G1 X114.317 Y121.287 E4.12346
G1 E2.12346 F2400
G92 E0
G1 X114.317 Y121.287 Z2.91 F12000
G1 X115.624 Y109.9
G1 Z2.51
G1 E2 F2400
;TYPE:Perimeter
G1 F3600
G1 X115.659 Y109.94 E2.00167
G1 X115.898 Y110.267 E2.0144
G1 X116.092 Y110.594 E2.02635
G1 X116.27 Y110.977 E2.03962
G1 X116.407 Y111.374 E2.05282
G1 X116.493 Y111.73 E2.06433
G1 X116.55 Y112.14 E2.07734
G1 X116.566 Y112.506 E2.08885
G1 X116.544 Y112.925 E2.10204
G1 X116.478 Y113.346 E2.11543
G1 X116.369 Y113.751 E2.12861
G1 X116.241 Y114.094 E2.14011
G1 X116.059 Y114.466 E2.15312
G1 X115.868 Y114.779 E2.16464
G1 X115.619 Y115.109 E2.17763
G1 X115.371 Y115.379 E2.18915
G1 X115.059 Y115.66 E2.20235
G1 X114.715 Y115.911 E2.21573
G1 X114.351 Y116.121 E2.22894
G1 X114.018 Y116.272 E2.24043
G1 X113.626 Y116.407 E2.25346
G1 X113.27 Y116.493 E2.26497
G1 X112.86 Y116.55 E2.27798
G1 X112.494 Y116.566 E2.28949
G1 X112.075 Y116.544 E2.30268
G1 X111.656 Y116.478 E2.31601
G1 X111.264 Y116.374 E2.32875
G1 X110.909 Y116.242 E2.34065
G1 X110.548 Y116.067 E2.35326
G1 X110.223 Y115.869 E2.36522
G1 X109.891 Y115.619 E2.37828
G1 X109.625 Y115.375 E2.38962
G1 X109.381 Y115.109 E2.40096
G1 X109.132 Y114.779 E2.41395
G1 X108.941 Y114.466 E2.42547
G1 X108.757 Y114.089 E2.43865
G1 X108.611 Y113.689 E2.45203
G1 X108.508 Y113.276 E2.46541
G1 X108.45 Y112.86 E2.47861
G1 X108.434 Y112.496 E2.49006
G1 X108.454 Y112.097 E2.50261
G1 X108.509 Y111.72 E2.51458
G1 X108.611 Y111.311 E2.52783
G1 X108.757 Y110.911 E2.54121
G1 X108.941 Y110.534 E2.55439
G1 X109.132 Y110.221 E2.56591
G1 X109.381 Y109.891 E2.5789
G1 X109.625 Y109.625 E2.59024
G1 X109.891 Y109.381 E2.60158
G1 X110.221 Y109.132 E2.61457
G1 X110.534 Y108.941 E2.62609
G1 X110.91 Y108.757 E2.63924
G1 X111.29 Y108.618 E2.65196
G1 X111.658 Y108.522 E2.66391
G1 X112.074 Y108.456 E2.67715
G1 X112.478 Y108.434 E2.68986
G1 X112.858 Y108.449 E2.70181
G1 X113.276 Y108.508 E2.71508
G1 X113.683 Y108.61 E2.72827
G1 X114.029 Y108.732 E2.7398
G1 X114.409 Y108.909 E2.75297
G1 X114.774 Y109.129 E2.76636
G1 X115.109 Y109.381 E2.77953
G1 X115.379 Y109.629 E2.79105
G1 X115.584 Y109.856 E2.80066
G1 X115.584 Y109.856 F12000
G1 X115.344 Y110.15
G1 F3600
G1 X115.368 Y110.176 E2.80177
G1 X115.585 Y110.474 E2.81335
G1 X115.76 Y110.77 E2.82416
G1 X115.922 Y111.117 E2.83619
G1 X116.047 Y111.479 E2.84823
G1 X116.124 Y111.8 E2.8586
G1 X116.177 Y112.174 E2.87047
G1 X116.191 Y112.504 E2.88085
G1 X116.171 Y112.886 E2.89287
G1 X116.11 Y113.267 E2.905
G1 X116.012 Y113.637 E2.91703
G1 X115.896 Y113.946 E2.9274
G1 X115.73 Y114.286 E2.93929
G1 X115.558 Y114.567 E2.94964
G1 X115.33 Y114.869 E2.96153
G1 X115.107 Y115.113 E2.97192
G1 X114.823 Y115.369 E2.98394
G1 X114.51 Y115.596 E2.99609
G1 X114.179 Y115.787 E3.0081
G1 X113.879 Y115.924 E3.01846
G1 X113.521 Y116.047 E3.03036
G1 X113.2 Y116.124 E3.04073
G1 X112.826 Y116.177 E3.0526
G1 X112.496 Y116.191 E3.06298
G1 X112.114 Y116.171 E3.075
G1 X111.734 Y116.111 E3.08709
G1 X111.378 Y116.016 E3.09867
G1 X111.056 Y115.897 E3.10946
G1 X110.727 Y115.737 E3.12096
G1 X110.434 Y115.558 E3.13175
G1 X110.131 Y115.33 E3.14367
G1 X109.89 Y115.11 E3.15392
G1 X109.67 Y114.869 E3.16417
G1 X109.442 Y114.567 E3.17606
G1 X109.27 Y114.286 E3.18641
G1 X109.102 Y113.942 E3.19844
G1 X108.97 Y113.579 E3.21058
G1 X108.877 Y113.204 E3.22272
G1 X108.823 Y112.826 E3.23472
G1 X108.809 Y112.497 E3.24507
G1 X108.827 Y112.133 E3.25652
G1 X108.877 Y111.793 E3.26732
G1 X108.97 Y111.421 E3.27937
G1 X109.102 Y111.058 E3.29151
G1 X109.27 Y110.714 E3.30354
G1 X109.442 Y110.433 E3.31389
G1 X109.67 Y110.131 E3.32578
G1 X109.89 Y109.89 E3.33603
G1 X110.131 Y109.67 E3.34628
G1 X110.433 Y109.442 E3.35817
G1 X110.714 Y109.27 E3.36852
G1 X111.057 Y109.103 E3.38051
G1 X111.403 Y108.976 E3.39209
G1 X111.735 Y108.889 E3.40288
G1 X112.113 Y108.829 E3.41491
G1 X112.481 Y108.809 E3.42649
G1 X112.825 Y108.823 E3.43731
G1 X113.204 Y108.877 E3.44934
G1 X113.575 Y108.969 E3.46135
G1 X113.886 Y109.079 E3.47172
G1 X114.233 Y109.241 E3.48375
G1 X114.564 Y109.44 E3.49589
G1 X114.869 Y109.67 E3.50789
G1 X115.113 Y109.893 E3.51828
G1 X115.304 Y110.106 E3.52727
G1 X115.304 Y110.106 F12000
G1 X115.087 Y110.427
G1 F3600
G1 X115.272 Y110.68 E3.53712
G1 X115.428 Y110.945 E3.54678
G1 X115.574 Y111.258 E3.55763
G1 X115.686 Y111.584 E3.56846
G1 X115.755 Y111.87 E3.57771
G1 X115.803 Y112.209 E3.58847
G1 X115.816 Y112.502 E3.59769
G1 X115.798 Y112.847 E3.60855
G1 X115.743 Y113.189 E3.61944
G1 X115.654 Y113.522 E3.63027
G1 X115.551 Y113.798 E3.63953
G1 X115.401 Y114.105 E3.65027
G1 X115.247 Y114.356 E3.65952
G1 X115.041 Y114.629 E3.67027
G1 X114.843 Y114.846 E3.6795
G1 X114.587 Y115.077 E3.69034
G1 X114.306 Y115.281 E3.70125
G1 X114.007 Y115.453 E3.71209
G1 X113.74 Y115.575 E3.72131
G1 X113.416 Y115.686 E3.73207
G1 X113.13 Y115.755 E3.74132
G1 X112.791 Y115.803 E3.75208
G1 X112.498 Y115.816 E3.7613
G1 X112.153 Y115.798 E3.77216
G1 X111.811 Y115.743 E3.78305
G1 X111.491 Y115.658 E3.79345
G1 X111.203 Y115.552 E3.80309
G1 X110.907 Y115.408 E3.81343
G1 X110.645 Y115.248 E3.82308
G1 X110.371 Y115.041 E3.83387
G1 X110.156 Y114.844 E3.84303
G1 X109.959 Y114.629 E3.85219
G1 X109.753 Y114.356 E3.86294
G1 X109.599 Y114.105 E3.87219
G1 X109.448 Y113.796 E3.883
G1 X109.329 Y113.469 E3.89394
G1 X109.245 Y113.133 E3.90482
G1 X109.197 Y112.791 E3.91567
G1 X109.184 Y112.498 E3.92489
G1 X109.201 Y112.17 E3.93521
G1 X109.246 Y111.866 E3.94487
G1 X109.329 Y111.531 E3.95572
G1 X109.448 Y111.204 E3.96666
G1 X109.599 Y110.895 E3.97747
G1 X109.753 Y110.644 E3.98672
G1 X109.959 Y110.371 E3.99747
G1 X110.156 Y110.156 E4.00663
G1 X110.371 Y109.959 E4.01579
G1 X110.644 Y109.753 E4.02654
G1 X110.895 Y109.599 E4.03579
G1 X111.204 Y109.448 E4.0466
G1 X111.515 Y109.334 E4.05701
G1 X111.812 Y109.256 E4.06666
G1 X112.153 Y109.203 E4.0775
G1 X112.483 Y109.185 E4.08789
G1 X112.791 Y109.197 E4.09758
G1 X113.133 Y109.245 E4.10843
G1 X113.467 Y109.329 E4.11925
G1 X113.744 Y109.427 E4.12848
G1 X114.057 Y109.572 E4.13932
G1 X114.354 Y109.751 E4.15022
G1 X114.629 Y109.959 E4.16106
G1 X114.846 Y110.157 E4.17029
G1 X115.048 Y110.381 E4.17977
G1 X115.048 Y110.381 F12000
G1 X114.784 Y110.633
;TYPE:External perimeter
;WIDTH:0.4
G1 F3600
G1 X114.793 Y110.643 E4.18017
G1 X114.966 Y110.881 E4.18892
G1 X115.105 Y111.115 E4.19702
G1 X115.235 Y111.395 E4.2062
G1 X115.336 Y111.686 E4.21536
G1 X115.396 Y111.938 E4.22307
G1 X115.439 Y112.242 E4.2322
G1 X115.45 Y112.501 E4.23991
G1 X115.434 Y112.808 E4.24906
G1 X115.386 Y113.113 E4.25825
G1 X115.306 Y113.411 E4.26743
G1 X115.215 Y113.654 E4.27515
G1 X115.081 Y113.93 E4.28428
G1 X114.945 Y114.15 E4.29197
G1 X114.761 Y114.396 E4.30111
G1 X114.586 Y114.587 E4.30882
G1 X114.357 Y114.793 E4.31798
G1 X114.107 Y114.974 E4.32716
G1 X113.84 Y115.128 E4.33633
G1 X113.604 Y115.236 E4.34405
G1 X113.314 Y115.336 E4.35318
G1 X113.062 Y115.396 E4.36089
G1 X112.758 Y115.439 E4.37002
G1 X112.499 Y115.45 E4.37773
G1 X112.192 Y115.434 E4.38688
G1 X111.887 Y115.386 E4.39607
G1 X111.602 Y115.31 E4.40484
G1 X111.347 Y115.216 E4.41292
G1 X111.082 Y115.087 E4.42169
G1 X110.85 Y114.946 E4.42977
G1 X110.604 Y114.761 E4.43893
G1 X110.239 Y114.396 E4.45429
G1 X110.055 Y114.15 E4.46343
G1 X109.919 Y113.93 E4.47112
G1 X109.784 Y113.653 E4.48029
G1 X109.679 Y113.363 E4.48947
G1 X109.604 Y113.063 E4.49867
G1 X109.561 Y112.758 E4.50783
G1 X109.55 Y112.499 E4.51554
G1 X109.565 Y112.206 E4.52427
G1 X109.604 Y111.936 E4.53239
G1 X109.679 Y111.637 E4.54156
G1 X109.784 Y111.347 E4.55074
G1 X109.919 Y111.07 E4.55991
G1 X110.055 Y110.85 E4.5676
G1 X110.239 Y110.604 E4.57674
G1 X110.604 Y110.239 E4.5921
G1 X110.85 Y110.055 E4.60124
G1 X111.07 Y109.919 E4.60893
G1 X111.347 Y109.784 E4.6181
G1 X111.624 Y109.683 E4.62687
G1 X111.887 Y109.614 E4.63496
G1 X112.191 Y109.566 E4.64412
G1 X112.486 Y109.55 E4.65291
G1 X112.758 Y109.561 E4.66101
G1 X113.063 Y109.604 E4.67017
G1 X113.362 Y109.678 E4.67933
G1 X113.606 Y109.765 E4.68704
G1 X113.885 Y109.895 E4.6962
G1 X114.15 Y110.054 E4.70539
G1 X114.396 Y110.239 E4.71455
G1 X114.587 Y110.414 E4.72226
G1 X114.743 Y110.589 E4.72923
G1 X114.978 Y110.912 F12000
G1 E2.72923 F2400
G92 E0
G1 Z2.91 F12000
G1 X104.071 Y108.857
G1 Z2.51
G1 E2 F2400
;TYPE:Perimeter
;WIDTH:0.42
G1 F4800
G1 X104.087 Y108.817 E2.00135
G1 X104.474 Y108.036 E2.02874
G1 X104.97 Y107.241 E2.05819
G1 X105.472 Y106.588 E2.08407
G1 X106.112 Y105.901 E2.11358
G1 X106.729 Y105.355 E2.13947
G1 X107.498 Y104.797 E2.16933
G1 X108.279 Y104.343 E2.19772
G1 X109.061 Y103.984 E2.22476
G1 X109.826 Y103.714 E2.25025
G1 X110.747 Y103.484 E2.28008
G1 X111.222 Y103.405 E2.29521
G1 X111.699 Y103.35 E2.3103
G1 X112.603 Y103.316 E2.33873
G1 X113.473 Y103.367 E2.36612
G1 X114.398 Y103.514 E2.39555
G1 X115.196 Y103.72 E2.42145
G1 X116.089 Y104.045 E2.45131
G1 X116.526 Y104.245 E2.46641
G1 X116.953 Y104.467 E2.48153
G1 X117.721 Y104.944 E2.50994
G1 X118.414 Y105.473 E2.53734
G1 X119.099 Y106.112 E2.56678
G1 X119.645 Y106.729 E2.59267
G1 X120.203 Y107.498 E2.62253
G1 X120.657 Y108.279 E2.65092
G1 X121.016 Y109.061 E2.67796
G1 X121.286 Y109.826 E2.70345
G1 X121.516 Y110.747 E2.73328
G1 X121.595 Y111.222 E2.74841
G1 X121.65 Y111.699 E2.7635
G1 X121.679 Y112.179 E2.77861
G1 X121.683 Y112.66 E2.79373
G1 X121.617 Y113.608 E2.82359
G1 X121.481 Y114.421 E2.84949
G1 X121.235 Y115.338 E2.87933
G1 X120.913 Y116.183 E2.90775
G1 X120.526 Y116.964 E2.93514
G1 X120.03 Y117.759 E2.96459
G1 X119.528 Y118.412 E2.99047
G1 X118.888 Y119.099 E3.01998
G1 X118.271 Y119.645 E3.04587
G1 X117.502 Y120.203 E3.07573
G1 X116.68 Y120.678 E3.10556
G1 X115.94 Y121.015 E3.13111
G1 X115.174 Y121.286 E3.15664
G1 X114.253 Y121.516 E3.18647
G1 X113.778 Y121.595 E3.2016
G1 X113.301 Y121.65 E3.21669
G1 X112.821 Y121.679 E3.2318
G1 X112.34 Y121.683 E3.24692
G1 X111.392 Y121.617 E3.27678
G1 X110.591 Y121.483 E3.3023
G1 X109.804 Y121.28 E3.32784
G1 X108.922 Y120.959 E3.35734
G1 X108.178 Y120.604 E3.38325
G1 X107.364 Y120.114 E3.41311
G1 X106.973 Y119.835 E3.4282
G1 X106.596 Y119.536 E3.44332
G1 X105.901 Y118.888 E3.47318
G1 X105.355 Y118.271 E3.49907
G1 X104.797 Y117.502 E3.52893
G1 X104.343 Y116.721 E3.55732
G1 X103.984 Y115.939 E3.58436
G1 X103.714 Y115.174 E3.60985
G1 X103.484 Y114.253 E3.63968
G1 X103.405 Y113.778 E3.65481
G1 X103.35 Y113.301 E3.6699
G1 X103.321 Y112.821 E3.68501
G1 X103.317 Y112.34 E3.70013
G1 X103.377 Y111.438 E3.72854
G1 X103.519 Y110.578 E3.75593
G1 X103.765 Y109.662 E3.78574
G1 X104.05 Y108.913 E3.81092
G1 X104.05 Y108.913 F12000
G1 X103.725 Y108.714
G1 F4800
G1 X103.745 Y108.662 E3.81267
G1 X104.144 Y107.857 E3.8409
G1 X104.393 Y107.434 E3.85632
G1 X104.665 Y107.024 E3.87178
G1 X105.182 Y106.349 E3.8985
G1 X105.508 Y105.98 E3.91397
G1 X105.853 Y105.629 E3.92944
G1 X106.49 Y105.066 E3.95616
G1 X106.881 Y104.766 E3.97165
G1 X107.293 Y104.482 E3.98738
G1 X108.111 Y104.008 E4.01709
G1 X108.92 Y103.636 E4.04507
G1 X109.713 Y103.356 E4.0715
G1 X110.187 Y103.224 E4.08696
G1 X110.676 Y103.116 E4.1027
G1 X111.17 Y103.033 E4.11844
G1 X111.667 Y102.977 E4.13416
G1 X112.612 Y102.941 E4.16388
G1 X113.509 Y102.994 E4.19212
G1 X113.996 Y103.058 E4.20756
G1 X114.479 Y103.148 E4.223
G1 X115.303 Y103.361 E4.24975
G1 X115.77 Y103.517 E4.26522
G1 X116.235 Y103.7 E4.28092
G1 X116.691 Y103.908 E4.29667
G1 X117.135 Y104.139 E4.3124
G1 X117.938 Y104.638 E4.34211
G1 X118.652 Y105.183 E4.37034
G1 X119.02 Y105.508 E4.38577
G1 X119.371 Y105.853 E4.40124
G1 X119.934 Y106.49 E4.42796
G1 X120.234 Y106.881 E4.44345
G1 X120.518 Y107.293 E4.45918
G1 X120.992 Y108.111 E4.48889
G1 X121.364 Y108.92 E4.51687
G1 X121.644 Y109.713 E4.5433
G1 X121.776 Y110.187 E4.55876
G1 X121.884 Y110.676 E4.5745
G1 X121.967 Y111.17 E4.59024
G1 X122.023 Y111.667 E4.60596
G1 X122.054 Y112.166 E4.62167
G1 X122.058 Y112.667 E4.63741
G1 X122.037 Y113.167 E4.65314
G1 X121.989 Y113.657 E4.66861
G1 X121.849 Y114.496 E4.69534
G1 X121.734 Y114.974 E4.71079
G1 X121.592 Y115.454 E4.72652
G1 X121.255 Y116.338 E4.75625
G1 X120.856 Y117.143 E4.78448
G1 X120.607 Y117.566 E4.7999
G1 X120.335 Y117.976 E4.81536
G1 X119.818 Y118.651 E4.84208
G1 X119.492 Y119.02 E4.85755
G1 X119.147 Y119.371 E4.87302
G1 X118.51 Y119.934 E4.89974
G1 X118.119 Y120.234 E4.91523
G1 X117.707 Y120.518 E4.93096
G1 X117.28 Y120.779 E4.94669
G1 X116.847 Y121.014 E4.96217
G1 X116.081 Y121.363 E4.98862
G1 X115.287 Y121.644 E5.01509
G1 X114.813 Y121.776 E5.03055
G1 X114.324 Y121.884 E5.04629
G1 X113.83 Y121.967 E5.06203
G1 X113.333 Y122.023 E5.07775
G1 X112.834 Y122.054 E5.09346
G1 X112.333 Y122.058 E5.1092
G1 X111.833 Y122.037 E5.12493
G1 X111.343 Y121.989 E5.1404
G1 X110.513 Y121.85 E5.16685
G1 X109.697 Y121.639 E5.19334
G1 X109.23 Y121.483 E5.20881
G1 X108.772 Y121.303 E5.22427
G1 X108.005 Y120.937 E5.25098
G1 X107.576 Y120.694 E5.26647
G1 X107.154 Y120.425 E5.2822
G1 X106.747 Y120.135 E5.2979
G1 X106.355 Y119.823 E5.31364
G1 X105.98 Y119.492 E5.32936
G1 X105.629 Y119.147 E5.34483
G1 X105.066 Y118.51 E5.37155
G1 X104.766 Y118.119 E5.38704
G1 X104.482 Y117.707 E5.40277
G1 X104.008 Y116.889 E5.43248
G1 X103.636 Y116.08 E5.46046
G1 X103.356 Y115.287 E5.48689
G1 X103.224 Y114.813 E5.50235
G1 X103.116 Y114.324 E5.51809
G1 X103.033 Y113.83 E5.53383
G1 X102.977 Y113.333 E5.54955
G1 X102.946 Y112.834 E5.56526
G1 X102.942 Y112.333 E5.581
G1 X103.005 Y111.39 E5.6107
G1 X103.151 Y110.503 E5.63895
G1 X103.266 Y110.026 E5.65437
G1 X103.408 Y109.546 E5.6701
G1 X103.704 Y108.77 E5.6962
G1 X103.704 Y108.77 F12000
G1 X103.379 Y108.572
G1 F4800
G1 X103.403 Y108.507 E5.69838
G1 X103.814 Y107.679 E5.72743
G1 X104.075 Y107.235 E5.74361
G1 X104.359 Y106.806 E5.75978
G1 X104.893 Y106.11 E5.78735
G1 X105.234 Y105.724 E5.80354
G1 X105.595 Y105.357 E5.81972
G1 X106.252 Y104.776 E5.84728
G1 X106.66 Y104.463 E5.86344
G1 X107.089 Y104.168 E5.8798
G1 X107.943 Y103.672 E5.91084
G1 X108.779 Y103.289 E5.93974
G1 X109.6 Y102.998 E5.96711
G1 X110.097 Y102.86 E5.98332
G1 X110.604 Y102.748 E5.99964
G1 X111.117 Y102.662 E6.01599
G1 X111.634 Y102.603 E6.03234
G1 X112.621 Y102.566 E6.06338
G1 X113.544 Y102.62 E6.09244
G1 X114.054 Y102.687 E6.1086
G1 X114.561 Y102.781 E6.1248
G1 X115.409 Y103.001 E6.15233
G1 X115.898 Y103.164 E6.16853
G1 X116.382 Y103.355 E6.18488
G1 X116.855 Y103.571 E6.20122
G1 X117.317 Y103.811 E6.21758
G1 X118.155 Y104.332 E6.24859
G1 X118.89 Y104.893 E6.27765
G1 X119.276 Y105.234 E6.29384
G1 X119.643 Y105.595 E6.31002
G1 X120.224 Y106.252 E6.33758
G1 X120.537 Y106.66 E6.35374
G1 X120.832 Y107.089 E6.3701
G1 X121.328 Y107.943 E6.40114
G1 X121.711 Y108.779 E6.43004
G1 X122.002 Y109.6 E6.45741
G1 X122.14 Y110.097 E6.47362
G1 X122.252 Y110.604 E6.48994
G1 X122.338 Y111.117 E6.50629
G1 X122.397 Y111.634 E6.52264
G1 X122.429 Y112.153 E6.53898
G1 X122.433 Y112.673 E6.55532
G1 X122.411 Y113.193 E6.57168
G1 X122.361 Y113.706 E6.58788
G1 X122.217 Y114.57 E6.61541
G1 X122.096 Y115.071 E6.63161
G1 X121.949 Y115.57 E6.64796
G1 X121.597 Y116.493 E6.679
G1 X121.186 Y117.321 E6.70805
G1 X120.925 Y117.765 E6.72423
G1 X120.641 Y118.194 E6.7404
G1 X120.107 Y118.89 E6.76797
G1 X119.766 Y119.276 E6.78416
G1 X119.405 Y119.643 E6.80034
G1 X118.748 Y120.224 E6.8279
G1 X118.34 Y120.537 E6.84406
G1 X117.911 Y120.832 E6.86042
G1 X117.467 Y121.104 E6.87678
G1 X117.015 Y121.35 E6.89295
G1 X116.222 Y121.711 E6.92033
G1 X115.4 Y122.002 E6.94773
G1 X114.903 Y122.14 E6.96394
G1 X114.396 Y122.252 E6.98026
G1 X113.883 Y122.338 E6.99661
G1 X113.366 Y122.397 E7.01296
G1 X112.847 Y122.429 E7.0293
G1 X112.327 Y122.433 E7.04564
G1 X111.807 Y122.411 E7.062
G1 X111.294 Y122.361 E7.0782
G1 X110.435 Y122.217 E7.10557
G1 X109.591 Y121.999 E7.13296
G1 X109.102 Y121.836 E7.14916
G1 X108.623 Y121.647 E7.16534
G1 X107.832 Y121.27 E7.19288
G1 X107.383 Y121.016 E7.20909
G1 X106.944 Y120.736 E7.22545
G1 X106.521 Y120.434 E7.24178
G1 X106.114 Y120.111 E7.25811
G1 X105.724 Y119.766 E7.27447
G1 X105.357 Y119.405 E7.29065
G1 X104.776 Y118.748 E7.31821
G1 X104.463 Y118.34 E7.33437
G1 X104.168 Y117.911 E7.35073
G1 X103.672 Y117.057 E7.38177
G1 X103.289 Y116.221 E7.41067
G1 X102.998 Y115.4 E7.43804
G1 X102.86 Y114.903 E7.45425
G1 X102.748 Y114.396 E7.47057
G1 X102.662 Y113.883 E7.48692
G1 X102.603 Y113.366 E7.50327
G1 X102.571 Y112.847 E7.51961
G1 X102.567 Y112.327 E7.53595
G1 X102.633 Y111.342 E7.56697
G1 X102.784 Y110.429 E7.59605
G1 X102.904 Y109.929 E7.61221
G1 X103.051 Y109.43 E7.62856
G1 X103.357 Y108.628 E7.65554
G1 X103.357 Y108.628 F12000
G1 X103.04 Y108.432
;TYPE:External perimeter
;WIDTH:0.4
G1 F2400
G1 X103.071 Y108.357 E7.65795
G1 X103.493 Y107.505 E7.68623
G1 X103.765 Y107.042 E7.7022
G1 X104.062 Y106.594 E7.71819
G1 X104.611 Y105.878 E7.74503
G1 X104.967 Y105.475 E7.76103
G1 X105.344 Y105.092 E7.77702
G1 X106.019 Y104.494 E7.80385
G1 X106.446 Y104.167 E7.81985
G1 X106.89 Y103.862 E7.83587
G1 X107.35 Y103.58 E7.85192
G1 X107.779 Y103.346 E7.86646
G1 X108.642 Y102.95 E7.89471
G1 X109.49 Y102.65 E7.92147
G1 X110.008 Y102.506 E7.93746
G1 X110.535 Y102.389 E7.95352
G1 X111.067 Y102.3 E7.96957
G1 X111.602 Y102.239 E7.98559
G1 X112.141 Y102.206 E8.00165
G1 X112.629 Y102.201 E8.01617
G1 X113.579 Y102.257 E8.04448
G1 X114.111 Y102.327 E8.06044
G1 X114.64 Y102.425 E8.07644
G1 X115.513 Y102.651 E8.10327
G1 X116.023 Y102.821 E8.11926
G1 X116.525 Y103.019 E8.13531
G1 X117.015 Y103.242 E8.15133
G1 X117.494 Y103.491 E8.16739
G1 X117.958 Y103.765 E8.18342
G1 X118.366 Y104.034 E8.19796
G1 X119.122 Y104.611 E8.22625
G1 X119.525 Y104.967 E8.24225
G1 X119.908 Y105.344 E8.25824
G1 X120.506 Y106.019 E8.28507
G1 X120.833 Y106.446 E8.30107
G1 X121.138 Y106.89 E8.31709
G1 X121.42 Y107.35 E8.33314
G1 X121.654 Y107.779 E8.34768
G1 X122.05 Y108.642 E8.37593
G1 X122.35 Y109.49 E8.40269
G1 X122.494 Y110.008 E8.41868
G1 X122.611 Y110.535 E8.43474
G1 X122.7 Y111.067 E8.45079
G1 X122.761 Y111.602 E8.46681
G1 X122.794 Y112.141 E8.48287
G1 X122.798 Y112.68 E8.49891
G1 X122.775 Y113.219 E8.51496
G1 X122.723 Y113.754 E8.53095
G1 X122.574 Y114.643 E8.55777
G1 X122.449 Y115.166 E8.57377
G1 X122.296 Y115.683 E8.58981
G1 X122.116 Y116.191 E8.60584
G1 X121.929 Y116.643 E8.62039
G1 X121.507 Y117.495 E8.64867
G1 X121.235 Y117.958 E8.66464
G1 X120.938 Y118.406 E8.68063
G1 X120.389 Y119.122 E8.70747
G1 X120.033 Y119.525 E8.72347
G1 X119.656 Y119.908 E8.73946
G1 X118.981 Y120.506 E8.76629
G1 X118.554 Y120.833 E8.78229
G1 X118.11 Y121.138 E8.79831
G1 X117.65 Y121.42 E8.81436
G1 X117.178 Y121.676 E8.83033
G1 X116.358 Y122.05 E8.85714
G1 X115.51 Y122.35 E8.8839
G1 X114.992 Y122.494 E8.89989
G1 X114.465 Y122.611 E8.91595
G1 X113.933 Y122.7 E8.932
G1 X113.398 Y122.761 E8.94802
G1 X112.859 Y122.794 E8.96408
G1 X112.32 Y122.798 E8.98012
G1 X111.781 Y122.775 E8.99617
G1 X111.246 Y122.723 E9.01216
G1 X110.359 Y122.575 E9.03891
G1 X109.487 Y122.349 E9.06571
G1 X108.977 Y122.179 E9.0817
G1 X108.477 Y121.982 E9.09769
G1 X107.663 Y121.593 E9.12453
G1 X107.195 Y121.329 E9.14051
G1 X106.74 Y121.039 E9.15656
G1 X106.301 Y120.726 E9.1726
G1 X105.879 Y120.39 E9.18865
G1 X105.475 Y120.033 E9.20469
G1 X105.092 Y119.656 E9.22068
G1 X104.494 Y118.981 E9.24751
G1 X104.167 Y118.554 E9.26351
G1 X103.862 Y118.11 E9.27953
G1 X103.58 Y117.65 E9.29558
G1 X103.346 Y117.221 E9.31012
G1 X102.95 Y116.358 E9.33837
G1 X102.65 Y115.51 E9.36513
G1 X102.506 Y114.992 E9.38112
G1 X102.389 Y114.465 E9.39718
G1 X102.3 Y113.933 E9.41323
G1 X102.239 Y113.398 E9.42925
G1 X102.206 Y112.859 E9.44531
G1 X102.202 Y112.32 E9.46135
G1 X102.225 Y111.781 E9.4774
G1 X102.271 Y111.295 E9.49192
G1 X102.426 Y110.357 E9.5202
G1 X102.551 Y109.834 E9.5362
G1 X102.704 Y109.317 E9.55224
G1 X102.884 Y108.809 E9.56827
G1 X103.017 Y108.487 E9.57863
G1 X103.187 Y108.125 F12000
;LAYER_CHANGE
;Z:2.72
;HEIGHT:0.21
G1 Z2.72 F12000
G1 E7.57863 F2400
G92 E0
G1 Z3.12 F12000
G1 X103.713 Y114.317
G1 Z2.72
G1 E2 F2400
G92 E0
;TYPE:Internal infill
;WIDTH:0.42
G1 F6000
G1 X110.685 Y121.29 E.30987
G1 E-1.69013 F2400
G92 E0
G1 X110.685 Y121.29 Z3.12 F12000
G1 X120.91 Y115.608
G1 Z2.72
G1 E2 F2400
G1 F6000
G1 X116.829 Y111.527 E2.18137
G1 X116.942 Y112.507 E2.21237
G1 X116.918 Y112.964 E2.22675
G1 X116.732 Y113.848 E2.25514
G1 X116.388 Y114.647 E2.28248
G1 X115.947 Y115.301 E2.30727
G1 X115.641 Y115.641 E2.32164
G1 X118.725 Y118.725 E2.4587
G1 X118.036 Y119.352 E2.48798
G1 X117.298 Y119.888 E2.51664
G1 X116.508 Y120.345 E2.54532
G1 X115.479 Y120.781 E2.58044
G1 X111.53 Y116.833 E2.75592
G1 X111.134 Y116.727 E2.7688
G1 X110.408 Y116.418 E2.7936
G1 X109.699 Y115.947 E2.82035
G1 X109.359 Y115.641 E2.83472
G1 X109.048 Y115.295 E2.84934
G1 X108.546 Y114.523 E2.87828
G1 X108.17 Y113.473 E2.91333
G1 X104.219 Y109.522 E3.08892
G1 X104.801 Y108.219 E3.13377
G1 X105.284 Y107.447 E3.16239
G1 X106.276 Y106.276 E3.21062
G1 X109.359 Y109.359 E3.34763
G1 X109.699 Y109.053 E3.362
G1 X110.353 Y108.612 E3.38679
G1 X111.177 Y108.26 E3.41495
G1 X112.034 Y108.083 E3.44245
G1 X112.474 Y108.059 E3.4563
G1 X113.473 Y108.171 E3.48789
G1 X109.521 Y104.219 E3.66352
G1 X109.934 Y104.073 E3.67729
G1 X111.274 Y103.776 E3.72042
G1 X112.595 Y103.692 E3.76202
G1 X113.433 Y103.741 E3.7884
G1 X114.544 Y103.94 E3.82387
G1 X121.287 Y110.683 E4.12354
G1 E2.12354 F2400
G92 E0
G1 X121.287 Y110.683 Z3.12 F12000
G1 X115.692 Y109.985
G1 Z2.72
G1 E2 F2400
;TYPE:Perimeter
G1 F3600
G1 X115.911 Y110.285 E2.01167
G1 X116.121 Y110.649 E2.02488
G1 X116.27 Y110.977 E2.0362
G1 X116.39 Y111.317 E2.04753
G1 X116.492 Y111.724 E2.06072
G1 X116.55 Y112.14 E2.07392
G1 X116.566 Y112.506 E2.08543
G1 X116.544 Y112.925 E2.09862
G1 X116.478 Y113.344 E2.11195
G1 X116.374 Y113.735 E2.12466
G1 X116.242 Y114.092 E2.13662
G1 X116.059 Y114.466 E2.1497
G1 X115.871 Y114.774 E2.16104
G1 X115.657 Y115.063 E2.17234
G1 X115.376 Y115.376 E2.18556
G1 X115.059 Y115.66 E2.19893
G1 X114.715 Y115.911 E2.21231
G1 X114.351 Y116.121 E2.22552
G1 X114.023 Y116.27 E2.23684
G1 X113.683 Y116.39 E2.24817
G1 X113.277 Y116.492 E2.26133
G1 X112.877 Y116.549 E2.27403
G1 X112.496 Y116.566 E2.28601
G1 X112.075 Y116.544 E2.29926
G1 X111.655 Y116.478 E2.31262
G1 X111.249 Y116.369 E2.32583
G1 X110.911 Y116.243 E2.33717
G1 X110.586 Y116.088 E2.34849
G1 X110.231 Y115.874 E2.36152
G1 X109.937 Y115.657 E2.373
G1 X109.624 Y115.376 E2.38622
G1 X109.34 Y115.059 E2.39959
G1 X109.089 Y114.715 E2.41297
G1 X108.88 Y114.351 E2.42616
G1 X108.728 Y114.018 E2.43766
G1 X108.593 Y113.626 E2.45069
G1 X108.508 Y113.272 E2.46213
G1 X108.451 Y112.877 E2.47467
G1 X108.434 Y112.496 E2.48665
G1 X108.456 Y112.076 E2.49987
G1 X108.518 Y111.677 E2.51256
G1 X108.612 Y111.307 E2.52456
G1 X108.756 Y110.912 E2.53777
G1 X108.932 Y110.549 E2.55045
G1 X109.13 Y110.224 E2.56241
G1 X109.37 Y109.904 E2.57498
G1 X109.627 Y109.622 E2.58697
G1 X109.937 Y109.344 E2.60006
G1 X110.226 Y109.129 E2.61138
G1 X110.534 Y108.941 E2.62272
G1 X110.91 Y108.757 E2.63587
G1 X111.289 Y108.618 E2.64856
G1 X111.658 Y108.522 E2.66054
G1 X112.074 Y108.456 E2.67378
G1 X112.477 Y108.434 E2.68646
G1 X112.858 Y108.449 E2.69844
G1 X113.276 Y108.508 E2.71171
G1 X113.683 Y108.61 E2.7249
G1 X114.029 Y108.732 E2.73643
G1 X114.409 Y108.909 E2.7496
G1 X114.773 Y109.128 E2.76295
G1 X115.096 Y109.37 E2.77563
G1 X115.378 Y109.627 E2.78762
G1 X115.656 Y109.936 E2.80068
G1 X115.656 Y109.936 F12000
G1 X115.39 Y110.206
G1 F3600
G1 X115.596 Y110.49 E2.81171
G1 X115.787 Y110.821 E2.82372
G1 X115.922 Y111.117 E2.83394
G1 X116.031 Y111.425 E2.84421
G1 X116.123 Y111.796 E2.85622
G1 X116.177 Y112.174 E2.86822
G1 X116.191 Y112.504 E2.8786
G1 X116.171 Y112.886 E2.89062
G1 X116.111 Y113.266 E2.90271
G1 X116.016 Y113.621 E2.91426
G1 X115.897 Y113.945 E2.92511
G1 X115.73 Y114.286 E2.93704
G1 X115.56 Y114.564 E2.94728
G1 X115.366 Y114.826 E2.95752
G1 X115.11 Y115.11 E2.96954
G1 X114.823 Y115.369 E2.98169
G1 X114.51 Y115.596 E2.99384
G1 X114.179 Y115.787 E3.00585
G1 X113.883 Y115.922 E3.01607
G1 X113.575 Y116.031 E3.02634
G1 X113.205 Y116.123 E3.03832
G1 X112.842 Y116.175 E3.04984
G1 X112.497 Y116.191 E3.06069
G1 X112.114 Y116.171 E3.07274
G1 X111.733 Y116.11 E3.08487
G1 X111.363 Y116.012 E3.0969
G1 X111.058 Y115.897 E3.10714
G1 X110.764 Y115.757 E3.11737
G1 X110.439 Y115.562 E3.12928
G1 X110.174 Y115.366 E3.13964
G1 X109.89 Y115.11 E3.15166
G1 X109.631 Y114.823 E3.16381
G1 X109.404 Y114.51 E3.17596
G1 X109.213 Y114.179 E3.18797
G1 X109.076 Y113.879 E3.19833
G1 X108.953 Y113.521 E3.21023
G1 X108.876 Y113.201 E3.22057
G1 X108.825 Y112.842 E3.23196
G1 X108.809 Y112.497 E3.24281
G1 X108.829 Y112.115 E3.25483
G1 X108.886 Y111.753 E3.26635
G1 X108.971 Y111.418 E3.27721
G1 X109.102 Y111.059 E3.28922
G1 X109.262 Y110.729 E3.30074
G1 X109.441 Y110.435 E3.31156
G1 X109.66 Y110.143 E3.32303
G1 X109.892 Y109.888 E3.33386
G1 X110.174 Y109.634 E3.34579
G1 X110.436 Y109.44 E3.35603
G1 X110.714 Y109.27 E3.36627
G1 X111.057 Y109.103 E3.37826
G1 X111.401 Y108.976 E3.38978
G1 X111.735 Y108.889 E3.40063
G1 X112.113 Y108.829 E3.41266
G1 X112.48 Y108.809 E3.42421
G1 X112.824 Y108.823 E3.43503
G1 X113.204 Y108.877 E3.44709
G1 X113.575 Y108.969 E3.4591
G1 X113.886 Y109.079 E3.46947
G1 X114.233 Y109.241 E3.4815
G1 X114.563 Y109.439 E3.49359
G1 X114.857 Y109.66 E3.50515
G1 X115.112 Y109.892 E3.51598
G1 X115.352 Y110.159 E3.52726
G1 X115.352 Y110.159 F12000
G1 X115.087 Y110.428
G1 F3600
G1 X115.281 Y110.694 E3.53761
G1 X115.453 Y110.993 E3.54845
G1 X115.574 Y111.258 E3.5576
G1 X115.671 Y111.533 E3.56676
G1 X115.755 Y111.867 E3.57758
G1 X115.803 Y112.209 E3.58843
G1 X115.816 Y112.502 E3.59765
G1 X115.798 Y112.847 E3.60851
G1 X115.743 Y113.189 E3.6194
G1 X115.659 Y113.508 E3.62977
G1 X115.551 Y113.797 E3.63947
G1 X115.401 Y114.105 E3.65024
G1 X115.249 Y114.354 E3.65941
G1 X115.075 Y114.588 E3.66857
G1 X114.845 Y114.845 E3.67941
G1 X114.587 Y115.077 E3.69031
G1 X114.306 Y115.281 E3.70122
G1 X114.007 Y115.453 E3.71206
G1 X113.742 Y115.574 E3.72121
G1 X113.467 Y115.671 E3.73037
G1 X113.133 Y115.755 E3.74119
G1 X112.807 Y115.801 E3.75154
G1 X112.498 Y115.816 E3.76126
G1 X112.153 Y115.798 E3.77212
G1 X111.811 Y115.743 E3.78301
G1 X111.478 Y115.654 E3.79384
G1 X111.205 Y115.552 E3.803
G1 X110.941 Y115.426 E3.81219
G1 X110.648 Y115.25 E3.82293
G1 X110.412 Y115.075 E3.83216
G1 X110.155 Y114.845 E3.843
G1 X109.923 Y114.587 E3.8539
G1 X109.719 Y114.306 E3.86481
G1 X109.547 Y114.007 E3.87565
G1 X109.425 Y113.74 E3.88487
G1 X109.314 Y113.416 E3.89563
G1 X109.245 Y113.131 E3.90484
G1 X109.199 Y112.807 E3.91512
G1 X109.184 Y112.498 E3.92484
G1 X109.202 Y112.154 E3.93567
G1 X109.253 Y111.828 E3.94604
G1 X109.33 Y111.529 E3.95574
G1 X109.448 Y111.205 E3.96658
G1 X109.592 Y110.908 E3.97695
G1 X109.752 Y110.645 E3.98662
G1 X109.949 Y110.383 E3.99692
G1 X110.157 Y110.154 E4.00664
G1 X110.412 Y109.925 E4.01741
G1 X110.646 Y109.751 E4.02657
G1 X110.895 Y109.599 E4.03574
G1 X111.204 Y109.448 E4.04655
G1 X111.514 Y109.335 E4.05692
G1 X111.812 Y109.256 E4.06661
G1 X112.153 Y109.203 E4.07745
G1 X112.482 Y109.185 E4.0878
G1 X112.791 Y109.197 E4.09752
G1 X113.133 Y109.245 E4.10837
G1 X113.467 Y109.329 E4.11919
G1 X113.744 Y109.427 E4.12842
G1 X114.057 Y109.572 E4.13926
G1 X114.354 Y109.751 E4.15016
G1 X114.617 Y109.949 E4.16051
G1 X114.846 Y110.157 E4.17023
G1 X115.048 Y110.382 E4.17973
G1 X115.048 Y110.382 F12000
G1 X114.782 Y110.632
;TYPE:External perimeter
;WIDTH:0.4
G1 F3600
G1 X114.793 Y110.643 E4.18019
G1 X114.974 Y110.893 E4.18937
G1 X115.128 Y111.16 E4.19854
G1 X115.322 Y111.638 E4.21389
G1 X115.396 Y111.937 E4.22305
G1 X115.439 Y112.242 E4.23221
G1 X115.45 Y112.501 E4.23992
G1 X115.434 Y112.808 E4.24907
G1 X115.386 Y113.113 E4.25826
G1 X115.31 Y113.397 E4.26701
G1 X115.215 Y113.653 E4.27513
G1 X115.081 Y113.93 E4.28428
G1 X114.792 Y114.357 E4.29962
G1 X114.586 Y114.586 E4.30878
G1 X114.357 Y114.793 E4.31796
G1 X114.107 Y114.974 E4.32714
G1 X113.84 Y115.128 E4.33631
G1 X113.362 Y115.322 E4.35166
G1 X113.063 Y115.396 E4.36082
G1 X112.772 Y115.438 E4.36957
G1 X112.499 Y115.45 E4.3777
G1 X112.192 Y115.434 E4.38685
G1 X111.887 Y115.386 E4.39604
G1 X111.589 Y115.306 E4.40522
G1 X111.114 Y115.104 E4.42058
G1 X110.851 Y114.946 E4.42971
G1 X110.643 Y114.792 E4.43741
G1 X110.414 Y114.586 E4.44657
G1 X110.207 Y114.357 E4.45575
G1 X110.026 Y114.107 E4.46493
G1 X109.872 Y113.84 E4.4741
G1 X109.764 Y113.604 E4.48182
G1 X109.664 Y113.314 E4.49095
G1 X109.604 Y113.062 E4.49866
G1 X109.562 Y112.772 E4.50738
G1 X109.55 Y112.499 E4.51551
G1 X109.566 Y112.192 E4.52466
G1 X109.611 Y111.902 E4.53339
G1 X109.679 Y111.637 E4.54153
G1 X109.784 Y111.347 E4.55071
G1 X109.912 Y111.083 E4.55944
G1 X110.054 Y110.85 E4.56756
G1 X110.23 Y110.615 E4.57629
G1 X110.414 Y110.413 E4.58442
G1 X110.643 Y110.208 E4.59356
G1 X111.07 Y109.919 E4.6089
G1 X111.347 Y109.784 E4.61807
G1 X111.623 Y109.683 E4.62681
G1 X111.887 Y109.614 E4.63493
G1 X112.191 Y109.566 E4.64409
G1 X112.485 Y109.55 E4.65285
G1 X112.758 Y109.561 E4.66098
G1 X113.063 Y109.604 E4.67014
G1 X113.362 Y109.678 E4.6793
G1 X113.606 Y109.765 E4.68701
G1 X113.885 Y109.895 E4.69617
G1 X114.15 Y110.054 E4.70536
G1 X114.385 Y110.23 E4.71409
G1 X114.587 Y110.414 E4.72222
G1 X114.742 Y110.587 E4.72913
G1 X114.977 Y110.911 F12000
G1 E2.72913 F2400
G92 E0
G1 Z3.12 F12000
G1 X104.068 Y108.865
G1 Z2.72
G1 E2 F2400
;TYPE:Perimeter
;WIDTH:0.42
G1 F4800
G1 X104.085 Y108.821 E2.00148
G1 X104.474 Y108.036 E2.02901
G1 X104.976 Y107.232 E2.0588
G1 X105.528 Y106.521 E2.08709
G1 X106.13 Y105.884 E2.11463
G1 X106.836 Y105.27 E2.14403
G1 X107.507 Y104.791 E2.16994
G1 X108.276 Y104.345 E2.19788
G1 X109.061 Y103.984 E2.22503
G1 X109.826 Y103.714 E2.25052
G1 X110.747 Y103.484 E2.28035
G1 X111.222 Y103.405 E2.29548
G1 X111.699 Y103.35 E2.31057
G1 X112.599 Y103.316 E2.33887
G1 X113.473 Y103.367 E2.36638
G1 X114.41 Y103.516 E2.3962
G1 X115.279 Y103.746 E2.42445
G1 X116.101 Y104.051 E2.452
G1 X116.953 Y104.467 E2.4818
G1 X117.717 Y104.942 E2.51007
G1 X118.414 Y105.473 E2.53761
G1 X119.107 Y106.12 E2.5674
G1 X119.73 Y106.836 E2.59723
G1 X120.202 Y107.498 E2.62278
G1 X120.615 Y108.198 E2.64832
G1 X121.011 Y109.049 E2.67782
G1 X121.286 Y109.826 E2.70372
G1 X121.516 Y110.747 E2.73355
G1 X121.595 Y111.222 E2.74868
G1 X121.65 Y111.699 E2.76377
G1 X121.679 Y112.179 E2.77888
G1 X121.683 Y112.66 E2.794
G1 X121.617 Y113.608 E2.82386
G1 X121.483 Y114.409 E2.84938
G1 X121.28 Y115.196 E2.87492
G1 X120.955 Y116.089 E2.90478
G1 X120.538 Y116.943 E2.93465
G1 X120.108 Y117.645 E2.96052
G1 X119.536 Y118.404 E2.99039
G1 X118.888 Y119.099 E3.02025
G1 X118.271 Y119.645 E3.04614
G1 X117.502 Y120.203 E3.076
G1 X116.68 Y120.678 E3.10583
G1 X115.94 Y121.015 E3.13138
G1 X115.174 Y121.286 E3.15691
G1 X114.253 Y121.516 E3.18674
G1 X113.778 Y121.595 E3.20187
G1 X113.301 Y121.65 E3.21696
G1 X112.821 Y121.679 E3.23207
G1 X112.34 Y121.683 E3.24719
G1 X111.392 Y121.617 E3.27705
G1 X110.591 Y121.483 E3.30257
G1 X109.804 Y121.28 E3.32811
G1 X108.922 Y120.959 E3.35761
G1 X108.178 Y120.604 E3.38352
G1 X107.364 Y120.115 E3.41336
G1 X106.972 Y119.835 E3.4285
G1 X106.596 Y119.536 E3.4436
G1 X105.901 Y118.888 E3.47346
G1 X105.355 Y118.271 E3.49935
G1 X104.797 Y117.502 E3.52921
G1 X104.322 Y116.68 E3.55904
G1 X103.985 Y115.94 E3.58459
G1 X103.714 Y115.174 E3.61012
G1 X103.484 Y114.253 E3.63995
G1 X103.405 Y113.778 E3.65508
G1 X103.35 Y113.301 E3.67017
G1 X103.321 Y112.821 E3.68528
G1 X103.317 Y112.34 E3.7004
G1 X103.377 Y111.442 E3.72868
G1 X103.519 Y110.577 E3.75623
G1 X103.765 Y109.662 E3.78601
G1 X104.047 Y108.921 E3.81093
G1 X104.047 Y108.921 F12000
G1 X103.722 Y108.722
G1 F4800
G1 X103.743 Y108.666 E3.81281
G1 X104.144 Y107.857 E3.84118
G1 X104.393 Y107.434 E3.8566
G1 X104.669 Y107.017 E3.87231
G1 X105.247 Y106.273 E3.90192
G1 X105.866 Y105.617 E3.93026
G1 X106.228 Y105.285 E3.9457
G1 X106.608 Y104.972 E3.96117
G1 X107.3 Y104.478 E3.98789
G1 X108.107 Y104.01 E4.01721
G1 X108.92 Y103.636 E4.04533
G1 X109.713 Y103.356 E4.07176
G1 X110.187 Y103.224 E4.08722
G1 X110.676 Y103.116 E4.10296
G1 X111.17 Y103.033 E4.1187
G1 X111.667 Y102.977 E4.13442
G1 X112.608 Y102.941 E4.16401
G1 X113.509 Y102.994 E4.19237
G1 X113.995 Y103.058 E4.20777
G1 X114.488 Y103.149 E4.22352
G1 X115.398 Y103.39 E4.2531
G1 X116.244 Y103.704 E4.28146
G1 X116.691 Y103.908 E4.2969
G1 X117.135 Y104.139 E4.31263
G1 X117.934 Y104.636 E4.3422
G1 X118.652 Y105.183 E4.37057
G1 X119.02 Y105.508 E4.386
G1 X119.377 Y105.859 E4.40173
G1 X119.715 Y106.228 E4.41746
G1 X120.028 Y106.608 E4.43293
G1 X120.517 Y107.294 E4.4594
G1 X120.944 Y108.019 E4.48584
G1 X121.164 Y108.46 E4.50133
G1 X121.36 Y108.911 E4.51678
G1 X121.644 Y109.713 E4.54352
G1 X121.776 Y110.187 E4.55898
G1 X121.884 Y110.676 E4.57472
G1 X121.967 Y111.17 E4.59046
G1 X122.023 Y111.667 E4.60618
G1 X122.054 Y112.166 E4.62189
G1 X122.058 Y112.667 E4.63763
G1 X122.037 Y113.167 E4.65336
G1 X121.989 Y113.657 E4.66883
G1 X121.85 Y114.487 E4.69528
G1 X121.639 Y115.303 E4.72177
G1 X121.483 Y115.77 E4.73724
G1 X121.3 Y116.235 E4.75294
G1 X121.092 Y116.691 E4.76869
G1 X120.865 Y117.127 E4.78414
G1 X120.421 Y117.852 E4.81086
G1 X120.135 Y118.253 E4.82634
G1 X119.823 Y118.645 E4.84208
G1 X119.492 Y119.02 E4.8578
G1 X119.147 Y119.371 E4.87327
G1 X118.51 Y119.934 E4.89999
G1 X118.119 Y120.234 E4.91548
G1 X117.707 Y120.518 E4.93121
G1 X117.28 Y120.779 E4.94694
G1 X116.847 Y121.014 E4.96242
G1 X116.081 Y121.363 E4.98887
G1 X115.287 Y121.644 E5.01534
G1 X114.813 Y121.776 E5.0308
G1 X114.324 Y121.884 E5.04654
G1 X113.83 Y121.967 E5.06228
G1 X113.333 Y122.023 E5.078
G1 X112.834 Y122.054 E5.09371
G1 X112.333 Y122.058 E5.10945
G1 X111.833 Y122.037 E5.12518
G1 X111.343 Y121.989 E5.14065
G1 X110.513 Y121.85 E5.1671
G1 X109.697 Y121.639 E5.19359
G1 X109.23 Y121.483 E5.20906
G1 X108.772 Y121.303 E5.22452
G1 X108.005 Y120.937 E5.25123
G1 X107.576 Y120.694 E5.26672
G1 X107.154 Y120.425 E5.28245
G1 X106.747 Y120.135 E5.29815
G1 X106.355 Y119.823 E5.31389
G1 X105.98 Y119.492 E5.32961
G1 X105.629 Y119.147 E5.34508
G1 X105.066 Y118.51 E5.3718
G1 X104.766 Y118.119 E5.38729
G1 X104.482 Y117.707 E5.40302
G1 X104.221 Y117.28 E5.41875
G1 X103.986 Y116.847 E5.43423
G1 X103.637 Y116.081 E5.46068
G1 X103.356 Y115.287 E5.48715
G1 X103.224 Y114.813 E5.50261
G1 X103.116 Y114.324 E5.51835
G1 X103.033 Y113.83 E5.53409
G1 X102.977 Y113.333 E5.54981
G1 X102.946 Y112.834 E5.56552
G1 X102.942 Y112.333 E5.58126
G1 X103.005 Y111.394 E5.61083
G1 X103.151 Y110.503 E5.6392
G1 X103.266 Y110.026 E5.65462
G1 X103.408 Y109.546 E5.67035
G1 X103.7 Y108.778 E5.69617
G1 X103.7 Y108.778 F12000
G1 X103.375 Y108.58
G1 F4800
G1 X103.401 Y108.511 E5.69849
G1 X103.814 Y107.679 E5.72768
G1 X104.075 Y107.235 E5.74386
G1 X104.362 Y106.802 E5.76018
G1 X104.965 Y106.025 E5.79109
G1 X105.603 Y105.35 E5.82028
G1 X105.982 Y105.002 E5.83645
G1 X106.38 Y104.674 E5.85266
G1 X107.093 Y104.165 E5.88019
G1 X107.939 Y103.674 E5.91093
G1 X108.779 Y103.289 E5.93997
G1 X109.6 Y102.998 E5.96734
G1 X110.097 Y102.86 E5.98355
G1 X110.604 Y102.748 E5.99987
G1 X111.117 Y102.662 E6.01622
G1 X111.634 Y102.603 E6.03257
G1 X112.617 Y102.566 E6.06348
G1 X113.544 Y102.62 E6.09266
G1 X114.054 Y102.687 E6.10882
G1 X114.566 Y102.782 E6.12518
G1 X115.516 Y103.034 E6.15607
G1 X116.387 Y103.357 E6.18526
G1 X116.855 Y103.571 E6.20143
G1 X117.317 Y103.811 E6.21779
G1 X118.152 Y104.33 E6.24869
G1 X118.89 Y104.893 E6.27786
G1 X119.276 Y105.234 E6.29405
G1 X119.647 Y105.599 E6.31041
G1 X119.998 Y105.982 E6.32674
G1 X120.326 Y106.38 E6.34295
G1 X120.832 Y107.089 E6.37032
G1 X121.274 Y107.84 E6.3977
G1 X121.504 Y108.301 E6.41389
G1 X121.709 Y108.774 E6.43009
G1 X122.002 Y109.6 E6.45763
G1 X122.14 Y110.097 E6.47384
G1 X122.252 Y110.604 E6.49016
G1 X122.338 Y111.117 E6.50651
G1 X122.397 Y111.634 E6.52286
G1 X122.429 Y112.153 E6.5392
G1 X122.433 Y112.673 E6.55554
G1 X122.411 Y113.193 E6.5719
G1 X122.361 Y113.706 E6.5881
G1 X122.217 Y114.566 E6.6155
G1 X121.999 Y115.409 E6.64286
G1 X121.836 Y115.898 E6.65906
G1 X121.645 Y116.382 E6.67541
G1 X121.429 Y116.855 E6.69175
G1 X121.192 Y117.312 E6.70793
G1 X120.734 Y118.06 E6.73549
G1 X120.434 Y118.479 E6.75168
G1 X120.111 Y118.886 E6.76801
G1 X119.766 Y119.276 E6.78437
G1 X119.405 Y119.643 E6.80055
G1 X118.748 Y120.224 E6.82811
G1 X118.34 Y120.537 E6.84427
G1 X117.911 Y120.832 E6.86063
G1 X117.467 Y121.104 E6.87699
G1 X117.015 Y121.35 E6.89316
G1 X116.222 Y121.711 E6.92054
G1 X115.4 Y122.002 E6.94794
G1 X114.903 Y122.14 E6.96415
G1 X114.396 Y122.252 E6.98047
G1 X113.883 Y122.338 E6.99682
G1 X113.366 Y122.397 E7.01317
G1 X112.847 Y122.429 E7.02951
G1 X112.327 Y122.433 E7.04585
G1 X111.807 Y122.411 E7.06221
G1 X111.294 Y122.361 E7.07841
G1 X110.435 Y122.217 E7.10578
G1 X109.591 Y121.999 E7.13317
G1 X109.102 Y121.836 E7.14937
G1 X108.623 Y121.647 E7.16555
G1 X107.832 Y121.27 E7.19309
G1 X107.383 Y121.016 E7.2093
G1 X106.944 Y120.736 E7.22566
G1 X106.521 Y120.434 E7.24199
G1 X106.114 Y120.111 E7.25832
G1 X105.724 Y119.766 E7.27468
G1 X105.357 Y119.405 E7.29086
G1 X104.776 Y118.748 E7.31842
G1 X104.463 Y118.34 E7.33458
G1 X104.168 Y117.911 E7.35094
G1 X103.896 Y117.467 E7.3673
G1 X103.65 Y117.015 E7.38347
G1 X103.289 Y116.222 E7.41085
G1 X102.998 Y115.4 E7.43825
G1 X102.86 Y114.903 E7.45446
G1 X102.748 Y114.396 E7.47078
G1 X102.662 Y113.883 E7.48713
G1 X102.603 Y113.366 E7.50348
G1 X102.571 Y112.847 E7.51982
G1 X102.567 Y112.327 E7.53616
G1 X102.633 Y111.346 E7.56706
G1 X102.784 Y110.429 E7.59627
G1 X102.904 Y109.929 E7.61243
G1 X103.051 Y109.43 E7.62878
G1 X103.354 Y108.636 E7.65549
G1 X103.354 Y108.636 F12000
G1 X103.036 Y108.44
;TYPE:External perimeter
;WIDTH:0.4
G1 F2400
G1 X103.069 Y108.361 E7.65804
G1 X103.492 Y107.505 E7.68644
G1 X103.765 Y107.042 E7.70243
G1 X104.063 Y106.592 E7.71849
G1 X104.384 Y106.159 E7.73452
G1 X104.691 Y105.784 E7.74894
G1 X105.347 Y105.089 E7.77737
G1 X105.743 Y104.727 E7.79333
G1 X106.157 Y104.385 E7.8093
G1 X106.892 Y103.861 E7.83615
G1 X107.35 Y103.58 E7.85214
G1 X107.776 Y103.348 E7.86657
G1 X108.642 Y102.95 E7.89492
G1 X109.49 Y102.65 E7.92168
G1 X110.008 Y102.506 E7.93767
G1 X110.535 Y102.389 E7.95373
G1 X111.067 Y102.3 E7.96978
G1 X111.602 Y102.239 E7.9858
G1 X112.141 Y102.206 E8.00186
G1 X112.625 Y102.201 E8.01626
G1 X113.579 Y102.257 E8.04469
G1 X114.111 Y102.327 E8.06065
G1 X114.641 Y102.425 E8.07668
G1 X115.166 Y102.551 E8.09274
G1 X115.631 Y102.688 E8.10716
G1 X116.526 Y103.02 E8.13556
G1 X117.015 Y103.242 E8.15154
G1 X117.494 Y103.491 E8.1676
G1 X117.958 Y103.765 E8.18363
G1 X118.363 Y104.032 E8.19806
G1 X119.122 Y104.611 E8.22646
G1 X119.525 Y104.967 E8.24246
G1 X119.909 Y105.345 E8.25849
G1 X120.273 Y105.743 E8.27454
G1 X120.615 Y106.157 E8.29051
G1 X121.138 Y106.89 E8.3173
G1 X121.595 Y107.666 E8.34409
G1 X121.835 Y108.147 E8.36008
G1 X122.049 Y108.64 E8.37607
G1 X122.35 Y109.49 E8.4029
G1 X122.494 Y110.008 E8.41889
G1 X122.611 Y110.535 E8.43495
G1 X122.7 Y111.067 E8.451
G1 X122.761 Y111.602 E8.46702
G1 X122.794 Y112.141 E8.48308
G1 X122.798 Y112.68 E8.49912
G1 X122.775 Y113.219 E8.51517
G1 X122.723 Y113.754 E8.53116
G1 X122.575 Y114.641 E8.55791
G1 X122.349 Y115.513 E8.58471
G1 X122.179 Y116.023 E8.6007
G1 X121.981 Y116.525 E8.61675
G1 X121.758 Y117.015 E8.63277
G1 X121.509 Y117.492 E8.64878
G1 X121.038 Y118.261 E8.67561
G1 X120.726 Y118.699 E8.69161
G1 X120.39 Y119.121 E8.70766
G1 X120.033 Y119.525 E8.7237
G1 X119.656 Y119.908 E8.73969
G1 X118.981 Y120.506 E8.76652
G1 X118.554 Y120.833 E8.78252
G1 X118.11 Y121.138 E8.79854
G1 X117.65 Y121.42 E8.81459
G1 X117.178 Y121.676 E8.83056
G1 X116.358 Y122.05 E8.85737
G1 X115.51 Y122.35 E8.88413
G1 X114.992 Y122.494 E8.90012
G1 X114.465 Y122.611 E8.91618
G1 X113.933 Y122.7 E8.93223
G1 X113.398 Y122.761 E8.94825
G1 X112.859 Y122.794 E8.96431
G1 X112.32 Y122.798 E8.98035
G1 X111.781 Y122.775 E8.9964
G1 X111.247 Y122.723 E9.01236
G1 X110.359 Y122.575 E9.03914
G1 X109.487 Y122.349 E9.06594
G1 X108.977 Y122.179 E9.08193
G1 X108.477 Y121.982 E9.09792
G1 X107.663 Y121.593 E9.12476
G1 X107.195 Y121.329 E9.14074
G1 X106.74 Y121.039 E9.15679
G1 X106.301 Y120.726 E9.17283
G1 X105.879 Y120.39 E9.18888
G1 X105.475 Y120.033 E9.20492
G1 X105.092 Y119.656 E9.22091
G1 X104.494 Y118.981 E9.24774
G1 X104.167 Y118.554 E9.26374
G1 X103.862 Y118.11 E9.27976
G1 X103.58 Y117.65 E9.29581
G1 X103.324 Y117.178 E9.31178
G1 X102.95 Y116.358 E9.33859
G1 X102.65 Y115.51 E9.36535
G1 X102.506 Y114.992 E9.38134
G1 X102.389 Y114.465 E9.3974
G1 X102.3 Y113.933 E9.41345
G1 X102.239 Y113.398 E9.42947
G1 X102.206 Y112.859 E9.44553
G1 X102.202 Y112.32 E9.46157
G1 X102.225 Y111.781 E9.47762
G1 X102.271 Y111.299 E9.49202
G1 X102.426 Y110.357 E9.52042
G1 X102.551 Y109.834 E9.53642
G1 X102.704 Y109.317 E9.55246
G1 X102.884 Y108.809 E9.56849
G1 X103.013 Y108.495 E9.57859
G1 X103.183 Y108.133 F12000
;LAYER_CHANGE
;Z:2.93
;HEIGHT:0.21
G1 Z2.93 F12000
G1 E7.57859 F2400
G92 E0
G1 Z3.33 F12000
G1 X103.71 Y110.685
G1 Z2.93
G1 E2 F2400
G92 E0
;TYPE:Internal infill
;WIDTH:0.42
G1 F6000
G1 X110.683 Y103.713 E.30987
G1 E-1.69013 F2400
G92 E0
G1 X110.683 Y103.713 Z3.33 F12000
G1 X109.39 Y120.913
G1 Z2.93
G1 E2 F2400
G1 F6000
G1 X113.47 Y116.832 E2.18135
G1 X112.5 Y116.942 E2.21203
G1 X112.043 Y116.918 E2.22641
G1 X111.203 Y116.748 E2.25334
G1 X110.41 Y116.42 E2.28031
G1 X110.016 Y116.183 E2.29476
G1 X109.359 Y115.641 E2.32153
G1 X106.275 Y118.725 E2.45859
G1 X105.648 Y118.036 E2.48787
G1 X105.112 Y117.298 E2.51653
G1 X104.655 Y116.508 E2.54521
G1 X104.221 Y115.477 E2.58036
G1 X108.169 Y111.529 E2.75582
G1 X108.582 Y110.408 E2.79336
G1 X108.817 Y110.016 E2.80772
G1 X109.364 Y109.354 E2.83471
G1 X109.699 Y109.053 E2.84886
G1 X110.391 Y108.591 E2.87501
G1 X110.769 Y108.409 E2.88819
G1 X111.53 Y108.168 E2.91328
G1 X115.478 Y104.22 E3.08874
G1 X116.771 Y104.795 E3.13321
G1 X117.501 Y105.248 E3.16021
G1 X118.172 Y105.76 E3.18673
G1 X118.725 Y106.275 E3.21048
G1 X115.641 Y109.359 E3.34754
G1 X115.947 Y109.699 E3.36191
G1 X116.409 Y110.391 E3.38806
G1 X116.745 Y111.194 E3.41541
G1 X116.918 Y112.036 E3.44242
G1 X116.942 Y112.5 E3.45702
G1 X116.829 Y113.473 E3.4878
G1 X120.781 Y109.521 E3.66343
G1 X121.149 Y110.824 E3.70598
G1 X121.276 Y111.732 E3.73479
G1 X121.308 Y112.649 E3.76362
G1 X121.245 Y113.564 E3.79244
G1 X121.061 Y114.543 E3.82374
G1 X114.317 Y121.287 E4.12346
G1 E2.12346 F2400
G92 E0
G1 X114.317 Y121.287 Z3.33 F12000
G1 X115.686 Y109.977
G1 Z2.93
G1 E2 F2400
;TYPE:Perimeter
G1 F3600
G1 X115.873 Y110.23 E2.00989
G1 X116.079 Y110.569 E2.02236
G1 X116.245 Y110.915 E2.03442
G1 X116.387 Y111.306 E2.04749
G1 X116.479 Y111.66 E2.05898
G1 X116.544 Y112.075 E2.07218
G1 X116.567 Y112.5 E2.08556
G1 X116.545 Y112.919 E2.09875
G1 X116.49 Y113.282 E2.11029
G1 X116.389 Y113.687 E2.12341
G1 X116.252 Y114.066 E2.13607
G1 X116.089 Y114.412 E2.14809
G1 X115.872 Y114.773 E2.16133
G1 X115.631 Y115.095 E2.17397
G1 X115.377 Y115.374 E2.18583
G1 X115.109 Y115.619 E2.19724
G1 X114.775 Y115.87 E2.21037
G1 X114.431 Y116.079 E2.22302
G1 X114.085 Y116.245 E2.23508
G1 X113.694 Y116.387 E2.24815
G1 X113.34 Y116.479 E2.25964
G1 X112.925 Y116.544 E2.27284
G1 X112.5 Y116.567 E2.28622
G1 X112.081 Y116.545 E2.29941
G1 X111.718 Y116.49 E2.31095
G1 X111.313 Y116.389 E2.32407
G1 X110.934 Y116.252 E2.33673
G1 X110.588 Y116.089 E2.34875
G1 X110.226 Y115.871 E2.36203
G1 X109.891 Y115.619 E2.3752
G1 X109.625 Y115.375 E2.38654
G1 X109.381 Y115.109 E2.39788
G1 X109.129 Y114.774 E2.41105
G1 X108.909 Y114.409 E2.42444
G1 X108.73 Y114.023 E2.43781
G1 X108.593 Y113.626 E2.45101
G1 X108.509 Y113.276 E2.46232
G1 X108.455 Y112.919 E2.47367
G1 X108.433 Y112.5 E2.48686
G1 X108.456 Y112.077 E2.50017
G1 X108.518 Y111.678 E2.51286
G1 X108.612 Y111.308 E2.52486
G1 X108.755 Y110.916 E2.53797
G1 X108.912 Y110.586 E2.54945
G1 X109.129 Y110.226 E2.56266
G1 X109.381 Y109.891 E2.57583
G1 X109.629 Y109.621 E2.58735
G1 X109.937 Y109.344 E2.60037
G1 X110.23 Y109.127 E2.61183
G1 X110.57 Y108.921 E2.62432
G1 X110.915 Y108.755 E2.63635
G1 X111.306 Y108.613 E2.64942
G1 X111.66 Y108.521 E2.66091
G1 X112.073 Y108.456 E2.67405
G1 X112.476 Y108.434 E2.68673
G1 X112.858 Y108.449 E2.69874
G1 X113.276 Y108.508 E2.71201
G1 X113.683 Y108.61 E2.7252
G1 X114.029 Y108.732 E2.73673
G1 X114.409 Y108.909 E2.7499
G1 X114.773 Y109.128 E2.76325
G1 X115.095 Y109.369 E2.77589
G1 X115.378 Y109.627 E2.78792
G1 X115.65 Y109.929 E2.80069
G1 X115.65 Y109.929 F12000
G1 X115.386 Y110.201
G1 F3600
G1 X115.562 Y110.439 E2.80999
G1 X115.749 Y110.748 E2.82134
G1 X115.899 Y111.06 E2.83222
G1 X116.028 Y111.417 E2.84415
G1 X116.111 Y111.737 E2.85454
G1 X116.171 Y112.114 E2.86654
G1 X116.191 Y112.5 E2.87869
G1 X116.171 Y112.882 E2.89071
G1 X116.122 Y113.208 E2.90107
G1 X116.03 Y113.578 E2.91305
G1 X115.906 Y113.922 E2.92454
G1 X115.758 Y114.235 E2.93542
G1 X115.561 Y114.563 E2.94744
G1 X115.341 Y114.856 E2.95895
G1 X115.111 Y115.109 E2.96969
G1 X114.869 Y115.33 E2.97999
G1 X114.565 Y115.559 E2.99195
G1 X114.252 Y115.749 E3.00346
G1 X113.94 Y115.899 E3.01434
G1 X113.583 Y116.028 E3.02627
G1 X113.263 Y116.111 E3.03666
G1 X112.886 Y116.171 E3.04866
G1 X112.5 Y116.191 E3.06081
G1 X112.118 Y116.171 E3.07283
G1 X111.792 Y116.122 E3.08319
G1 X111.422 Y116.03 E3.09517
G1 X111.078 Y115.906 E3.10666
G1 X110.765 Y115.758 E3.11754
G1 X110.436 Y115.56 E3.12961
G1 X110.131 Y115.33 E3.14161
G1 X109.89 Y115.11 E3.15186
G1 X109.67 Y114.869 E3.16211
G1 X109.44 Y114.564 E3.17411
G1 X109.241 Y114.233 E3.18625
G1 X109.078 Y113.883 E3.19838
G1 X108.953 Y113.521 E3.21042
G1 X108.877 Y113.204 E3.22066
G1 X108.829 Y112.882 E3.23089
G1 X108.809 Y112.5 E3.24291
G1 X108.829 Y112.115 E3.25503
G1 X108.885 Y111.754 E3.26651
G1 X108.971 Y111.418 E3.27741
G1 X109.101 Y111.062 E3.28932
G1 X109.243 Y110.764 E3.29969
G1 X109.44 Y110.436 E3.31171
G1 X109.67 Y110.131 E3.32371
G1 X109.893 Y109.887 E3.3341
G1 X110.174 Y109.634 E3.34598
G1 X110.439 Y109.438 E3.35634
G1 X110.748 Y109.251 E3.36769
G1 X111.06 Y109.101 E3.37857
G1 X111.417 Y108.972 E3.3905
G1 X111.737 Y108.889 E3.40089
G1 X112.113 Y108.829 E3.41286
G1 X112.478 Y108.809 E3.42435
G1 X112.824 Y108.823 E3.43523
G1 X113.204 Y108.877 E3.44729
G1 X113.575 Y108.969 E3.4593
G1 X113.886 Y109.079 E3.46967
G1 X114.233 Y109.241 E3.4817
G1 X114.563 Y109.439 E3.49379
G1 X114.856 Y109.659 E3.5053
G1 X115.112 Y109.892 E3.51618
G1 X115.348 Y110.154 E3.52726
G1 X115.348 Y110.154 F12000
G1 X115.064 Y110.399
G1 F3600
G1 X115.075 Y110.412 E3.5278
G1 X115.25 Y110.647 E3.53701
G1 X115.418 Y110.927 E3.54727
G1 X115.553 Y111.206 E3.55701
G1 X115.67 Y111.528 E3.56778
G1 X115.744 Y111.813 E3.57703
G1 X115.798 Y112.153 E3.58785
G1 X115.816 Y112.5 E3.59877
G1 X115.798 Y112.844 E3.6096
G1 X115.754 Y113.135 E3.61885
G1 X115.671 Y113.469 E3.62967
G1 X115.559 Y113.778 E3.64
G1 X115.427 Y114.058 E3.64973
G1 X115.249 Y114.354 E3.66058
G1 X115.052 Y114.616 E3.67088
G1 X114.845 Y114.844 E3.68056
G1 X114.629 Y115.041 E3.68975
G1 X114.355 Y115.248 E3.70054
G1 X114.073 Y115.418 E3.71089
G1 X113.794 Y115.553 E3.72063
G1 X113.472 Y115.67 E3.7314
G1 X113.187 Y115.744 E3.74065
G1 X112.847 Y115.798 E3.75147
G1 X112.5 Y115.816 E3.76239
G1 X112.156 Y115.798 E3.77322
G1 X111.865 Y115.754 E3.78247
G1 X111.531 Y115.671 E3.79329
G1 X111.222 Y115.559 E3.80362
G1 X110.942 Y115.427 E3.81335
G1 X110.646 Y115.249 E3.8242
G1 X110.371 Y115.041 E3.83504
G1 X110.156 Y114.844 E3.8442
G1 X109.959 Y114.629 E3.85336
G1 X109.751 Y114.354 E3.8642
G1 X109.572 Y114.057 E3.8751
G1 X109.426 Y113.742 E3.88601
G1 X109.314 Y113.416 E3.89684
G1 X109.245 Y113.133 E3.90599
G1 X109.202 Y112.844 E3.91517
G1 X109.184 Y112.5 E3.926
G1 X109.202 Y112.154 E3.93689
G1 X109.253 Y111.829 E3.94723
G1 X109.33 Y111.529 E3.95696
G1 X109.447 Y111.207 E3.96773
G1 X109.574 Y110.941 E3.97699
G1 X109.751 Y110.646 E3.9878
G1 X109.959 Y110.371 E3.99864
G1 X110.157 Y110.154 E4.00787
G1 X110.412 Y109.925 E4.01864
G1 X110.647 Y109.75 E4.02785
G1 X110.927 Y109.582 E4.03811
G1 X111.206 Y109.447 E4.04785
G1 X111.528 Y109.33 E4.05862
G1 X111.813 Y109.256 E4.06787
G1 X112.153 Y109.203 E4.07868
G1 X112.481 Y109.185 E4.089
G1 X112.791 Y109.197 E4.09875
G1 X113.133 Y109.245 E4.1096
G1 X113.467 Y109.329 E4.12042
G1 X113.744 Y109.427 E4.12965
G1 X114.057 Y109.572 E4.14049
G1 X114.354 Y109.751 E4.15139
G1 X114.617 Y109.948 E4.16172
G1 X114.846 Y110.157 E4.17146
G1 X115.024 Y110.355 E4.17983
G1 X115.024 Y110.355 F12000
G1 X114.781 Y110.63
;TYPE:External perimeter
;WIDTH:0.4
G1 F3600
G1 X114.792 Y110.643 E4.18034
G1 X114.946 Y110.851 E4.18804
G1 X115.097 Y111.1 E4.1967
G1 X115.216 Y111.348 E4.20488
G1 X115.321 Y111.637 E4.21403
G1 X115.386 Y111.887 E4.22171
G1 X115.434 Y112.192 E4.2309
G1 X115.45 Y112.5 E4.24008
G1 X115.434 Y112.807 E4.24923
G1 X115.396 Y113.064 E4.25696
G1 X115.321 Y113.362 E4.2661
G1 X115.222 Y113.638 E4.27482
G1 X115.105 Y113.886 E4.28298
G1 X114.946 Y114.15 E4.29215
G1 X114.771 Y114.384 E4.30084
G1 X114.396 Y114.761 E4.31666
G1 X114.15 Y114.946 E4.32582
G1 X113.9 Y115.097 E4.33451
G1 X113.652 Y115.216 E4.34269
G1 X113.363 Y115.321 E4.35184
G1 X113.113 Y115.386 E4.35952
G1 X112.808 Y115.434 E4.36871
G1 X112.5 Y115.45 E4.37789
G1 X112.193 Y115.434 E4.38704
G1 X111.936 Y115.396 E4.39477
G1 X111.638 Y115.321 E4.40391
G1 X111.362 Y115.222 E4.41263
G1 X111.114 Y115.105 E4.42079
G1 X110.85 Y114.946 E4.42996
G1 X110.604 Y114.761 E4.43912
G1 X110.239 Y114.396 E4.45448
G1 X110.054 Y114.15 E4.46364
G1 X109.895 Y113.885 E4.47283
G1 X109.765 Y113.605 E4.48201
G1 X109.664 Y113.314 E4.49117
G1 X109.566 Y112.807 E4.50653
G1 X109.55 Y112.5 E4.51568
G1 X109.566 Y112.192 E4.52486
G1 X109.611 Y111.903 E4.53356
G1 X109.679 Y111.637 E4.54173
G1 X109.784 Y111.348 E4.55088
G1 X109.896 Y111.114 E4.5586
G1 X110.054 Y110.85 E4.56775
G1 X110.239 Y110.604 E4.57691
G1 X110.414 Y110.413 E4.58462
G1 X110.643 Y110.208 E4.59376
G1 X110.851 Y110.054 E4.60146
G1 X111.1 Y109.903 E4.61012
G1 X111.348 Y109.784 E4.6183
G1 X111.637 Y109.679 E4.62745
G1 X111.887 Y109.614 E4.63513
G1 X112.191 Y109.566 E4.64429
G1 X112.484 Y109.55 E4.65302
G1 X112.758 Y109.561 E4.66118
G1 X113.063 Y109.604 E4.67034
G1 X113.362 Y109.678 E4.6795
G1 X113.606 Y109.765 E4.68721
G1 X113.885 Y109.895 E4.69637
G1 X114.15 Y110.054 E4.70556
G1 X114.384 Y110.23 E4.71427
G1 X114.587 Y110.414 E4.72242
G1 X114.741 Y110.586 E4.72929
G1 X114.976 Y110.91 F12000
G1 E2.72929 F2400
G92 E0
G1 Z3.33 F12000
G1 X104.065 Y108.873
G1 Z2.93
G1 E2 F2400
;TYPE:Perimeter
;WIDTH:0.42
G1 F4800
G1 X104.083 Y108.824 E2.00164
G1 X104.474 Y108.035 E2.02931
G1 X104.97 Y107.241 E2.05873
G1 X105.472 Y106.588 E2.08461
G1 X106.112 Y105.901 E2.11412
G1 X106.729 Y105.355 E2.14001
G1 X107.498 Y104.797 E2.16987
G1 X108.272 Y104.347 E2.19801
G1 X109.062 Y103.984 E2.22533
G1 X109.826 Y103.714 E2.25079
G1 X110.747 Y103.484 E2.28062
G1 X111.222 Y103.405 E2.29575
G1 X111.699 Y103.35 E2.31084
G1 X112.595 Y103.316 E2.33902
G1 X113.473 Y103.367 E2.36666
G1 X114.41 Y103.516 E2.39648
G1 X115.276 Y103.745 E2.42463
G1 X116.101 Y104.051 E2.45228
G1 X116.953 Y104.467 E2.48208
G1 X117.714 Y104.939 E2.51022
G1 X118.414 Y105.473 E2.53789
G1 X119.099 Y106.112 E2.56733
G1 X119.645 Y106.729 E2.59322
G1 X120.196 Y107.488 E2.62269
G1 X120.615 Y108.198 E2.6486
G1 X121.011 Y109.049 E2.6781
G1 X121.287 Y109.826 E2.70401
G1 X121.516 Y110.748 E2.73386
G1 X121.595 Y111.222 E2.74896
G1 X121.65 Y111.699 E2.76405
G1 X121.679 Y112.179 E2.77916
G1 X121.683 Y112.66 E2.79428
G1 X121.617 Y113.608 E2.82414
G1 X121.483 Y114.409 E2.84966
G1 X121.28 Y115.196 E2.8752
G1 X120.955 Y116.089 E2.90506
G1 X120.538 Y116.943 E2.93493
G1 X120.108 Y117.645 E2.9608
G1 X119.536 Y118.404 E2.99067
G1 X118.888 Y119.099 E3.02053
G1 X118.271 Y119.645 E3.04642
G1 X117.502 Y120.203 E3.07628
G1 X116.68 Y120.678 E3.10611
G1 X115.94 Y121.015 E3.13166
G1 X115.174 Y121.286 E3.15719
G1 X114.253 Y121.516 E3.18702
G1 X113.778 Y121.595 E3.20215
G1 X113.301 Y121.65 E3.21724
G1 X112.821 Y121.679 E3.23235
G1 X112.34 Y121.683 E3.24747
G1 X111.392 Y121.617 E3.27733
G1 X110.579 Y121.481 E3.30323
G1 X109.673 Y121.238 E3.33271
G1 X108.901 Y120.95 E3.3586
G1 X108.105 Y120.564 E3.3864
G1 X107.353 Y120.107 E3.41405
G1 X106.596 Y119.536 E3.44385
G1 X105.901 Y118.888 E3.47371
G1 X105.355 Y118.271 E3.4996
G1 X104.797 Y117.502 E3.52946
G1 X104.322 Y116.68 E3.55929
G1 X103.98 Y115.93 E3.58519
G1 X103.671 Y115.032 E3.61503
G1 X103.467 Y114.159 E3.6432
G1 X103.349 Y113.287 E3.67085
G1 X103.317 Y112.34 E3.70063
G1 X103.377 Y111.446 E3.72879
G1 X103.519 Y110.577 E3.75646
G1 X103.765 Y109.662 E3.78624
G1 X104.044 Y108.929 E3.81089
G1 X104.044 Y108.929 F12000
G1 X103.719 Y108.73
G1 F4800
G1 X103.742 Y108.67 E3.81291
G1 X104.144 Y107.857 E3.84141
G1 X104.393 Y107.434 E3.85683
G1 X104.665 Y107.024 E3.87229
G1 X105.182 Y106.349 E3.89901
G1 X105.508 Y105.98 E3.91448
G1 X105.853 Y105.629 E3.92995
G1 X106.49 Y105.066 E3.95667
G1 X106.881 Y104.766 E3.97216
G1 X107.293 Y104.482 E3.98789
G1 X108.104 Y104.012 E4.01735
G1 X108.92 Y103.636 E4.04558
G1 X109.713 Y103.356 E4.07201
G1 X110.187 Y103.224 E4.08747
G1 X110.676 Y103.116 E4.10321
G1 X111.17 Y103.033 E4.11895
G1 X111.667 Y102.977 E4.13467
G1 X112.604 Y102.941 E4.16414
G1 X113.509 Y102.994 E4.19263
G1 X113.996 Y103.058 E4.20807
G1 X114.488 Y103.149 E4.22379
G1 X115.394 Y103.389 E4.25324
G1 X116.244 Y103.704 E4.28173
G1 X116.691 Y103.908 E4.29717
G1 X117.135 Y104.139 E4.3129
G1 X117.931 Y104.633 E4.34234
G1 X118.652 Y105.183 E4.37084
G1 X119.02 Y105.508 E4.38627
G1 X119.371 Y105.853 E4.40174
G1 X119.934 Y106.49 E4.42846
G1 X120.234 Y106.881 E4.44395
G1 X120.513 Y107.287 E4.45943
G1 X120.944 Y108.019 E4.48612
G1 X121.164 Y108.46 E4.50161
G1 X121.36 Y108.911 E4.51706
G1 X121.644 Y109.713 E4.5438
G1 X121.776 Y110.187 E4.55926
G1 X121.884 Y110.676 E4.575
G1 X121.967 Y111.17 E4.59074
G1 X122.023 Y111.667 E4.60646
G1 X122.054 Y112.166 E4.62217
G1 X122.058 Y112.667 E4.63791
G1 X122.037 Y113.167 E4.65364
G1 X121.989 Y113.657 E4.66911
G1 X121.85 Y114.487 E4.69556
G1 X121.639 Y115.303 E4.72205
G1 X121.483 Y115.77 E4.73752
G1 X121.3 Y116.235 E4.75322
G1 X121.092 Y116.691 E4.76897
G1 X120.865 Y117.127 E4.78442
G1 X120.421 Y117.852 E4.81114
G1 X120.135 Y118.253 E4.82662
G1 X119.823 Y118.645 E4.84236
G1 X119.492 Y119.02 E4.85808
G1 X119.147 Y119.371 E4.87355
G1 X118.51 Y119.934 E4.90027
G1 X118.119 Y120.234 E4.91576
G1 X117.707 Y120.518 E4.93149
G1 X117.28 Y120.779 E4.94722
G1 X116.847 Y121.014 E4.9627
G1 X116.081 Y121.363 E4.98915
G1 X115.287 Y121.644 E5.01562
G1 X114.813 Y121.776 E5.03108
G1 X114.324 Y121.884 E5.04682
G1 X113.83 Y121.967 E5.06256
G1 X113.333 Y122.023 E5.07828
G1 X112.834 Y122.054 E5.09399
G1 X112.333 Y122.058 E5.10973
G1 X111.833 Y122.037 E5.12546
G1 X111.343 Y121.989 E5.14093
G1 X110.504 Y121.849 E5.16766
G1 X110.026 Y121.734 E5.18311
G1 X109.554 Y121.594 E5.19858
G1 X108.757 Y121.296 E5.22532
G1 X107.921 Y120.891 E5.25451
G1 X107.146 Y120.42 E5.28301
G1 X106.747 Y120.135 E5.29842
G1 X106.355 Y119.823 E5.31416
G1 X105.98 Y119.492 E5.32988
G1 X105.629 Y119.147 E5.34535
G1 X105.066 Y118.51 E5.37207
G1 X104.766 Y118.119 E5.38756
G1 X104.482 Y117.707 E5.40329
G1 X104.221 Y117.28 E5.41902
G1 X103.986 Y116.847 E5.4345
G1 X103.633 Y116.073 E5.46123
G1 X103.461 Y115.612 E5.47669
G1 X103.311 Y115.135 E5.4924
G1 X103.097 Y114.222 E5.52187
G1 X102.976 Y113.324 E5.55034
G1 X102.946 Y112.834 E5.56577
G1 X102.942 Y112.333 E5.58151
G1 X103.004 Y111.398 E5.61096
G1 X103.151 Y110.503 E5.63946
G1 X103.266 Y110.026 E5.65488
G1 X103.408 Y109.546 E5.67061
G1 X103.697 Y108.786 E5.69616
G1 X103.697 Y108.786 F12000
G1 X103.372 Y108.588
G1 F4800
G1 X103.4 Y108.515 E5.69862
G1 X103.814 Y107.678 E5.72796
G1 X104.075 Y107.235 E5.74412
G1 X104.359 Y106.806 E5.76029
G1 X104.893 Y106.11 E5.78786
G1 X105.234 Y105.724 E5.80405
G1 X105.595 Y105.357 E5.82023
G1 X106.252 Y104.776 E5.84779
G1 X106.66 Y104.463 E5.86395
G1 X107.089 Y104.168 E5.88031
G1 X107.936 Y103.676 E5.91109
G1 X108.779 Y103.289 E5.94024
G1 X109.6 Y102.998 E5.96761
G1 X110.097 Y102.86 E5.98382
G1 X110.604 Y102.748 E6.00014
G1 X111.117 Y102.662 E6.01649
G1 X111.634 Y102.603 E6.03284
G1 X112.612 Y102.566 E6.0636
G1 X113.544 Y102.62 E6.09294
G1 X114.054 Y102.687 E6.1091
G1 X114.566 Y102.782 E6.12546
G1 X115.512 Y103.033 E6.15622
G1 X116.387 Y103.357 E6.18554
G1 X116.855 Y103.571 E6.20171
G1 X117.317 Y103.811 E6.21807
G1 X118.148 Y104.327 E6.24881
G1 X118.89 Y104.893 E6.27814
G1 X119.276 Y105.234 E6.29433
G1 X119.643 Y105.595 E6.31051
G1 X120.224 Y106.252 E6.33807
G1 X120.537 Y106.66 E6.35423
G1 X120.829 Y107.085 E6.37043
G1 X121.274 Y107.84 E6.39797
G1 X121.504 Y108.301 E6.41416
G1 X121.709 Y108.774 E6.43036
G1 X122.002 Y109.6 E6.4579
G1 X122.14 Y110.097 E6.47411
G1 X122.252 Y110.604 E6.49043
G1 X122.338 Y111.117 E6.50678
G1 X122.397 Y111.634 E6.52313
G1 X122.429 Y112.153 E6.53947
G1 X122.433 Y112.673 E6.55581
G1 X122.411 Y113.193 E6.57217
G1 X122.361 Y113.706 E6.58837
G1 X122.217 Y114.566 E6.61577
G1 X121.999 Y115.409 E6.64313
G1 X121.836 Y115.898 E6.65933
G1 X121.645 Y116.382 E6.67568
G1 X121.429 Y116.855 E6.69202
G1 X121.192 Y117.312 E6.7082
G1 X120.734 Y118.06 E6.73576
G1 X120.434 Y118.479 E6.75195
G1 X120.111 Y118.886 E6.76828
G1 X119.766 Y119.276 E6.78464
G1 X119.405 Y119.643 E6.80082
G1 X118.748 Y120.224 E6.82838
G1 X118.34 Y120.537 E6.84454
G1 X117.911 Y120.832 E6.8609
G1 X117.467 Y121.104 E6.87726
G1 X117.015 Y121.35 E6.89343
G1 X116.222 Y121.711 E6.92081
G1 X115.4 Y122.002 E6.94821
G1 X114.903 Y122.14 E6.96442
G1 X114.396 Y122.252 E6.98074
G1 X113.883 Y122.338 E6.99709
G1 X113.366 Y122.397 E7.01344
G1 X112.847 Y122.429 E7.02978
G1 X112.327 Y122.433 E7.04612
G1 X111.807 Y122.411 E7.06248
G1 X111.294 Y122.361 E7.07868
G1 X110.43 Y122.217 E7.10621
G1 X109.929 Y122.096 E7.12241
G1 X109.435 Y121.95 E7.1386
G1 X108.614 Y121.643 E7.16614
G1 X107.737 Y121.218 E7.19677
G1 X106.94 Y120.733 E7.22609
G1 X106.521 Y120.434 E7.24227
G1 X106.114 Y120.111 E7.2586
G1 X105.724 Y119.766 E7.27496
G1 X105.357 Y119.405 E7.29114
G1 X104.776 Y118.748 E7.3187
G1 X104.463 Y118.34 E7.33486
G1 X104.168 Y117.911 E7.35122
G1 X103.896 Y117.467 E7.36758
G1 X103.65 Y117.015 E7.38375
G1 X103.287 Y116.217 E7.4113
G1 X103.106 Y115.734 E7.42751
G1 X102.95 Y115.238 E7.44385
G1 X102.727 Y114.285 E7.47461
G1 X102.603 Y113.36 E7.50394
G1 X102.571 Y112.847 E7.52009
G1 X102.567 Y112.327 E7.53643
G1 X102.632 Y111.35 E7.5672
G1 X102.784 Y110.429 E7.59653
G1 X102.904 Y109.929 E7.61269
G1 X103.051 Y109.43 E7.62904
G1 X103.351 Y108.644 E7.65548
G1 X103.351 Y108.644 F12000
G1 X103.033 Y108.448
;TYPE:External perimeter
;WIDTH:0.4
G1 F2400
G1 X103.067 Y108.365 E7.65815
G1 X103.493 Y107.505 E7.6867
G1 X103.765 Y107.042 E7.70267
G1 X104.062 Y106.594 E7.71866
G1 X104.611 Y105.878 E7.7455
G1 X104.967 Y105.475 E7.7615
G1 X105.344 Y105.092 E7.77749
G1 X106.019 Y104.494 E7.80432
G1 X106.446 Y104.167 E7.82032
G1 X106.89 Y103.862 E7.83634
G1 X107.35 Y103.58 E7.85239
G1 X107.772 Y103.35 E7.86669
G1 X108.642 Y102.95 E7.89518
G1 X109.49 Y102.65 E7.92194
G1 X110.008 Y102.506 E7.93793
G1 X110.535 Y102.389 E7.95399
G1 X111.067 Y102.3 E7.97004
G1 X111.602 Y102.239 E7.98606
G1 X112.141 Y102.206 E8.00212
G1 X112.621 Y102.201 E8.0164
G1 X113.579 Y102.257 E8.04495
G1 X114.111 Y102.327 E8.06091
G1 X114.641 Y102.425 E8.07694
G1 X115.166 Y102.551 E8.093
G1 X115.627 Y102.687 E8.1073
G1 X116.526 Y103.02 E8.13582
G1 X117.015 Y103.242 E8.1518
G1 X117.493 Y103.491 E8.16783
G1 X117.958 Y103.765 E8.18389
G1 X118.359 Y104.03 E8.19819
G1 X119.122 Y104.611 E8.22672
G1 X119.525 Y104.967 E8.24272
G1 X119.908 Y105.344 E8.25871
G1 X120.506 Y106.019 E8.28554
G1 X120.833 Y106.446 E8.30154
G1 X121.137 Y106.889 E8.31752
G1 X121.595 Y107.666 E8.34435
G1 X121.835 Y108.147 E8.36034
G1 X122.049 Y108.64 E8.37633
G1 X122.35 Y109.49 E8.40316
G1 X122.494 Y110.008 E8.41915
G1 X122.611 Y110.535 E8.43521
G1 X122.7 Y111.067 E8.45126
G1 X122.761 Y111.602 E8.46728
G1 X122.794 Y112.141 E8.48334
G1 X122.798 Y112.68 E8.49938
G1 X122.775 Y113.218 E8.5154
G1 X122.723 Y113.754 E8.53142
G1 X122.575 Y114.641 E8.55817
G1 X122.349 Y115.513 E8.58497
G1 X122.179 Y116.023 E8.60096
G1 X121.981 Y116.525 E8.61701
G1 X121.758 Y117.015 E8.63303
G1 X121.509 Y117.492 E8.64904
G1 X121.038 Y118.261 E8.67587
G1 X120.726 Y118.699 E8.69187
G1 X120.39 Y119.121 E8.70792
G1 X120.033 Y119.525 E8.72396
G1 X119.656 Y119.908 E8.73995
G1 X118.981 Y120.506 E8.76678
G1 X118.554 Y120.833 E8.78278
G1 X118.11 Y121.138 E8.7988
G1 X117.65 Y121.42 E8.81485
G1 X117.178 Y121.676 E8.83082
G1 X116.358 Y122.05 E8.85763
G1 X115.51 Y122.35 E8.88439
G1 X114.992 Y122.494 E8.90038
G1 X114.465 Y122.611 E8.91644
G1 X113.933 Y122.7 E8.93249
G1 X113.398 Y122.761 E8.94851
G1 X112.859 Y122.794 E8.96457
G1 X112.32 Y122.798 E8.98061
G1 X111.781 Y122.775 E8.99666
G1 X111.246 Y122.723 E9.01265
G1 X110.357 Y122.574 E9.03947
G1 X109.834 Y122.449 E9.05547
G1 X109.319 Y122.296 E9.07145
G1 X108.474 Y121.98 E9.09829
G1 X107.985 Y121.757 E9.11428
G1 X107.558 Y121.537 E9.12857
G1 X106.739 Y121.038 E9.1571
G1 X106.301 Y120.726 E9.1731
G1 X105.879 Y120.39 E9.18915
G1 X105.475 Y120.033 E9.20519
G1 X105.092 Y119.656 E9.22118
G1 X104.494 Y118.981 E9.24801
G1 X104.167 Y118.554 E9.26401
G1 X103.862 Y118.11 E9.28003
G1 X103.58 Y117.65 E9.29608
G1 X103.324 Y117.178 E9.31205
G1 X102.949 Y116.357 E9.3389
G1 X102.761 Y115.853 E9.3549
G1 X102.599 Y115.339 E9.37093
G1 X102.464 Y114.817 E9.38697
G1 X102.367 Y114.346 E9.40128
G1 X102.239 Y113.396 E9.4298
G1 X102.206 Y112.859 E9.44581
G1 X102.202 Y112.32 E9.46185
G1 X102.225 Y111.781 E9.4779
G1 X102.27 Y111.303 E9.49218
G1 X102.426 Y110.357 E9.5207
G1 X102.551 Y109.834 E9.5367
G1 X102.704 Y109.317 E9.55274
G1 X102.884 Y108.809 E9.56877
G1 X103.01 Y108.503 E9.57861
G1 X103.179 Y108.141 F12000
;LAYER_CHANGE
;Z:3.14
;HEIGHT:0.21
G1 Z3.14 F12000
G1 E7.57861 F2400
G92 E0
G1 Z3.54 F12000
G1 X103.713 Y114.317
G1 Z3.14
G1 E2 F2400
G92 E0
;TYPE:Internal infill
;WIDTH:0.42
G1 F6000
G1 X110.685 Y121.29 E.30987
G1 E-1.69013 F2400
G92 E0
G1 X110.685 Y121.29 Z3.54 F12000
G1 X120.912 Y115.609
G1 Z3.14
G1 E2 F2400
G1 F6000
G1 X116.829 Y111.527 E2.18143
G1 X116.942 Y112.5 E2.21221
G1 X116.918 Y112.964 E2.22681
G1 X116.727 Y113.865 E2.25575
G1 X116.388 Y114.647 E2.28253
G1 X116.178 Y114.99 E2.29517
G1 X115.641 Y115.641 E2.32169
G1 X118.725 Y118.725 E2.45875
G1 X118.036 Y119.352 E2.48803
G1 X117.298 Y119.888 E2.51669
G1 X116.508 Y120.345 E2.54537
G1 X115.479 Y120.781 E2.58049
G1 X111.527 Y116.829 E2.75612
G1 X110.829 Y116.615 E2.77906
G1 X110.415 Y116.422 E2.79341
G1 X110.016 Y116.183 E2.80803
G1 X109.354 Y115.636 E2.83502
G1 X109.048 Y115.295 E2.84942
G1 X108.546 Y114.523 E2.87836
G1 X108.171 Y113.473 E2.9134
G1 X104.219 Y109.522 E3.08901
G1 X104.802 Y108.218 E3.1339
G1 X105.284 Y107.447 E3.16247
G1 X106.276 Y106.276 E3.2107
G1 X109.359 Y109.359 E3.34771
G1 X110.022 Y108.814 E3.37468
G1 X110.408 Y108.582 E3.38883
G1 X111.194 Y108.255 E3.41558
G1 X112.034 Y108.083 E3.44252
G1 X112.471 Y108.059 E3.45627
G1 X113.473 Y108.17 E3.48795
G1 X109.521 Y104.219 E3.66356
G1 X109.934 Y104.073 E3.67733
G1 X111.274 Y103.776 E3.72046
G1 X112.587 Y103.692 E3.76181
G1 X113.433 Y103.741 E3.78844
G1 X114.543 Y103.939 E3.82387
G1 X121.287 Y110.683 E4.12359
G1 E2.12359 F2400
G92 E0
G1 X121.287 Y110.683 Z3.54 F12000
G1 X115.623 Y109.899
G1 Z3.14
G1 E2 F2400
;TYPE:Perimeter
G1 F3600
G1 X115.657 Y109.937 E2.0016
G1 X115.871 Y110.226 E2.0129
G1 X116.059 Y110.534 E2.02424
G1 X116.243 Y110.911 E2.03742
G1 X116.389 Y111.311 E2.0508
G1 X116.49 Y111.718 E2.06398
G1 X116.545 Y112.081 E2.07552
G1 X116.567 Y112.5 E2.08871
G1 X116.544 Y112.925 E2.10209
G1 X116.478 Y113.346 E2.11548
G1 X116.369 Y113.751 E2.12866
G1 X116.241 Y114.094 E2.14016
G1 X116.059 Y114.466 E2.15317
G1 X115.868 Y114.779 E2.16469
G1 X115.619 Y115.109 E2.17768
G1 X115.372 Y115.378 E2.18916
G1 X115.079 Y115.644 E2.2016
G1 X114.776 Y115.87 E2.21348
G1 X114.466 Y116.059 E2.22489
G1 X114.089 Y116.243 E2.23807
G1 X113.689 Y116.389 E2.25145
G1 X113.282 Y116.49 E2.26463
G1 X112.919 Y116.545 E2.27617
G1 X112.502 Y116.567 E2.28929
G1 X112.101 Y116.547 E2.30191
G1 X111.721 Y116.491 E2.31398
G1 X111.317 Y116.39 E2.32707
G1 X110.971 Y116.268 E2.3386
G1 X110.591 Y116.091 E2.35177
G1 X110.226 Y115.871 E2.36516
G1 X109.891 Y115.619 E2.37833
G1 X109.621 Y115.371 E2.38985
G1 X109.34 Y115.059 E2.40305
G1 X109.089 Y114.715 E2.41643
G1 X108.88 Y114.351 E2.42962
G1 X108.73 Y114.023 E2.44095
G1 X108.61 Y113.683 E2.45228
G1 X108.51 Y113.282 E2.46527
G1 X108.455 Y112.919 E2.47681
G1 X108.434 Y112.506 E2.48981
G1 X108.45 Y112.14 E2.50132
G1 X108.508 Y111.724 E2.51452
G1 X108.611 Y111.311 E2.5279
G1 X108.757 Y110.911 E2.54128
G1 X108.941 Y110.534 E2.55446
G1 X109.132 Y110.221 E2.56598
G1 X109.381 Y109.891 E2.57897
G1 X109.629 Y109.621 E2.59049
G1 X109.937 Y109.344 E2.60351
G1 X110.231 Y109.126 E2.61501
G1 X110.586 Y108.912 E2.62804
G1 X110.917 Y108.755 E2.63955
G1 X111.306 Y108.613 E2.65256
G1 X111.66 Y108.521 E2.66405
G1 X112.073 Y108.456 E2.67719
G1 X112.474 Y108.434 E2.68981
G1 X112.858 Y108.449 E2.70189
G1 X113.27 Y108.507 E2.71496
G1 X113.626 Y108.593 E2.72647
G1 X114.023 Y108.73 E2.73967
G1 X114.409 Y108.909 E2.75304
G1 X114.774 Y109.129 E2.76643
G1 X115.109 Y109.381 E2.7796
G1 X115.379 Y109.629 E2.79112
G1 X115.583 Y109.855 E2.80069
G1 X115.583 Y109.855 F12000
G1 X115.344 Y110.149
G1 F3600
G1 X115.366 Y110.174 E2.80174
G1 X115.56 Y110.436 E2.81198
G1 X115.73 Y110.714 E2.82222
G1 X115.898 Y111.058 E2.83425
G1 X116.03 Y111.421 E2.84639
G1 X116.122 Y111.792 E2.8584
G1 X116.171 Y112.118 E2.86876
G1 X116.191 Y112.5 E2.88078
G1 X116.171 Y112.886 E2.89293
G1 X116.11 Y113.267 E2.90506
G1 X116.012 Y113.637 E2.91709
G1 X115.896 Y113.946 E2.92746
G1 X115.73 Y114.286 E2.93935
G1 X115.558 Y114.567 E2.9497
G1 X115.33 Y114.869 E2.96159
G1 X115.108 Y115.112 E2.97193
G1 X114.841 Y115.354 E2.98325
G1 X114.565 Y115.559 E2.99405
G1 X114.286 Y115.73 E3.00433
G1 X113.942 Y115.898 E3.01636
G1 X113.579 Y116.03 E3.0285
G1 X113.208 Y116.122 E3.04051
G1 X112.882 Y116.171 E3.05087
G1 X112.501 Y116.191 E3.06286
G1 X112.137 Y116.173 E3.07431
G1 X111.793 Y116.123 E3.08523
G1 X111.425 Y116.031 E3.09715
G1 X111.114 Y115.921 E3.10752
G1 X110.767 Y115.759 E3.11955
G1 X110.436 Y115.56 E3.13169
G1 X110.131 Y115.33 E3.14369
G1 X109.887 Y115.107 E3.15408
G1 X109.631 Y114.823 E3.1661
G1 X109.404 Y114.51 E3.17825
G1 X109.213 Y114.179 E3.19026
G1 X109.078 Y113.883 E3.20048
G1 X108.969 Y113.575 E3.21075
G1 X108.878 Y113.208 E3.22263
G1 X108.829 Y112.882 E3.23299
G1 X108.809 Y112.504 E3.24489
G1 X108.823 Y112.174 E3.25527
G1 X108.877 Y111.796 E3.26727
G1 X108.97 Y111.421 E3.27941
G1 X109.102 Y111.058 E3.29155
G1 X109.27 Y110.714 E3.30358
G1 X109.442 Y110.433 E3.31393
G1 X109.67 Y110.131 E3.32582
G1 X109.893 Y109.887 E3.33621
G1 X110.174 Y109.634 E3.34809
G1 X110.439 Y109.438 E3.35845
G1 X110.764 Y109.243 E3.37036
G1 X111.062 Y109.101 E3.38073
G1 X111.417 Y108.972 E3.3926
G1 X111.737 Y108.889 E3.40299
G1 X112.113 Y108.829 E3.41496
G1 X112.477 Y108.809 E3.42642
G1 X112.824 Y108.823 E3.43733
G1 X113.2 Y108.876 E3.44926
G1 X113.521 Y108.953 E3.45963
G1 X113.883 Y109.078 E3.47167
G1 X114.233 Y109.241 E3.4838
G1 X114.564 Y109.44 E3.49594
G1 X114.869 Y109.67 E3.50794
G1 X115.113 Y109.893 E3.51833
G1 X115.304 Y110.105 E3.5273
G1 X115.304 Y110.105 F12000
G1 X115.064 Y110.399
G1 F3600
G1 X115.075 Y110.412 E3.52784
G1 X115.249 Y110.646 E3.537
G1 X115.401 Y110.895 E3.54617
G1 X115.552 Y111.204 E3.55698
G1 X115.671 Y111.531 E3.56792
G1 X115.754 Y111.865 E3.57874
G1 X115.798 Y112.156 E3.58799
G1 X115.816 Y112.5 E3.59882
G1 X115.798 Y112.847 E3.60974
G1 X115.743 Y113.189 E3.62063
G1 X115.654 Y113.522 E3.63146
G1 X115.551 Y113.798 E3.64072
G1 X115.401 Y114.105 E3.65146
G1 X115.247 Y114.356 E3.66071
G1 X115.041 Y114.629 E3.67146
G1 X114.843 Y114.846 E3.68069
G1 X114.602 Y115.064 E3.6909
G1 X114.355 Y115.248 E3.70058
G1 X114.105 Y115.401 E3.70979
G1 X113.796 Y115.552 E3.7206
G1 X113.469 Y115.671 E3.73154
G1 X113.135 Y115.754 E3.74236
G1 X112.844 Y115.798 E3.75161
G1 X112.501 Y115.816 E3.7624
G1 X112.174 Y115.799 E3.77269
G1 X111.866 Y115.754 E3.78247
G1 X111.533 Y115.671 E3.79325
G1 X111.256 Y115.573 E3.80248
G1 X110.943 Y115.428 E3.81332
G1 X110.646 Y115.249 E3.82422
G1 X110.371 Y115.041 E3.83506
G1 X110.154 Y114.843 E3.84429
G1 X109.923 Y114.587 E3.85513
G1 X109.719 Y114.306 E3.86604
G1 X109.547 Y114.007 E3.87688
G1 X109.426 Y113.742 E3.88603
G1 X109.329 Y113.467 E3.89519
G1 X109.246 Y113.135 E3.90594
G1 X109.202 Y112.844 E3.91519
G1 X109.184 Y112.502 E3.92595
G1 X109.197 Y112.209 E3.93517
G1 X109.245 Y111.867 E3.94602
G1 X109.329 Y111.531 E3.9569
G1 X109.448 Y111.204 E3.96784
G1 X109.599 Y110.895 E3.97865
G1 X109.753 Y110.644 E3.9879
G1 X109.959 Y110.371 E3.99865
G1 X110.157 Y110.154 E4.00788
G1 X110.412 Y109.925 E4.01865
G1 X110.648 Y109.75 E4.02788
G1 X110.941 Y109.574 E4.03862
G1 X111.207 Y109.447 E4.04788
G1 X111.528 Y109.33 E4.05862
G1 X111.813 Y109.256 E4.06787
G1 X112.153 Y109.203 E4.07868
G1 X112.48 Y109.185 E4.08897
G1 X112.791 Y109.197 E4.09875
G1 X113.13 Y109.245 E4.10951
G1 X113.416 Y109.314 E4.11876
G1 X113.742 Y109.426 E4.12959
G1 X114.057 Y109.572 E4.1405
G1 X114.354 Y109.751 E4.1514
G1 X114.629 Y109.959 E4.16224
G1 X114.846 Y110.157 E4.17147
G1 X115.024 Y110.355 E4.17984
G1 X115.024 Y110.355 F12000
G1 X114.78 Y110.629
;TYPE:External perimeter
;WIDTH:0.4
G1 F3600
G1 X114.792 Y110.643 E4.18039
G1 X115.081 Y111.07 E4.19573
G1 X115.216 Y111.347 E4.2049
G1 X115.321 Y111.637 E4.21408
G1 X115.396 Y111.936 E4.22325
G1 X115.434 Y112.193 E4.23098
G1 X115.45 Y112.5 E4.24013
G1 X115.434 Y112.808 E4.24931
G1 X115.386 Y113.113 E4.2585
G1 X115.306 Y113.411 E4.26768
G1 X115.215 Y113.654 E4.2754
G1 X115.081 Y113.93 E4.28453
G1 X114.945 Y114.15 E4.29222
G1 X114.761 Y114.396 E4.30136
G1 X114.586 Y114.587 E4.30907
G1 X114.37 Y114.782 E4.31773
G1 X113.93 Y115.081 E4.33356
G1 X113.653 Y115.216 E4.34273
G1 X113.363 Y115.321 E4.35191
G1 X113.064 Y115.396 E4.36108
G1 X112.807 Y115.434 E4.36881
G1 X112.5 Y115.45 E4.37796
G1 X112.209 Y115.436 E4.38663
G1 X111.937 Y115.396 E4.39481
G1 X111.638 Y115.322 E4.40397
G1 X111.394 Y115.235 E4.41168
G1 X111.115 Y115.105 E4.42084
G1 X110.85 Y114.946 E4.43003
G1 X110.604 Y114.761 E4.43919
G1 X110.413 Y114.586 E4.4469
G1 X110.207 Y114.357 E4.45606
G1 X110.026 Y114.107 E4.46524
G1 X109.872 Y113.84 E4.47441
G1 X109.678 Y113.362 E4.48976
G1 X109.604 Y113.064 E4.49889
G1 X109.566 Y112.808 E4.50659
G1 X109.55 Y112.501 E4.51574
G1 X109.561 Y112.242 E4.52345
G1 X109.604 Y111.937 E4.53261
G1 X109.679 Y111.637 E4.54181
G1 X109.784 Y111.347 E4.55099
G1 X109.919 Y111.07 E4.56016
G1 X110.055 Y110.849 E4.56788
G1 X110.239 Y110.604 E4.577
G1 X110.414 Y110.413 E4.58471
G1 X110.643 Y110.208 E4.59385
G1 X110.851 Y110.054 E4.60155
G1 X111.114 Y109.896 E4.61068
G1 X111.348 Y109.784 E4.6184
G1 X111.637 Y109.679 E4.62755
G1 X111.888 Y109.614 E4.63526
G1 X112.191 Y109.566 E4.64439
G1 X112.482 Y109.55 E4.65306
G1 X112.758 Y109.561 E4.66128
G1 X113.062 Y109.604 E4.67041
G1 X113.314 Y109.664 E4.67812
G1 X113.605 Y109.765 E4.68728
G1 X113.885 Y109.895 E4.69646
G1 X114.15 Y110.054 E4.70565
G1 X114.396 Y110.239 E4.71481
G1 X114.587 Y110.414 E4.72252
G1 X114.74 Y110.584 E4.72932
G1 X114.971 Y110.911 F12000
G1 E2.72932 F2400
G92 E0
G1 Z3.54 F12000
G1 X104.062 Y108.881
G1 Z3.14
G1 E2 F2400
;TYPE:Perimeter
;WIDTH:0.42
G1 F4800
G1 X104.082 Y108.828 E2.00178
G1 X104.474 Y108.035 E2.02958
G1 X104.976 Y107.232 E2.05934
G1 X105.523 Y106.527 E2.08738
G1 X106.13 Y105.884 E2.11517
G1 X106.836 Y105.27 E2.14457
G1 X107.498 Y104.798 E2.17012
G1 X108.198 Y104.385 E2.19566
G1 X109.049 Y103.989 E2.22516
G1 X109.826 Y103.714 E2.25106
G1 X110.747 Y103.484 E2.28089
G1 X111.222 Y103.405 E2.29602
G1 X111.699 Y103.35 E2.31111
G1 X112.591 Y103.316 E2.33916
G1 X113.474 Y103.367 E2.36695
G1 X114.398 Y103.514 E2.39635
G1 X115.196 Y103.72 E2.42225
G1 X116.089 Y104.045 E2.45211
G1 X116.526 Y104.245 E2.46721
G1 X116.953 Y104.467 E2.48233
G1 X117.759 Y104.97 E2.51219
G1 X118.412 Y105.472 E2.53807
G1 X119.099 Y106.112 E2.56758
G1 X119.645 Y106.729 E2.59347
G1 X120.196 Y107.488 E2.62294
G1 X120.615 Y108.198 E2.64885
G1 X121.011 Y109.049 E2.67835
G1 X121.286 Y109.826 E2.70425
G1 X121.516 Y110.747 E2.73408
G1 X121.595 Y111.222 E2.74921
G1 X121.65 Y111.699 E2.7643
G1 X121.679 Y112.179 E2.77941
G1 X121.683 Y112.66 E2.79453
G1 X121.617 Y113.608 E2.82439
G1 X121.481 Y114.421 E2.85029
G1 X121.235 Y115.338 E2.88013
G1 X120.918 Y116.172 E2.90817
G1 X120.526 Y116.965 E2.93597
G1 X120.03 Y117.759 E2.96539
G1 X119.528 Y118.412 E2.99127
G1 X118.888 Y119.099 E3.02078
G1 X118.271 Y119.645 E3.04667
G1 X117.502 Y120.203 E3.07653
G1 X116.68 Y120.678 E3.10636
G1 X115.94 Y121.015 E3.13191
G1 X115.174 Y121.286 E3.15744
G1 X114.253 Y121.516 E3.18727
G1 X113.778 Y121.595 E3.2024
G1 X113.301 Y121.65 E3.21749
G1 X112.821 Y121.679 E3.2326
G1 X112.34 Y121.683 E3.24772
G1 X111.392 Y121.617 E3.27758
G1 X110.579 Y121.481 E3.30348
G1 X109.662 Y121.235 E3.33332
G1 X108.828 Y120.918 E3.36136
G1 X108.035 Y120.526 E3.38916
G1 X107.232 Y120.024 E3.41892
G1 X106.527 Y119.477 E3.44696
G1 X105.892 Y118.878 E3.47439
G1 X105.355 Y118.271 E3.49986
G1 X104.797 Y117.502 E3.52972
G1 X104.322 Y116.68 E3.55955
G1 X103.985 Y115.94 E3.5851
G1 X103.714 Y115.174 E3.61063
G1 X103.484 Y114.253 E3.64046
G1 X103.405 Y113.778 E3.65559
G1 X103.35 Y113.301 E3.67068
G1 X103.321 Y112.821 E3.68579
G1 X103.317 Y112.34 E3.70091
G1 X103.376 Y111.45 E3.72894
G1 X103.519 Y110.577 E3.75674
G1 X103.765 Y109.662 E3.78652
G1 X104.04 Y108.937 E3.81089
G1 X104.04 Y108.937 F12000
G1 X103.715 Y108.738
G1 F4800
G1 X103.74 Y108.674 E3.81305
G1 X104.144 Y107.857 E3.84169
G1 X104.393 Y107.434 E3.85711
G1 X104.669 Y107.017 E3.87282
G1 X105.241 Y106.28 E3.90214
G1 X105.866 Y105.617 E3.93077
G1 X106.228 Y105.285 E3.94621
G1 X106.608 Y104.972 E3.96168
G1 X107.294 Y104.483 E3.98815
G1 X108.019 Y104.056 E4.01459
G1 X108.46 Y103.836 E4.03008
G1 X108.911 Y103.64 E4.04553
G1 X109.713 Y103.356 E4.07227
G1 X110.187 Y103.224 E4.08773
G1 X110.676 Y103.116 E4.10347
G1 X111.17 Y103.033 E4.11921
G1 X111.667 Y102.977 E4.13493
G1 X112.599 Y102.941 E4.16424
G1 X113.509 Y102.994 E4.19289
G1 X113.995 Y103.058 E4.20829
G1 X114.479 Y103.148 E4.22376
G1 X115.303 Y103.361 E4.25051
G1 X115.77 Y103.517 E4.26598
G1 X116.235 Y103.7 E4.28168
G1 X116.691 Y103.908 E4.29743
G1 X117.135 Y104.139 E4.31316
G1 X117.566 Y104.393 E4.32888
G1 X117.976 Y104.665 E4.34434
G1 X118.651 Y105.182 E4.37106
G1 X119.02 Y105.508 E4.38653
G1 X119.371 Y105.853 E4.402
G1 X119.934 Y106.49 E4.42872
G1 X120.234 Y106.881 E4.44421
G1 X120.513 Y107.287 E4.45969
G1 X120.944 Y108.019 E4.48638
G1 X121.164 Y108.46 E4.50187
G1 X121.36 Y108.911 E4.51732
G1 X121.644 Y109.713 E4.54406
G1 X121.776 Y110.187 E4.55952
G1 X121.884 Y110.676 E4.57526
G1 X121.967 Y111.17 E4.591
G1 X122.023 Y111.667 E4.60672
G1 X122.054 Y112.166 E4.62243
G1 X122.058 Y112.667 E4.63817
G1 X122.037 Y113.167 E4.6539
G1 X121.989 Y113.657 E4.66937
G1 X121.849 Y114.496 E4.6961
G1 X121.734 Y114.974 E4.71155
G1 X121.592 Y115.454 E4.72728
G1 X121.26 Y116.326 E4.7566
G1 X120.856 Y117.143 E4.78524
G1 X120.607 Y117.566 E4.80066
G1 X120.335 Y117.976 E4.81612
G1 X119.818 Y118.651 E4.84284
G1 X119.492 Y119.02 E4.85831
G1 X119.147 Y119.371 E4.87378
G1 X118.51 Y119.934 E4.9005
G1 X118.119 Y120.234 E4.91599
G1 X117.707 Y120.518 E4.93172
G1 X117.28 Y120.779 E4.94745
G1 X116.847 Y121.014 E4.96293
G1 X116.081 Y121.363 E4.98938
G1 X115.287 Y121.644 E5.01585
G1 X114.813 Y121.776 E5.03131
G1 X114.324 Y121.884 E5.04705
G1 X113.83 Y121.967 E5.06279
G1 X113.333 Y122.023 E5.07851
G1 X112.834 Y122.054 E5.09422
G1 X112.333 Y122.058 E5.10996
G1 X111.833 Y122.037 E5.12569
G1 X111.343 Y121.989 E5.14116
G1 X110.504 Y121.849 E5.16789
G1 X110.026 Y121.734 E5.18334
G1 X109.546 Y121.592 E5.19907
G1 X108.674 Y121.26 E5.22839
G1 X107.857 Y120.856 E5.25703
G1 X107.434 Y120.607 E5.27245
G1 X107.017 Y120.331 E5.28816
G1 X106.28 Y119.759 E5.31748
G1 X105.623 Y119.139 E5.34587
G1 X105.066 Y118.51 E5.37227
G1 X104.766 Y118.119 E5.38776
G1 X104.482 Y117.707 E5.40349
G1 X104.221 Y117.28 E5.41922
G1 X103.986 Y116.847 E5.4347
G1 X103.637 Y116.081 E5.46115
G1 X103.356 Y115.287 E5.48762
G1 X103.224 Y114.813 E5.50308
G1 X103.116 Y114.324 E5.51882
G1 X103.033 Y113.83 E5.53456
G1 X102.977 Y113.333 E5.55028
G1 X102.946 Y112.834 E5.56599
G1 X102.942 Y112.333 E5.58173
G1 X103.004 Y111.402 E5.61105
G1 X103.151 Y110.503 E5.63968
G1 X103.266 Y110.026 E5.6551
G1 X103.408 Y109.546 E5.67083
G1 X103.694 Y108.794 E5.69611
G1 X103.694 Y108.794 F12000
G1 X103.369 Y108.596
G1 F4800
G1 X103.398 Y108.519 E5.6987
G1 X103.814 Y107.678 E5.72819
G1 X104.075 Y107.235 E5.74435
G1 X104.362 Y106.802 E5.76067
G1 X104.96 Y106.032 E5.79131
G1 X105.603 Y105.349 E5.82079
G1 X105.982 Y105.002 E5.83694
G1 X106.38 Y104.674 E5.85315
G1 X107.089 Y104.168 E5.88052
G1 X107.84 Y103.726 E5.9079
G1 X108.301 Y103.496 E5.92409
G1 X108.774 Y103.291 E5.94029
G1 X109.6 Y102.998 E5.96783
G1 X110.097 Y102.86 E5.98404
G1 X110.604 Y102.748 E6.00036
G1 X111.117 Y102.662 E6.01671
G1 X111.634 Y102.603 E6.03306
G1 X112.608 Y102.566 E6.06369
G1 X113.544 Y102.62 E6.09315
G1 X114.054 Y102.687 E6.10931
G1 X114.561 Y102.781 E6.12551
G1 X115.409 Y103.001 E6.15304
G1 X115.898 Y103.164 E6.16924
G1 X116.382 Y103.355 E6.18559
G1 X116.855 Y103.571 E6.20193
G1 X117.317 Y103.811 E6.21829
G1 X117.765 Y104.075 E6.23463
G1 X118.194 Y104.359 E6.2508
G1 X118.89 Y104.893 E6.27837
G1 X119.276 Y105.234 E6.29456
G1 X119.643 Y105.595 E6.31074
G1 X120.224 Y106.252 E6.3383
G1 X120.537 Y106.66 E6.35446
G1 X120.829 Y107.085 E6.37066
G1 X121.274 Y107.84 E6.3982
G1 X121.504 Y108.301 E6.41439
G1 X121.709 Y108.774 E6.43059
G1 X122.002 Y109.6 E6.45813
G1 X122.14 Y110.097 E6.47434
G1 X122.252 Y110.604 E6.49066
G1 X122.338 Y111.117 E6.50701
G1 X122.397 Y111.634 E6.52336
G1 X122.429 Y112.153 E6.5397
G1 X122.433 Y112.673 E6.55604
G1 X122.411 Y113.193 E6.5724
G1 X122.361 Y113.706 E6.5886
G1 X122.217 Y114.57 E6.61613
G1 X122.096 Y115.071 E6.63233
G1 X121.949 Y115.57 E6.64868
G1 X121.602 Y116.481 E6.67931
G1 X121.186 Y117.322 E6.7088
G1 X120.925 Y117.765 E6.72496
G1 X120.641 Y118.194 E6.74113
G1 X120.107 Y118.89 E6.7687
G1 X119.766 Y119.276 E6.78489
G1 X119.405 Y119.643 E6.80107
G1 X118.748 Y120.224 E6.82863
G1 X118.34 Y120.537 E6.84479
G1 X117.911 Y120.832 E6.86115
G1 X117.467 Y121.104 E6.87751
G1 X117.015 Y121.35 E6.89368
G1 X116.222 Y121.711 E6.92106
G1 X115.4 Y122.002 E6.94846
G1 X114.903 Y122.14 E6.96467
G1 X114.396 Y122.252 E6.98099
G1 X113.883 Y122.338 E6.99734
G1 X113.366 Y122.397 E7.01369
G1 X112.847 Y122.429 E7.03003
G1 X112.327 Y122.433 E7.04637
G1 X111.807 Y122.411 E7.06273
G1 X111.294 Y122.361 E7.07893
G1 X110.43 Y122.217 E7.10646
G1 X109.929 Y122.096 E7.12266
G1 X109.43 Y121.949 E7.13901
G1 X108.519 Y121.602 E7.16964
G1 X107.678 Y121.186 E7.19913
G1 X107.235 Y120.925 E7.21529
G1 X106.802 Y120.638 E7.23161
G1 X106.032 Y120.04 E7.26225
G1 X105.353 Y119.4 E7.29157
G1 X104.776 Y118.748 E7.31893
G1 X104.463 Y118.34 E7.33509
G1 X104.168 Y117.911 E7.35145
G1 X103.896 Y117.467 E7.36781
G1 X103.65 Y117.015 E7.38398
G1 X103.289 Y116.222 E7.41136
G1 X102.998 Y115.4 E7.43876
G1 X102.86 Y114.903 E7.45497
G1 X102.748 Y114.396 E7.47129
G1 X102.662 Y113.883 E7.48764
G1 X102.603 Y113.366 E7.50399
G1 X102.571 Y112.847 E7.52033
G1 X102.567 Y112.327 E7.53667
G1 X102.632 Y111.354 E7.56731
G1 X102.784 Y110.429 E7.59677
G1 X102.904 Y109.929 E7.61293
G1 X103.051 Y109.43 E7.62928
G1 X103.348 Y108.652 E7.65545
G1 X103.348 Y108.652 F12000
G1 X103.029 Y108.456
;TYPE:External perimeter
;WIDTH:0.4
G1 F2400
G1 X103.065 Y108.368 E7.65828
G1 X103.493 Y107.505 E7.68694
G1 X103.765 Y107.042 E7.70291
G1 X104.063 Y106.592 E7.71897
G1 X104.384 Y106.159 E7.735
G1 X104.686 Y105.791 E7.74916
G1 X105.347 Y105.089 E7.77784
G1 X105.743 Y104.727 E7.7938
G1 X106.157 Y104.385 E7.80977
G1 X106.89 Y103.862 E7.83656
G1 X107.666 Y103.405 E7.86335
G1 X108.147 Y103.165 E7.87934
G1 X108.64 Y102.951 E7.89533
G1 X109.49 Y102.65 E7.92216
G1 X110.008 Y102.506 E7.93815
G1 X110.535 Y102.389 E7.95421
G1 X111.067 Y102.3 E7.97026
G1 X111.602 Y102.239 E7.98628
G1 X112.141 Y102.206 E8.00234
G1 X112.617 Y102.201 E8.0165
G1 X113.579 Y102.257 E8.04517
G1 X114.111 Y102.327 E8.06113
G1 X114.64 Y102.425 E8.07713
G1 X115.513 Y102.651 E8.10396
G1 X116.023 Y102.821 E8.11995
G1 X116.525 Y103.019 E8.136
G1 X117.015 Y103.242 E8.15202
G1 X117.494 Y103.491 E8.16808
G1 X117.958 Y103.765 E8.18411
G1 X118.406 Y104.062 E8.2001
G1 X119.122 Y104.611 E8.22694
G1 X119.525 Y104.967 E8.24294
G1 X119.908 Y105.344 E8.25893
G1 X120.506 Y106.019 E8.28576
G1 X120.833 Y106.446 E8.30176
G1 X121.137 Y106.889 E8.31774
G1 X121.595 Y107.666 E8.34457
G1 X121.835 Y108.147 E8.36056
G1 X122.049 Y108.64 E8.37655
G1 X122.35 Y109.49 E8.40338
G1 X122.494 Y110.008 E8.41937
G1 X122.611 Y110.535 E8.43543
G1 X122.7 Y111.067 E8.45148
G1 X122.761 Y111.602 E8.4675
G1 X122.794 Y112.141 E8.48356
G1 X122.798 Y112.68 E8.4996
G1 X122.775 Y113.219 E8.51565
G1 X122.723 Y113.754 E8.53164
G1 X122.574 Y114.643 E8.55846
G1 X122.449 Y115.166 E8.57446
G1 X122.296 Y115.683 E8.5905
G1 X122.116 Y116.191 E8.60653
G1 X121.935 Y116.632 E8.62071
G1 X121.507 Y117.495 E8.64937
G1 X121.235 Y117.958 E8.66534
G1 X120.938 Y118.406 E8.68133
G1 X120.389 Y119.122 E8.70817
G1 X120.033 Y119.525 E8.72417
G1 X119.656 Y119.908 E8.74016
G1 X118.981 Y120.506 E8.76699
G1 X118.554 Y120.833 E8.78299
G1 X118.11 Y121.138 E8.79901
G1 X117.65 Y121.42 E8.81506
G1 X117.178 Y121.676 E8.83103
G1 X116.358 Y122.05 E8.85784
G1 X115.51 Y122.35 E8.8846
G1 X114.992 Y122.494 E8.90059
G1 X114.465 Y122.611 E8.91665
G1 X113.933 Y122.7 E8.9327
G1 X113.398 Y122.761 E8.94872
G1 X112.859 Y122.794 E8.96478
G1 X112.32 Y122.798 E8.98082
G1 X111.781 Y122.775 E8.99687
G1 X111.247 Y122.723 E9.01283
G1 X110.357 Y122.574 E9.03968
G1 X109.834 Y122.449 E9.05568
G1 X109.317 Y122.296 E9.07172
G1 X108.809 Y122.116 E9.08775
G1 X108.368 Y121.935 E9.10193
G1 X107.505 Y121.507 E9.13059
G1 X107.042 Y121.235 E9.14656
G1 X106.592 Y120.937 E9.16262
G1 X106.159 Y120.616 E9.17865
G1 X105.791 Y120.314 E9.19281
G1 X105.091 Y119.655 E9.22141
G1 X104.494 Y118.981 E9.2482
G1 X104.167 Y118.554 E9.2642
G1 X103.862 Y118.11 E9.28022
G1 X103.58 Y117.65 E9.29627
G1 X103.324 Y117.178 E9.31224
G1 X102.95 Y116.358 E9.33905
G1 X102.65 Y115.51 E9.36581
G1 X102.506 Y114.992 E9.3818
G1 X102.389 Y114.465 E9.39786
G1 X102.3 Y113.933 E9.41391
G1 X102.239 Y113.398 E9.42993
G1 X102.206 Y112.859 E9.44599
G1 X102.202 Y112.32 E9.46203
G1 X102.225 Y111.781 E9.47808
G1 X102.27 Y111.307 E9.49224
G1 X102.426 Y110.357 E9.52088
G1 X102.551 Y109.834 E9.53688
G1 X102.704 Y109.317 E9.55292
G1 X102.884 Y108.809 E9.56895
G1 X103.007 Y108.511 E9.57854
G1 X103.176 Y108.149 F12000
;LAYER_CHANGE
;Z:3.35
;HEIGHT:0.21
G1 Z3.35 F12000
G1 E7.57854 F2400
G92 E0
G1 Z3.75 F12000
G1 X103.71 Y110.685
G1 Z3.35
G1 E2 F2400
G92 E0
;TYPE:Internal infill
;WIDTH:0.42
G1 F6000
G1 X110.683 Y103.713 E.30987
G1 E-1.69013 F2400
G92 E0
G1 X110.683 Y103.713 Z3.75 F12000
G1 X109.392 Y120.91
G1 Z3.35
G1 E2 F2400
G1 F6000
G1 X113.472 Y116.83 E2.18132
G1 X112.507 Y116.942 E2.21185
G1 X111.652 Y116.86 E2.23884
G1 X111.204 Y116.749 E2.25334
G1 X110.411 Y116.42 E2.28032
G1 X109.699 Y115.947 E2.30718
G1 X109.359 Y115.641 E2.32155
G1 X106.275 Y118.725 E2.45861
G1 X105.648 Y118.036 E2.48789
G1 X105.109 Y117.294 E2.51671
G1 X104.653 Y116.503 E2.5454
G1 X104.219 Y115.478 E2.58038
G1 X108.171 Y111.527 E2.75599
G1 X108.564 Y110.441 E2.79228
G1 X109.048 Y109.705 E2.81996
G1 X109.359 Y109.359 E2.83458
G1 X109.699 Y109.053 E2.84895
G1 X110.353 Y108.612 E2.87374
G1 X110.762 Y108.412 E2.88805
G1 X111.53 Y108.168 E2.91337
G1 X115.476 Y104.221 E3.08876
G1 X116.644 Y104.727 E3.12876
G1 X117.43 Y105.199 E3.15757
G1 X118.159 Y105.748 E3.18625
G1 X118.725 Y106.275 E3.21055
G1 X115.641 Y109.359 E3.34761
G1 X116.225 Y110.081 E3.37679
G1 X116.454 Y110.477 E3.39117
G1 X116.75 Y111.208 E3.41595
G1 X116.86 Y111.652 E3.43032
G1 X116.941 Y112.5 E3.45709
G1 X116.829 Y113.473 E3.48787
G1 X120.781 Y109.521 E3.6635
G1 X121.149 Y110.824 E3.70605
G1 X121.276 Y111.732 E3.73486
G1 X121.308 Y112.649 E3.76369
G1 X121.245 Y113.564 E3.79251
G1 X121.06 Y114.545 E3.82388
G1 X114.317 Y121.287 E4.12353
G1 E2.12353 F2400
G92 E0
G1 X114.317 Y121.287 Z3.75 F12000
G1 X115.692 Y109.985
G1 Z3.35
G1 E2 F2400
;TYPE:Perimeter
G1 F3600
G1 X115.911 Y110.285 E2.01167
G1 X116.12 Y110.649 E2.02486
G1 X116.27 Y110.977 E2.03619
G1 X116.39 Y111.317 E2.04752
G1 X116.492 Y111.724 E2.06071
G1 X116.55 Y112.14 E2.07391
G1 X116.566 Y112.5 E2.08523
G1 X116.55 Y112.86 E2.09655
G1 X116.492 Y113.276 E2.10975
G1 X116.39 Y113.683 E2.12294
G1 X116.268 Y114.029 E2.13447
G1 X116.091 Y114.409 E2.14764
G1 X115.871 Y114.774 E2.16103
G1 X115.619 Y115.109 E2.1742
G1 X115.373 Y115.378 E2.18566
G1 X115.08 Y115.643 E2.19807
G1 X114.771 Y115.873 E2.21018
G1 X114.414 Y116.088 E2.22328
G1 X114.084 Y116.245 E2.23476
G1 X113.691 Y116.388 E2.2479
G1 X113.303 Y116.486 E2.26048
G1 X112.922 Y116.545 E2.2726
G1 X112.506 Y116.566 E2.28569
G1 X112.14 Y116.55 E2.2972
G1 X111.724 Y116.492 E2.3104
G1 X111.313 Y116.389 E2.32372
G1 X110.936 Y116.254 E2.3363
G1 X110.588 Y116.089 E2.3484
G1 X110.231 Y115.874 E2.3615
G1 X109.937 Y115.657 E2.37298
G1 X109.626 Y115.377 E2.38613
G1 X109.357 Y115.08 E2.39872
G1 X109.127 Y114.771 E2.41083
G1 X108.91 Y114.411 E2.42404
G1 X108.74 Y114.048 E2.43664
G1 X108.61 Y113.686 E2.44873
G1 X108.508 Y113.276 E2.46201
G1 X108.45 Y112.86 E2.47521
G1 X108.434 Y112.5 E2.48653
G1 X108.45 Y112.14 E2.49785
G1 X108.508 Y111.724 E2.51105
G1 X108.61 Y111.317 E2.52424
G1 X108.731 Y110.973 E2.5357
G1 X108.897 Y110.615 E2.5481
G1 X109.091 Y110.282 E2.56021
G1 X109.34 Y109.941 E2.57348
G1 X109.624 Y109.625 E2.58683
G1 X109.937 Y109.344 E2.60005
G1 X110.226 Y109.129 E2.61137
G1 X110.534 Y108.941 E2.62271
G1 X110.909 Y108.757 E2.63584
G1 X111.285 Y108.62 E2.64842
G1 X111.658 Y108.522 E2.66054
G1 X112.073 Y108.456 E2.67375
G1 X112.473 Y108.434 E2.68634
G1 X112.858 Y108.449 E2.69845
G1 X113.276 Y108.508 E2.71172
G1 X113.683 Y108.61 E2.72491
G1 X114.025 Y108.731 E2.73631
G1 X114.37 Y108.889 E2.74823
G1 X114.716 Y109.091 E2.76082
G1 X115.059 Y109.34 E2.77414
G1 X115.375 Y109.624 E2.78749
G1 X115.656 Y109.936 E2.80069
G1 X115.656 Y109.936 F12000
G1 X115.345 Y110.15
G1 F3600
G1 X115.369 Y110.177 E2.80183
G1 X115.596 Y110.49 E2.81398
G1 X115.787 Y110.821 E2.82599
G1 X115.922 Y111.117 E2.83621
G1 X116.031 Y111.425 E2.84648
G1 X116.123 Y111.796 E2.85849
G1 X116.177 Y112.174 E2.87049
G1 X116.191 Y112.5 E2.88074
G1 X116.177 Y112.826 E2.89099
G1 X116.123 Y113.204 E2.90299
G1 X116.031 Y113.575 E2.915
G1 X115.921 Y113.886 E2.92537
G1 X115.759 Y114.233 E2.9374
G1 X115.56 Y114.564 E2.94954
G1 X115.33 Y114.869 E2.96154
G1 X115.108 Y115.112 E2.97188
G1 X114.842 Y115.353 E2.98316
G1 X114.562 Y115.561 E2.99412
G1 X114.236 Y115.757 E3.00607
G1 X113.938 Y115.899 E3.01644
G1 X113.58 Y116.029 E3.02841
G1 X113.228 Y116.118 E3.03982
G1 X112.883 Y116.171 E3.05079
G1 X112.504 Y116.191 E3.06272
G1 X112.174 Y116.177 E3.0731
G1 X111.796 Y116.123 E3.0851
G1 X111.422 Y116.03 E3.09721
G1 X111.08 Y115.907 E3.10863
G1 X110.765 Y115.758 E3.11958
G1 X110.439 Y115.562 E3.13153
G1 X110.174 Y115.366 E3.14189
G1 X109.891 Y115.111 E3.15386
G1 X109.647 Y114.842 E3.16527
G1 X109.439 Y114.562 E3.17623
G1 X109.242 Y114.234 E3.18825
G1 X109.087 Y113.905 E3.19968
G1 X108.97 Y113.577 E3.21062
G1 X108.877 Y113.204 E3.2227
G1 X108.823 Y112.826 E3.2347
G1 X108.809 Y112.5 E3.24495
G1 X108.823 Y112.174 E3.2552
G1 X108.877 Y111.796 E3.2672
G1 X108.969 Y111.425 E3.27921
G1 X109.079 Y111.115 E3.28955
G1 X109.23 Y110.789 E3.30084
G1 X109.406 Y110.488 E3.3118
G1 X109.631 Y110.177 E3.32386
G1 X109.89 Y109.89 E3.33601
G1 X110.174 Y109.634 E3.34803
G1 X110.436 Y109.44 E3.35827
G1 X110.714 Y109.27 E3.36851
G1 X111.057 Y109.103 E3.3805
G1 X111.398 Y108.978 E3.39191
G1 X111.735 Y108.889 E3.40286
G1 X112.113 Y108.829 E3.41489
G1 X112.476 Y108.809 E3.42631
G1 X112.824 Y108.823 E3.43725
G1 X113.204 Y108.877 E3.44931
G1 X113.575 Y108.969 E3.46132
G1 X113.884 Y109.079 E3.47163
G1 X114.197 Y109.223 E3.48246
G1 X114.511 Y109.405 E3.49387
G1 X114.823 Y109.631 E3.50598
G1 X115.11 Y109.89 E3.51813
G1 X115.304 Y110.106 E3.52725
G1 X115.304 Y110.106 F12000
G1 X115.065 Y110.4
G1 F3600
G1 X115.077 Y110.413 E3.52781
G1 X115.281 Y110.694 E3.53872
G1 X115.453 Y110.993 E3.54956
G1 X115.574 Y111.258 E3.55871
G1 X115.671 Y111.533 E3.56787
G1 X115.755 Y111.867 E3.57869
G1 X115.803 Y112.209 E3.58954
G1 X115.815 Y112.5 E3.59869
G1 X115.803 Y112.791 E3.60784
G1 X115.755 Y113.133 E3.61869
G1 X115.671 Y113.467 E3.62951
G1 X115.573 Y113.744 E3.63874
G1 X115.428 Y114.057 E3.64958
G1 X115.249 Y114.354 E3.66048
G1 X115.041 Y114.629 E3.67132
G1 X114.843 Y114.846 E3.68055
G1 X114.603 Y115.063 E3.69072
G1 X114.353 Y115.25 E3.70053
G1 X114.059 Y115.426 E3.7113
G1 X113.793 Y115.553 E3.72056
G1 X113.47 Y115.671 E3.73137
G1 X113.154 Y115.75 E3.74161
G1 X112.845 Y115.798 E3.75144
G1 X112.502 Y115.816 E3.76223
G1 X112.209 Y115.803 E3.77145
G1 X111.867 Y115.755 E3.7823
G1 X111.531 Y115.671 E3.79318
G1 X111.224 Y115.56 E3.80344
G1 X110.942 Y115.427 E3.81324
G1 X110.648 Y115.25 E3.82402
G1 X110.412 Y115.075 E3.83325
G1 X110.156 Y114.845 E3.84406
G1 X109.937 Y114.603 E3.85432
G1 X109.75 Y114.353 E3.86413
G1 X109.573 Y114.057 E3.87497
G1 X109.434 Y113.762 E3.88522
G1 X109.329 Y113.468 E3.89503
G1 X109.245 Y113.133 E3.90588
G1 X109.197 Y112.791 E3.91673
G1 X109.185 Y112.5 E3.92588
G1 X109.197 Y112.209 E3.93503
G1 X109.245 Y111.867 E3.94588
G1 X109.329 Y111.533 E3.9567
G1 X109.427 Y111.256 E3.96593
G1 X109.563 Y110.963 E3.97608
G1 X109.72 Y110.693 E3.98589
G1 X109.923 Y110.413 E3.99676
G1 X110.155 Y110.155 E4.00766
G1 X110.412 Y109.925 E4.0185
G1 X110.646 Y109.751 E4.02766
G1 X110.895 Y109.599 E4.03683
G1 X111.204 Y109.448 E4.04764
G1 X111.51 Y109.336 E4.05788
G1 X111.812 Y109.257 E4.06769
G1 X112.153 Y109.203 E4.07854
G1 X112.478 Y109.185 E4.08877
G1 X112.79 Y109.197 E4.09858
G1 X113.133 Y109.245 E4.10946
G1 X113.467 Y109.329 E4.12028
G1 X113.743 Y109.426 E4.12947
G1 X114.024 Y109.556 E4.1392
G1 X114.307 Y109.72 E4.14948
G1 X114.587 Y109.923 E4.16035
G1 X114.845 Y110.155 E4.17125
G1 X115.025 Y110.356 E4.17973
G1 X115.025 Y110.356 F12000
G1 X114.779 Y110.628
;TYPE:External perimeter
;WIDTH:0.4
G1 F3600
G1 X114.793 Y110.643 E4.18034
G1 X114.974 Y110.893 E4.18952
G1 X115.128 Y111.16 E4.19869
G1 X115.322 Y111.638 E4.21404
G1 X115.396 Y111.937 E4.2232
G1 X115.439 Y112.242 E4.23236
G1 X115.439 Y112.758 E4.24771
G1 X115.396 Y113.063 E4.25687
G1 X115.322 Y113.362 E4.26603
G1 X115.235 Y113.606 E4.27374
G1 X115.105 Y113.885 E4.2829
G1 X114.946 Y114.15 E4.29209
G1 X114.761 Y114.396 E4.30125
G1 X114.586 Y114.587 E4.30896
G1 X114.371 Y114.781 E4.31757
G1 X114.149 Y114.946 E4.3258
G1 X113.886 Y115.104 E4.33493
G1 X113.652 Y115.216 E4.34265
G1 X113.363 Y115.321 E4.3518
G1 X113.081 Y115.392 E4.36045
G1 X112.808 Y115.434 E4.36867
G1 X112.501 Y115.45 E4.37782
G1 X112.242 Y115.439 E4.38553
G1 X111.937 Y115.396 E4.39469
G1 X111.638 Y115.321 E4.40386
G1 X111.365 Y115.223 E4.41249
G1 X111.114 Y115.105 E4.42074
G1 X110.851 Y114.946 E4.42988
G1 X110.643 Y114.792 E4.43758
G1 X110.414 Y114.586 E4.44674
G1 X110.219 Y114.371 E4.45537
G1 X110.054 Y114.149 E4.4636
G1 X109.895 Y113.885 E4.47277
G1 X109.772 Y113.623 E4.48138
G1 X109.679 Y113.362 E4.48962
G1 X109.604 Y113.063 E4.49879
G1 X109.561 Y112.758 E4.50795
G1 X109.561 Y112.242 E4.5233
G1 X109.604 Y111.937 E4.53246
G1 X109.678 Y111.638 E4.54162
G1 X109.765 Y111.394 E4.54933
G1 X109.886 Y111.132 E4.55792
G1 X110.026 Y110.893 E4.56616
G1 X110.207 Y110.643 E4.57534
G1 X110.414 Y110.414 E4.58452
G1 X110.643 Y110.208 E4.59368
G1 X111.071 Y109.919 E4.60904
G1 X111.347 Y109.784 E4.61818
G1 X111.619 Y109.684 E4.6268
G1 X111.887 Y109.614 E4.63504
G1 X112.191 Y109.566 E4.6442
G1 X112.481 Y109.55 E4.65284
G1 X112.758 Y109.561 E4.66109
G1 X113.063 Y109.604 E4.67025
G1 X113.362 Y109.678 E4.67941
G1 X113.856 Y109.88 E4.69529
G1 X114.107 Y110.026 E4.70393
G1 X114.357 Y110.207 E4.71311
G1 X114.586 Y110.414 E4.72229
G1 X114.738 Y110.583 E4.72905
G1 X114.974 Y110.906 F12000
G1 E2.72905 F2400
G92 E0
G1 Z3.75 F12000
G1 X104.058 Y108.889
G1 Z3.35
G1 E2 F2400
;TYPE:Perimeter
;WIDTH:0.42
G1 F4800
G1 X104.08 Y108.832 E2.00192
G1 X104.474 Y108.035 E2.02986
G1 X104.97 Y107.241 E2.05928
G1 X105.472 Y106.588 E2.08516
G1 X106.112 Y105.901 E2.11467
G1 X106.729 Y105.355 E2.14056
G1 X107.488 Y104.804 E2.17003
G1 X108.198 Y104.385 E2.19594
G1 X109.049 Y103.989 E2.22544
G1 X109.826 Y103.714 E2.25134
G1 X110.747 Y103.484 E2.28117
G1 X111.222 Y103.405 E2.2963
G1 X111.699 Y103.35 E2.31139
G1 X112.587 Y103.316 E2.33932
G1 X113.474 Y103.367 E2.36724
G1 X114.398 Y103.514 E2.39664
G1 X115.196 Y103.72 E2.42254
G1 X116.078 Y104.041 E2.45204
G1 X116.822 Y104.396 E2.47795
G1 X117.636 Y104.886 E2.50781
G1 X118.028 Y105.165 E2.52293
G1 X118.404 Y105.464 E2.53803
G1 X119.099 Y106.112 E2.56789
G1 X119.645 Y106.729 E2.59378
G1 X120.196 Y107.488 E2.62325
G1 X120.615 Y108.198 E2.64916
G1 X121.011 Y109.049 E2.67866
G1 X121.286 Y109.826 E2.70456
G1 X121.516 Y110.747 E2.73439
G1 X121.595 Y111.222 E2.74952
G1 X121.65 Y111.699 E2.76461
G1 X121.679 Y112.179 E2.77972
G1 X121.683 Y112.66 E2.79484
G1 X121.617 Y113.608 E2.8247
G1 X121.481 Y114.421 E2.8506
G1 X121.235 Y115.338 E2.88044
G1 X120.92 Y116.168 E2.90834
G1 X120.526 Y116.965 E2.93628
G1 X120.03 Y117.759 E2.9657
G1 X119.528 Y118.412 E2.99158
G1 X118.888 Y119.099 E3.02109
G1 X118.271 Y119.645 E3.04698
G1 X117.502 Y120.203 E3.07684
G1 X116.68 Y120.678 E3.10667
G1 X115.94 Y121.015 E3.13222
G1 X115.174 Y121.286 E3.15775
G1 X114.253 Y121.516 E3.18758
G1 X113.778 Y121.595 E3.20271
G1 X113.301 Y121.65 E3.2178
G1 X112.821 Y121.679 E3.23291
G1 X112.34 Y121.683 E3.24803
G1 X111.392 Y121.617 E3.27789
G1 X110.591 Y121.483 E3.30341
G1 X109.804 Y121.28 E3.32895
G1 X108.922 Y120.959 E3.35845
G1 X108.178 Y120.604 E3.38436
G1 X107.364 Y120.115 E3.4142
G1 X106.972 Y119.835 E3.42934
G1 X106.596 Y119.536 E3.44444
G1 X105.901 Y118.888 E3.4743
G1 X105.355 Y118.271 E3.50019
G1 X104.797 Y117.502 E3.53005
G1 X104.546 Y117.092 E3.54516
G1 X104.316 Y116.67 E3.56026
G1 X103.953 Y115.86 E3.58815
G1 X103.668 Y115.018 E3.61608
G1 X103.457 Y114.106 E3.6455
G1 X103.35 Y113.289 E3.67139
G1 X103.317 Y112.34 E3.70123
G1 X103.376 Y111.454 E3.72913
G1 X103.519 Y110.577 E3.75705
G1 X103.765 Y109.662 E3.78683
G1 X104.037 Y108.945 E3.81093
G1 X104.037 Y108.945 F12000
G1 X103.712 Y108.746
G1 F4800
G1 X103.738 Y108.677 E3.81325
G1 X104.144 Y107.857 E3.842
G1 X104.393 Y107.434 E3.85742
G1 X104.665 Y107.024 E3.87288
G1 X105.182 Y106.349 E3.8996
G1 X105.508 Y105.98 E3.91507
G1 X105.853 Y105.629 E3.93054
G1 X106.49 Y105.066 E3.95726
G1 X106.881 Y104.766 E3.97275
G1 X107.287 Y104.487 E3.98823
G1 X108.019 Y104.056 E4.01492
G1 X108.46 Y103.836 E4.03041
G1 X108.911 Y103.64 E4.04586
G1 X109.713 Y103.356 E4.0726
G1 X110.187 Y103.224 E4.08806
G1 X110.676 Y103.116 E4.1038
G1 X111.17 Y103.033 E4.11954
G1 X111.667 Y102.977 E4.13526
G1 X112.595 Y102.941 E4.16444
G1 X113.509 Y102.994 E4.19321
G1 X113.995 Y103.058 E4.20861
G1 X114.479 Y103.148 E4.22408
G1 X115.303 Y103.361 E4.25083
G1 X115.77 Y103.517 E4.2663
G1 X116.228 Y103.697 E4.28176
G1 X116.995 Y104.063 E4.30847
G1 X117.424 Y104.306 E4.32396
G1 X117.846 Y104.575 E4.33969
G1 X118.253 Y104.865 E4.35539
G1 X118.645 Y105.177 E4.37113
G1 X119.02 Y105.508 E4.38685
G1 X119.371 Y105.853 E4.40232
G1 X119.934 Y106.49 E4.42904
G1 X120.234 Y106.881 E4.44453
G1 X120.513 Y107.287 E4.46001
G1 X120.944 Y108.019 E4.4867
G1 X121.164 Y108.46 E4.50219
G1 X121.36 Y108.911 E4.51764
G1 X121.644 Y109.713 E4.54438
G1 X121.776 Y110.187 E4.55984
G1 X121.884 Y110.676 E4.57558
G1 X121.967 Y111.17 E4.59132
G1 X122.023 Y111.667 E4.60704
G1 X122.054 Y112.166 E4.62275
G1 X122.058 Y112.667 E4.63849
G1 X122.037 Y113.167 E4.65422
G1 X121.989 Y113.657 E4.66969
G1 X121.849 Y114.496 E4.69642
G1 X121.734 Y114.974 E4.71187
G1 X121.592 Y115.454 E4.7276
G1 X121.262 Y116.323 E4.75681
G1 X120.856 Y117.143 E4.78556
G1 X120.607 Y117.566 E4.80098
G1 X120.335 Y117.976 E4.81644
G1 X119.818 Y118.651 E4.84316
G1 X119.492 Y119.02 E4.85863
G1 X119.147 Y119.371 E4.8741
G1 X118.51 Y119.934 E4.90082
G1 X118.119 Y120.234 E4.91631
G1 X117.707 Y120.518 E4.93204
G1 X117.28 Y120.779 E4.94777
G1 X116.847 Y121.014 E4.96325
G1 X116.081 Y121.363 E4.9897
G1 X115.287 Y121.644 E5.01617
G1 X114.813 Y121.776 E5.03163
G1 X114.324 Y121.884 E5.04737
G1 X113.83 Y121.967 E5.06311
G1 X113.333 Y122.023 E5.07883
G1 X112.834 Y122.054 E5.09454
G1 X112.333 Y122.058 E5.11028
G1 X111.833 Y122.037 E5.12601
G1 X111.343 Y121.989 E5.14148
G1 X110.513 Y121.85 E5.16793
G1 X109.697 Y121.639 E5.19442
G1 X109.23 Y121.483 E5.20989
G1 X108.772 Y121.303 E5.22535
G1 X108.005 Y120.937 E5.25206
G1 X107.576 Y120.694 E5.26755
G1 X107.154 Y120.425 E5.28328
G1 X106.747 Y120.135 E5.29898
G1 X106.355 Y119.823 E5.31472
G1 X105.98 Y119.492 E5.33044
G1 X105.629 Y119.147 E5.34591
G1 X105.066 Y118.51 E5.37263
G1 X104.766 Y118.119 E5.38812
G1 X104.482 Y117.707 E5.40385
G1 X104.221 Y117.28 E5.41958
G1 X103.982 Y116.84 E5.43532
G1 X103.602 Y115.992 E5.46452
G1 X103.308 Y115.126 E5.49326
G1 X103.185 Y114.65 E5.50871
G1 X103.087 Y114.168 E5.52417
G1 X102.976 Y113.325 E5.55089
G1 X102.946 Y112.834 E5.56635
G1 X102.942 Y112.333 E5.58209
G1 X103.004 Y111.406 E5.61129
G1 X103.151 Y110.503 E5.64004
G1 X103.266 Y110.026 E5.65546
G1 X103.408 Y109.546 E5.67119
G1 X103.691 Y108.802 E5.6962
G1 X103.691 Y108.802 F12000
G1 X103.366 Y108.604
G1 F4800
G1 X103.396 Y108.523 E5.69891
G1 X103.814 Y107.678 E5.72854
G1 X104.075 Y107.235 E5.7447
G1 X104.359 Y106.806 E5.76087
G1 X104.893 Y106.11 E5.78844
G1 X105.234 Y105.724 E5.80463
G1 X105.595 Y105.357 E5.82081
G1 X106.252 Y104.776 E5.84837
G1 X106.66 Y104.463 E5.86453
G1 X107.085 Y104.171 E5.88073
G1 X107.84 Y103.726 E5.90827
G1 X108.301 Y103.496 E5.92446
G1 X108.774 Y103.291 E5.94066
G1 X109.6 Y102.998 E5.9682
G1 X110.097 Y102.86 E5.98441
G1 X110.604 Y102.748 E6.00073
G1 X111.117 Y102.662 E6.01708
G1 X111.634 Y102.603 E6.03343
G1 X112.604 Y102.566 E6.06393
G1 X113.544 Y102.62 E6.09352
G1 X114.054 Y102.687 E6.10968
G1 X114.561 Y102.781 E6.12588
G1 X115.409 Y103.001 E6.15341
G1 X115.898 Y103.164 E6.16961
G1 X116.377 Y103.353 E6.18579
G1 X117.168 Y103.73 E6.21333
G1 X117.617 Y103.984 E6.22954
G1 X118.056 Y104.264 E6.2459
G1 X118.479 Y104.566 E6.26223
G1 X118.886 Y104.889 E6.27856
G1 X119.276 Y105.234 E6.29492
G1 X119.643 Y105.595 E6.3111
G1 X120.224 Y106.252 E6.33866
G1 X120.537 Y106.66 E6.35482
G1 X120.829 Y107.085 E6.37102
G1 X121.274 Y107.84 E6.39856
G1 X121.504 Y108.301 E6.41475
G1 X121.709 Y108.774 E6.43095
G1 X122.002 Y109.6 E6.45849
G1 X122.14 Y110.097 E6.4747
G1 X122.252 Y110.604 E6.49102
G1 X122.338 Y111.117 E6.50737
G1 X122.397 Y111.634 E6.52372
G1 X122.429 Y112.153 E6.54006
G1 X122.433 Y112.673 E6.5564
G1 X122.411 Y113.193 E6.57276
G1 X122.361 Y113.706 E6.58896
G1 X122.217 Y114.57 E6.61649
G1 X122.096 Y115.071 E6.63269
G1 X121.949 Y115.57 E6.64904
G1 X121.604 Y116.477 E6.67954
G1 X121.186 Y117.322 E6.70917
G1 X120.925 Y117.765 E6.72533
G1 X120.641 Y118.194 E6.7415
G1 X120.107 Y118.89 E6.76907
G1 X119.766 Y119.276 E6.78526
G1 X119.405 Y119.643 E6.80144
G1 X118.748 Y120.224 E6.829
G1 X118.34 Y120.537 E6.84516
G1 X117.911 Y120.832 E6.86152
G1 X117.467 Y121.104 E6.87788
G1 X117.015 Y121.35 E6.89405
G1 X116.222 Y121.711 E6.92143
G1 X115.4 Y122.002 E6.94883
G1 X114.903 Y122.14 E6.96504
G1 X114.396 Y122.252 E6.98136
G1 X113.883 Y122.338 E6.99771
G1 X113.366 Y122.397 E7.01406
G1 X112.847 Y122.429 E7.0304
G1 X112.327 Y122.433 E7.04674
G1 X111.807 Y122.411 E7.0631
G1 X111.294 Y122.361 E7.0793
G1 X110.434 Y122.217 E7.1067
G1 X109.591 Y121.999 E7.13406
G1 X109.102 Y121.836 E7.15026
G1 X108.623 Y121.647 E7.16644
G1 X107.832 Y121.27 E7.19398
G1 X107.383 Y121.016 E7.21019
G1 X106.945 Y120.736 E7.22653
G1 X106.521 Y120.434 E7.24289
G1 X106.114 Y120.111 E7.25922
G1 X105.724 Y119.766 E7.27558
G1 X105.357 Y119.405 E7.29176
G1 X104.776 Y118.748 E7.31932
G1 X104.463 Y118.34 E7.33548
G1 X104.168 Y117.911 E7.35184
G1 X103.896 Y117.467 E7.3682
G1 X103.648 Y117.01 E7.38454
G1 X103.251 Y116.125 E7.41502
G1 X102.949 Y115.233 E7.44461
G1 X102.82 Y114.735 E7.46078
G1 X102.717 Y114.23 E7.47698
G1 X102.603 Y113.361 E7.50452
G1 X102.571 Y112.847 E7.5207
G1 X102.567 Y112.327 E7.53704
G1 X102.631 Y111.358 E7.56756
G1 X102.784 Y110.429 E7.59715
G1 X102.904 Y109.929 E7.61331
G1 X103.051 Y109.43 E7.62966
G1 X103.344 Y108.66 E7.65555
G1 X103.344 Y108.66 F12000
G1 X103.026 Y108.464
;TYPE:External perimeter
;WIDTH:0.4
G1 F2400
G1 X103.064 Y108.372 E7.65851
G1 X103.493 Y107.505 E7.68729
G1 X103.765 Y107.042 E7.70326
G1 X104.062 Y106.594 E7.71925
G1 X104.611 Y105.878 E7.74609
G1 X104.967 Y105.475 E7.76209
G1 X105.344 Y105.092 E7.77808
G1 X106.019 Y104.494 E7.80491
G1 X106.446 Y104.167 E7.82091
G1 X106.889 Y103.863 E7.83689
G1 X107.666 Y103.405 E7.86372
G1 X108.147 Y103.165 E7.87971
G1 X108.64 Y102.951 E7.8957
G1 X109.49 Y102.65 E7.92253
G1 X110.008 Y102.506 E7.93852
G1 X110.535 Y102.389 E7.95458
G1 X111.067 Y102.3 E7.97063
G1 X111.602 Y102.239 E7.98665
G1 X112.141 Y102.206 E8.00271
G1 X112.613 Y102.201 E8.01675
G1 X113.579 Y102.257 E8.04554
G1 X114.111 Y102.327 E8.0615
G1 X114.64 Y102.425 E8.0775
G1 X115.513 Y102.651 E8.10433
G1 X116.023 Y102.821 E8.12032
G1 X116.523 Y103.018 E8.13631
G1 X117.337 Y103.407 E8.16315
G1 X117.805 Y103.671 E8.17913
G1 X118.26 Y103.961 E8.19518
G1 X118.699 Y104.274 E8.21122
G1 X119.121 Y104.61 E8.22727
G1 X119.525 Y104.967 E8.24331
G1 X119.908 Y105.344 E8.2593
G1 X120.506 Y106.019 E8.28613
G1 X120.833 Y106.446 E8.30213
G1 X121.137 Y106.889 E8.31811
G1 X121.595 Y107.666 E8.34494
G1 X121.835 Y108.147 E8.36093
G1 X122.049 Y108.64 E8.37692
G1 X122.35 Y109.49 E8.40375
G1 X122.494 Y110.008 E8.41974
G1 X122.611 Y110.535 E8.4358
G1 X122.7 Y111.067 E8.45185
G1 X122.761 Y111.602 E8.46787
G1 X122.794 Y112.141 E8.48393
G1 X122.798 Y112.68 E8.49997
G1 X122.775 Y113.219 E8.51602
G1 X122.723 Y113.754 E8.53201
G1 X122.574 Y114.643 E8.55883
G1 X122.449 Y115.166 E8.57483
G1 X122.296 Y115.683 E8.59087
G1 X122.116 Y116.191 E8.6069
G1 X121.936 Y116.628 E8.62096
G1 X121.507 Y117.495 E8.64974
G1 X121.235 Y117.958 E8.66571
G1 X120.938 Y118.406 E8.6817
G1 X120.389 Y119.122 E8.70854
G1 X120.033 Y119.525 E8.72454
G1 X119.656 Y119.908 E8.74053
G1 X118.981 Y120.506 E8.76736
G1 X118.554 Y120.833 E8.78336
G1 X118.11 Y121.138 E8.79938
G1 X117.65 Y121.42 E8.81543
G1 X117.178 Y121.676 E8.8314
G1 X116.358 Y122.05 E8.85821
G1 X115.51 Y122.35 E8.88497
G1 X114.992 Y122.494 E8.90096
G1 X114.465 Y122.611 E8.91702
G1 X113.933 Y122.7 E8.93307
G1 X113.398 Y122.761 E8.94909
G1 X112.859 Y122.794 E8.96515
G1 X112.32 Y122.798 E8.98119
G1 X111.782 Y122.775 E8.99721
G1 X111.246 Y122.723 E9.01323
G1 X110.359 Y122.575 E9.03998
G1 X109.487 Y122.349 E9.06678
G1 X108.977 Y122.179 E9.08277
G1 X108.477 Y121.982 E9.09876
G1 X107.663 Y121.593 E9.1256
G1 X107.195 Y121.329 E9.14158
G1 X106.74 Y121.039 E9.15763
G1 X106.301 Y120.726 E9.17367
G1 X105.879 Y120.39 E9.18972
G1 X105.475 Y120.033 E9.20576
G1 X105.092 Y119.656 E9.22175
G1 X104.494 Y118.981 E9.24858
G1 X104.167 Y118.554 E9.26458
G1 X103.862 Y118.11 E9.2806
G1 X103.58 Y117.65 E9.29665
G1 X103.323 Y117.176 E9.31269
G1 X103.09 Y116.689 E9.32875
G1 X102.909 Y116.254 E9.34277
G1 X102.599 Y115.337 E9.37157
G1 X102.464 Y114.817 E9.38755
G1 X102.357 Y114.29 E9.40355
G1 X102.239 Y113.396 E9.43038
G1 X102.206 Y112.859 E9.44639
G1 X102.202 Y112.32 E9.46243
G1 X102.225 Y111.781 E9.47848
G1 X102.269 Y111.312 E9.49249
G1 X102.426 Y110.357 E9.52128
G1 X102.551 Y109.834 E9.53728
G1 X102.704 Y109.317 E9.55332
G1 X102.884 Y108.809 E9.56935
G1 X103.003 Y108.52 E9.57865
G1 X103.172 Y108.157 F12000
;LAYER_CHANGE
;Z:3.56
;HEIGHT:0.21
G1 Z3.56 F12000
G1 E7.57865 F2400
G92 E0
G1 Z3.96 F12000
G1 X103.713 Y114.317
G1 Z3.56
G1 E2 F2400
G92 E0
;TYPE:Internal infill
;WIDTH:0.42
G1 F6000
G1 X110.685 Y121.29 E.30987
G1 E-1.69013 F2400
G92 E0
G1 X110.685 Y121.29 Z3.96 F12000
G1 X120.912 Y115.609
G1 Z3.56
G1 E2 F2400
G1 F6000
G1 X116.832 Y111.53 E2.1813
G1 X116.942 Y112.5 E2.21198
G1 X116.918 Y112.964 E2.22658
G1 X116.727 Y113.866 E2.25555
G1 X116.388 Y114.647 E2.28231
G1 X116.178 Y114.99 E2.29495
G1 X115.64 Y115.641 E2.32149
G1 X118.725 Y118.725 E2.45857
G1 X118.036 Y119.352 E2.48785
G1 X117.298 Y119.888 E2.51651
G1 X116.508 Y120.345 E2.54519
G1 X115.479 Y120.781 E2.58031
G1 X111.53 Y116.833 E2.75579
G1 X110.758 Y116.586 E2.78126
G1 X110.353 Y116.388 E2.79543
G1 X110.01 Y116.178 E2.80807
G1 X109.356 Y115.637 E2.83474
G1 X108.815 Y114.98 E2.86149
G1 X108.582 Y114.592 E2.87571
G1 X108.171 Y113.473 E2.91317
G1 X104.22 Y109.523 E3.08874
G1 X104.795 Y108.229 E3.13324
G1 X105.242 Y107.509 E3.15987
G1 X105.76 Y106.828 E3.18676
G1 X106.276 Y106.276 E3.21051
G1 X109.359 Y109.359 E3.34752
G1 X109.68 Y109.068 E3.36114
G1 X110.353 Y108.612 E3.38669
G1 X111.194 Y108.255 E3.4154
G1 X112.033 Y108.083 E3.44231
G1 X112.469 Y108.059 E3.45603
G1 X113.473 Y108.171 E3.48778
G1 X109.521 Y104.219 E3.66341
G1 X109.934 Y104.073 E3.67718
G1 X111.274 Y103.776 E3.72031
G1 X112.579 Y103.692 E3.7614
G1 X113.434 Y103.741 E3.78831
G1 X114.543 Y103.939 E3.82371
G1 X121.287 Y110.683 E4.12343
G1 E2.12343 F2400
G92 E0
G1 X121.287 Y110.683 Z3.96 F12000
G1 X115.686 Y109.977
G1 Z3.56
G1 E2 F2400
;TYPE:Perimeter
G1 F3600
G1 X115.871 Y110.226 E2.00975
G1 X116.059 Y110.534 E2.02109
G1 X116.243 Y110.911 E2.03427
G1 X116.387 Y111.306 E2.04748
G1 X116.479 Y111.66 E2.05897
G1 X116.544 Y112.075 E2.07217
G1 X116.567 Y112.5 E2.08555
G1 X116.544 Y112.925 E2.09893
G1 X116.478 Y113.345 E2.11229
G1 X116.369 Y113.751 E2.1255
G1 X116.241 Y114.094 E2.137
G1 X116.059 Y114.466 E2.15001
G1 X115.868 Y114.779 E2.16153
G1 X115.619 Y115.109 E2.17452
G1 X115.371 Y115.379 E2.18604
G1 X115.059 Y115.66 E2.19924
G1 X114.716 Y115.909 E2.21256
G1 X114.371 Y116.11 E2.22511
G1 X114.025 Y116.269 E2.23708
G1 X113.683 Y116.39 E2.24848
G1 X113.276 Y116.492 E2.26167
G1 X112.86 Y116.55 E2.27487
G1 X112.494 Y116.566 E2.28638
G1 X112.075 Y116.544 E2.29957
G1 X111.655 Y116.478 E2.31293
G1 X111.249 Y116.369 E2.32614
G1 X110.906 Y116.241 E2.33764
G1 X110.534 Y116.059 E2.35065
G1 X110.221 Y115.868 E2.36217
G1 X109.891 Y115.619 E2.37516
G1 X109.622 Y115.373 E2.38662
G1 X109.358 Y115.081 E2.39899
G1 X109.127 Y114.771 E2.41114
G1 X108.912 Y114.414 E2.42424
G1 X108.755 Y114.084 E2.43572
G1 X108.611 Y113.689 E2.44893
G1 X108.508 Y113.276 E2.46231
G1 X108.45 Y112.86 E2.47551
G1 X108.434 Y112.5 E2.48683
G1 X108.45 Y112.14 E2.49815
G1 X108.508 Y111.724 E2.51135
G1 X108.611 Y111.311 E2.52473
G1 X108.757 Y110.911 E2.53811
G1 X108.941 Y110.534 E2.55129
G1 X109.131 Y110.223 E2.56274
G1 X109.367 Y109.908 E2.57511
G1 X109.626 Y109.624 E2.58719
G1 X109.919 Y109.358 E2.59963
G1 X110.224 Y109.13 E2.6116
G1 X110.534 Y108.941 E2.62301
G1 X110.911 Y108.757 E2.63619
G1 X111.306 Y108.613 E2.6494
G1 X111.66 Y108.521 E2.66089
G1 X112.073 Y108.456 E2.67403
G1 X112.471 Y108.434 E2.68656
G1 X112.858 Y108.449 E2.69873
G1 X113.276 Y108.508 E2.712
G1 X113.683 Y108.61 E2.72519
G1 X114.029 Y108.732 E2.73672
G1 X114.409 Y108.909 E2.74989
G1 X114.772 Y109.128 E2.76321
G1 X115.092 Y109.367 E2.77576
G1 X115.378 Y109.627 E2.78791
G1 X115.65 Y109.929 E2.80068
G1 X115.65 Y109.929 F12000
G1 X115.344 Y110.149
G1 F3600
G1 X115.366 Y110.174 E2.80173
G1 X115.56 Y110.436 E2.81197
G1 X115.73 Y110.714 E2.82221
G1 X115.898 Y111.058 E2.83424
G1 X116.028 Y111.417 E2.84624
G1 X116.111 Y111.737 E2.85663
G1 X116.171 Y112.114 E2.86863
G1 X116.191 Y112.5 E2.88078
G1 X116.171 Y112.886 E2.89293
G1 X116.111 Y113.267 E2.90505
G1 X116.012 Y113.637 E2.91709
G1 X115.896 Y113.946 E2.92746
G1 X115.73 Y114.286 E2.93935
G1 X115.558 Y114.567 E2.9497
G1 X115.33 Y114.869 E2.96159
G1 X115.107 Y115.113 E2.97198
G1 X114.823 Y115.369 E2.984
G1 X114.512 Y115.595 E2.99608
G1 X114.198 Y115.777 E3.00749
G1 X113.884 Y115.921 E3.01835
G1 X113.575 Y116.031 E3.02866
G1 X113.204 Y116.123 E3.04067
G1 X112.826 Y116.177 E3.05267
G1 X112.496 Y116.191 E3.06305
G1 X112.114 Y116.171 E3.07507
G1 X111.733 Y116.111 E3.08719
G1 X111.363 Y116.012 E3.09923
G1 X111.054 Y115.896 E3.1096
G1 X110.714 Y115.73 E3.12149
G1 X110.433 Y115.558 E3.13184
G1 X110.131 Y115.33 E3.14373
G1 X109.888 Y115.108 E3.15407
G1 X109.648 Y114.843 E3.16531
G1 X109.439 Y114.562 E3.17632
G1 X109.243 Y114.236 E3.18827
G1 X109.101 Y113.938 E3.19864
G1 X108.97 Y113.579 E3.21065
G1 X108.877 Y113.204 E3.22279
G1 X108.823 Y112.826 E3.23479
G1 X108.809 Y112.5 E3.24504
G1 X108.823 Y112.174 E3.25529
G1 X108.877 Y111.796 E3.26729
G1 X108.97 Y111.421 E3.27943
G1 X109.102 Y111.058 E3.29157
G1 X109.27 Y110.714 E3.3036
G1 X109.442 Y110.434 E3.31393
G1 X109.656 Y110.147 E3.32518
G1 X109.891 Y109.889 E3.33615
G1 X110.157 Y109.648 E3.34743
G1 X110.435 Y109.441 E3.35832
G1 X110.714 Y109.27 E3.3686
G1 X111.058 Y109.102 E3.38063
G1 X111.417 Y108.972 E3.39263
G1 X111.737 Y108.889 E3.40302
G1 X112.113 Y108.829 E3.41499
G1 X112.474 Y108.809 E3.42635
G1 X112.824 Y108.823 E3.43736
G1 X113.204 Y108.877 E3.44942
G1 X113.575 Y108.969 E3.46143
G1 X113.886 Y109.079 E3.4718
G1 X114.233 Y109.241 E3.48383
G1 X114.563 Y109.439 E3.49592
G1 X114.853 Y109.656 E3.5073
G1 X115.112 Y109.892 E3.51831
G1 X115.304 Y110.105 E3.52732
G1 X115.304 Y110.105 F12000
G1 X115.064 Y110.399
G1 F3600
G1 X115.075 Y110.412 E3.52786
G1 X115.249 Y110.646 E3.53702
G1 X115.401 Y110.895 E3.54619
G1 X115.552 Y111.204 E3.557
G1 X115.67 Y111.528 E3.56784
G1 X115.744 Y111.813 E3.57709
G1 X115.798 Y112.153 E3.58791
G1 X115.816 Y112.5 E3.59883
G1 X115.798 Y112.847 E3.60975
G1 X115.743 Y113.189 E3.62064
G1 X115.654 Y113.522 E3.63147
G1 X115.551 Y113.798 E3.64073
G1 X115.401 Y114.105 E3.65147
G1 X115.247 Y114.356 E3.66072
G1 X115.041 Y114.629 E3.67147
G1 X114.843 Y114.846 E3.6807
G1 X114.587 Y115.077 E3.69154
G1 X114.307 Y115.28 E3.70241
G1 X114.025 Y115.444 E3.71266
G1 X113.743 Y115.574 E3.72242
G1 X113.467 Y115.671 E3.73161
G1 X113.133 Y115.755 E3.74243
G1 X112.791 Y115.803 E3.75328
G1 X112.498 Y115.816 E3.7625
G1 X112.153 Y115.798 E3.77336
G1 X111.811 Y115.743 E3.78425
G1 X111.478 Y115.654 E3.79508
G1 X111.202 Y115.551 E3.80434
G1 X110.895 Y115.401 E3.81508
G1 X110.644 Y115.247 E3.82433
G1 X110.371 Y115.041 E3.83508
G1 X110.154 Y114.843 E3.84431
G1 X109.938 Y114.604 E3.85443
G1 X109.75 Y114.353 E3.86428
G1 X109.574 Y114.059 E3.87505
G1 X109.447 Y113.793 E3.88431
G1 X109.329 Y113.469 E3.89515
G1 X109.245 Y113.133 E3.90603
G1 X109.197 Y112.791 E3.91688
G1 X109.185 Y112.5 E3.92603
G1 X109.197 Y112.209 E3.93518
G1 X109.245 Y111.867 E3.94603
G1 X109.329 Y111.531 E3.95691
G1 X109.448 Y111.204 E3.96785
G1 X109.599 Y110.895 E3.97866
G1 X109.752 Y110.645 E3.98787
G1 X109.946 Y110.386 E3.99804
G1 X110.156 Y110.155 E4.00785
G1 X110.396 Y109.938 E4.01802
G1 X110.645 Y109.752 E4.02779
G1 X110.895 Y109.599 E4.037
G1 X111.204 Y109.448 E4.04781
G1 X111.528 Y109.33 E4.05865
G1 X111.813 Y109.256 E4.0679
G1 X112.153 Y109.203 E4.07871
G1 X112.477 Y109.185 E4.08891
G1 X112.79 Y109.197 E4.09875
G1 X113.133 Y109.245 E4.10963
G1 X113.467 Y109.329 E4.12045
G1 X113.744 Y109.427 E4.12968
G1 X114.057 Y109.572 E4.14052
G1 X114.353 Y109.751 E4.15139
G1 X114.614 Y109.946 E4.16163
G1 X114.846 Y110.157 E4.17148
G1 X115.024 Y110.355 E4.17985
G1 X115.024 Y110.355 F12000
G1 X114.777 Y110.626
;TYPE:External perimeter
;WIDTH:0.4
G1 F3600
G1 X114.792 Y110.643 E4.18052
G1 X115.081 Y111.07 E4.19586
G1 X115.216 Y111.347 E4.20503
G1 X115.321 Y111.637 E4.21421
G1 X115.386 Y111.887 E4.22189
G1 X115.434 Y112.192 E4.23108
G1 X115.45 Y112.5 E4.24026
G1 X115.434 Y112.808 E4.24944
G1 X115.386 Y113.113 E4.25863
G1 X115.306 Y113.411 E4.26781
G1 X115.215 Y113.654 E4.27553
G1 X115.081 Y113.93 E4.28466
G1 X114.945 Y114.151 E4.29238
G1 X114.761 Y114.396 E4.3015
G1 X114.585 Y114.587 E4.30923
G1 X114.357 Y114.793 E4.31837
G1 X114.107 Y114.974 E4.32755
G1 X113.857 Y115.119 E4.33615
G1 X113.362 Y115.322 E4.35207
G1 X113.063 Y115.396 E4.36123
G1 X112.758 Y115.439 E4.37039
G1 X112.499 Y115.45 E4.3781
G1 X112.192 Y115.434 E4.38725
G1 X111.887 Y115.386 E4.39644
G1 X111.589 Y115.306 E4.40562
G1 X111.346 Y115.215 E4.41334
G1 X111.071 Y115.081 E4.42244
G1 X110.849 Y114.945 E4.43019
G1 X110.604 Y114.761 E4.43931
G1 X110.413 Y114.586 E4.44702
G1 X110.22 Y114.372 E4.45559
G1 X110.054 Y114.149 E4.46386
G1 X109.896 Y113.886 E4.47299
G1 X109.784 Y113.652 E4.48071
G1 X109.679 Y113.363 E4.48986
G1 X109.604 Y113.063 E4.49906
G1 X109.561 Y112.758 E4.50822
G1 X109.561 Y112.242 E4.52357
G1 X109.604 Y111.937 E4.53273
G1 X109.679 Y111.637 E4.54193
G1 X109.784 Y111.347 E4.55111
G1 X109.919 Y111.07 E4.56028
G1 X110.054 Y110.85 E4.56796
G1 X110.227 Y110.619 E4.57655
G1 X110.414 Y110.414 E4.5848
G1 X110.628 Y110.22 E4.59339
G1 X111.07 Y109.919 E4.6093
G1 X111.347 Y109.784 E4.61847
G1 X111.637 Y109.679 E4.62765
G1 X111.887 Y109.614 E4.63533
G1 X112.191 Y109.566 E4.64449
G1 X112.48 Y109.55 E4.6531
G1 X112.758 Y109.561 E4.66138
G1 X113.063 Y109.604 E4.67054
G1 X113.362 Y109.678 E4.6797
G1 X113.606 Y109.765 E4.68741
G1 X113.885 Y109.895 E4.69657
G1 X114.15 Y110.054 E4.70576
G1 X114.381 Y110.227 E4.71435
G1 X114.587 Y110.414 E4.72263
G1 X114.737 Y110.581 E4.72931
G1 X114.969 Y110.907 F12000
G1 E2.72931 F2400
G92 E0
G1 Z3.96 F12000
G1 X104.051 Y108.899
G1 Z3.56
G1 E2 F2400
;TYPE:Perimeter
;WIDTH:0.42
G1 F4800
G1 X104.467 Y108.047 E2.0298
G1 X104.932 Y107.296 E2.05756
G1 X105.473 Y106.586 E2.08561
G1 X106.12 Y105.893 E2.1154
G1 X106.785 Y105.311 E2.14317
G1 X107.5 Y104.796 E2.17086
G1 X108.198 Y104.385 E2.19631
G1 X109.049 Y103.989 E2.22581
G1 X109.826 Y103.714 E2.25171
G1 X110.747 Y103.484 E2.28154
G1 X111.222 Y103.405 E2.29667
G1 X111.699 Y103.35 E2.31176
G1 X112.583 Y103.316 E2.33956
G1 X113.474 Y103.367 E2.36761
G1 X114.398 Y103.514 E2.39701
G1 X115.196 Y103.72 E2.42291
G1 X116.089 Y104.045 E2.45277
G1 X116.884 Y104.43 E2.48053
G1 X117.647 Y104.894 E2.50859
G1 X118.404 Y105.464 E2.53837
G1 X118.764 Y105.783 E2.55349
G1 X119.107 Y106.12 E2.5686
G1 X119.689 Y106.785 E2.59637
G1 X120.204 Y107.5 E2.62406
G1 X120.615 Y108.198 E2.64951
G1 X121.011 Y109.049 E2.67901
G1 X121.286 Y109.826 E2.70491
G1 X121.516 Y110.747 E2.73474
G1 X121.595 Y111.222 E2.74987
G1 X121.65 Y111.699 E2.76496
G1 X121.679 Y112.179 E2.78007
G1 X121.683 Y112.66 E2.79519
G1 X121.617 Y113.608 E2.82505
G1 X121.481 Y114.421 E2.85095
G1 X121.235 Y115.338 E2.88079
G1 X120.921 Y116.164 E2.90856
G1 X120.526 Y116.965 E2.93663
G1 X120.03 Y117.759 E2.96605
G1 X119.528 Y118.412 E2.99193
G1 X118.888 Y119.099 E3.02144
G1 X118.271 Y119.645 E3.04733
G1 X117.502 Y120.203 E3.07719
G1 X116.68 Y120.678 E3.10702
G1 X115.94 Y121.015 E3.13257
G1 X115.174 Y121.286 E3.1581
G1 X114.253 Y121.516 E3.18793
G1 X113.778 Y121.595 E3.20306
G1 X113.301 Y121.65 E3.21815
G1 X112.821 Y121.679 E3.23326
G1 X112.34 Y121.683 E3.24838
G1 X111.392 Y121.617 E3.27824
G1 X110.591 Y121.483 E3.30376
G1 X109.804 Y121.28 E3.3293
G1 X108.911 Y120.955 E3.35916
G1 X108.057 Y120.538 E3.38903
G1 X107.355 Y120.108 E3.4149
G1 X106.596 Y119.536 E3.44477
G1 X105.901 Y118.888 E3.47463
G1 X105.355 Y118.271 E3.50052
G1 X104.797 Y117.502 E3.53038
G1 X104.322 Y116.68 E3.56021
G1 X103.985 Y115.94 E3.58576
G1 X103.713 Y115.174 E3.6113
G1 X103.484 Y114.253 E3.64112
G1 X103.405 Y113.778 E3.65625
G1 X103.35 Y113.301 E3.67134
G1 X103.321 Y112.821 E3.68645
G1 X103.317 Y112.34 E3.70157
G1 X103.375 Y111.458 E3.72935
G1 X103.519 Y110.577 E3.7574
G1 X103.742 Y109.736 E3.78474
G1 X104.03 Y108.955 E3.8109
G1 X104.03 Y108.955 F12000
G1 X103.704 Y108.756
G1 F4800
G1 X103.908 Y108.309 E3.82634
G1 X104.139 Y107.865 E3.84207
G1 X104.626 Y107.079 E3.87113
G1 X105.183 Y106.348 E3.90001
G1 X105.508 Y105.98 E3.91544
G1 X105.859 Y105.623 E3.93117
G1 X106.555 Y105.014 E3.96023
G1 X107.295 Y104.482 E3.98887
G1 X108.019 Y104.056 E4.01527
G1 X108.46 Y103.836 E4.03076
G1 X108.911 Y103.64 E4.04621
G1 X109.713 Y103.356 E4.07295
G1 X110.187 Y103.224 E4.08841
G1 X110.676 Y103.116 E4.10415
G1 X111.17 Y103.033 E4.11989
G1 X111.667 Y102.977 E4.13561
G1 X112.591 Y102.941 E4.16467
G1 X113.509 Y102.994 E4.19357
G1 X113.995 Y103.058 E4.20897
G1 X114.479 Y103.148 E4.22444
G1 X115.303 Y103.361 E4.25119
G1 X115.77 Y103.517 E4.26666
G1 X116.235 Y103.7 E4.28236
G1 X117.068 Y104.103 E4.31144
G1 X117.854 Y104.58 E4.34033
G1 X118.253 Y104.865 E4.35574
G1 X118.645 Y105.177 E4.37148
G1 X119.02 Y105.508 E4.3872
G1 X119.377 Y105.859 E4.40293
G1 X119.986 Y106.555 E4.43199
G1 X120.518 Y107.295 E4.46063
G1 X120.944 Y108.019 E4.48703
G1 X121.164 Y108.46 E4.50252
G1 X121.36 Y108.911 E4.51797
G1 X121.644 Y109.713 E4.54471
G1 X121.776 Y110.187 E4.56017
G1 X121.884 Y110.676 E4.57591
G1 X121.967 Y111.17 E4.59165
G1 X122.023 Y111.667 E4.60737
G1 X122.054 Y112.166 E4.62308
G1 X122.058 Y112.667 E4.63882
G1 X122.037 Y113.167 E4.65455
G1 X121.989 Y113.657 E4.67002
G1 X121.849 Y114.496 E4.69675
G1 X121.734 Y114.974 E4.7122
G1 X121.592 Y115.454 E4.72793
G1 X121.263 Y116.319 E4.75701
G1 X120.856 Y117.143 E4.78589
G1 X120.607 Y117.566 E4.80131
G1 X120.335 Y117.976 E4.81677
G1 X119.818 Y118.651 E4.84349
G1 X119.492 Y119.02 E4.85896
G1 X119.147 Y119.371 E4.87443
G1 X118.51 Y119.934 E4.90115
G1 X118.119 Y120.234 E4.91664
G1 X117.707 Y120.518 E4.93237
G1 X117.28 Y120.779 E4.9481
G1 X116.847 Y121.014 E4.96358
G1 X116.081 Y121.363 E4.99003
G1 X115.287 Y121.644 E5.0165
G1 X114.813 Y121.776 E5.03196
G1 X114.324 Y121.884 E5.0477
G1 X113.83 Y121.967 E5.06344
G1 X113.333 Y122.023 E5.07916
G1 X112.834 Y122.054 E5.09487
G1 X112.333 Y122.058 E5.11061
G1 X111.833 Y122.037 E5.12634
G1 X111.343 Y121.989 E5.14181
G1 X110.513 Y121.85 E5.16826
G1 X109.697 Y121.639 E5.19475
G1 X109.23 Y121.483 E5.21022
G1 X108.765 Y121.3 E5.22592
G1 X108.309 Y121.092 E5.24167
G1 X107.873 Y120.865 E5.25712
G1 X107.148 Y120.421 E5.28384
G1 X106.747 Y120.135 E5.29932
G1 X106.355 Y119.823 E5.31506
G1 X105.98 Y119.492 E5.33078
G1 X105.629 Y119.147 E5.34625
G1 X105.066 Y118.51 E5.37297
G1 X104.766 Y118.119 E5.38846
G1 X104.482 Y117.707 E5.40419
G1 X104.221 Y117.28 E5.41992
G1 X103.986 Y116.847 E5.4354
G1 X103.637 Y116.081 E5.46185
G1 X103.356 Y115.287 E5.48832
G1 X103.224 Y114.813 E5.50378
G1 X103.116 Y114.324 E5.51952
G1 X103.033 Y113.83 E5.53526
G1 X102.977 Y113.333 E5.55098
G1 X102.946 Y112.834 E5.56669
G1 X102.942 Y112.333 E5.58243
G1 X103.003 Y111.41 E5.6115
G1 X103.151 Y110.503 E5.64038
G1 X103.386 Y109.618 E5.66916
G1 X103.683 Y108.812 E5.69615
G1 X103.683 Y108.812 F12000
G1 X103.357 Y108.613
G1 F4800
G1 X103.571 Y108.145 E5.71232
G1 X103.811 Y107.683 E5.72868
G1 X104.32 Y106.862 E5.75904
G1 X104.893 Y106.109 E5.78878
G1 X105.234 Y105.724 E5.80494
G1 X105.599 Y105.353 E5.8213
G1 X106.326 Y104.717 E5.85165
G1 X107.09 Y104.168 E5.88121
G1 X107.84 Y103.726 E5.90857
G1 X108.301 Y103.496 E5.92476
G1 X108.774 Y103.291 E5.94096
G1 X109.6 Y102.998 E5.9685
G1 X110.097 Y102.86 E5.98471
G1 X110.604 Y102.748 E6.00103
G1 X111.117 Y102.662 E6.01738
G1 X111.634 Y102.603 E6.03373
G1 X112.6 Y102.566 E6.06411
G1 X113.544 Y102.62 E6.09382
G1 X114.054 Y102.687 E6.10998
G1 X114.561 Y102.781 E6.12618
G1 X115.409 Y103.001 E6.15371
G1 X115.898 Y103.164 E6.16991
G1 X116.382 Y103.355 E6.18626
G1 X117.252 Y103.776 E6.21663
G1 X118.06 Y104.267 E6.24634
G1 X118.479 Y104.566 E6.26252
G1 X118.886 Y104.889 E6.27885
G1 X119.276 Y105.234 E6.29521
G1 X119.647 Y105.599 E6.31157
G1 X120.283 Y106.326 E6.34192
G1 X120.832 Y107.09 E6.37148
G1 X121.274 Y107.84 E6.39884
G1 X121.504 Y108.301 E6.41503
G1 X121.709 Y108.774 E6.43123
G1 X122.002 Y109.6 E6.45877
G1 X122.14 Y110.097 E6.47498
G1 X122.252 Y110.604 E6.4913
G1 X122.338 Y111.117 E6.50765
G1 X122.397 Y111.634 E6.524
G1 X122.429 Y112.153 E6.54034
G1 X122.433 Y112.673 E6.55668
G1 X122.411 Y113.193 E6.57304
G1 X122.361 Y113.706 E6.58924
G1 X122.217 Y114.57 E6.61677
G1 X122.096 Y115.071 E6.63297
G1 X121.949 Y115.57 E6.64932
G1 X121.605 Y116.473 E6.67969
G1 X121.186 Y117.322 E6.70944
G1 X120.925 Y117.765 E6.7256
G1 X120.641 Y118.194 E6.74177
G1 X120.107 Y118.89 E6.76934
G1 X119.766 Y119.276 E6.78553
G1 X119.405 Y119.643 E6.80171
G1 X118.748 Y120.224 E6.82927
G1 X118.34 Y120.537 E6.84543
G1 X117.911 Y120.832 E6.86179
G1 X117.467 Y121.104 E6.87815
G1 X117.015 Y121.35 E6.89432
G1 X116.222 Y121.711 E6.9217
G1 X115.4 Y122.002 E6.9491
G1 X114.903 Y122.14 E6.96531
G1 X114.396 Y122.252 E6.98163
G1 X113.883 Y122.338 E6.99798
G1 X113.366 Y122.397 E7.01433
G1 X112.847 Y122.429 E7.03067
G1 X112.327 Y122.433 E7.04701
G1 X111.807 Y122.411 E7.06337
G1 X111.294 Y122.361 E7.07957
G1 X110.434 Y122.217 E7.10697
G1 X109.591 Y121.999 E7.13433
G1 X109.102 Y121.836 E7.15053
G1 X108.618 Y121.645 E7.16688
G1 X108.145 Y121.429 E7.18322
G1 X107.688 Y121.192 E7.1994
G1 X106.94 Y120.734 E7.22696
G1 X106.521 Y120.434 E7.24315
G1 X106.114 Y120.111 E7.25948
G1 X105.724 Y119.766 E7.27584
G1 X105.357 Y119.405 E7.29202
G1 X104.776 Y118.748 E7.31958
G1 X104.463 Y118.34 E7.33574
G1 X104.168 Y117.911 E7.3521
G1 X103.896 Y117.467 E7.36846
G1 X103.65 Y117.015 E7.38463
G1 X103.289 Y116.222 E7.41201
G1 X102.998 Y115.4 E7.43941
G1 X102.86 Y114.903 E7.45562
G1 X102.748 Y114.396 E7.47194
G1 X102.662 Y113.883 E7.48829
G1 X102.603 Y113.366 E7.50464
G1 X102.571 Y112.847 E7.52098
G1 X102.567 Y112.327 E7.53732
G1 X102.631 Y111.362 E7.56771
G1 X102.784 Y110.429 E7.59742
G1 X103.029 Y109.5 E7.62761
G1 X103.337 Y108.669 E7.65546
G1 X103.337 Y108.669 F12000
G1 X103.021 Y108.472
;TYPE:External perimeter
;WIDTH:0.4
G1 F2400
G1 X103.242 Y107.985 E7.67137
G1 X103.491 Y107.507 E7.6874
G1 X104.022 Y106.651 E7.71737
G1 X104.611 Y105.878 E7.74628
G1 X104.967 Y105.475 E7.76228
G1 X105.345 Y105.091 E7.77831
G1 X106.103 Y104.428 E7.80827
G1 X106.891 Y103.862 E7.83713
G1 X107.666 Y103.405 E7.8639
G1 X108.147 Y103.165 E7.87989
G1 X108.64 Y102.951 E7.89588
G1 X109.49 Y102.65 E7.92271
G1 X110.008 Y102.506 E7.9387
G1 X110.535 Y102.389 E7.95476
G1 X111.067 Y102.3 E7.97081
G1 X111.602 Y102.239 E7.98683
G1 X112.608 Y102.201 E8.01678
G1 X113.579 Y102.257 E8.04571
G1 X114.111 Y102.327 E8.06167
G1 X114.64 Y102.425 E8.07767
G1 X115.513 Y102.651 E8.1045
G1 X116.023 Y102.821 E8.12049
G1 X116.524 Y103.019 E8.13652
G1 X117.431 Y103.457 E8.16648
G1 X118.261 Y103.962 E8.19538
G1 X118.699 Y104.274 E8.21138
G1 X119.121 Y104.61 E8.22743
G1 X119.525 Y104.967 E8.24347
G1 X119.909 Y105.345 E8.2595
G1 X120.572 Y106.103 E8.28946
G1 X121.138 Y106.891 E8.31832
G1 X121.595 Y107.666 E8.34509
G1 X121.835 Y108.147 E8.36108
G1 X122.049 Y108.64 E8.37707
G1 X122.35 Y109.49 E8.4039
G1 X122.494 Y110.008 E8.41989
G1 X122.611 Y110.535 E8.43595
G1 X122.7 Y111.067 E8.452
G1 X122.761 Y111.602 E8.46802
G1 X122.794 Y112.141 E8.48408
G1 X122.798 Y112.68 E8.50012
G1 X122.775 Y113.219 E8.51617
G1 X122.723 Y113.754 E8.53216
G1 X122.574 Y114.643 E8.55898
G1 X122.449 Y115.166 E8.57498
G1 X122.296 Y115.683 E8.59102
G1 X121.938 Y116.624 E8.62097
G1 X121.507 Y117.495 E8.64988
G1 X121.235 Y117.958 E8.66585
G1 X120.938 Y118.406 E8.68184
G1 X120.389 Y119.122 E8.70868
G1 X120.033 Y119.525 E8.72468
G1 X119.656 Y119.908 E8.74067
G1 X118.981 Y120.506 E8.7675
G1 X118.554 Y120.833 E8.7835
G1 X118.11 Y121.138 E8.79952
G1 X117.65 Y121.42 E8.81557
G1 X117.178 Y121.676 E8.83154
G1 X116.358 Y122.05 E8.85835
G1 X115.51 Y122.35 E8.88511
G1 X114.992 Y122.494 E8.9011
G1 X114.465 Y122.611 E8.91716
G1 X113.933 Y122.7 E8.93321
G1 X113.398 Y122.761 E8.94923
G1 X112.859 Y122.794 E8.96529
G1 X112.32 Y122.798 E8.98133
G1 X111.782 Y122.775 E8.99735
G1 X111.247 Y122.723 E9.01334
G1 X110.359 Y122.575 E9.04012
G1 X109.487 Y122.349 E9.06692
G1 X108.977 Y122.179 E9.08291
G1 X108.476 Y121.981 E9.09894
G1 X107.985 Y121.758 E9.11498
G1 X107.508 Y121.509 E9.13099
G1 X106.739 Y121.038 E9.15782
G1 X106.301 Y120.726 E9.17382
G1 X105.879 Y120.39 E9.18987
G1 X105.475 Y120.033 E9.20591
G1 X105.092 Y119.656 E9.2219
G1 X104.494 Y118.981 E9.24873
G1 X104.167 Y118.554 E9.26473
G1 X103.862 Y118.11 E9.28075
G1 X103.58 Y117.65 E9.2968
G1 X103.324 Y117.178 E9.31277
G1 X102.95 Y116.358 E9.33958
G1 X102.65 Y115.51 E9.36634
G1 X102.506 Y114.992 E9.38233
G1 X102.389 Y114.465 E9.39839
G1 X102.3 Y113.933 E9.41444
G1 X102.239 Y113.398 E9.43046
G1 X102.206 Y112.859 E9.44652
G1 X102.202 Y112.32 E9.46256
G1 X102.269 Y111.316 E9.49249
G1 X102.426 Y110.357 E9.5214
G1 X102.683 Y109.385 E9.55131
G1 X103 Y108.528 E9.57849
G1 X103.162 Y108.162 F12000
;LAYER_CHANGE
;Z:3.77
;HEIGHT:0.21
G1 Z3.77 F12000
G1 E7.57849 F2400
G92 E0
G1 Z4.17 F12000
G1 X103.711 Y110.685
G1 Z3.77
G1 E2 F2400
G92 E0
;TYPE:Internal infill
;WIDTH:0.42
G1 F6000
G1 X110.683 Y103.713 E.30985
G1 E-1.69015 F2400
G92 E0
G1 X110.683 Y103.713 Z4.17 F12000
G1 X109.392 Y120.91
G1 Z3.77
G1 E2 F2400
G1 F6000
G1 X113.473 Y116.829 E2.18137
G1 X112.493 Y116.942 E2.21237
G1 X111.645 Y116.859 E2.23915
G1 X111.208 Y116.75 E2.2533
G1 X110.415 Y116.422 E2.28027
G1 X110.016 Y116.183 E2.29489
G1 X109.359 Y115.641 E2.32166
G1 X106.275 Y118.725 E2.45872
G1 X105.648 Y118.036 E2.488
G1 X105.117 Y117.306 E2.51637
G1 X104.717 Y116.627 E2.54114
G1 X104.219 Y115.479 E2.58046
G1 X108.171 Y111.527 E2.75609
G1 X108.399 Y110.795 E2.78018
G1 X108.58 Y110.411 E2.79352
G1 X108.817 Y110.016 E2.808
G1 X109.364 Y109.354 E2.83499
G1 X109.699 Y109.053 E2.84914
G1 X110.353 Y108.612 E2.87393
G1 X110.764 Y108.411 E2.88831
G1 X111.53 Y108.168 E2.91356
G1 X115.477 Y104.22 E3.08899
G1 X116.762 Y104.791 E3.13318
G1 X117.434 Y105.202 E3.15793
G1 X118.163 Y105.752 E3.18663
G1 X118.725 Y106.275 E3.21076
G1 X115.641 Y109.359 E3.34782
G1 X116.224 Y110.079 E3.37693
G1 X116.619 Y110.837 E3.40379
G1 X116.76 Y111.244 E3.41733
G1 X116.86 Y111.654 E3.43059
G1 X116.942 Y112.504 E3.45743
G1 X116.829 Y113.473 E3.48809
G1 X120.781 Y109.521 E3.66372
G1 X120.927 Y109.934 E3.67749
G1 X121.224 Y111.274 E3.72062
G1 X121.308 Y112.644 E3.76375
G1 X121.26 Y113.431 E3.78853
G1 X121.061 Y114.543 E3.82403
G1 X114.317 Y121.287 E4.12375
G1 E2.12375 F2400
G92 E0
G1 X114.317 Y121.287 Z4.17 F12000
G1 X115.692 Y109.985
G1 Z3.77
G1 E2 F2400
;TYPE:Perimeter
G1 F3600
G1 X115.909 Y110.283 E2.01158
G1 X116.109 Y110.627 E2.02408
G1 X116.271 Y110.978 E2.03623
G1 X116.4 Y111.35 E2.0486
G1 X116.492 Y111.725 E2.06073
G1 X116.548 Y112.116 E2.07314
G1 X116.566 Y112.503 E2.08531
G1 X116.545 Y112.919 E2.0984
G1 X116.491 Y113.281 E2.1099
G1 X116.39 Y113.683 E2.12293
G1 X116.268 Y114.029 E2.13446
G1 X116.091 Y114.409 E2.14763
G1 X115.871 Y114.774 E2.16102
G1 X115.619 Y115.109 E2.17419
G1 X115.371 Y115.379 E2.18571
G1 X115.059 Y115.66 E2.19891
G1 X114.717 Y115.909 E2.2122
G1 X114.373 Y116.109 E2.2247
G1 X114.022 Y116.271 E2.23685
G1 X113.65 Y116.4 E2.24922
G1 X113.273 Y116.492 E2.26141
G1 X112.86 Y116.55 E2.27452
G1 X112.494 Y116.566 E2.28603
G1 X112.081 Y116.545 E2.29903
G1 X111.719 Y116.491 E2.31053
G1 X111.317 Y116.39 E2.32356
G1 X110.971 Y116.268 E2.33509
G1 X110.591 Y116.091 E2.34826
G1 X110.226 Y115.871 E2.36165
G1 X109.891 Y115.619 E2.37482
G1 X109.621 Y115.371 E2.38634
G1 X109.341 Y115.061 E2.39947
G1 X109.106 Y114.74 E2.41197
G1 X108.908 Y114.406 E2.42417
G1 X108.73 Y114.023 E2.43744
G1 X108.593 Y113.626 E2.45064
G1 X108.507 Y113.27 E2.46215
G1 X108.45 Y112.86 E2.47516
G1 X108.434 Y112.494 E2.48667
G1 X108.455 Y112.081 E2.49967
G1 X108.51 Y111.718 E2.51121
G1 X108.611 Y111.313 E2.52433
G1 X108.745 Y110.939 E2.53681
G1 X108.911 Y110.588 E2.54901
G1 X109.129 Y110.226 E2.56229
G1 X109.381 Y109.891 E2.57546
G1 X109.629 Y109.621 E2.58698
G1 X109.936 Y109.344 E2.59997
G1 X110.226 Y109.129 E2.61131
G1 X110.534 Y108.941 E2.62265
G1 X110.911 Y108.757 E2.63583
G1 X111.306 Y108.613 E2.64904
G1 X111.66 Y108.521 E2.66053
G1 X112.073 Y108.456 E2.67367
G1 X112.47 Y108.434 E2.68616
G1 X112.858 Y108.449 E2.69836
G1 X113.27 Y108.507 E2.71143
G1 X113.626 Y108.593 E2.72294
G1 X114.023 Y108.73 E2.73614
G1 X114.409 Y108.909 E2.74951
G1 X114.774 Y109.129 E2.7629
G1 X115.109 Y109.381 E2.77607
G1 X115.379 Y109.629 E2.78759
G1 X115.656 Y109.936 E2.80058
G1 X115.656 Y109.936 F12000
G1 X115.39 Y110.206
G1 F3600
G1 X115.595 Y110.488 E2.81154
G1 X115.776 Y110.8 E2.82288
G1 X115.922 Y111.118 E2.83388
G1 X116.04 Y111.457 E2.84516
G1 X116.123 Y111.797 E2.85616
G1 X116.174 Y112.151 E2.8674
G1 X116.191 Y112.502 E2.87844
G1 X116.171 Y112.882 E2.8904
G1 X116.122 Y113.208 E2.90076
G1 X116.031 Y113.575 E2.91264
G1 X115.921 Y113.886 E2.92301
G1 X115.759 Y114.233 E2.93504
G1 X115.56 Y114.564 E2.94718
G1 X115.33 Y114.869 E2.95918
G1 X115.107 Y115.113 E2.96957
G1 X114.823 Y115.369 E2.98159
G1 X114.512 Y115.595 E2.99367
G1 X114.2 Y115.776 E3.00501
G1 X113.882 Y115.922 E3.01601
G1 X113.543 Y116.04 E3.02729
G1 X113.202 Y116.124 E3.03833
G1 X112.826 Y116.177 E3.05026
G1 X112.496 Y116.191 E3.06064
G1 X112.118 Y116.171 E3.07254
G1 X111.792 Y116.122 E3.0829
G1 X111.425 Y116.031 E3.09478
G1 X111.114 Y115.921 E3.10515
G1 X110.767 Y115.759 E3.11718
G1 X110.436 Y115.56 E3.12932
G1 X110.131 Y115.33 E3.14132
G1 X109.887 Y115.107 E3.15171
G1 X109.632 Y114.824 E3.16368
G1 X109.419 Y114.533 E3.17501
G1 X109.24 Y114.231 E3.18604
G1 X109.078 Y113.883 E3.1981
G1 X108.953 Y113.521 E3.21014
G1 X108.876 Y113.2 E3.22051
G1 X108.823 Y112.826 E3.23238
G1 X108.809 Y112.496 E3.24276
G1 X108.829 Y112.118 E3.25466
G1 X108.878 Y111.792 E3.26502
G1 X108.97 Y111.422 E3.277
G1 X109.092 Y111.083 E3.28832
G1 X109.242 Y110.765 E3.29937
G1 X109.44 Y110.436 E3.31144
G1 X109.67 Y110.131 E3.32344
G1 X109.893 Y109.887 E3.33383
G1 X110.174 Y109.634 E3.34571
G1 X110.436 Y109.44 E3.35595
G1 X110.714 Y109.27 E3.36619
G1 X111.058 Y109.102 E3.37822
G1 X111.417 Y108.972 E3.39022
G1 X111.737 Y108.889 E3.40061
G1 X112.113 Y108.829 E3.41258
G1 X112.473 Y108.809 E3.42391
G1 X112.824 Y108.823 E3.43495
G1 X113.2 Y108.876 E3.44688
G1 X113.521 Y108.953 E3.45725
G1 X113.883 Y109.078 E3.46929
G1 X114.233 Y109.241 E3.48142
G1 X114.564 Y109.44 E3.49356
G1 X114.869 Y109.67 E3.50556
G1 X115.113 Y109.893 E3.51595
G1 X115.352 Y110.159 E3.52719
G1 X115.352 Y110.159 F12000
G1 X115.087 Y110.428
G1 F3600
G1 X115.28 Y110.693 E3.53749
G1 X115.443 Y110.973 E3.54767
G1 X115.574 Y111.258 E3.55753
G1 X115.68 Y111.563 E3.56768
G1 X115.755 Y111.868 E3.57755
G1 X115.801 Y112.187 E3.58768
G1 X115.816 Y112.501 E3.59756
G1 X115.798 Y112.844 E3.60835
G1 X115.754 Y113.135 E3.6176
G1 X115.671 Y113.467 E3.62835
G1 X115.573 Y113.744 E3.63758
G1 X115.428 Y114.057 E3.64842
G1 X115.249 Y114.354 E3.65932
G1 X115.041 Y114.629 E3.67016
G1 X114.843 Y114.846 E3.67939
G1 X114.587 Y115.077 E3.69023
G1 X114.307 Y115.28 E3.7011
G1 X114.027 Y115.443 E3.71128
G1 X113.742 Y115.574 E3.72114
G1 X113.437 Y115.68 E3.73129
G1 X113.131 Y115.755 E3.74119
G1 X112.791 Y115.803 E3.75198
G1 X112.498 Y115.816 E3.7612
G1 X112.156 Y115.798 E3.77196
G1 X111.865 Y115.754 E3.78121
G1 X111.533 Y115.671 E3.79196
G1 X111.256 Y115.573 E3.80119
G1 X110.943 Y115.428 E3.81203
G1 X110.646 Y115.249 E3.82293
G1 X110.371 Y115.041 E3.83377
G1 X110.154 Y114.843 E3.843
G1 X109.924 Y114.587 E3.85381
G1 X109.733 Y114.326 E3.86397
G1 X109.572 Y114.055 E3.87388
G1 X109.426 Y113.742 E3.88473
G1 X109.314 Y113.416 E3.89556
G1 X109.245 Y113.13 E3.90481
G1 X109.197 Y112.791 E3.91557
G1 X109.184 Y112.498 E3.92479
G1 X109.202 Y112.156 E3.93555
G1 X109.246 Y111.865 E3.9448
G1 X109.329 Y111.531 E3.95562
G1 X109.439 Y111.227 E3.96578
G1 X109.573 Y110.942 E3.97568
G1 X109.751 Y110.646 E3.98653
G1 X109.959 Y110.371 E3.99737
G1 X110.157 Y110.154 E4.0066
G1 X110.411 Y109.925 E4.01735
G1 X110.646 Y109.751 E4.02654
G1 X110.895 Y109.599 E4.03571
G1 X111.204 Y109.448 E4.04652
G1 X111.528 Y109.33 E4.05736
G1 X111.813 Y109.256 E4.06661
G1 X112.153 Y109.203 E4.07742
G1 X112.476 Y109.185 E4.08759
G1 X112.79 Y109.197 E4.09746
G1 X113.13 Y109.245 E4.10825
G1 X113.416 Y109.314 E4.1175
G1 X113.742 Y109.426 E4.12833
G1 X114.057 Y109.572 E4.13924
G1 X114.354 Y109.751 E4.15014
G1 X114.629 Y109.959 E4.16098
G1 X114.846 Y110.157 E4.17021
G1 X115.048 Y110.382 E4.17971
G1 X115.048 Y110.382 F12000
G1 X114.776 Y110.625
;TYPE:External perimeter
;WIDTH:0.4
G1 F3600
G1 X114.793 Y110.643 E4.18045
G1 X114.974 Y110.893 E4.18963
G1 X115.119 Y111.142 E4.1982
G1 X115.235 Y111.395 E4.20648
G1 X115.33 Y111.667 E4.21505
G1 X115.396 Y111.937 E4.22332
G1 X115.437 Y112.222 E4.23189
G1 X115.45 Y112.5 E4.24017
G1 X115.434 Y112.807 E4.24932
G1 X115.396 Y113.064 E4.25705
G1 X115.322 Y113.362 E4.26618
G1 X115.235 Y113.606 E4.27389
G1 X115.105 Y113.885 E4.28305
G1 X114.946 Y114.15 E4.29224
G1 X114.761 Y114.396 E4.3014
G1 X114.586 Y114.587 E4.30911
G1 X114.357 Y114.793 E4.31827
G1 X114.107 Y114.974 E4.32745
G1 X113.858 Y115.119 E4.33602
G1 X113.605 Y115.235 E4.3443
G1 X113.333 Y115.33 E4.35287
G1 X113.062 Y115.396 E4.36117
G1 X112.758 Y115.439 E4.3703
G1 X112.499 Y115.45 E4.37801
G1 X112.193 Y115.434 E4.38713
G1 X111.936 Y115.396 E4.39486
G1 X111.638 Y115.322 E4.40399
G1 X111.394 Y115.235 E4.4117
G1 X111.115 Y115.105 E4.42086
G1 X110.85 Y114.946 E4.43005
G1 X110.604 Y114.761 E4.43921
G1 X110.413 Y114.586 E4.44692
G1 X110.207 Y114.357 E4.45608
G1 X110.037 Y114.124 E4.46466
G1 X109.895 Y113.885 E4.47293
G1 X109.765 Y113.605 E4.48211
G1 X109.664 Y113.314 E4.49127
G1 X109.604 Y113.062 E4.49898
G1 X109.561 Y112.758 E4.50811
G1 X109.55 Y112.499 E4.51582
G1 X109.566 Y112.193 E4.52494
G1 X109.604 Y111.936 E4.53267
G1 X109.679 Y111.638 E4.54181
G1 X109.776 Y111.367 E4.55037
G1 X109.895 Y111.114 E4.55869
G1 X110.054 Y110.85 E4.56786
G1 X110.239 Y110.604 E4.57702
G1 X110.414 Y110.413 E4.58473
G1 X110.643 Y110.208 E4.59387
G1 X111.07 Y109.919 E4.60921
G1 X111.347 Y109.784 E4.61838
G1 X111.637 Y109.679 E4.62756
G1 X111.888 Y109.614 E4.63527
G1 X112.191 Y109.566 E4.6444
G1 X112.479 Y109.55 E4.65298
G1 X112.758 Y109.561 E4.66129
G1 X113.062 Y109.604 E4.67042
G1 X113.314 Y109.664 E4.67813
G1 X113.605 Y109.765 E4.68729
G1 X113.885 Y109.895 E4.69647
G1 X114.15 Y110.054 E4.70566
G1 X114.396 Y110.239 E4.71482
G1 X114.587 Y110.414 E4.72253
G1 X114.736 Y110.58 E4.72917
G1 X114.972 Y110.903 F12000
G1 E2.72917 F2400
G92 E0
G1 Z4.17 F12000
G1 X104.052 Y108.905
G1 Z3.77
G1 E2 F2400
;TYPE:Perimeter
;WIDTH:0.42
G1 F4800
G1 X104.077 Y108.839 E2.00222
G1 X104.474 Y108.035 E2.0304
G1 X104.97 Y107.241 E2.05982
G1 X105.472 Y106.588 E2.0857
G1 X106.112 Y105.901 E2.11521
G1 X106.729 Y105.355 E2.1411
G1 X107.488 Y104.804 E2.17057
G1 X108.198 Y104.385 E2.19648
G1 X109.049 Y103.989 E2.22598
G1 X109.826 Y103.714 E2.25188
G1 X110.747 Y103.484 E2.28171
G1 X111.222 Y103.405 E2.29684
G1 X111.699 Y103.35 E2.31193
G1 X112.579 Y103.316 E2.3396
G1 X113.474 Y103.367 E2.36777
G1 X114.41 Y103.516 E2.39755
G1 X115.26 Y103.74 E2.42517
G1 X116.102 Y104.051 E2.45338
G1 X116.943 Y104.462 E2.4828
G1 X117.645 Y104.892 E2.50867
G1 X118.404 Y105.464 E2.53854
G1 X119.099 Y106.112 E2.5684
G1 X119.645 Y106.729 E2.59429
G1 X120.196 Y107.488 E2.62376
G1 X120.615 Y108.198 E2.64967
G1 X121.011 Y109.049 E2.67917
G1 X121.286 Y109.826 E2.70507
G1 X121.516 Y110.747 E2.7349
G1 X121.595 Y111.222 E2.75003
G1 X121.65 Y111.699 E2.76512
G1 X121.683 Y112.649 E2.79499
G1 X121.633 Y113.471 E2.82087
G1 X121.486 Y114.398 E2.85037
G1 X121.28 Y115.196 E2.87627
G1 X120.955 Y116.089 E2.90613
G1 X120.538 Y116.943 E2.936
G1 X120.108 Y117.645 E2.96187
G1 X119.536 Y118.404 E2.99174
G1 X118.888 Y119.099 E3.0216
G1 X118.271 Y119.645 E3.04749
G1 X117.502 Y120.203 E3.07735
G1 X116.68 Y120.678 E3.10718
G1 X115.94 Y121.015 E3.13273
G1 X115.174 Y121.286 E3.15826
G1 X114.253 Y121.516 E3.18809
G1 X113.778 Y121.595 E3.20322
G1 X113.301 Y121.65 E3.21831
G1 X112.821 Y121.679 E3.23342
G1 X112.34 Y121.683 E3.24854
G1 X111.392 Y121.617 E3.2784
G1 X110.591 Y121.483 E3.30392
G1 X109.804 Y121.28 E3.32946
G1 X108.911 Y120.955 E3.35932
G1 X108.057 Y120.538 E3.38919
G1 X107.355 Y120.108 E3.41506
G1 X106.596 Y119.536 E3.44493
G1 X105.901 Y118.888 E3.47479
G1 X105.355 Y118.271 E3.50068
G1 X104.804 Y117.512 E3.53015
G1 X104.385 Y116.802 E3.55606
G1 X103.989 Y115.951 E3.58556
G1 X103.714 Y115.174 E3.61146
G1 X103.484 Y114.253 E3.64129
G1 X103.405 Y113.778 E3.65642
G1 X103.35 Y113.301 E3.67151
G1 X103.321 Y112.821 E3.68662
G1 X103.317 Y112.34 E3.70174
G1 X103.375 Y111.462 E3.72939
G1 X103.519 Y110.577 E3.75757
G1 X103.765 Y109.662 E3.78735
G1 X104.031 Y108.961 E3.81091
G1 X104.031 Y108.961 F12000
G1 X103.705 Y108.763
G1 F4800
G1 X103.735 Y108.685 E3.81354
G1 X104.144 Y107.857 E3.84256
G1 X104.393 Y107.434 E3.85798
G1 X104.665 Y107.024 E3.87344
G1 X105.182 Y106.349 E3.90016
G1 X105.508 Y105.98 E3.91563
G1 X105.853 Y105.629 E3.9311
G1 X106.49 Y105.066 E3.95782
G1 X106.881 Y104.766 E3.97331
G1 X107.287 Y104.487 E3.98879
G1 X108.019 Y104.056 E4.01548
G1 X108.46 Y103.836 E4.03097
G1 X108.911 Y103.64 E4.04642
G1 X109.713 Y103.356 E4.07316
G1 X110.187 Y103.224 E4.08862
G1 X110.676 Y103.116 E4.10436
G1 X111.17 Y103.033 E4.1201
G1 X111.667 Y102.977 E4.13582
G1 X112.587 Y102.941 E4.16475
G1 X113.509 Y102.994 E4.19377
G1 X113.996 Y103.058 E4.20921
G1 X114.488 Y103.149 E4.22493
G1 X115.378 Y103.384 E4.25386
G1 X116.245 Y103.704 E4.2829
G1 X116.691 Y103.908 E4.29831
G1 X117.127 Y104.135 E4.31376
G1 X117.852 Y104.579 E4.34048
G1 X118.253 Y104.865 E4.35596
G1 X118.645 Y105.177 E4.3717
G1 X119.02 Y105.508 E4.38742
G1 X119.371 Y105.853 E4.40289
G1 X119.934 Y106.49 E4.42961
G1 X120.234 Y106.881 E4.4451
G1 X120.513 Y107.287 E4.46058
G1 X120.944 Y108.019 E4.48727
G1 X121.164 Y108.46 E4.50276
G1 X121.36 Y108.911 E4.51821
G1 X121.644 Y109.713 E4.54495
G1 X121.776 Y110.187 E4.56041
G1 X121.884 Y110.676 E4.57615
G1 X121.967 Y111.17 E4.59189
G1 X122.023 Y111.667 E4.60761
G1 X122.054 Y112.166 E4.62332
G1 X122.058 Y112.659 E4.63881
G1 X122.006 Y113.507 E4.66551
G1 X121.942 Y113.995 E4.68098
G1 X121.852 Y114.479 E4.69645
G1 X121.639 Y115.303 E4.7232
G1 X121.483 Y115.77 E4.73867
G1 X121.3 Y116.235 E4.75437
G1 X121.092 Y116.691 E4.77012
G1 X120.865 Y117.127 E4.78557
G1 X120.421 Y117.852 E4.81229
G1 X120.135 Y118.253 E4.82777
G1 X119.823 Y118.645 E4.84351
G1 X119.492 Y119.02 E4.85923
G1 X119.147 Y119.371 E4.8747
G1 X118.51 Y119.934 E4.90142
G1 X118.119 Y120.234 E4.91691
G1 X117.707 Y120.518 E4.93264
G1 X117.28 Y120.779 E4.94837
G1 X116.847 Y121.014 E4.96385
G1 X116.081 Y121.363 E4.9903
G1 X115.287 Y121.644 E5.01677
G1 X114.813 Y121.776 E5.03223
G1 X114.324 Y121.884 E5.04797
G1 X113.83 Y121.967 E5.06371
G1 X113.333 Y122.023 E5.07943
G1 X112.834 Y122.054 E5.09514
G1 X112.333 Y122.058 E5.11088
G1 X111.833 Y122.037 E5.12661
G1 X111.343 Y121.989 E5.14208
G1 X110.513 Y121.85 E5.16853
G1 X109.697 Y121.639 E5.19502
G1 X109.23 Y121.483 E5.21049
G1 X108.765 Y121.3 E5.22619
G1 X108.309 Y121.092 E5.24194
G1 X107.873 Y120.865 E5.25739
G1 X107.148 Y120.421 E5.28411
G1 X106.747 Y120.135 E5.29959
G1 X106.355 Y119.823 E5.31533
G1 X105.98 Y119.492 E5.33105
G1 X105.629 Y119.147 E5.34652
G1 X105.066 Y118.51 E5.37324
G1 X104.766 Y118.119 E5.38873
G1 X104.487 Y117.713 E5.40421
G1 X104.056 Y116.981 E5.4309
G1 X103.836 Y116.54 E5.44639
G1 X103.64 Y116.089 E5.46184
G1 X103.356 Y115.287 E5.48858
G1 X103.224 Y114.813 E5.50404
G1 X103.116 Y114.324 E5.51978
G1 X103.033 Y113.83 E5.53552
G1 X102.977 Y113.333 E5.55124
G1 X102.946 Y112.834 E5.56695
G1 X102.942 Y112.333 E5.58269
G1 X103.003 Y111.414 E5.61163
G1 X103.151 Y110.503 E5.64063
G1 X103.266 Y110.026 E5.65605
G1 X103.408 Y109.546 E5.67178
G1 X103.684 Y108.819 E5.69622
G1 X103.684 Y108.819 F12000
G1 X103.359 Y108.62
G1 F4800
G1 X103.393 Y108.53 E5.69924
G1 X103.814 Y107.678 E5.7291
G1 X104.075 Y107.235 E5.74526
G1 X104.359 Y106.806 E5.76143
G1 X104.893 Y106.11 E5.789
G1 X105.234 Y105.724 E5.80519
G1 X105.595 Y105.357 E5.82137
G1 X106.252 Y104.776 E5.84893
G1 X106.66 Y104.463 E5.86509
G1 X107.085 Y104.171 E5.88129
G1 X107.84 Y103.726 E5.90883
G1 X108.301 Y103.496 E5.92502
G1 X108.774 Y103.291 E5.94122
G1 X109.6 Y102.998 E5.96876
G1 X110.097 Y102.86 E5.98497
G1 X110.604 Y102.748 E6.00129
G1 X111.117 Y102.662 E6.01764
G1 X111.634 Y102.603 E6.03399
G1 X112.596 Y102.566 E6.06424
G1 X113.544 Y102.62 E6.09408
G1 X114.054 Y102.687 E6.11024
G1 X114.566 Y102.782 E6.1266
G1 X115.496 Y103.028 E6.15683
G1 X116.387 Y103.357 E6.18668
G1 X116.855 Y103.571 E6.20285
G1 X117.312 Y103.808 E6.21903
G1 X118.06 Y104.266 E6.24659
G1 X118.479 Y104.566 E6.26278
G1 X118.886 Y104.889 E6.27911
G1 X119.276 Y105.234 E6.29547
G1 X119.643 Y105.595 E6.31165
G1 X120.224 Y106.252 E6.33921
G1 X120.537 Y106.66 E6.35537
G1 X120.829 Y107.085 E6.37157
G1 X121.274 Y107.84 E6.39911
G1 X121.504 Y108.301 E6.4153
G1 X121.709 Y108.774 E6.4315
G1 X122.002 Y109.6 E6.45904
G1 X122.14 Y110.097 E6.47525
G1 X122.252 Y110.604 E6.49157
G1 X122.338 Y111.117 E6.50792
G1 X122.397 Y111.634 E6.52427
G1 X122.429 Y112.153 E6.54061
G1 X122.433 Y112.668 E6.55679
G1 X122.38 Y113.543 E6.58434
G1 X122.313 Y114.054 E6.60054
G1 X122.219 Y114.561 E6.61674
G1 X121.999 Y115.409 E6.64427
G1 X121.836 Y115.898 E6.66047
G1 X121.645 Y116.382 E6.67682
G1 X121.429 Y116.855 E6.69316
G1 X121.192 Y117.312 E6.70934
G1 X120.734 Y118.06 E6.7369
G1 X120.434 Y118.479 E6.75309
G1 X120.111 Y118.886 E6.76942
G1 X119.766 Y119.276 E6.78578
G1 X119.405 Y119.643 E6.80196
G1 X118.748 Y120.224 E6.82952
G1 X118.34 Y120.537 E6.84568
G1 X117.911 Y120.832 E6.86204
G1 X117.467 Y121.104 E6.8784
G1 X117.015 Y121.35 E6.89457
G1 X116.222 Y121.711 E6.92195
G1 X115.4 Y122.002 E6.94935
G1 X114.903 Y122.14 E6.96556
G1 X114.396 Y122.252 E6.98188
G1 X113.883 Y122.338 E6.99823
G1 X113.366 Y122.397 E7.01458
G1 X112.847 Y122.429 E7.03092
G1 X112.327 Y122.433 E7.04726
G1 X111.807 Y122.411 E7.06362
G1 X111.294 Y122.361 E7.07982
G1 X110.435 Y122.217 E7.10719
G1 X109.591 Y121.999 E7.13458
G1 X109.102 Y121.836 E7.15078
G1 X108.618 Y121.645 E7.16713
G1 X108.145 Y121.429 E7.18347
G1 X107.688 Y121.192 E7.19965
G1 X106.94 Y120.734 E7.22721
G1 X106.521 Y120.434 E7.2434
G1 X106.114 Y120.111 E7.25973
G1 X105.724 Y119.766 E7.27609
G1 X105.357 Y119.405 E7.29227
G1 X104.776 Y118.748 E7.31983
G1 X104.463 Y118.34 E7.33599
G1 X104.171 Y117.915 E7.35219
G1 X103.726 Y117.16 E7.37973
G1 X103.496 Y116.699 E7.39592
G1 X103.291 Y116.226 E7.41212
G1 X102.998 Y115.4 E7.43966
G1 X102.86 Y114.903 E7.45587
G1 X102.748 Y114.396 E7.47219
G1 X102.662 Y113.883 E7.48854
G1 X102.603 Y113.366 E7.50489
G1 X102.571 Y112.847 E7.52123
G1 X102.567 Y112.327 E7.53757
G1 X102.63 Y111.366 E7.56783
G1 X102.784 Y110.429 E7.59767
G1 X102.904 Y109.929 E7.61383
G1 X103.051 Y109.43 E7.63018
G1 X103.338 Y108.676 E7.65553
G1 X103.338 Y108.676 F12000
G1 X103.022 Y108.482
;TYPE:External perimeter
;WIDTH:0.4
G1 F2400
G1 X103.06 Y108.38 E7.65877
G1 X103.493 Y107.505 E7.68781
G1 X103.765 Y107.042 E7.70378
G1 X104.062 Y106.594 E7.71977
G1 X104.611 Y105.878 E7.74661
G1 X104.967 Y105.475 E7.76261
G1 X105.344 Y105.092 E7.7786
G1 X106.019 Y104.494 E7.80543
G1 X106.446 Y104.167 E7.82143
G1 X106.889 Y103.863 E7.83741
G1 X107.666 Y103.405 E7.86424
G1 X108.147 Y103.165 E7.88023
G1 X108.64 Y102.951 E7.89622
G1 X109.49 Y102.65 E7.92305
G1 X110.008 Y102.506 E7.93904
G1 X110.535 Y102.389 E7.9551
G1 X111.067 Y102.3 E7.97115
G1 X111.602 Y102.239 E7.98717
G1 X112.604 Y102.201 E8.017
G1 X113.579 Y102.257 E8.04605
G1 X114.111 Y102.327 E8.06201
G1 X114.641 Y102.425 E8.07804
G1 X115.611 Y102.681 E8.10788
G1 X116.526 Y103.02 E8.13691
G1 X117.015 Y103.242 E8.15289
G1 X117.492 Y103.491 E8.1689
G1 X118.261 Y103.962 E8.19573
G1 X118.699 Y104.274 E8.21173
G1 X119.121 Y104.61 E8.22778
G1 X119.525 Y104.967 E8.24382
G1 X119.908 Y105.344 E8.25981
G1 X120.506 Y106.019 E8.28664
G1 X120.833 Y106.446 E8.30264
G1 X121.137 Y106.889 E8.31862
G1 X121.595 Y107.666 E8.34545
G1 X121.835 Y108.147 E8.36144
G1 X122.049 Y108.64 E8.37743
G1 X122.35 Y109.49 E8.40426
G1 X122.494 Y110.008 E8.42025
G1 X122.611 Y110.535 E8.43631
G1 X122.7 Y111.067 E8.45236
G1 X122.761 Y111.602 E8.46838
G1 X122.794 Y112.141 E8.48444
G1 X122.798 Y112.678 E8.50042
G1 X122.743 Y113.578 E8.52724
G1 X122.673 Y114.111 E8.54323
G1 X122.575 Y114.64 E8.55923
G1 X122.349 Y115.513 E8.58606
G1 X122.179 Y116.023 E8.60205
G1 X121.981 Y116.525 E8.6181
G1 X121.758 Y117.015 E8.63412
G1 X121.509 Y117.492 E8.65013
G1 X121.038 Y118.261 E8.67696
G1 X120.726 Y118.699 E8.69296
G1 X120.39 Y119.121 E8.70901
G1 X120.033 Y119.525 E8.72505
G1 X119.656 Y119.908 E8.74104
G1 X118.981 Y120.506 E8.76787
G1 X118.554 Y120.833 E8.78387
G1 X118.11 Y121.138 E8.79989
G1 X117.65 Y121.42 E8.81594
G1 X117.178 Y121.676 E8.83191
G1 X116.358 Y122.05 E8.85872
G1 X115.51 Y122.35 E8.88548
G1 X114.992 Y122.494 E8.90147
G1 X114.465 Y122.611 E8.91753
G1 X113.933 Y122.7 E8.93358
G1 X113.398 Y122.761 E8.9496
G1 X112.859 Y122.794 E8.96566
G1 X112.32 Y122.798 E8.9817
G1 X111.781 Y122.775 E8.99775
G1 X111.246 Y122.723 E9.01374
G1 X110.359 Y122.575 E9.04049
G1 X109.487 Y122.349 E9.06729
G1 X108.977 Y122.179 E9.08328
G1 X108.476 Y121.981 E9.09931
G1 X107.985 Y121.758 E9.11535
G1 X107.508 Y121.509 E9.13136
G1 X106.739 Y121.038 E9.15819
G1 X106.301 Y120.726 E9.17419
G1 X105.879 Y120.39 E9.19024
G1 X105.475 Y120.033 E9.20628
G1 X105.092 Y119.656 E9.22227
G1 X104.494 Y118.981 E9.2491
G1 X104.167 Y118.554 E9.2651
G1 X103.863 Y118.111 E9.28108
G1 X103.405 Y117.334 E9.30791
G1 X103.165 Y116.853 E9.3239
G1 X102.951 Y116.36 E9.33989
G1 X102.65 Y115.51 E9.36672
G1 X102.506 Y114.992 E9.38271
G1 X102.389 Y114.465 E9.39877
G1 X102.3 Y113.933 E9.41482
G1 X102.239 Y113.398 E9.43084
G1 X102.206 Y112.859 E9.4469
G1 X102.202 Y112.32 E9.46294
G1 X102.268 Y111.32 E9.49275
G1 X102.426 Y110.356 E9.52181
G1 X102.551 Y109.834 E9.53778
G1 X102.704 Y109.317 E9.55382
G1 X103 Y108.538 E9.57861
G1 X103.165 Y108.173 F12000
;LAYER_CHANGE
;Z:3.98
;HEIGHT:0.21
G1 Z3.98 F12000
G1 E7.57861 F2400
G92 E0
G1 Z4.38 F12000
G1 X103.713 Y114.317
G1 Z3.98
G1 E2 F2400
G92 E0
;TYPE:Internal infill
;WIDTH:0.42
G1 F6000
G1 X110.685 Y121.29 E.30987
G1 E-1.69013 F2400
G92 E0
G1 X110.685 Y121.29 Z4.38 F12000
G1 X120.91 Y115.608
G1 Z3.98
G1 E2 F2400
G1 F6000
G1 X116.83 Y111.527 E2.18135
G1 X116.942 Y112.507 E2.21235
G1 X116.918 Y112.964 E2.22673
G1 X116.745 Y113.806 E2.25374
G1 X116.388 Y114.647 E2.28245
G1 X115.947 Y115.301 E2.30724
G1 X115.641 Y115.641 E2.32161
G1 X118.725 Y118.725 E2.45867
G1 X118.036 Y119.352 E2.48795
G1 X117.306 Y119.883 E2.51632
G1 X116.627 Y120.283 E2.54109
G1 X115.479 Y120.781 E2.58041
G1 X111.53 Y116.833 E2.75589
G1 X110.758 Y116.586 E2.78136
G1 X110.353 Y116.388 E2.79553
G1 X109.651 Y115.907 E2.82227
G1 X109.354 Y115.636 E2.8349
G1 X108.814 Y114.978 E2.86165
G1 X108.578 Y114.585 E2.87606
G1 X108.381 Y114.164 E2.89067
G1 X108.17 Y113.473 E2.91337
G1 X104.219 Y109.521 E3.08898
G1 X104.802 Y108.218 E3.13384
G1 X105.284 Y107.447 E3.16241
G1 X106.276 Y106.276 E3.21064
G1 X109.359 Y109.359 E3.34765
G1 X110.01 Y108.822 E3.37417
G1 X110.353 Y108.612 E3.38681
G1 X111.194 Y108.255 E3.41552
G1 X112.033 Y108.083 E3.44243
G1 X112.466 Y108.059 E3.45606
G1 X113.473 Y108.171 E3.4879
G1 X109.521 Y104.219 E3.66353
G1 X109.934 Y104.073 E3.6773
G1 X111.274 Y103.776 E3.72043
G1 X112.571 Y103.691 E3.76128
G1 X113.434 Y103.741 E3.78845
G1 X114.544 Y103.939 E3.82388
G1 X121.287 Y110.683 E4.12357
G1 E2.12357 F2400
G92 E0
G1 X121.287 Y110.683 Z4.38 F12000
G1 X115.649 Y109.931
G1 Z3.98
G1 E2 F2400
;TYPE:Perimeter
G1 F3600
G1 X115.871 Y110.226 E2.0116
G1 X116.091 Y110.591 E2.02499
G1 X116.27 Y110.977 E2.03836
G1 X116.407 Y111.374 E2.05156
G1 X116.493 Y111.73 E2.06307
G1 X116.55 Y112.14 E2.07608
G1 X116.566 Y112.506 E2.08759
G1 X116.544 Y112.925 E2.10078
G1 X116.479 Y113.34 E2.11398
G1 X116.387 Y113.694 E2.12547
G1 X116.243 Y114.089 E2.13868
G1 X116.059 Y114.466 E2.15186
G1 X115.871 Y114.774 E2.1632
G1 X115.657 Y115.063 E2.1745
G1 X115.376 Y115.376 E2.18772
G1 X115.059 Y115.66 E2.20109
G1 X114.715 Y115.911 E2.21447
G1 X114.351 Y116.121 E2.22768
G1 X114.023 Y116.27 E2.239
G1 X113.683 Y116.39 E2.25033
G1 X113.276 Y116.492 E2.26352
G1 X112.86 Y116.55 E2.27672
G1 X112.494 Y116.566 E2.28823
G1 X112.075 Y116.544 E2.30142
G1 X111.654 Y116.478 E2.31481
G1 X111.249 Y116.369 E2.32799
G1 X110.906 Y116.241 E2.33949
G1 X110.534 Y116.059 E2.3525
G1 X110.221 Y115.868 E2.36402
G1 X109.891 Y115.619 E2.37701
G1 X109.621 Y115.371 E2.38853
G1 X109.344 Y115.063 E2.40155
G1 X109.126 Y114.769 E2.41305
G1 X108.909 Y114.409 E2.42626
G1 X108.73 Y114.023 E2.43963
G1 X108.593 Y113.626 E2.45283
G1 X108.507 Y113.27 E2.46434
G1 X108.45 Y112.86 E2.47735
G1 X108.434 Y112.494 E2.48886
G1 X108.455 Y112.081 E2.50186
G1 X108.509 Y111.721 E2.5133
G1 X108.602 Y111.341 E2.52559
G1 X108.731 Y110.974 E2.53781
G1 X108.909 Y110.591 E2.55108
G1 X109.129 Y110.226 E2.56447
G1 X109.381 Y109.891 E2.57764
G1 X109.625 Y109.625 E2.58898
G1 X109.891 Y109.381 E2.60032
G1 X110.221 Y109.132 E2.61331
G1 X110.534 Y108.941 E2.62483
G1 X110.911 Y108.757 E2.63801
G1 X111.306 Y108.613 E2.65122
G1 X111.66 Y108.521 E2.66271
G1 X112.073 Y108.456 E2.67585
G1 X112.469 Y108.434 E2.68831
G1 X112.857 Y108.449 E2.70051
G1 X113.274 Y108.508 E2.71374
G1 X113.659 Y108.602 E2.72619
G1 X114.026 Y108.731 E2.73841
G1 X114.409 Y108.909 E2.75168
G1 X114.769 Y109.126 E2.76489
G1 X115.063 Y109.343 E2.77637
G1 X115.371 Y109.621 E2.78941
G1 X115.612 Y109.883 E2.8006
G1 X115.612 Y109.883 F12000
G1 X115.308 Y110.106
G1 F3600
G1 X115.33 Y110.131 E2.80165
G1 X115.56 Y110.436 E2.81365
G1 X115.759 Y110.767 E2.82579
G1 X115.922 Y111.117 E2.83792
G1 X116.047 Y111.479 E2.84996
G1 X116.124 Y111.8 E2.86033
G1 X116.177 Y112.174 E2.8722
G1 X116.191 Y112.504 E2.88258
G1 X116.171 Y112.886 E2.8946
G1 X116.111 Y113.263 E2.9066
G1 X116.028 Y113.583 E2.91699
G1 X115.898 Y113.942 E2.92899
G1 X115.73 Y114.286 E2.94102
G1 X115.56 Y114.564 E2.95126
G1 X115.366 Y114.826 E2.9615
G1 X115.11 Y115.11 E2.97352
G1 X114.823 Y115.369 E2.98567
G1 X114.51 Y115.596 E2.99782
G1 X114.179 Y115.787 E3.00983
G1 X113.883 Y115.922 E3.02005
G1 X113.575 Y116.031 E3.03032
G1 X113.204 Y116.123 E3.04233
G1 X112.826 Y116.177 E3.05433
G1 X112.496 Y116.191 E3.06471
G1 X112.114 Y116.171 E3.07673
G1 X111.733 Y116.11 E3.08886
G1 X111.363 Y116.012 E3.10089
G1 X111.054 Y115.896 E3.11126
G1 X110.714 Y115.73 E3.12315
G1 X110.433 Y115.558 E3.1335
G1 X110.131 Y115.33 E3.14539
G1 X109.887 Y115.107 E3.15578
G1 X109.634 Y114.826 E3.16766
G1 X109.438 Y114.561 E3.17802
G1 X109.241 Y114.233 E3.19004
G1 X109.078 Y113.883 E3.20217
G1 X108.953 Y113.521 E3.21421
G1 X108.876 Y113.2 E3.22458
G1 X108.823 Y112.826 E3.23645
G1 X108.809 Y112.496 E3.24683
G1 X108.829 Y112.118 E3.25873
G1 X108.877 Y111.793 E3.26905
G1 X108.962 Y111.448 E3.28022
G1 X109.079 Y111.115 E3.29131
G1 X109.241 Y110.767 E3.30337
G1 X109.44 Y110.436 E3.31551
G1 X109.67 Y110.131 E3.32751
G1 X109.89 Y109.89 E3.33776
G1 X110.131 Y109.67 E3.34801
G1 X110.433 Y109.442 E3.3599
G1 X110.714 Y109.27 E3.37025
G1 X111.058 Y109.102 E3.38228
G1 X111.417 Y108.972 E3.39428
G1 X111.737 Y108.889 E3.40467
G1 X112.113 Y108.829 E3.41664
G1 X112.472 Y108.809 E3.42794
G1 X112.824 Y108.823 E3.43901
G1 X113.203 Y108.876 E3.45104
G1 X113.552 Y108.962 E3.46234
G1 X113.885 Y109.079 E3.47343
G1 X114.233 Y109.241 E3.48549
G1 X114.561 Y109.438 E3.49751
G1 X114.826 Y109.634 E3.50787
G1 X115.107 Y109.887 E3.51975
G1 X115.267 Y110.062 E3.5272
G1 X115.267 Y110.062 F12000
G1 X115.03 Y110.359
G1 F3600
G1 X115.041 Y110.371 E3.52771
G1 X115.249 Y110.646 E3.53855
G1 X115.428 Y110.943 E3.54945
G1 X115.574 Y111.258 E3.56036
G1 X115.686 Y111.584 E3.57119
G1 X115.755 Y111.87 E3.58044
G1 X115.803 Y112.209 E3.5912
G1 X115.816 Y112.502 E3.60042
G1 X115.798 Y112.847 E3.61128
G1 X115.744 Y113.187 E3.6221
G1 X115.67 Y113.472 E3.63135
G1 X115.552 Y113.796 E3.64219
G1 X115.401 Y114.105 E3.653
G1 X115.249 Y114.354 E3.66217
G1 X115.075 Y114.588 E3.67133
G1 X114.845 Y114.845 E3.68217
G1 X114.587 Y115.077 E3.69307
G1 X114.306 Y115.281 E3.70398
G1 X114.007 Y115.453 E3.71482
G1 X113.742 Y115.574 E3.72397
G1 X113.467 Y115.671 E3.73313
G1 X113.133 Y115.755 E3.74395
G1 X112.791 Y115.803 E3.7548
G1 X112.498 Y115.816 E3.76402
G1 X112.153 Y115.798 E3.77488
G1 X111.811 Y115.743 E3.78577
G1 X111.478 Y115.654 E3.7966
G1 X111.202 Y115.551 E3.80586
G1 X110.895 Y115.401 E3.8166
G1 X110.644 Y115.247 E3.82585
G1 X110.371 Y115.041 E3.8366
G1 X110.154 Y114.843 E3.84583
G1 X109.925 Y114.589 E3.85658
G1 X109.75 Y114.352 E3.86584
G1 X109.572 Y114.057 E3.87667
G1 X109.426 Y113.742 E3.88758
G1 X109.314 Y113.416 E3.89841
G1 X109.245 Y113.13 E3.90766
G1 X109.197 Y112.791 E3.91842
G1 X109.184 Y112.498 E3.92764
G1 X109.202 Y112.156 E3.9384
G1 X109.246 Y111.866 E3.94762
G1 X109.322 Y111.555 E3.95768
G1 X109.426 Y111.257 E3.9676
G1 X109.572 Y110.943 E3.97848
G1 X109.751 Y110.646 E3.98938
G1 X109.959 Y110.371 E4.00022
G1 X110.156 Y110.156 E4.00938
G1 X110.371 Y109.959 E4.01854
G1 X110.644 Y109.753 E4.02929
G1 X110.895 Y109.599 E4.03854
G1 X111.204 Y109.448 E4.04935
G1 X111.528 Y109.33 E4.06019
G1 X111.813 Y109.256 E4.06944
G1 X112.152 Y109.203 E4.08022
G1 X112.475 Y109.185 E4.09039
G1 X112.79 Y109.197 E4.1003
G1 X113.132 Y109.245 E4.11115
G1 X113.445 Y109.322 E4.12128
G1 X113.743 Y109.426 E4.1312
G1 X114.057 Y109.572 E4.14208
G1 X114.352 Y109.75 E4.15291
G1 X114.588 Y109.925 E4.16214
G1 X114.843 Y110.154 E4.17291
G1 X114.99 Y110.314 E4.17974
G1 X114.99 Y110.314 F12000
G1 X114.774 Y110.623
;TYPE:External perimeter
;WIDTH:0.4
G1 F3600
G1 X114.946 Y110.85 E4.18821
G1 X115.105 Y111.115 E4.1974
G1 X115.235 Y111.395 E4.20658
G1 X115.336 Y111.686 E4.21574
G1 X115.396 Y111.938 E4.22345
G1 X115.439 Y112.242 E4.23258
G1 X115.45 Y112.501 E4.24029
G1 X115.434 Y112.808 E4.24944
G1 X115.386 Y113.113 E4.25863
G1 X115.321 Y113.363 E4.26631
G1 X115.216 Y113.653 E4.27549
G1 X115.081 Y113.93 E4.28466
G1 X114.792 Y114.357 E4.3
G1 X114.586 Y114.586 E4.30916
G1 X114.357 Y114.793 E4.31834
G1 X114.107 Y114.974 E4.32752
G1 X113.84 Y115.128 E4.33669
G1 X113.362 Y115.322 E4.35204
G1 X113.063 Y115.396 E4.3612
G1 X112.758 Y115.439 E4.37036
G1 X112.499 Y115.45 E4.37807
G1 X112.192 Y115.434 E4.38722
G1 X111.887 Y115.386 E4.39641
G1 X111.589 Y115.306 E4.40559
G1 X111.346 Y115.215 E4.41331
G1 X111.07 Y115.081 E4.42244
G1 X110.85 Y114.945 E4.43013
G1 X110.604 Y114.761 E4.43927
G1 X110.413 Y114.586 E4.44698
G1 X110.208 Y114.357 E4.45612
G1 X110.054 Y114.149 E4.46382
G1 X109.895 Y113.885 E4.47299
G1 X109.765 Y113.605 E4.48217
G1 X109.664 Y113.314 E4.49133
G1 X109.604 Y113.062 E4.49904
G1 X109.561 Y112.758 E4.50817
G1 X109.55 Y112.499 E4.51588
G1 X109.566 Y112.192 E4.52503
G1 X109.604 Y111.937 E4.5327
G1 X109.672 Y111.659 E4.54121
G1 X109.765 Y111.394 E4.54956
G1 X109.895 Y111.115 E4.55872
G1 X110.054 Y110.85 E4.56791
G1 X110.239 Y110.604 E4.57707
G1 X110.604 Y110.239 E4.59243
G1 X110.85 Y110.055 E4.60157
G1 X111.07 Y109.919 E4.60926
G1 X111.347 Y109.784 E4.61843
G1 X111.637 Y109.679 E4.62761
G1 X111.887 Y109.614 E4.63529
G1 X112.191 Y109.566 E4.64445
G1 X112.478 Y109.55 E4.653
G1 X112.758 Y109.561 E4.66134
G1 X113.063 Y109.604 E4.6705
G1 X113.341 Y109.672 E4.67901
G1 X113.606 Y109.765 E4.68736
G1 X113.885 Y109.895 E4.69652
G1 X114.149 Y110.054 E4.70569
G1 X114.357 Y110.208 E4.71339
G1 X114.586 Y110.413 E4.72253
G1 X114.735 Y110.577 E4.72912
G1 X114.97 Y110.901 F12000
G1 E2.72912 F2400
G92 E0
G1 Z4.38 F12000
G1 X104.049 Y108.913
G1 Z3.98
G1 E2 F2400
;TYPE:Perimeter
;WIDTH:0.42
G1 F4800
G1 X104.075 Y108.843 E2.00235
G1 X104.474 Y108.035 E2.03067
G1 X104.976 Y107.232 E2.06043
G1 X105.513 Y106.54 E2.08796
G1 X106.13 Y105.883 E2.11628
G1 X106.836 Y105.27 E2.14566
G1 X107.498 Y104.798 E2.17121
G1 X108.198 Y104.385 E2.19675
G1 X109.049 Y103.989 E2.22625
G1 X109.826 Y103.714 E2.25215
G1 X110.747 Y103.484 E2.28198
G1 X111.222 Y103.405 E2.29711
G1 X111.699 Y103.35 E2.3122
G1 X112.575 Y103.316 E2.33975
G1 X113.474 Y103.367 E2.36805
G1 X114.41 Y103.516 E2.39783
G1 X115.256 Y103.739 E2.42532
G1 X116.091 Y104.047 E2.45329
G1 X116.822 Y104.396 E2.47875
G1 X117.636 Y104.885 E2.50859
G1 X118.027 Y105.165 E2.5237
G1 X118.404 Y105.464 E2.53882
G1 X118.764 Y105.783 E2.55394
G1 X119.107 Y106.12 E2.56905
G1 X119.684 Y106.778 E2.59655
G1 X120.204 Y107.5 E2.62451
G1 X120.615 Y108.198 E2.64996
G1 X121.011 Y109.049 E2.67946
G1 X121.286 Y109.826 E2.70536
G1 X121.516 Y110.747 E2.73519
G1 X121.595 Y111.222 E2.75032
G1 X121.65 Y111.699 E2.76541
G1 X121.679 Y112.179 E2.78052
G1 X121.683 Y112.66 E2.79564
G1 X121.617 Y113.608 E2.8255
G1 X121.483 Y114.409 E2.85102
G1 X121.28 Y115.196 E2.87656
G1 X120.955 Y116.089 E2.90642
G1 X120.538 Y116.943 E2.93629
G1 X120.108 Y117.645 E2.96216
G1 X119.536 Y118.404 E2.99203
G1 X118.888 Y119.099 E3.02189
G1 X118.271 Y119.645 E3.04778
G1 X117.512 Y120.196 E3.07725
G1 X116.802 Y120.615 E3.10316
G1 X115.951 Y121.011 E3.13266
G1 X115.174 Y121.286 E3.15856
G1 X114.253 Y121.516 E3.18839
G1 X113.778 Y121.595 E3.20352
G1 X113.301 Y121.65 E3.21861
G1 X112.821 Y121.679 E3.23372
G1 X112.34 Y121.683 E3.24884
G1 X111.392 Y121.617 E3.2787
G1 X110.591 Y121.483 E3.30422
G1 X109.804 Y121.28 E3.32976
G1 X108.911 Y120.955 E3.35962
G1 X108.057 Y120.538 E3.38949
G1 X107.355 Y120.108 E3.41536
G1 X106.596 Y119.536 E3.44523
G1 X105.901 Y118.888 E3.47509
G1 X105.355 Y118.271 E3.50098
G1 X104.797 Y117.502 E3.53084
G1 X104.322 Y116.68 E3.56067
G1 X103.985 Y115.94 E3.58622
G1 X103.714 Y115.174 E3.61175
G1 X103.484 Y114.253 E3.64158
G1 X103.405 Y113.778 E3.65671
G1 X103.35 Y113.301 E3.6718
G1 X103.321 Y112.821 E3.68691
G1 X103.317 Y112.34 E3.70203
G1 X103.383 Y111.392 E3.73189
G1 X103.519 Y110.579 E3.75779
G1 X103.765 Y109.662 E3.78763
G1 X104.027 Y108.97 E3.81088
G1 X104.027 Y108.97 F12000
G1 X103.702 Y108.771
G1 F4800
G1 X103.733 Y108.689 E3.81363
G1 X104.144 Y107.857 E3.84279
G1 X104.393 Y107.434 E3.85821
G1 X104.669 Y107.017 E3.87392
G1 X105.231 Y106.292 E3.90275
G1 X105.867 Y105.616 E3.93192
G1 X106.228 Y105.285 E3.94731
G1 X106.608 Y104.972 E3.96278
G1 X107.294 Y104.483 E3.98925
G1 X108.019 Y104.056 E4.01569
G1 X108.46 Y103.836 E4.03118
G1 X108.911 Y103.64 E4.04663
G1 X109.713 Y103.356 E4.07337
G1 X110.187 Y103.224 E4.08883
G1 X110.676 Y103.116 E4.10457
G1 X111.17 Y103.033 E4.12031
G1 X111.667 Y102.977 E4.13603
G1 X112.583 Y102.941 E4.16484
G1 X113.509 Y102.994 E4.19399
G1 X113.995 Y103.058 E4.20939
G1 X114.488 Y103.149 E4.22514
G1 X115.374 Y103.383 E4.25394
G1 X116.237 Y103.702 E4.28285
G1 X116.995 Y104.063 E4.30923
G1 X117.424 Y104.306 E4.32472
G1 X117.846 Y104.575 E4.34045
G1 X118.253 Y104.865 E4.35615
G1 X118.645 Y105.177 E4.37189
G1 X119.02 Y105.508 E4.38761
G1 X119.377 Y105.859 E4.40334
G1 X119.981 Y106.549 E4.43216
G1 X120.518 Y107.295 E4.46105
G1 X120.944 Y108.019 E4.48745
G1 X121.164 Y108.46 E4.50294
G1 X121.36 Y108.911 E4.51839
G1 X121.644 Y109.713 E4.54513
G1 X121.776 Y110.187 E4.56059
G1 X121.884 Y110.676 E4.57633
G1 X121.967 Y111.17 E4.59207
G1 X122.023 Y111.667 E4.60779
G1 X122.054 Y112.166 E4.6235
G1 X122.058 Y112.667 E4.63924
G1 X122.037 Y113.167 E4.65497
G1 X121.989 Y113.657 E4.67044
G1 X121.85 Y114.487 E4.69689
G1 X121.639 Y115.303 E4.72338
G1 X121.483 Y115.77 E4.73885
G1 X121.3 Y116.235 E4.75455
G1 X121.092 Y116.691 E4.7703
G1 X120.865 Y117.127 E4.78575
G1 X120.421 Y117.852 E4.81247
G1 X120.135 Y118.253 E4.82795
G1 X119.823 Y118.645 E4.84369
G1 X119.492 Y119.02 E4.85941
G1 X119.147 Y119.371 E4.87488
G1 X118.51 Y119.934 E4.9016
G1 X118.119 Y120.234 E4.91709
G1 X117.713 Y120.513 E4.93257
G1 X116.981 Y120.944 E4.95926
G1 X116.54 Y121.164 E4.97475
G1 X116.089 Y121.36 E4.9902
G1 X115.287 Y121.644 E5.01694
G1 X114.813 Y121.776 E5.0324
G1 X114.324 Y121.884 E5.04814
G1 X113.83 Y121.967 E5.06388
G1 X113.333 Y122.023 E5.0796
G1 X112.834 Y122.054 E5.09531
G1 X112.333 Y122.058 E5.11105
G1 X111.833 Y122.037 E5.12678
G1 X111.343 Y121.989 E5.14225
G1 X110.513 Y121.85 E5.1687
G1 X109.697 Y121.639 E5.19519
G1 X109.23 Y121.483 E5.21066
G1 X108.765 Y121.3 E5.22636
G1 X108.309 Y121.092 E5.24211
G1 X107.873 Y120.865 E5.25756
G1 X107.148 Y120.421 E5.28428
G1 X106.747 Y120.135 E5.29976
G1 X106.355 Y119.823 E5.3155
G1 X105.98 Y119.492 E5.33122
G1 X105.629 Y119.147 E5.34669
G1 X105.066 Y118.51 E5.37341
G1 X104.766 Y118.119 E5.3889
G1 X104.482 Y117.707 E5.40463
G1 X104.221 Y117.28 E5.42036
G1 X103.986 Y116.847 E5.43584
G1 X103.637 Y116.081 E5.46229
G1 X103.356 Y115.287 E5.48876
G1 X103.224 Y114.813 E5.50422
G1 X103.116 Y114.324 E5.51996
G1 X103.033 Y113.83 E5.5357
G1 X102.977 Y113.333 E5.55142
G1 X102.946 Y112.834 E5.56713
G1 X102.942 Y112.333 E5.58287
G1 X102.963 Y111.833 E5.5986
G1 X103.011 Y111.343 E5.61407
G1 X103.151 Y110.504 E5.6408
G1 X103.266 Y110.026 E5.65625
G1 X103.408 Y109.546 E5.67198
G1 X103.681 Y108.827 E5.69615
G1 X103.681 Y108.827 F12000
G1 X103.356 Y108.629
G1 F4800
G1 X103.392 Y108.534 E5.69934
G1 X103.814 Y107.678 E5.72933
G1 X104.075 Y107.235 E5.74549
G1 X104.362 Y106.802 E5.76181
G1 X104.949 Y106.044 E5.79194
G1 X105.603 Y105.349 E5.82193
G1 X105.982 Y105.002 E5.83808
G1 X106.38 Y104.674 E5.85429
G1 X107.089 Y104.168 E5.88166
G1 X107.84 Y103.726 E5.90904
G1 X108.301 Y103.496 E5.92523
G1 X108.774 Y103.291 E5.94143
G1 X109.6 Y102.998 E5.96897
G1 X110.097 Y102.86 E5.98518
G1 X110.604 Y102.748 E6.0015
G1 X111.117 Y102.662 E6.01785
G1 X111.634 Y102.603 E6.0342
G1 X112.592 Y102.566 E6.06433
G1 X113.545 Y102.62 E6.09433
G1 X114.054 Y102.687 E6.11046
G1 X114.566 Y102.782 E6.12682
G1 X115.492 Y103.027 E6.15692
G1 X116.383 Y103.356 E6.18677
G1 X117.168 Y103.73 E6.2141
G1 X117.617 Y103.984 E6.23031
G1 X118.056 Y104.264 E6.24667
G1 X118.479 Y104.566 E6.263
G1 X118.886 Y104.889 E6.27933
G1 X119.276 Y105.234 E6.29569
G1 X119.647 Y105.599 E6.31205
G1 X120.278 Y106.319 E6.34214
G1 X120.832 Y107.09 E6.37198
G1 X121.274 Y107.84 E6.39934
G1 X121.504 Y108.301 E6.41553
G1 X121.709 Y108.774 E6.43173
G1 X122.002 Y109.6 E6.45927
G1 X122.14 Y110.097 E6.47548
G1 X122.252 Y110.604 E6.4918
G1 X122.338 Y111.117 E6.50815
G1 X122.397 Y111.634 E6.5245
G1 X122.429 Y112.153 E6.54084
G1 X122.433 Y112.673 E6.55718
G1 X122.411 Y113.193 E6.57354
G1 X122.361 Y113.706 E6.58974
G1 X122.217 Y114.566 E6.61714
G1 X121.999 Y115.409 E6.6445
G1 X121.836 Y115.898 E6.6607
G1 X121.645 Y116.382 E6.67705
G1 X121.429 Y116.855 E6.69339
G1 X121.192 Y117.312 E6.70957
G1 X120.734 Y118.06 E6.73713
G1 X120.434 Y118.479 E6.75332
G1 X120.111 Y118.886 E6.76965
G1 X119.766 Y119.276 E6.78601
G1 X119.405 Y119.643 E6.80219
G1 X118.748 Y120.224 E6.82975
G1 X118.34 Y120.537 E6.84591
G1 X117.915 Y120.829 E6.86211
G1 X117.16 Y121.274 E6.88965
G1 X116.699 Y121.504 E6.90584
G1 X116.226 Y121.709 E6.92204
G1 X115.4 Y122.002 E6.94958
G1 X114.903 Y122.14 E6.96579
G1 X114.396 Y122.252 E6.98211
G1 X113.883 Y122.338 E6.99846
G1 X113.366 Y122.397 E7.01481
G1 X112.847 Y122.429 E7.03115
G1 X112.327 Y122.433 E7.04749
G1 X111.807 Y122.411 E7.06385
G1 X111.294 Y122.361 E7.08005
G1 X110.434 Y122.217 E7.10745
G1 X109.591 Y121.999 E7.13481
G1 X109.102 Y121.836 E7.15101
G1 X108.618 Y121.645 E7.16736
G1 X108.145 Y121.429 E7.1837
G1 X107.688 Y121.192 E7.19988
G1 X106.94 Y120.734 E7.22744
G1 X106.521 Y120.434 E7.24363
G1 X106.114 Y120.111 E7.25996
G1 X105.724 Y119.766 E7.27632
G1 X105.357 Y119.405 E7.2925
G1 X104.776 Y118.748 E7.32006
G1 X104.463 Y118.34 E7.33622
G1 X104.168 Y117.911 E7.35258
G1 X103.896 Y117.467 E7.36894
G1 X103.65 Y117.015 E7.38511
G1 X103.289 Y116.222 E7.41249
G1 X102.998 Y115.4 E7.43989
G1 X102.86 Y114.903 E7.4561
G1 X102.748 Y114.396 E7.47242
G1 X102.662 Y113.883 E7.48877
G1 X102.603 Y113.366 E7.50512
G1 X102.571 Y112.847 E7.52146
G1 X102.567 Y112.327 E7.5378
G1 X102.589 Y111.807 E7.55416
G1 X102.639 Y111.294 E7.57036
G1 X102.783 Y110.43 E7.59789
G1 X102.904 Y109.929 E7.61409
G1 X103.051 Y109.43 E7.63044
G1 X103.334 Y108.685 E7.65548
G1 X103.334 Y108.685 F12000
G1 X103.018 Y108.49
;TYPE:External perimeter
;WIDTH:0.4
G1 F2400
G1 X103.059 Y108.384 E7.65886
G1 X103.493 Y107.505 E7.68802
G1 X103.765 Y107.042 E7.70399
G1 X104.063 Y106.592 E7.72005
G1 X104.675 Y105.803 E7.74976
G1 X105.347 Y105.089 E7.77893
G1 X105.743 Y104.727 E7.79489
G1 X106.157 Y104.385 E7.81086
G1 X106.89 Y103.862 E7.83765
G1 X107.666 Y103.405 E7.86444
G1 X108.147 Y103.165 E7.88043
G1 X108.64 Y102.951 E7.89642
G1 X109.49 Y102.65 E7.92325
G1 X110.008 Y102.506 E7.93924
G1 X110.535 Y102.389 E7.9553
G1 X111.067 Y102.3 E7.97135
G1 X111.602 Y102.239 E7.98737
G1 X112.6 Y102.201 E8.01708
G1 X113.579 Y102.257 E8.04625
G1 X114.111 Y102.327 E8.06221
G1 X114.641 Y102.425 E8.07824
G1 X115.607 Y102.68 E8.10796
G1 X116.525 Y103.019 E8.13707
G1 X117.337 Y103.407 E8.16384
G1 X117.805 Y103.671 E8.17982
G1 X118.26 Y103.961 E8.19587
G1 X118.699 Y104.274 E8.21191
G1 X119.121 Y104.61 E8.22796
G1 X119.525 Y104.967 E8.244
G1 X119.909 Y105.345 E8.26003
G1 X120.567 Y106.096 E8.28973
G1 X121.138 Y106.891 E8.31885
G1 X121.595 Y107.666 E8.34562
G1 X121.835 Y108.147 E8.36161
G1 X122.049 Y108.64 E8.3776
G1 X122.35 Y109.49 E8.40443
G1 X122.494 Y110.008 E8.42042
G1 X122.611 Y110.535 E8.43648
G1 X122.7 Y111.067 E8.45253
G1 X122.761 Y111.602 E8.46855
G1 X122.794 Y112.141 E8.48461
G1 X122.798 Y112.68 E8.50065
G1 X122.775 Y113.219 E8.5167
G1 X122.723 Y113.754 E8.53269
G1 X122.575 Y114.641 E8.55944
G1 X122.349 Y115.513 E8.58624
G1 X122.179 Y116.023 E8.60223
G1 X121.981 Y116.525 E8.61828
G1 X121.758 Y117.015 E8.6343
G1 X121.509 Y117.492 E8.65031
G1 X121.038 Y118.261 E8.67714
G1 X120.726 Y118.699 E8.69314
G1 X120.39 Y119.121 E8.70919
G1 X120.033 Y119.525 E8.72523
G1 X119.656 Y119.908 E8.74122
G1 X118.981 Y120.506 E8.76805
G1 X118.554 Y120.833 E8.78405
G1 X118.111 Y121.137 E8.80003
G1 X117.334 Y121.595 E8.82686
G1 X116.853 Y121.835 E8.84285
G1 X116.36 Y122.049 E8.85884
G1 X115.51 Y122.35 E8.88567
G1 X114.992 Y122.494 E8.90166
G1 X114.465 Y122.611 E8.91772
G1 X113.933 Y122.7 E8.93377
G1 X113.398 Y122.761 E8.94979
G1 X112.859 Y122.794 E8.96585
G1 X112.32 Y122.798 E8.98189
G1 X111.781 Y122.775 E8.99794
G1 X111.247 Y122.723 E9.0139
G1 X110.359 Y122.575 E9.04068
G1 X109.487 Y122.349 E9.06748
G1 X108.977 Y122.179 E9.08347
G1 X108.476 Y121.981 E9.0995
G1 X107.985 Y121.758 E9.11554
G1 X107.508 Y121.509 E9.13155
G1 X106.739 Y121.038 E9.15838
G1 X106.301 Y120.726 E9.17438
G1 X105.879 Y120.39 E9.19043
G1 X105.475 Y120.033 E9.20647
G1 X105.092 Y119.656 E9.22246
G1 X104.494 Y118.981 E9.24929
G1 X104.167 Y118.554 E9.26529
G1 X103.862 Y118.11 E9.28131
G1 X103.58 Y117.65 E9.29736
G1 X103.324 Y117.178 E9.31333
G1 X102.95 Y116.358 E9.34014
G1 X102.65 Y115.51 E9.3669
G1 X102.506 Y114.992 E9.38289
G1 X102.389 Y114.465 E9.39895
G1 X102.3 Y113.933 E9.415
G1 X102.239 Y113.398 E9.43102
G1 X102.206 Y112.859 E9.44708
G1 X102.202 Y112.32 E9.46312
G1 X102.225 Y111.781 E9.47917
G1 X102.277 Y111.246 E9.49516
G1 X102.426 Y110.357 E9.52198
G1 X102.551 Y109.834 E9.53798
G1 X102.704 Y109.317 E9.55402
G1 X102.997 Y108.546 E9.57856
G1 X103.161 Y108.181 F12000
;LAYER_CHANGE
;Z:4.19
;HEIGHT:0.21
G1 Z4.19 F12000
G1 E7.57856 F2400
G92 E0
G1 Z4.59 F12000
G1 X103.711 Y110.685
G1 Z4.19
G1 E2 F2400
G92 E0
;TYPE:Internal infill
;WIDTH:0.42
G1 F6000
G1 X110.683 Y103.713 E.30985
G1 E-1.69015 F2400
G92 E0
G1 X110.683 Y103.713 Z4.59 F12000
G1 X109.392 Y120.91
G1 Z4.19
G1 E2 F2400
G1 F6000
G1 X113.473 Y116.829 E2.18137
G1 X112.493 Y116.942 E2.21237
G1 X112.036 Y116.918 E2.22675
G1 X111.194 Y116.745 E2.25376
G1 X110.353 Y116.388 E2.28247
G1 X110.01 Y116.178 E2.29511
G1 X109.359 Y115.641 E2.32163
G1 X106.275 Y118.725 E2.45869
G1 X105.648 Y118.036 E2.48797
G1 X105.112 Y117.298 E2.51663
G1 X104.655 Y116.508 E2.54531
G1 X104.221 Y115.477 E2.58046
G1 X108.167 Y111.53 E2.75585
G1 X108.414 Y110.758 E2.78132
G1 X108.612 Y110.353 E2.79549
G1 X109.093 Y109.651 E2.82223
G1 X109.365 Y109.354 E2.83489
G1 X109.699 Y109.053 E2.84902
G1 X110.353 Y108.612 E2.87381
G1 X110.764 Y108.411 E2.88819
G1 X111.53 Y108.168 E2.91344
G1 X115.479 Y104.219 E3.08894
G1 X116.758 Y104.789 E3.13294
G1 X117.495 Y105.246 E3.16019
G1 X118.173 Y105.761 E3.18695
G1 X118.725 Y106.275 E3.21065
G1 X115.641 Y109.359 E3.34771
G1 X115.947 Y109.699 E3.36208
G1 X116.388 Y110.353 E3.38687
G1 X116.748 Y111.201 E3.41582
G1 X116.86 Y111.652 E3.43042
G1 X116.942 Y112.507 E3.45741
G1 X116.832 Y113.47 E3.48787
G1 X120.781 Y109.521 E3.66337
G1 X121.149 Y110.824 E3.70592
G1 X121.276 Y111.732 E3.73473
G1 X121.308 Y112.649 E3.76356
G1 X121.245 Y113.564 E3.79238
G1 X121.06 Y114.545 E3.82375
G1 X114.317 Y121.287 E4.1234
G1 E2.1234 F2400
G92 E0
G1 X114.317 Y121.287 Z4.59 F12000
G1 X115.686 Y109.977
G1 Z4.19
G1 E2 F2400
;TYPE:Perimeter
G1 F3600
G1 X115.871 Y110.226 E2.00975
G1 X116.059 Y110.534 E2.02109
G1 X116.243 Y110.911 E2.03427
G1 X116.389 Y111.311 E2.04765
G1 X116.492 Y111.724 E2.06103
G1 X116.55 Y112.14 E2.07423
G1 X116.566 Y112.506 E2.08574
G1 X116.544 Y112.925 E2.09893
G1 X116.479 Y113.34 E2.11213
G1 X116.387 Y113.694 E2.12362
G1 X116.243 Y114.089 E2.13683
G1 X116.059 Y114.466 E2.15001
G1 X115.868 Y114.779 E2.16153
G1 X115.619 Y115.109 E2.17452
G1 X115.375 Y115.375 E2.18586
G1 X115.109 Y115.619 E2.1972
G1 X114.776 Y115.87 E2.2103
G1 X114.438 Y116.075 E2.22272
G1 X114.086 Y116.244 E2.23499
G1 X113.689 Y116.389 E2.24827
G1 X113.276 Y116.492 E2.26165
G1 X112.86 Y116.55 E2.27485
G1 X112.494 Y116.566 E2.28636
G1 X112.075 Y116.544 E2.29955
G1 X111.66 Y116.479 E2.31275
G1 X111.306 Y116.387 E2.32424
G1 X110.911 Y116.243 E2.33745
G1 X110.534 Y116.059 E2.35063
G1 X110.221 Y115.868 E2.36215
G1 X109.891 Y115.619 E2.37514
G1 X109.621 Y115.371 E2.38666
G1 X109.343 Y115.063 E2.3997
G1 X109.127 Y114.771 E2.41111
G1 X108.925 Y114.438 E2.42335
G1 X108.756 Y114.086 E2.43562
G1 X108.611 Y113.689 E2.4489
G1 X108.508 Y113.276 E2.46228
G1 X108.45 Y112.86 E2.47548
G1 X108.434 Y112.494 E2.48699
G1 X108.456 Y112.075 E2.50018
G1 X108.522 Y111.655 E2.51354
G1 X108.631 Y111.249 E2.52675
G1 X108.759 Y110.906 E2.53825
G1 X108.941 Y110.534 E2.55126
G1 X109.132 Y110.221 E2.56278
G1 X109.381 Y109.891 E2.57577
G1 X109.629 Y109.621 E2.58729
G1 X109.937 Y109.344 E2.60031
G1 X110.226 Y109.129 E2.61163
G1 X110.534 Y108.941 E2.62297
G1 X110.911 Y108.757 E2.63615
G1 X111.306 Y108.613 E2.64936
G1 X111.66 Y108.521 E2.66085
G1 X112.073 Y108.456 E2.67399
G1 X112.467 Y108.434 E2.68639
G1 X112.857 Y108.449 E2.69865
G1 X113.274 Y108.508 E2.71188
G1 X113.657 Y108.602 E2.72427
G1 X114.026 Y108.731 E2.73655
G1 X114.409 Y108.909 E2.74982
G1 X114.774 Y109.129 E2.76321
G1 X115.109 Y109.381 E2.77638
G1 X115.379 Y109.629 E2.7879
G1 X115.65 Y109.929 E2.8006
G1 X115.65 Y109.929 F12000
G1 X115.386 Y110.201
G1 F3600
G1 X115.56 Y110.436 E2.80979
G1 X115.73 Y110.714 E2.82003
G1 X115.898 Y111.058 E2.83206
G1 X116.03 Y111.421 E2.8442
G1 X116.123 Y111.796 E2.85634
G1 X116.177 Y112.174 E2.86834
G1 X116.191 Y112.504 E2.87872
G1 X116.171 Y112.886 E2.89074
G1 X116.111 Y113.263 E2.90274
G1 X116.028 Y113.583 E2.91313
G1 X115.898 Y113.942 E2.92513
G1 X115.73 Y114.286 E2.93716
G1 X115.558 Y114.567 E2.94751
G1 X115.33 Y114.869 E2.9594
G1 X115.11 Y115.11 E2.96965
G1 X114.869 Y115.33 E2.9799
G1 X114.565 Y115.559 E2.99186
G1 X114.259 Y115.745 E3.00311
G1 X113.94 Y115.898 E3.01423
G1 X113.579 Y116.03 E3.02631
G1 X113.204 Y116.123 E3.03845
G1 X112.826 Y116.177 E3.05045
G1 X112.496 Y116.191 E3.06083
G1 X112.114 Y116.171 E3.07285
G1 X111.737 Y116.111 E3.08485
G1 X111.417 Y116.028 E3.09524
G1 X111.058 Y115.898 E3.10724
G1 X110.714 Y115.73 E3.11927
G1 X110.433 Y115.558 E3.12962
G1 X110.131 Y115.33 E3.14151
G1 X109.887 Y115.107 E3.1519
G1 X109.634 Y114.826 E3.16378
G1 X109.439 Y114.562 E3.17409
G1 X109.255 Y114.259 E3.18523
G1 X109.102 Y113.94 E3.19635
G1 X108.97 Y113.579 E3.20843
G1 X108.877 Y113.204 E3.22057
G1 X108.823 Y112.826 E3.23257
G1 X108.809 Y112.496 E3.24295
G1 X108.829 Y112.114 E3.25497
G1 X108.889 Y111.733 E3.26709
G1 X108.988 Y111.363 E3.27913
G1 X109.104 Y111.054 E3.2895
G1 X109.27 Y110.714 E3.30139
G1 X109.442 Y110.433 E3.31174
G1 X109.67 Y110.131 E3.32363
G1 X109.893 Y109.887 E3.33402
G1 X110.174 Y109.634 E3.3459
G1 X110.436 Y109.44 E3.35614
G1 X110.714 Y109.27 E3.36638
G1 X111.058 Y109.102 E3.37841
G1 X111.417 Y108.972 E3.39041
G1 X111.737 Y108.889 E3.4008
G1 X112.113 Y108.829 E3.41277
G1 X112.47 Y108.809 E3.42401
G1 X112.824 Y108.823 E3.43514
G1 X113.203 Y108.876 E3.44717
G1 X113.551 Y108.962 E3.45843
G1 X113.885 Y109.078 E3.46954
G1 X114.233 Y109.241 E3.48162
G1 X114.564 Y109.44 E3.49376
G1 X114.869 Y109.67 E3.50576
G1 X115.113 Y109.893 E3.51615
G1 X115.348 Y110.154 E3.52719
G1 X115.348 Y110.154 F12000
G1 X115.085 Y110.425
G1 F3600
G1 X115.249 Y110.646 E3.53584
G1 X115.401 Y110.895 E3.54501
G1 X115.552 Y111.204 E3.55582
G1 X115.671 Y111.531 E3.56676
G1 X115.755 Y111.867 E3.57764
G1 X115.803 Y112.209 E3.58849
G1 X115.816 Y112.502 E3.59771
G1 X115.798 Y112.847 E3.60857
G1 X115.744 Y113.187 E3.61939
G1 X115.67 Y113.472 E3.62864
G1 X115.552 Y113.796 E3.63948
G1 X115.401 Y114.105 E3.65029
G1 X115.247 Y114.356 E3.65954
G1 X115.041 Y114.629 E3.67029
G1 X114.844 Y114.844 E3.67945
G1 X114.629 Y115.041 E3.68861
G1 X114.355 Y115.248 E3.6994
G1 X114.08 Y115.415 E3.70951
G1 X113.794 Y115.553 E3.71949
G1 X113.469 Y115.671 E3.73036
G1 X113.133 Y115.755 E3.74124
G1 X112.791 Y115.803 E3.75209
G1 X112.498 Y115.816 E3.76131
G1 X112.153 Y115.798 E3.77217
G1 X111.813 Y115.744 E3.78299
G1 X111.528 Y115.67 E3.79224
G1 X111.204 Y115.552 E3.80308
G1 X110.895 Y115.401 E3.81389
G1 X110.644 Y115.247 E3.82314
G1 X110.371 Y115.041 E3.83389
G1 X110.154 Y114.843 E3.84312
G1 X109.925 Y114.588 E3.85389
G1 X109.75 Y114.353 E3.8631
G1 X109.585 Y114.08 E3.87312
G1 X109.447 Y113.794 E3.8831
G1 X109.329 Y113.469 E3.89397
G1 X109.245 Y113.133 E3.90485
G1 X109.197 Y112.791 E3.9157
G1 X109.184 Y112.498 E3.92492
G1 X109.202 Y112.153 E3.93578
G1 X109.257 Y111.811 E3.94667
G1 X109.346 Y111.478 E3.9575
G1 X109.449 Y111.202 E3.96676
G1 X109.599 Y110.895 E3.9775
G1 X109.753 Y110.644 E3.98675
G1 X109.959 Y110.371 E3.9975
G1 X110.157 Y110.154 E4.00673
G1 X110.412 Y109.925 E4.0175
G1 X110.646 Y109.751 E4.02666
G1 X110.895 Y109.599 E4.03583
G1 X111.204 Y109.448 E4.04664
G1 X111.528 Y109.33 E4.05748
G1 X111.813 Y109.256 E4.06673
G1 X112.152 Y109.203 E4.07751
G1 X112.474 Y109.185 E4.08764
G1 X112.79 Y109.197 E4.09758
G1 X113.132 Y109.245 E4.10843
G1 X113.444 Y109.322 E4.11853
G1 X113.743 Y109.426 E4.12848
G1 X114.057 Y109.572 E4.13936
G1 X114.354 Y109.751 E4.15026
G1 X114.629 Y109.959 E4.1611
G1 X114.846 Y110.157 E4.17033
G1 X115.046 Y110.379 E4.17972
G1 X114.773 Y110.622 F12000
;TYPE:External perimeter
;WIDTH:0.4
G1 F3600
G1 X114.792 Y110.643 E4.18056
G1 X115.081 Y111.07 E4.1959
G1 X115.216 Y111.347 E4.20507
G1 X115.321 Y111.637 E4.21425
G1 X115.396 Y111.937 E4.22345
G1 X115.439 Y112.242 E4.23261
G1 X115.45 Y112.501 E4.24032
G1 X115.434 Y112.808 E4.24947
G1 X115.386 Y113.113 E4.25866
G1 X115.321 Y113.363 E4.26634
G1 X115.216 Y113.653 E4.27552
G1 X115.081 Y113.93 E4.28469
G1 X114.945 Y114.15 E4.29238
G1 X114.761 Y114.396 E4.30152
G1 X114.396 Y114.761 E4.31688
G1 X114.15 Y114.946 E4.32604
G1 X113.906 Y115.094 E4.33453
G1 X113.652 Y115.216 E4.34291
G1 X113.363 Y115.321 E4.35206
G1 X113.063 Y115.396 E4.36126
G1 X112.758 Y115.439 E4.37042
G1 X112.499 Y115.45 E4.37813
G1 X112.192 Y115.434 E4.38728
G1 X111.887 Y115.386 E4.39647
G1 X111.637 Y115.321 E4.40415
G1 X111.347 Y115.216 E4.41333
G1 X111.07 Y115.081 E4.4225
G1 X110.85 Y114.945 E4.43019
G1 X110.604 Y114.761 E4.43933
G1 X110.413 Y114.586 E4.44704
G1 X110.208 Y114.357 E4.45618
G1 X110.054 Y114.149 E4.46388
G1 X109.906 Y113.906 E4.47234
G1 X109.784 Y113.652 E4.48072
G1 X109.679 Y113.363 E4.48987
G1 X109.604 Y113.063 E4.49907
G1 X109.561 Y112.758 E4.50823
G1 X109.55 Y112.499 E4.51594
G1 X109.566 Y112.192 E4.52509
G1 X109.614 Y111.887 E4.53428
G1 X109.694 Y111.589 E4.54346
G1 X109.785 Y111.346 E4.55118
G1 X109.919 Y111.07 E4.56031
G1 X110.055 Y110.85 E4.568
G1 X110.239 Y110.604 E4.57714
G1 X110.414 Y110.413 E4.58485
G1 X110.643 Y110.208 E4.59399
G1 X111.07 Y109.919 E4.60933
G1 X111.347 Y109.784 E4.6185
G1 X111.637 Y109.679 E4.62768
G1 X111.887 Y109.614 E4.63536
G1 X112.191 Y109.566 E4.64452
G1 X112.477 Y109.55 E4.65304
G1 X112.758 Y109.561 E4.66141
G1 X113.063 Y109.604 E4.67057
G1 X113.34 Y109.672 E4.67906
G1 X113.606 Y109.765 E4.68744
G1 X113.885 Y109.895 E4.6966
G1 X114.15 Y110.054 E4.70579
G1 X114.396 Y110.239 E4.71495
G1 X114.587 Y110.414 E4.72266
G1 X114.733 Y110.577 E4.72917
G1 X114.966 Y110.903 F12000
G1 E2.72917 F2400
G92 E0
G1 Z4.59 F12000
G1 X104.045 Y108.915
G1 Z4.19
G1 E2 F2400
;TYPE:Perimeter
;WIDTH:0.42
G1 F4800
G1 X104.433 Y108.111 E2.02805
G1 X104.894 Y107.352 E2.05596
G1 X105.464 Y106.596 E2.08571
G1 X106.112 Y105.901 E2.11557
G1 X106.729 Y105.355 E2.14146
G1 X107.488 Y104.804 E2.17093
G1 X108.198 Y104.385 E2.19684
G1 X109.049 Y103.989 E2.22634
G1 X109.826 Y103.714 E2.25224
G1 X110.747 Y103.484 E2.28207
G1 X111.685 Y103.352 E2.31184
G1 X112.588 Y103.317 E2.34024
G1 X113.474 Y103.367 E2.36813
G1 X114.41 Y103.516 E2.39791
G1 X115.327 Y103.762 E2.42775
G1 X116.099 Y104.05 E2.45364
G1 X116.94 Y104.46 E2.48304
G1 X117.708 Y104.936 E2.51143
G1 X118.415 Y105.474 E2.53935
G1 X119.099 Y106.112 E2.56874
G1 X119.645 Y106.729 E2.59463
G1 X120.196 Y107.488 E2.6241
G1 X120.615 Y108.198 E2.65001
G1 X121.011 Y109.049 E2.67951
G1 X121.286 Y109.826 E2.70541
G1 X121.516 Y110.747 E2.73524
G1 X121.595 Y111.222 E2.75037
G1 X121.65 Y111.699 E2.76546
G1 X121.679 Y112.179 E2.78057
G1 X121.683 Y112.66 E2.79569
G1 X121.617 Y113.608 E2.82555
G1 X121.481 Y114.421 E2.85145
G1 X121.239 Y115.324 E2.88083
G1 X120.918 Y116.169 E2.90924
G1 X120.526 Y116.965 E2.93712
G1 X120.024 Y117.768 E2.96688
G1 X119.439 Y118.517 E2.99675
G1 X118.88 Y119.106 E3.02227
G1 X118.271 Y119.645 E3.04783
G1 X117.502 Y120.203 E3.07769
G1 X116.68 Y120.678 E3.10752
G1 X115.94 Y121.015 E3.13307
G1 X115.174 Y121.286 E3.1586
G1 X114.253 Y121.516 E3.18843
G1 X113.778 Y121.595 E3.20356
G1 X113.301 Y121.65 E3.21865
G1 X112.821 Y121.679 E3.23376
G1 X112.34 Y121.683 E3.24888
G1 X111.392 Y121.617 E3.27874
G1 X110.591 Y121.483 E3.30426
G1 X109.804 Y121.28 E3.3298
G1 X108.911 Y120.955 E3.35966
G1 X108.057 Y120.538 E3.38953
G1 X107.355 Y120.108 E3.4154
G1 X106.596 Y119.536 E3.44527
G1 X105.901 Y118.888 E3.47513
G1 X105.355 Y118.271 E3.50102
G1 X104.797 Y117.502 E3.53088
G1 X104.322 Y116.68 E3.56071
G1 X103.98 Y115.93 E3.58661
G1 X103.676 Y115.046 E3.61599
G1 X103.469 Y114.166 E3.6444
G1 X103.349 Y113.286 E3.67231
G1 X103.317 Y112.355 E3.70158
G1 X103.377 Y111.453 E3.72999
G1 X103.519 Y110.576 E3.75791
G1 X103.762 Y109.673 E3.7873
G1 X104.024 Y108.971 E3.81085
G1 X103.7 Y108.767 F12000
G1 F4800
G1 X104.104 Y107.932 E3.84
G1 X104.58 Y107.146 E3.86888
G1 X104.865 Y106.747 E3.88429
G1 X105.177 Y106.355 E3.90003
G1 X105.508 Y105.98 E3.91575
G1 X105.853 Y105.629 E3.93122
G1 X106.49 Y105.066 E3.95794
G1 X106.881 Y104.766 E3.97343
G1 X107.287 Y104.487 E3.98891
G1 X108.019 Y104.056 E4.0156
G1 X108.46 Y103.836 E4.03109
G1 X108.911 Y103.64 E4.04654
G1 X109.713 Y103.356 E4.07328
G1 X110.187 Y103.224 E4.08874
G1 X110.676 Y103.116 E4.10448
G1 X111.17 Y103.033 E4.12022
G1 X111.656 Y102.978 E4.13559
G1 X112.592 Y102.942 E4.16503
G1 X113.509 Y102.994 E4.19389
G1 X113.996 Y103.058 E4.20933
G1 X114.488 Y103.149 E4.22505
G1 X114.974 Y103.266 E4.24076
G1 X115.446 Y103.406 E4.25623
G1 X116.243 Y103.704 E4.28297
G1 X116.691 Y103.908 E4.29844
G1 X117.125 Y104.134 E4.31382
G1 X117.921 Y104.627 E4.34324
G1 X118.653 Y105.184 E4.37215
G1 X119.02 Y105.508 E4.38753
G1 X119.371 Y105.853 E4.403
G1 X119.934 Y106.49 E4.42972
G1 X120.234 Y106.881 E4.44521
G1 X120.513 Y107.287 E4.46069
G1 X120.944 Y108.019 E4.48738
G1 X121.164 Y108.46 E4.50287
G1 X121.36 Y108.911 E4.51832
G1 X121.644 Y109.713 E4.54506
G1 X121.776 Y110.187 E4.56052
G1 X121.884 Y110.676 E4.57626
G1 X121.967 Y111.17 E4.592
G1 X122.023 Y111.667 E4.60772
G1 X122.054 Y112.166 E4.62343
G1 X122.058 Y112.667 E4.63917
G1 X122.037 Y113.167 E4.6549
G1 X121.989 Y113.657 E4.67037
G1 X121.849 Y114.496 E4.6971
G1 X121.734 Y114.974 E4.71255
G1 X121.595 Y115.444 E4.72795
G1 X121.263 Y116.319 E4.75736
G1 X120.856 Y117.144 E4.78627
G1 X120.607 Y117.566 E4.80167
G1 X120.331 Y117.983 E4.81738
G1 X120.033 Y118.386 E4.83313
G1 X119.72 Y118.765 E4.84858
G1 X119.14 Y119.376 E4.87505
G1 X118.51 Y119.934 E4.9015
G1 X118.119 Y120.234 E4.91699
G1 X117.707 Y120.518 E4.93272
G1 X117.28 Y120.779 E4.94845
G1 X116.847 Y121.014 E4.96393
G1 X116.081 Y121.363 E4.99038
G1 X115.287 Y121.644 E5.01685
G1 X114.813 Y121.776 E5.03231
G1 X114.324 Y121.884 E5.04805
G1 X113.83 Y121.967 E5.06379
G1 X113.333 Y122.023 E5.07951
G1 X112.834 Y122.054 E5.09522
G1 X112.333 Y122.058 E5.11096
G1 X111.833 Y122.037 E5.12669
G1 X111.343 Y121.989 E5.14216
G1 X110.513 Y121.85 E5.16861
G1 X109.697 Y121.639 E5.1951
G1 X109.23 Y121.483 E5.21057
G1 X108.765 Y121.3 E5.22627
G1 X108.309 Y121.092 E5.24202
G1 X107.873 Y120.865 E5.25747
G1 X107.148 Y120.421 E5.28419
G1 X106.747 Y120.135 E5.29967
G1 X106.355 Y119.823 E5.31541
G1 X105.98 Y119.492 E5.33113
G1 X105.629 Y119.147 E5.3466
G1 X105.066 Y118.51 E5.37332
G1 X104.766 Y118.119 E5.38881
G1 X104.482 Y117.707 E5.40454
G1 X104.221 Y117.28 E5.42027
G1 X103.986 Y116.847 E5.43575
G1 X103.633 Y116.073 E5.46248
G1 X103.461 Y115.612 E5.47794
G1 X103.314 Y115.145 E5.49333
G1 X103.1 Y114.234 E5.52274
G1 X102.976 Y113.323 E5.55163
G1 X102.946 Y112.834 E5.56703
G1 X102.942 Y112.344 E5.58243
G1 X103.004 Y111.41 E5.61185
G1 X103.151 Y110.502 E5.64076
G1 X103.266 Y110.026 E5.65615
G1 X103.406 Y109.554 E5.67162
G1 X103.679 Y108.823 E5.69614
G1 X103.679 Y108.823 F12000
G1 X103.353 Y108.625
G1 F4800
G1 X103.355 Y108.62 E5.69631
G1 X103.774 Y107.753 E5.72657
G1 X104.267 Y106.939 E5.75648
G1 X104.566 Y106.521 E5.77263
G1 X104.889 Y106.114 E5.78896
G1 X105.234 Y105.724 E5.80532
G1 X105.595 Y105.357 E5.8215
G1 X106.252 Y104.776 E5.84906
G1 X106.66 Y104.463 E5.86522
G1 X107.085 Y104.171 E5.88142
G1 X107.84 Y103.726 E5.90896
G1 X108.301 Y103.496 E5.92515
G1 X108.774 Y103.291 E5.94135
G1 X109.6 Y102.998 E5.96889
G1 X110.097 Y102.86 E5.9851
G1 X110.604 Y102.748 E6.00142
G1 X111.117 Y102.662 E6.01777
G1 X111.628 Y102.604 E6.03393
G1 X112.595 Y102.566 E6.06434
G1 X113.545 Y102.62 E6.09424
G1 X114.054 Y102.687 E6.11037
G1 X114.566 Y102.782 E6.12673
G1 X115.071 Y102.904 E6.14306
G1 X115.565 Y103.05 E6.15925
G1 X116.386 Y103.357 E6.18679
G1 X116.855 Y103.571 E6.20299
G1 X117.311 Y103.808 E6.21914
G1 X118.133 Y104.318 E6.24954
G1 X118.891 Y104.894 E6.27946
G1 X119.276 Y105.234 E6.2956
G1 X119.643 Y105.595 E6.31178
G1 X120.224 Y106.252 E6.33934
G1 X120.537 Y106.66 E6.3555
G1 X120.829 Y107.085 E6.3717
G1 X121.274 Y107.84 E6.39924
G1 X121.504 Y108.301 E6.41543
G1 X121.709 Y108.774 E6.43163
G1 X122.002 Y109.6 E6.45917
G1 X122.14 Y110.097 E6.47538
G1 X122.252 Y110.604 E6.4917
G1 X122.338 Y111.117 E6.50805
G1 X122.397 Y111.634 E6.5244
G1 X122.429 Y112.153 E6.54074
G1 X122.433 Y112.673 E6.55708
G1 X122.411 Y113.193 E6.57344
G1 X122.361 Y113.706 E6.58964
G1 X122.217 Y114.57 E6.61717
G1 X122.096 Y115.071 E6.63337
G1 X121.95 Y115.564 E6.64953
G1 X121.607 Y116.469 E6.67994
G1 X121.186 Y117.322 E6.70983
G1 X120.925 Y117.765 E6.72599
G1 X120.638 Y118.198 E6.74231
G1 X120.329 Y118.616 E6.75865
G1 X120.001 Y119.014 E6.77486
G1 X119.401 Y119.646 E6.80225
G1 X118.748 Y120.224 E6.82965
G1 X118.34 Y120.537 E6.84581
G1 X117.911 Y120.832 E6.86217
G1 X117.467 Y121.104 E6.87853
G1 X117.015 Y121.35 E6.8947
G1 X116.222 Y121.711 E6.92208
G1 X115.4 Y122.002 E6.94948
G1 X114.903 Y122.14 E6.96569
G1 X114.396 Y122.252 E6.98201
G1 X113.883 Y122.338 E6.99836
G1 X113.366 Y122.397 E7.01471
G1 X112.847 Y122.429 E7.03105
G1 X112.327 Y122.433 E7.04739
G1 X111.807 Y122.411 E7.06375
G1 X111.294 Y122.361 E7.07995
G1 X110.435 Y122.217 E7.10732
G1 X109.591 Y121.999 E7.13471
G1 X109.102 Y121.836 E7.15091
G1 X108.618 Y121.645 E7.16726
G1 X108.145 Y121.429 E7.1836
G1 X107.688 Y121.192 E7.19978
G1 X106.94 Y120.734 E7.22734
G1 X106.521 Y120.434 E7.24353
G1 X106.114 Y120.111 E7.25986
G1 X105.724 Y119.766 E7.27622
G1 X105.357 Y119.405 E7.2924
G1 X104.776 Y118.748 E7.31996
G1 X104.463 Y118.34 E7.33612
G1 X104.168 Y117.911 E7.35248
G1 X103.896 Y117.467 E7.36884
G1 X103.65 Y117.015 E7.38501
G1 X103.287 Y116.217 E7.41256
G1 X103.106 Y115.734 E7.42877
G1 X102.952 Y115.245 E7.44488
G1 X102.731 Y114.302 E7.47532
G1 X102.603 Y113.36 E7.50519
G1 X102.571 Y112.847 E7.52134
G1 X102.567 Y112.333 E7.53749
G1 X102.631 Y111.367 E7.56791
G1 X102.784 Y110.428 E7.59781
G1 X102.904 Y109.929 E7.61394
G1 X103.05 Y109.435 E7.63013
G1 X103.332 Y108.681 E7.65543
G1 X103.332 Y108.681 F12000
G1 X103.011 Y108.497
;TYPE:External perimeter
;WIDTH:0.4
G1 F2400
G1 X103.019 Y108.476 E7.6561
G1 X103.453 Y107.578 E7.68577
G1 X103.962 Y106.739 E7.71496
G1 X104.274 Y106.301 E7.73096
G1 X104.61 Y105.879 E7.74701
G1 X104.967 Y105.475 E7.76305
G1 X105.344 Y105.092 E7.77904
G1 X106.019 Y104.494 E7.80587
G1 X106.446 Y104.167 E7.82187
G1 X106.889 Y103.863 E7.83785
G1 X107.666 Y103.405 E7.86468
G1 X108.147 Y103.165 E7.88067
G1 X108.64 Y102.951 E7.89666
G1 X109.49 Y102.65 E7.92349
G1 X110.008 Y102.506 E7.93948
G1 X110.535 Y102.389 E7.95554
G1 X111.067 Y102.3 E7.97159
G1 X111.6 Y102.24 E7.98755
G1 X112.598 Y102.201 E8.01726
G1 X113.579 Y102.257 E8.04649
G1 X114.111 Y102.327 E8.06245
G1 X114.641 Y102.425 E8.07848
G1 X115.166 Y102.551 E8.09454
G1 X115.681 Y102.704 E8.11052
G1 X116.526 Y103.02 E8.13736
G1 X117.015 Y103.242 E8.15334
G1 X117.492 Y103.49 E8.16933
G1 X118.341 Y104.017 E8.19906
G1 X119.122 Y104.611 E8.22825
G1 X119.525 Y104.967 E8.24425
G1 X119.908 Y105.344 E8.26024
G1 X120.506 Y106.019 E8.28707
G1 X120.833 Y106.446 E8.30307
G1 X121.137 Y106.889 E8.31905
G1 X121.595 Y107.666 E8.34588
G1 X121.835 Y108.147 E8.36187
G1 X122.049 Y108.64 E8.37786
G1 X122.35 Y109.49 E8.40469
G1 X122.494 Y110.008 E8.42068
G1 X122.611 Y110.535 E8.43674
G1 X122.7 Y111.067 E8.45279
G1 X122.761 Y111.602 E8.46881
G1 X122.794 Y112.141 E8.48487
G1 X122.798 Y112.68 E8.50091
G1 X122.775 Y113.219 E8.51696
G1 X122.723 Y113.754 E8.53295
G1 X122.574 Y114.643 E8.55977
G1 X122.449 Y115.166 E8.57577
G1 X122.296 Y115.681 E8.59175
G1 X121.942 Y116.615 E8.62146
G1 X121.507 Y117.495 E8.65066
G1 X121.235 Y117.958 E8.66663
G1 X120.937 Y118.408 E8.68269
G1 X120.616 Y118.841 E8.69872
G1 X120.275 Y119.256 E8.7147
G1 X119.655 Y119.909 E8.74149
G1 X118.981 Y120.506 E8.76828
G1 X118.554 Y120.833 E8.78428
G1 X118.11 Y121.138 E8.8003
G1 X117.65 Y121.42 E8.81635
G1 X117.178 Y121.676 E8.83232
G1 X116.358 Y122.05 E8.85913
G1 X115.51 Y122.35 E8.88589
G1 X114.992 Y122.494 E8.90188
G1 X114.465 Y122.611 E8.91794
G1 X113.933 Y122.7 E8.93399
G1 X113.398 Y122.761 E8.95001
G1 X112.859 Y122.794 E8.96607
G1 X112.32 Y122.798 E8.98211
G1 X111.781 Y122.775 E8.99816
G1 X111.247 Y122.723 E9.01412
G1 X110.359 Y122.575 E9.0409
G1 X109.487 Y122.349 E9.0677
G1 X108.977 Y122.179 E9.08369
G1 X108.476 Y121.981 E9.09972
G1 X107.985 Y121.758 E9.11576
G1 X107.508 Y121.509 E9.13177
G1 X106.739 Y121.038 E9.1586
G1 X106.301 Y120.726 E9.1746
G1 X105.879 Y120.39 E9.19065
G1 X105.475 Y120.033 E9.20669
G1 X105.092 Y119.656 E9.22268
G1 X104.494 Y118.981 E9.24951
G1 X104.167 Y118.554 E9.26551
G1 X103.862 Y118.11 E9.28153
G1 X103.58 Y117.65 E9.29758
G1 X103.324 Y117.178 E9.31355
G1 X102.949 Y116.357 E9.3404
G1 X102.761 Y115.853 E9.3564
G1 X102.6 Y115.341 E9.37237
G1 X102.372 Y114.369 E9.40207
G1 X102.239 Y113.396 E9.43128
G1 X102.206 Y112.859 E9.44729
G1 X102.202 Y112.322 E9.46327
G1 X102.268 Y111.326 E9.49296
G1 X102.426 Y110.356 E9.5222
G1 X102.551 Y109.834 E9.53817
G1 X102.704 Y109.319 E9.55415
G1 X102.99 Y108.553 E9.57847
G1 X103.158 Y108.19 F12000
;LAYER_CHANGE
;Z:4.4
;HEIGHT:0.21
G1 Z4.4 F12000
G1 E7.57847 F2400
G92 E0
G1 Z4.8 F12000
G1 X103.717 Y114.322
G1 Z4.4
G1 E2 F2400
G92 E0
;TYPE:Internal infill
;WIDTH:0.42
G1 F6000
G1 X110.685 Y121.29 E.30967
G1 E-1.69033 F2400
G92 E0
G1 X110.685 Y121.29 Z4.8 F12000
G1 X120.91 Y115.608
G1 Z4.4
G1 E2 F2400
G1 F6000
G1 X116.829 Y111.527 E2.18137
G1 X116.942 Y112.507 E2.21237
G1 X116.845 Y113.424 E2.24135
G1 X116.727 Y113.865 E2.2557
G1 X116.418 Y114.592 E2.28052
G1 X116.183 Y114.984 E2.29488
G1 X115.641 Y115.641 E2.32165
G1 X118.725 Y118.725 E2.45871
G1 X118.036 Y119.352 E2.48799
G1 X117.298 Y119.888 E2.51665
G1 X116.508 Y120.345 E2.54533
G1 X115.479 Y120.781 E2.58045
G1 X111.53 Y116.833 E2.75593
G1 X110.758 Y116.586 E2.7814
G1 X110.353 Y116.388 E2.79557
G1 X110.01 Y116.178 E2.80821
G1 X109.359 Y115.64 E2.83475
G1 X108.817 Y114.984 E2.86149
G1 X108.578 Y114.585 E2.87611
G1 X108.383 Y114.167 E2.8906
G1 X108.171 Y113.473 E2.9134
G1 X104.22 Y109.522 E3.08899
G1 X104.802 Y108.217 E3.13389
G1 X105.278 Y107.455 E3.16212
G1 X106.275 Y106.275 E3.21067
G1 X109.359 Y109.359 E3.34773
G1 X109.699 Y109.053 E3.3621
G1 X110.353 Y108.612 E3.38689
G1 X111.135 Y108.273 E3.41367
G1 X111.576 Y108.155 E3.42802
G1 X112.463 Y108.059 E3.45606
G1 X113.473 Y108.171 E3.48799
G1 X109.523 Y104.221 E3.66354
G1 X110.833 Y103.85 E3.70633
G1 X111.718 Y103.726 E3.73441
G1 X112.581 Y103.692 E3.76155
G1 X113.434 Y103.741 E3.7884
G1 X114.543 Y103.939 E3.8238
G1 X121.287 Y110.683 E4.12352
G1 E2.12352 F2400
G92 E0
G1 X121.287 Y110.683 Z4.8 F12000
G1 X115.624 Y109.901
G1 Z4.4
G1 E2 F2400
;TYPE:Perimeter
G1 F3600
G1 X115.66 Y109.941 E2.00169
G1 X115.911 Y110.285 E2.01507
G1 X116.12 Y110.649 E2.02826
G1 X116.27 Y110.977 E2.03959
G1 X116.39 Y111.317 E2.05092
G1 X116.492 Y111.724 E2.06411
G1 X116.55 Y112.14 E2.07731
G1 X116.566 Y112.506 E2.08882
G1 X116.544 Y112.925 E2.10201
G1 X116.478 Y113.345 E2.11537
G1 X116.369 Y113.751 E2.12858
G1 X116.243 Y114.089 E2.13992
G1 X116.088 Y114.414 E2.15124
G1 X115.871 Y114.774 E2.16445
G1 X115.619 Y115.109 E2.17762
G1 X115.371 Y115.379 E2.18914
G1 X115.064 Y115.656 E2.20213
G1 X114.774 Y115.871 E2.21347
G1 X114.466 Y116.059 E2.22481
G1 X114.089 Y116.243 E2.23799
G1 X113.689 Y116.389 E2.25137
G1 X113.276 Y116.492 E2.26475
G1 X112.86 Y116.55 E2.27795
G1 X112.494 Y116.566 E2.28946
G1 X112.075 Y116.544 E2.30265
G1 X111.655 Y116.478 E2.31601
G1 X111.249 Y116.369 E2.32922
G1 X110.906 Y116.241 E2.34072
G1 X110.534 Y116.059 E2.35373
G1 X110.221 Y115.868 E2.36525
G1 X109.891 Y115.619 E2.37824
G1 X109.625 Y115.375 E2.38958
G1 X109.381 Y115.109 E2.40092
G1 X109.129 Y114.774 E2.41409
G1 X108.909 Y114.409 E2.42748
G1 X108.731 Y114.026 E2.44075
G1 X108.601 Y113.654 E2.45313
G1 X108.508 Y113.273 E2.46545
G1 X108.45 Y112.86 E2.47856
G1 X108.434 Y112.494 E2.49007
G1 X108.456 Y112.075 E2.50326
G1 X108.522 Y111.655 E2.51662
G1 X108.631 Y111.249 E2.52983
G1 X108.759 Y110.906 E2.54133
G1 X108.941 Y110.534 E2.55434
G1 X109.132 Y110.221 E2.56586
G1 X109.381 Y109.891 E2.57885
G1 X109.629 Y109.621 E2.59037
G1 X109.937 Y109.343 E2.60341
G1 X110.226 Y109.129 E2.61471
G1 X110.534 Y108.941 E2.62605
G1 X110.906 Y108.759 E2.63906
G1 X111.249 Y108.631 E2.65056
G1 X111.654 Y108.522 E2.66374
G1 X112.073 Y108.456 E2.67707
G1 X112.466 Y108.434 E2.68944
G1 X112.857 Y108.449 E2.70174
G1 X113.276 Y108.508 E2.71504
G1 X113.683 Y108.61 E2.72823
G1 X114.029 Y108.732 E2.73976
G1 X114.407 Y108.908 E2.75286
G1 X114.745 Y109.11 E2.76523
G1 X115.061 Y109.341 E2.77753
G1 X115.376 Y109.624 E2.79084
G1 X115.584 Y109.856 E2.80063
G1 X115.345 Y110.15 F12000
G1 F3600
G1 X115.369 Y110.177 E2.80177
G1 X115.596 Y110.49 E2.81392
G1 X115.787 Y110.821 E2.82593
G1 X115.922 Y111.117 E2.83615
G1 X116.031 Y111.425 E2.84642
G1 X116.123 Y111.796 E2.85843
G1 X116.177 Y112.174 E2.87043
G1 X116.191 Y112.504 E2.88081
G1 X116.171 Y112.886 E2.89283
G1 X116.11 Y113.267 E2.90496
G1 X116.012 Y113.637 E2.91699
G1 X115.897 Y113.942 E2.92723
G1 X115.757 Y114.236 E2.93746
G1 X115.56 Y114.564 E2.94948
G1 X115.33 Y114.869 E2.96148
G1 X115.107 Y115.113 E2.97187
G1 X114.826 Y115.366 E2.98375
G1 X114.564 Y115.56 E2.99399
G1 X114.286 Y115.73 E3.00423
G1 X113.942 Y115.898 E3.01626
G1 X113.579 Y116.03 E3.0284
G1 X113.204 Y116.123 E3.04054
G1 X112.826 Y116.177 E3.05254
G1 X112.496 Y116.191 E3.06292
G1 X112.114 Y116.171 E3.07494
G1 X111.733 Y116.11 E3.08707
G1 X111.363 Y116.012 E3.0991
G1 X111.054 Y115.896 E3.10947
G1 X110.714 Y115.73 E3.12136
G1 X110.433 Y115.558 E3.13171
G1 X110.131 Y115.33 E3.1436
G1 X109.89 Y115.11 E3.15385
G1 X109.67 Y114.869 E3.1641
G1 X109.44 Y114.564 E3.1761
G1 X109.241 Y114.233 E3.18824
G1 X109.078 Y113.884 E3.20034
G1 X108.961 Y113.547 E3.21155
G1 X108.876 Y113.202 E3.22272
G1 X108.823 Y112.826 E3.23465
G1 X108.809 Y112.496 E3.24503
G1 X108.829 Y112.114 E3.25705
G1 X108.889 Y111.733 E3.26917
G1 X108.988 Y111.363 E3.28121
G1 X109.104 Y111.054 E3.29158
G1 X109.27 Y110.714 E3.30347
G1 X109.442 Y110.433 E3.31382
G1 X109.67 Y110.131 E3.32571
G1 X109.893 Y109.887 E3.3361
G1 X110.174 Y109.634 E3.34798
G1 X110.436 Y109.44 E3.35822
G1 X110.714 Y109.27 E3.36846
G1 X111.054 Y109.104 E3.38035
G1 X111.363 Y108.988 E3.39072
G1 X111.733 Y108.89 E3.40275
G1 X112.112 Y108.829 E3.41481
G1 X112.469 Y108.809 E3.42605
G1 X112.824 Y108.823 E3.43721
G1 X113.204 Y108.877 E3.44927
G1 X113.575 Y108.969 E3.46128
G1 X113.886 Y109.079 E3.47165
G1 X114.231 Y109.24 E3.48361
G1 X114.538 Y109.423 E3.49484
G1 X114.824 Y109.633 E3.50599
G1 X115.11 Y109.89 E3.51807
G1 X115.304 Y110.106 E3.52719
G1 X115.304 Y110.106 F12000
G1 X115.065 Y110.4
G1 F3600
G1 X115.077 Y110.413 E3.52775
G1 X115.281 Y110.694 E3.53866
G1 X115.453 Y110.993 E3.5495
G1 X115.574 Y111.258 E3.55865
G1 X115.671 Y111.533 E3.56781
G1 X115.755 Y111.867 E3.57863
G1 X115.803 Y112.209 E3.58948
G1 X115.816 Y112.502 E3.5987
G1 X115.798 Y112.847 E3.60956
G1 X115.743 Y113.189 E3.62045
G1 X115.654 Y113.522 E3.63128
G1 X115.552 Y113.795 E3.64044
G1 X115.426 Y114.059 E3.64963
G1 X115.249 Y114.354 E3.66044
G1 X115.041 Y114.629 E3.67128
G1 X114.843 Y114.846 E3.68051
G1 X114.589 Y115.075 E3.69126
G1 X114.354 Y115.249 E3.70045
G1 X114.105 Y115.401 E3.70962
G1 X113.796 Y115.552 E3.72043
G1 X113.469 Y115.671 E3.73137
G1 X113.133 Y115.755 E3.74225
G1 X112.791 Y115.803 E3.7531
G1 X112.498 Y115.816 E3.76232
G1 X112.153 Y115.798 E3.77318
G1 X111.811 Y115.743 E3.78407
G1 X111.478 Y115.654 E3.7949
G1 X111.202 Y115.551 E3.80416
G1 X110.895 Y115.401 E3.8149
G1 X110.644 Y115.247 E3.82415
G1 X110.371 Y115.041 E3.8349
G1 X110.156 Y114.844 E3.84406
G1 X109.959 Y114.629 E3.85322
G1 X109.751 Y114.354 E3.86406
G1 X109.572 Y114.057 E3.87496
G1 X109.426 Y113.743 E3.88584
G1 X109.321 Y113.44 E3.89592
G1 X109.245 Y113.131 E3.90592
G1 X109.197 Y112.791 E3.91671
G1 X109.184 Y112.498 E3.92593
G1 X109.202 Y112.153 E3.93679
G1 X109.257 Y111.811 E3.94768
G1 X109.346 Y111.478 E3.95851
G1 X109.449 Y111.202 E3.96777
G1 X109.599 Y110.895 E3.97851
G1 X109.753 Y110.644 E3.98776
G1 X109.959 Y110.371 E3.99851
G1 X110.157 Y110.154 E4.00774
G1 X110.412 Y109.925 E4.01851
G1 X110.646 Y109.751 E4.02767
G1 X110.895 Y109.599 E4.03684
G1 X111.202 Y109.449 E4.04758
G1 X111.478 Y109.346 E4.05684
G1 X111.811 Y109.257 E4.06767
G1 X112.152 Y109.203 E4.07852
G1 X112.472 Y109.185 E4.08859
G1 X112.79 Y109.197 E4.09859
G1 X113.133 Y109.245 E4.10947
G1 X113.467 Y109.329 E4.12029
G1 X113.744 Y109.427 E4.12952
G1 X114.056 Y109.572 E4.14033
G1 X114.331 Y109.736 E4.15039
G1 X114.588 Y109.924 E4.1604
G1 X114.845 Y110.155 E4.17126
G1 X115.025 Y110.356 E4.17974
G1 X115.025 Y110.356 F12000
G1 X114.772 Y110.62
;TYPE:External perimeter
;WIDTH:0.4
G1 F3600
G1 X114.793 Y110.643 E4.18067
G1 X114.974 Y110.893 E4.18985
G1 X115.128 Y111.16 E4.19902
G1 X115.322 Y111.638 E4.21437
G1 X115.396 Y111.937 E4.22353
G1 X115.439 Y112.242 E4.23269
G1 X115.45 Y112.501 E4.2404
G1 X115.434 Y112.808 E4.24955
G1 X115.386 Y113.113 E4.25874
G1 X115.306 Y113.411 E4.26792
G1 X115.104 Y113.886 E4.28328
G1 X114.946 Y114.15 E4.29243
G1 X114.761 Y114.396 E4.30159
G1 X114.586 Y114.587 E4.3093
G1 X114.357 Y114.792 E4.31844
G1 X113.93 Y115.081 E4.33378
G1 X113.653 Y115.216 E4.34295
G1 X113.363 Y115.321 E4.35213
G1 X113.063 Y115.396 E4.36133
G1 X112.758 Y115.439 E4.37049
G1 X112.499 Y115.45 E4.3782
G1 X112.192 Y115.434 E4.38735
G1 X111.887 Y115.386 E4.39654
G1 X111.589 Y115.306 E4.40572
G1 X111.346 Y115.215 E4.41344
G1 X111.07 Y115.081 E4.42257
G1 X110.85 Y114.945 E4.43026
G1 X110.604 Y114.761 E4.4394
G1 X110.239 Y114.396 E4.45476
G1 X110.054 Y114.15 E4.46392
G1 X109.895 Y113.885 E4.47311
G1 X109.765 Y113.606 E4.48227
G1 X109.671 Y113.337 E4.49075
G1 X109.604 Y113.062 E4.49917
G1 X109.561 Y112.758 E4.5083
G1 X109.55 Y112.499 E4.51601
G1 X109.566 Y112.192 E4.52516
G1 X109.614 Y111.887 E4.53435
G1 X109.694 Y111.589 E4.54353
G1 X109.785 Y111.346 E4.55125
G1 X109.919 Y111.07 E4.56038
G1 X110.055 Y110.85 E4.56807
G1 X110.239 Y110.604 E4.57721
G1 X110.414 Y110.413 E4.58492
G1 X110.643 Y110.208 E4.59406
G1 X111.07 Y109.919 E4.6094
G1 X111.346 Y109.785 E4.61853
G1 X111.589 Y109.694 E4.62625
G1 X111.887 Y109.614 E4.63543
G1 X112.191 Y109.566 E4.64459
G1 X112.475 Y109.55 E4.65305
G1 X112.758 Y109.561 E4.66148
G1 X113.063 Y109.604 E4.67064
G1 X113.362 Y109.678 E4.6798
G1 X113.606 Y109.765 E4.68751
G1 X113.885 Y109.895 E4.69667
G1 X114.129 Y110.041 E4.70513
G1 X114.357 Y110.207 E4.71352
G1 X114.586 Y110.414 E4.7227
G1 X114.732 Y110.576 E4.72919
G1 X114.969 Y110.898 F12000
G1 E2.72919 F2400
G92 E0
G1 Z4.8 F12000
G1 X104.054 Y108.903
G1 Z4.4
G1 E2 F2400
;TYPE:Perimeter
;WIDTH:0.42
G1 F4800
G1 X104.08 Y108.835 E2.00229
G1 X104.474 Y108.035 E2.03031
G1 X104.97 Y107.241 E2.05973
G1 X105.472 Y106.588 E2.08561
G1 X106.112 Y105.901 E2.11512
G1 X106.729 Y105.355 E2.14101
G1 X107.488 Y104.804 E2.17048
G1 X108.198 Y104.385 E2.19639
G1 X109.046 Y103.99 E2.22579
G1 X109.896 Y103.694 E2.25407
G1 X110.762 Y103.482 E2.28209
G1 X111.685 Y103.352 E2.31138
G1 X112.584 Y103.317 E2.33965
G1 X113.474 Y103.367 E2.36766
G1 X114.398 Y103.514 E2.39706
G1 X115.196 Y103.72 E2.42296
G1 X116.089 Y104.045 E2.45282
G1 X116.94 Y104.46 E2.48257
G1 X117.705 Y104.934 E2.51085
G1 X118.415 Y105.474 E2.53888
G1 X119.099 Y106.112 E2.56827
G1 X119.645 Y106.729 E2.59416
G1 X120.196 Y107.488 E2.62363
G1 X120.615 Y108.198 E2.64954
G1 X121.011 Y109.049 E2.67904
G1 X121.286 Y109.826 E2.70494
G1 X121.516 Y110.747 E2.73477
G1 X121.595 Y111.222 E2.7499
G1 X121.65 Y111.699 E2.76499
G1 X121.683 Y112.646 E2.79477
G1 X121.625 Y113.536 E2.8228
G1 X121.482 Y114.413 E2.85072
G1 X121.28 Y115.196 E2.87613
G1 X120.959 Y116.078 E2.90563
G1 X120.604 Y116.822 E2.93154
G1 X120.115 Y117.636 E2.96138
G1 X119.835 Y118.028 E2.97652
G1 X119.536 Y118.404 E2.99162
G1 X118.888 Y119.099 E3.02148
G1 X118.271 Y119.645 E3.04737
G1 X117.502 Y120.203 E3.07723
G1 X116.68 Y120.678 E3.10706
G1 X115.94 Y121.015 E3.13261
G1 X115.174 Y121.287 E3.15815
G1 X114.253 Y121.516 E3.18797
G1 X113.778 Y121.595 E3.2031
G1 X113.301 Y121.65 E3.21819
G1 X112.821 Y121.679 E3.2333
G1 X112.34 Y121.683 E3.24842
G1 X111.392 Y121.617 E3.27828
G1 X110.591 Y121.483 E3.3038
G1 X109.804 Y121.28 E3.32934
G1 X108.911 Y120.955 E3.3592
G1 X108.474 Y120.755 E3.3743
G1 X108.047 Y120.533 E3.38942
G1 X107.244 Y120.032 E3.41916
G1 X106.533 Y119.481 E3.44743
G1 X105.892 Y118.877 E3.47511
G1 X105.355 Y118.271 E3.50055
G1 X104.797 Y117.502 E3.53041
G1 X104.322 Y116.68 E3.56024
G1 X103.98 Y115.93 E3.58614
G1 X103.675 Y115.046 E3.61553
G1 X103.47 Y114.17 E3.6438
G1 X103.349 Y113.286 E3.67184
G1 X103.317 Y112.34 E3.70159
G1 X103.383 Y111.392 E3.73145
G1 X103.519 Y110.579 E3.75735
G1 X103.761 Y109.676 E3.78673
G1 X104.033 Y108.959 E3.81083
G1 X104.033 Y108.959 F12000
G1 X103.703 Y108.77
G1 F4800
G1 X103.736 Y108.685 E3.8137
G1 X104.144 Y107.856 E3.84274
G1 X104.393 Y107.434 E3.85814
G1 X104.665 Y107.024 E3.8736
G1 X105.182 Y106.349 E3.90032
G1 X105.508 Y105.98 E3.91579
G1 X105.853 Y105.629 E3.93126
G1 X106.49 Y105.066 E3.95798
G1 X106.881 Y104.766 E3.97347
G1 X107.287 Y104.487 E3.98895
G1 X108.019 Y104.056 E4.01564
G1 X108.46 Y103.836 E4.03113
G1 X108.909 Y103.641 E4.04651
G1 X109.789 Y103.334 E4.0758
G1 X110.686 Y103.114 E4.10482
G1 X111.17 Y103.033 E4.12024
G1 X111.656 Y102.978 E4.13561
G1 X112.587 Y102.942 E4.16489
G1 X113.51 Y102.994 E4.19394
G1 X113.995 Y103.058 E4.20931
G1 X114.479 Y103.148 E4.22478
G1 X115.303 Y103.361 E4.25153
G1 X115.77 Y103.517 E4.267
G1 X116.235 Y103.7 E4.2827
G1 X116.691 Y103.908 E4.29845
G1 X117.125 Y104.134 E4.31383
G1 X117.917 Y104.625 E4.34311
G1 X118.653 Y105.184 E4.37215
G1 X119.02 Y105.508 E4.38753
G1 X119.371 Y105.853 E4.403
G1 X119.934 Y106.49 E4.42972
G1 X120.234 Y106.881 E4.44521
G1 X120.513 Y107.287 E4.46069
G1 X120.944 Y108.019 E4.48738
G1 X121.164 Y108.46 E4.50287
G1 X121.36 Y108.911 E4.51832
G1 X121.644 Y109.713 E4.54506
G1 X121.776 Y110.187 E4.56052
G1 X121.884 Y110.676 E4.57626
G1 X121.967 Y111.17 E4.592
G1 X122.023 Y111.667 E4.60772
G1 X122.054 Y112.166 E4.62343
G1 X122.058 Y112.656 E4.63883
G1 X121.998 Y113.578 E4.66787
G1 X121.85 Y114.49 E4.6969
G1 X121.639 Y115.303 E4.7233
G1 X121.483 Y115.77 E4.73877
G1 X121.303 Y116.228 E4.75423
G1 X120.937 Y116.995 E4.78094
G1 X120.694 Y117.424 E4.79643
G1 X120.425 Y117.846 E4.81216
G1 X120.135 Y118.253 E4.82786
G1 X119.823 Y118.645 E4.8436
G1 X119.492 Y119.02 E4.85932
G1 X119.147 Y119.371 E4.87479
G1 X118.51 Y119.934 E4.90151
G1 X118.119 Y120.234 E4.917
G1 X117.707 Y120.518 E4.93273
G1 X117.28 Y120.779 E4.94846
G1 X116.847 Y121.014 E4.96394
G1 X116.081 Y121.363 E4.99039
G1 X115.287 Y121.644 E5.01686
G1 X114.813 Y121.776 E5.03232
G1 X114.324 Y121.884 E5.04806
G1 X113.83 Y121.967 E5.0638
G1 X113.333 Y122.023 E5.07952
G1 X112.834 Y122.054 E5.09523
G1 X112.333 Y122.058 E5.11097
G1 X111.833 Y122.037 E5.1267
G1 X111.343 Y121.989 E5.14217
G1 X110.513 Y121.85 E5.16862
G1 X109.697 Y121.639 E5.19511
G1 X109.23 Y121.483 E5.21058
G1 X108.765 Y121.3 E5.22628
G1 X108.309 Y121.092 E5.24203
G1 X107.865 Y120.861 E5.25776
G1 X107.434 Y120.607 E5.27348
G1 X107.025 Y120.337 E5.28888
G1 X106.289 Y119.766 E5.31815
G1 X105.622 Y119.139 E5.34692
G1 X105.066 Y118.51 E5.3733
G1 X104.766 Y118.119 E5.38879
G1 X104.482 Y117.707 E5.40452
G1 X104.221 Y117.28 E5.42025
G1 X103.986 Y116.847 E5.43573
G1 X103.633 Y116.073 E5.46246
G1 X103.461 Y115.612 E5.47792
G1 X103.314 Y115.145 E5.49331
G1 X103.101 Y114.238 E5.52259
G1 X102.976 Y113.323 E5.55161
G1 X102.946 Y112.834 E5.56701
G1 X102.942 Y112.333 E5.58275
G1 X102.963 Y111.833 E5.59848
G1 X103.011 Y111.343 E5.61395
G1 X103.151 Y110.504 E5.64068
G1 X103.266 Y110.026 E5.65613
G1 X103.405 Y109.556 E5.67153
G1 X103.682 Y108.826 E5.69607
G1 X103.682 Y108.826 F12000
G1 X103.353 Y108.637
G1 F4800
G1 X103.392 Y108.535 E5.6995
G1 X103.814 Y107.678 E5.72952
G1 X104.075 Y107.235 E5.74568
G1 X104.359 Y106.806 E5.76185
G1 X104.893 Y106.11 E5.78942
G1 X105.234 Y105.724 E5.80561
G1 X105.595 Y105.357 E5.82179
G1 X106.252 Y104.776 E5.84935
G1 X106.66 Y104.463 E5.86551
G1 X107.085 Y104.171 E5.88171
G1 X107.84 Y103.726 E5.90925
G1 X108.301 Y103.496 E5.92544
G1 X108.773 Y103.291 E5.94161
G1 X109.682 Y102.974 E5.97186
G1 X110.61 Y102.747 E6.00188
G1 X111.117 Y102.662 E6.01803
G1 X111.628 Y102.604 E6.03419
G1 X112.591 Y102.566 E6.06448
G1 X113.545 Y102.62 E6.09451
G1 X114.054 Y102.687 E6.11064
G1 X114.561 Y102.781 E6.12684
G1 X115.409 Y103.001 E6.15437
G1 X115.898 Y103.164 E6.17057
G1 X116.382 Y103.355 E6.18692
G1 X116.855 Y103.571 E6.20326
G1 X117.311 Y103.808 E6.21941
G1 X118.13 Y104.315 E6.24968
G1 X118.891 Y104.894 E6.27973
G1 X119.276 Y105.234 E6.29587
G1 X119.643 Y105.595 E6.31205
G1 X120.224 Y106.252 E6.33961
G1 X120.537 Y106.66 E6.35577
G1 X120.829 Y107.085 E6.37197
G1 X121.274 Y107.84 E6.39951
G1 X121.504 Y108.301 E6.4157
G1 X121.709 Y108.774 E6.4319
G1 X122.002 Y109.6 E6.45944
G1 X122.14 Y110.097 E6.47565
G1 X122.252 Y110.604 E6.49197
G1 X122.338 Y111.117 E6.50832
G1 X122.397 Y111.634 E6.52467
G1 X122.429 Y112.153 E6.54101
G1 X122.433 Y112.667 E6.55716
G1 X122.371 Y113.621 E6.5872
G1 X122.217 Y114.567 E6.61732
G1 X121.999 Y115.409 E6.64465
G1 X121.836 Y115.898 E6.66085
G1 X121.647 Y116.377 E6.67703
G1 X121.27 Y117.168 E6.70457
G1 X121.016 Y117.617 E6.72078
G1 X120.736 Y118.055 E6.73712
G1 X120.434 Y118.479 E6.75348
G1 X120.111 Y118.886 E6.76981
G1 X119.766 Y119.276 E6.78617
G1 X119.405 Y119.643 E6.80235
G1 X118.748 Y120.224 E6.82991
G1 X118.34 Y120.537 E6.84607
G1 X117.911 Y120.832 E6.86243
G1 X117.467 Y121.104 E6.87879
G1 X117.015 Y121.35 E6.89496
G1 X116.222 Y121.711 E6.92234
G1 X115.4 Y122.002 E6.94974
G1 X114.903 Y122.14 E6.96595
G1 X114.396 Y122.252 E6.98227
G1 X113.883 Y122.338 E6.99862
G1 X113.366 Y122.397 E7.01497
G1 X112.847 Y122.429 E7.03131
G1 X112.327 Y122.433 E7.04765
G1 X111.807 Y122.411 E7.06401
G1 X111.294 Y122.361 E7.08021
G1 X110.435 Y122.217 E7.10758
G1 X109.591 Y121.999 E7.13497
G1 X109.102 Y121.836 E7.15117
G1 X108.618 Y121.645 E7.16752
G1 X108.145 Y121.429 E7.18386
G1 X107.683 Y121.189 E7.20022
G1 X107.235 Y120.925 E7.21656
G1 X106.807 Y120.642 E7.23268
G1 X106.045 Y120.051 E7.26298
G1 X105.353 Y119.4 E7.29284
G1 X104.776 Y118.748 E7.3202
G1 X104.463 Y118.34 E7.33636
G1 X104.168 Y117.911 E7.35272
G1 X103.896 Y117.467 E7.36908
G1 X103.65 Y117.015 E7.38525
G1 X103.287 Y116.217 E7.4128
G1 X103.106 Y115.734 E7.42901
G1 X102.952 Y115.244 E7.44515
G1 X102.732 Y114.306 E7.47543
G1 X102.603 Y113.36 E7.50543
G1 X102.571 Y112.847 E7.52158
G1 X102.567 Y112.327 E7.53792
G1 X102.589 Y111.807 E7.55428
G1 X102.639 Y111.294 E7.57048
G1 X102.783 Y110.43 E7.59801
G1 X102.904 Y109.929 E7.61421
G1 X103.05 Y109.436 E7.63037
G1 X103.332 Y108.693 E7.65534
G1 X103.332 Y108.693 F12000
G1 X103.012 Y108.507
;TYPE:External perimeter
;WIDTH:0.4
G1 F2400
G1 X103.057 Y108.389 E7.6591
G1 X103.493 Y107.505 E7.68842
G1 X103.765 Y107.042 E7.70439
G1 X104.062 Y106.594 E7.72038
G1 X104.611 Y105.878 E7.74722
G1 X104.967 Y105.475 E7.76322
G1 X105.344 Y105.092 E7.77921
G1 X106.019 Y104.494 E7.80604
G1 X106.446 Y104.167 E7.82204
G1 X106.889 Y103.863 E7.83802
G1 X107.666 Y103.405 E7.86485
G1 X108.147 Y103.165 E7.88084
G1 X108.64 Y102.951 E7.89683
G1 X109.579 Y102.624 E7.92641
G1 X110.537 Y102.389 E7.95575
G1 X111.067 Y102.3 E7.97174
G1 X111.6 Y102.24 E7.9877
G1 X112.594 Y102.201 E8.01729
G1 X113.579 Y102.257 E8.04664
G1 X114.111 Y102.327 E8.0626
G1 X114.64 Y102.425 E8.0786
G1 X115.513 Y102.651 E8.10543
G1 X116.023 Y102.821 E8.12142
G1 X116.525 Y103.019 E8.13747
G1 X117.015 Y103.242 E8.15349
G1 X117.492 Y103.49 E8.16948
G1 X118.337 Y104.014 E8.19906
G1 X119.122 Y104.611 E8.2284
G1 X119.525 Y104.967 E8.2444
G1 X119.908 Y105.344 E8.26039
G1 X120.506 Y106.019 E8.28722
G1 X120.833 Y106.446 E8.30322
G1 X121.137 Y106.889 E8.3192
G1 X121.595 Y107.666 E8.34603
G1 X121.835 Y108.147 E8.36202
G1 X122.049 Y108.64 E8.37801
G1 X122.35 Y109.49 E8.40484
G1 X122.494 Y110.008 E8.42083
G1 X122.611 Y110.535 E8.43689
G1 X122.7 Y111.067 E8.45294
G1 X122.761 Y111.602 E8.46896
G1 X122.794 Y112.141 E8.48502
G1 X122.798 Y112.678 E8.501
G1 X122.734 Y113.662 E8.53033
G1 X122.575 Y114.642 E8.55987
G1 X122.349 Y115.513 E8.58664
G1 X122.179 Y116.023 E8.60263
G1 X121.982 Y116.523 E8.61862
G1 X121.593 Y117.337 E8.64546
G1 X121.329 Y117.805 E8.66144
G1 X121.039 Y118.26 E8.67749
G1 X120.726 Y118.699 E8.69353
G1 X120.39 Y119.121 E8.70958
G1 X120.033 Y119.525 E8.72562
G1 X119.656 Y119.908 E8.74161
G1 X118.981 Y120.506 E8.76844
G1 X118.554 Y120.833 E8.78444
G1 X118.11 Y121.138 E8.80046
G1 X117.65 Y121.42 E8.81651
G1 X117.178 Y121.676 E8.83248
G1 X116.358 Y122.05 E8.85929
G1 X115.51 Y122.35 E8.88605
G1 X114.992 Y122.494 E8.90204
G1 X114.465 Y122.611 E8.9181
G1 X113.933 Y122.7 E8.93415
G1 X113.398 Y122.761 E8.95017
G1 X112.859 Y122.794 E8.96623
G1 X112.32 Y122.798 E8.98227
G1 X111.781 Y122.775 E8.99832
G1 X111.247 Y122.723 E9.01428
G1 X110.359 Y122.575 E9.04106
G1 X109.487 Y122.349 E9.06786
G1 X108.977 Y122.179 E9.08385
G1 X108.476 Y121.981 E9.09988
G1 X107.985 Y121.758 E9.11592
G1 X107.506 Y121.509 E9.13198
G1 X107.042 Y121.235 E9.14801
G1 X106.594 Y120.938 E9.164
G1 X105.808 Y120.329 E9.19358
G1 X105.091 Y119.654 E9.22287
G1 X104.494 Y118.981 E9.24963
G1 X104.167 Y118.554 E9.26563
G1 X103.862 Y118.11 E9.28165
G1 X103.58 Y117.65 E9.2977
G1 X103.324 Y117.178 E9.31367
G1 X102.949 Y116.357 E9.34052
G1 X102.761 Y115.853 E9.35652
G1 X102.6 Y115.341 E9.37249
G1 X102.372 Y114.373 E9.40207
G1 X102.239 Y113.396 E9.4314
G1 X102.206 Y112.859 E9.44741
G1 X102.202 Y112.32 E9.46345
G1 X102.225 Y111.781 E9.4795
G1 X102.277 Y111.246 E9.49549
G1 X102.426 Y110.357 E9.52231
G1 X102.551 Y109.834 E9.53831
G1 X102.704 Y109.319 E9.55429
G1 X102.99 Y108.563 E9.57834
G1 X103.153 Y108.198 F12000
;LAYER_CHANGE
;Z:4.61
;HEIGHT:0.21
G1 Z4.61 F12000
G1 E7.57834 F2400
G92 E0
G1 Z5.01 F12000
G1 X103.714 Y110.682
G1 Z4.61
G1 E2 F2400
G92 E0
;TYPE:Internal infill
;WIDTH:0.42
G1 F6000
G1 X110.683 Y103.713 E.30972
G1 E-1.69028 F2400
G92 E0
G1 X110.683 Y103.713 Z5.01 F12000
G1 X109.389 Y120.913
G1 Z4.61
G1 E2 F2400
G1 F6000
G1 X113.47 Y116.833 E2.18135
G1 X112.578 Y116.941 E2.20959
G1 X112.116 Y116.925 E2.22412
G1 X111.272 Y116.769 E2.25109
G1 X110.839 Y116.62 E2.26548
G1 X110.078 Y116.223 E2.29245
G1 X109.361 Y115.639 E2.32151
G1 X106.271 Y118.729 E2.45884
G1 X105.746 Y118.155 E2.48329
G1 X105.197 Y117.426 E2.51197
G1 X104.729 Y116.648 E2.5405
G1 X104.221 Y115.477 E2.58061
G1 X108.171 Y111.527 E2.75616
G1 X108.385 Y110.829 E2.7791
G1 X108.575 Y110.421 E2.79324
G1 X109.044 Y109.711 E2.81998
G1 X109.31 Y109.409 E2.83263
G1 X109.645 Y109.097 E2.84702
G1 X110.381 Y108.597 E2.87498
G1 X110.768 Y108.41 E2.88849
G1 X111.53 Y108.168 E2.91361
G1 X115.476 Y104.221 E3.089
G1 X116.703 Y104.759 E3.1311
G1 X117.429 Y105.2 E3.15779
G1 X118.051 Y105.66 E3.1821
G1 X118.728 Y106.272 E3.21078
G1 X115.639 Y109.361 E3.34806
G1 X116.14 Y109.955 E3.37248
G1 X116.381 Y110.34 E3.38675
G1 X116.725 Y111.127 E3.41374
G1 X116.909 Y111.966 E3.44073
G1 X116.941 Y112.422 E3.4551
G1 X116.828 Y113.475 E3.48838
G1 X120.781 Y109.521 E3.66408
G1 X121.145 Y110.809 E3.70614
G1 X121.262 Y111.589 E3.73093
G1 X121.309 Y112.49 E3.75928
G1 X121.275 Y113.278 E3.78407
G1 X121.056 Y114.549 E3.8246
G1 X114.317 Y121.288 E4.12409
G1 E2.12409 F2400
G92 E0
G1 X114.317 Y121.288 Z5.01 F12000
G1 X115.558 Y109.823
G1 Z4.61
G1 E2 F2400
;TYPE:Perimeter
G1 F3600
G1 X115.592 Y109.859 E2.00156
G1 X115.833 Y110.17 E2.01392
G1 X116.054 Y110.524 E2.02703
G1 X116.217 Y110.851 E2.03851
G1 X116.368 Y111.243 E2.05171
G1 X116.476 Y111.649 E2.06491
G1 X116.537 Y112.01 E2.07642
G1 X116.566 Y112.429 E2.08962
G1 X116.551 Y112.849 E2.10283
G1 X116.504 Y113.212 E2.11433
G1 X116.409 Y113.621 E2.12753
G1 X116.271 Y114.021 E2.14083
G1 X116.107 Y114.378 E2.15318
G1 X115.909 Y114.717 E2.16552
G1 X115.664 Y115.055 E2.17864
G1 X115.421 Y115.329 E2.19015
G1 X115.118 Y115.611 E2.20316
G1 X114.828 Y115.834 E2.21466
G1 X114.476 Y116.054 E2.2277
G1 X114.149 Y116.217 E2.23918
G1 X113.757 Y116.368 E2.25238
G1 X113.351 Y116.476 E2.26558
G1 X112.99 Y116.537 E2.27709
G1 X112.571 Y116.566 E2.29029
G1 X112.148 Y116.551 E2.30359
G1 X111.759 Y116.498 E2.31593
G1 X111.377 Y116.408 E2.32826
G1 X110.979 Y116.271 E2.34149
G1 X110.622 Y116.107 E2.35384
G1 X110.283 Y115.909 E2.36618
G1 X109.945 Y115.664 E2.3793
G1 X109.671 Y115.421 E2.39081
G1 X109.385 Y115.114 E2.404
G1 X109.13 Y114.776 E2.41731
G1 X108.927 Y114.44 E2.42965
G1 X108.756 Y114.086 E2.442
G1 X108.613 Y113.694 E2.45511
G1 X108.521 Y113.34 E2.4666
G1 X108.457 Y112.931 E2.47961
G1 X108.434 Y112.565 E2.49113
G1 X108.449 Y112.146 E2.50431
G1 X108.508 Y111.724 E2.5177
G1 X108.61 Y111.317 E2.53089
G1 X108.732 Y110.971 E2.54242
G1 X108.907 Y110.596 E2.55542
G1 X109.093 Y110.28 E2.56694
G1 X109.336 Y109.945 E2.57995
G1 X109.579 Y109.671 E2.59146
G1 X109.886 Y109.385 E2.60465
G1 X110.224 Y109.13 E2.61796
G1 X110.56 Y108.927 E2.6303
G1 X110.914 Y108.756 E2.64265
G1 X111.306 Y108.613 E2.65576
G1 X111.66 Y108.521 E2.66725
G1 X112.072 Y108.456 E2.68036
G1 X112.464 Y108.434 E2.6927
G1 X112.857 Y108.449 E2.70506
G1 X113.276 Y108.508 E2.71836
G1 X113.683 Y108.61 E2.73155
G1 X114.029 Y108.732 E2.74308
G1 X114.404 Y108.907 E2.75608
G1 X114.719 Y109.093 E2.76758
G1 X115.055 Y109.336 E2.78061
G1 X115.327 Y109.577 E2.79203
G1 X115.517 Y109.779 E2.80074
G1 X115.517 Y109.779 F12000
G1 X115.284 Y110.079
G1 F3600
G1 X115.307 Y110.103 E2.80178
G1 X115.525 Y110.384 E2.81296
G1 X115.726 Y110.707 E2.82492
G1 X115.874 Y111.003 E2.83532
G1 X116.011 Y111.359 E2.84731
G1 X116.109 Y111.729 E2.85934
G1 X116.164 Y112.054 E2.8697
G1 X116.191 Y112.436 E2.88173
G1 X116.177 Y112.818 E2.89374
G1 X116.134 Y113.145 E2.9041
G1 X116.048 Y113.517 E2.9161
G1 X115.923 Y113.881 E2.92819
G1 X115.774 Y114.204 E2.93937
G1 X115.595 Y114.512 E2.95056
G1 X115.371 Y114.82 E2.96253
G1 X115.152 Y115.067 E2.9729
G1 X114.876 Y115.325 E2.98477
G1 X114.614 Y115.526 E2.99515
G1 X114.293 Y115.726 E3.00704
G1 X113.997 Y115.874 E3.01744
G1 X113.641 Y116.011 E3.02943
G1 X113.271 Y116.109 E3.04146
G1 X112.946 Y116.164 E3.05182
G1 X112.564 Y116.191 E3.06385
G1 X112.18 Y116.177 E3.07593
G1 X111.827 Y116.129 E3.08713
G1 X111.481 Y116.048 E3.0983
G1 X111.119 Y115.923 E3.11034
G1 X110.796 Y115.774 E3.12152
G1 X110.488 Y115.595 E3.13271
G1 X110.18 Y115.371 E3.14468
G1 X109.933 Y115.152 E3.15505
G1 X109.672 Y114.873 E3.16706
G1 X109.441 Y114.566 E3.17913
G1 X109.256 Y114.261 E3.19034
G1 X109.102 Y113.94 E3.20153
G1 X108.972 Y113.583 E3.21347
G1 X108.889 Y113.263 E3.22386
G1 X108.83 Y112.89 E3.23573
G1 X108.81 Y112.56 E3.24612
G1 X108.823 Y112.178 E3.25813
G1 X108.877 Y111.796 E3.27025
G1 X108.969 Y111.425 E3.28226
G1 X109.079 Y111.113 E3.29266
G1 X109.239 Y110.771 E3.30453
G1 X109.407 Y110.486 E3.31493
G1 X109.629 Y110.18 E3.32681
G1 X109.848 Y109.933 E3.33718
G1 X110.127 Y109.672 E3.34919
G1 X110.434 Y109.441 E3.36126
G1 X110.739 Y109.256 E3.37247
G1 X111.06 Y109.102 E3.38366
G1 X111.417 Y108.972 E3.3956
G1 X111.737 Y108.889 E3.40599
G1 X112.112 Y108.829 E3.41792
G1 X112.468 Y108.809 E3.42913
G1 X112.824 Y108.823 E3.44033
G1 X113.204 Y108.877 E3.45239
G1 X113.575 Y108.969 E3.4644
G1 X113.887 Y109.079 E3.4748
G1 X114.229 Y109.239 E3.48667
G1 X114.514 Y109.407 E3.49707
G1 X114.82 Y109.629 E3.50895
G1 X115.066 Y109.847 E3.51928
G1 X115.243 Y110.035 E3.52739
G1 X115.243 Y110.035 F12000
G1 X115.01 Y110.335
G1 F3600
G1 X115.021 Y110.347 E3.5279
G1 X115.217 Y110.599 E3.53793
G1 X115.399 Y110.89 E3.54872
G1 X115.53 Y111.154 E3.55798
G1 X115.653 Y111.475 E3.56878
G1 X115.743 Y111.808 E3.57962
G1 X115.791 Y112.098 E3.58886
G1 X115.815 Y112.442 E3.5997
G1 X115.803 Y112.787 E3.61055
G1 X115.765 Y113.078 E3.61977
G1 X115.687 Y113.414 E3.63061
G1 X115.575 Y113.741 E3.64147
G1 X115.441 Y114.031 E3.65151
G1 X115.28 Y114.307 E3.66155
G1 X115.078 Y114.585 E3.67235
G1 X114.883 Y114.805 E3.68159
G1 X114.633 Y115.038 E3.69233
G1 X114.4 Y115.217 E3.70156
G1 X114.11 Y115.399 E3.71232
G1 X113.846 Y115.53 E3.72158
G1 X113.525 Y115.653 E3.73238
G1 X113.192 Y115.743 E3.74322
G1 X112.902 Y115.791 E3.75246
G1 X112.558 Y115.815 E3.7633
G1 X112.212 Y115.803 E3.77418
G1 X111.896 Y115.76 E3.7842
G1 X111.585 Y115.687 E3.79424
G1 X111.259 Y115.575 E3.80507
G1 X110.969 Y115.441 E3.81511
G1 X110.693 Y115.28 E3.82515
G1 X110.415 Y115.078 E3.83595
G1 X110.195 Y114.883 E3.84519
G1 X109.96 Y114.631 E3.85602
G1 X109.752 Y114.355 E3.86688
G1 X109.586 Y114.082 E3.87692
G1 X109.447 Y113.794 E3.88697
G1 X109.33 Y113.472 E3.89774
G1 X109.256 Y113.187 E3.90699
G1 X109.203 Y112.849 E3.91774
G1 X109.185 Y112.555 E3.927
G1 X109.197 Y112.211 E3.93782
G1 X109.245 Y111.867 E3.94874
G1 X109.329 Y111.533 E3.95956
G1 X109.427 Y111.256 E3.96879
G1 X109.571 Y110.946 E3.97953
G1 X109.721 Y110.692 E3.9888
G1 X109.922 Y110.415 E3.99956
G1 X110.117 Y110.195 E4.0088
G1 X110.369 Y109.96 E4.01963
G1 X110.645 Y109.752 E4.03049
G1 X110.918 Y109.586 E4.04053
G1 X111.206 Y109.447 E4.05058
G1 X111.528 Y109.33 E4.06135
G1 X111.813 Y109.256 E4.0706
G1 X112.152 Y109.203 E4.08138
G1 X112.471 Y109.185 E4.09142
G1 X112.79 Y109.197 E4.10145
G1 X113.133 Y109.245 E4.11233
G1 X113.467 Y109.329 E4.12315
G1 X113.744 Y109.427 E4.13238
G1 X114.054 Y109.571 E4.14312
G1 X114.308 Y109.721 E4.15239
G1 X114.585 Y109.922 E4.16315
G1 X114.804 Y110.116 E4.17234
G1 X114.969 Y110.291 E4.1799
G1 X114.969 Y110.291 F12000
G1 X114.77 Y110.618
;TYPE:External perimeter
;WIDTH:0.4
G1 F3600
G1 X114.917 Y110.808 E4.18705
G1 X115.08 Y111.069 E4.1962
G1 X115.196 Y111.301 E4.20392
G1 X115.306 Y111.588 E4.21306
G1 X115.386 Y111.886 E4.22224
G1 X115.428 Y112.141 E4.22993
G1 X115.45 Y112.449 E4.23912
G1 X115.439 Y112.756 E4.24826
G1 X115.405 Y113.013 E4.25597
G1 X115.336 Y113.313 E4.26513
G1 X115.236 Y113.605 E4.27431
G1 X115.117 Y113.862 E4.28274
G1 X114.974 Y114.107 E4.29118
G1 X114.793 Y114.356 E4.30034
G1 X114.622 Y114.55 E4.30803
G1 X114.397 Y114.759 E4.31717
G1 X114.191 Y114.917 E4.32489
G1 X113.931 Y115.08 E4.33402
G1 X113.699 Y115.196 E4.34174
G1 X113.412 Y115.306 E4.35088
G1 X113.114 Y115.386 E4.36006
G1 X112.859 Y115.428 E4.36775
G1 X112.551 Y115.45 E4.37694
G1 X112.243 Y115.439 E4.38611
G1 X111.962 Y115.401 E4.39455
G1 X111.686 Y115.336 E4.40299
G1 X111.395 Y115.236 E4.41214
G1 X111.138 Y115.117 E4.42057
G1 X110.893 Y114.974 E4.42901
G1 X110.644 Y114.793 E4.43817
G1 X110.45 Y114.622 E4.44586
G1 X110.24 Y114.396 E4.45504
G1 X110.054 Y114.15 E4.46421
G1 X109.907 Y113.908 E4.47263
G1 X109.784 Y113.652 E4.48108
G1 X109.679 Y113.363 E4.49023
G1 X109.614 Y113.113 E4.49791
G1 X109.566 Y112.809 E4.50707
G1 X109.55 Y112.551 E4.51476
G1 X109.561 Y112.243 E4.52393
G1 X109.604 Y111.937 E4.53312
G1 X109.678 Y111.638 E4.54228
G1 X109.765 Y111.394 E4.54999
G1 X109.895 Y111.116 E4.55912
G1 X110.026 Y110.892 E4.56684
G1 X110.207 Y110.644 E4.57597
G1 X110.378 Y110.45 E4.58366
G1 X110.604 Y110.24 E4.59284
G1 X110.85 Y110.054 E4.60201
G1 X111.092 Y109.907 E4.61043
G1 X111.348 Y109.784 E4.61888
G1 X111.637 Y109.679 E4.62803
G1 X111.887 Y109.614 E4.63571
G1 X112.191 Y109.566 E4.64487
G1 X112.474 Y109.55 E4.6533
G1 X112.758 Y109.561 E4.66176
G1 X113.063 Y109.604 E4.67092
G1 X113.362 Y109.678 E4.68008
G1 X113.606 Y109.765 E4.68779
G1 X113.884 Y109.895 E4.69692
G1 X114.108 Y110.026 E4.70464
G1 X114.356 Y110.207 E4.71377
G1 X114.731 Y110.572 E4.72934
G1 X114.967 Y110.896 F12000
G1 E2.72934 F2400
G92 E0
G1 Z5.01 F12000
G1 X104.02 Y108.983
G1 Z4.61
G1 E2 F2400
;TYPE:Perimeter
;WIDTH:0.42
G1 F4800
G1 X104.354 Y108.26 E2.02503
G1 X104.805 Y107.486 E2.05318
G1 X105.362 Y106.72 E2.08294
G1 X105.674 Y106.354 E2.09805
G1 X106.005 Y106.005 E2.11317
G1 X106.709 Y105.372 E2.14292
G1 X107.431 Y104.842 E2.17107
G1 X108.201 Y104.384 E2.19922
G1 X109.049 Y103.989 E2.22862
G1 X109.826 Y103.714 E2.25452
G1 X110.747 Y103.484 E2.28435
G1 X111.685 Y103.352 E2.31412
G1 X112.58 Y103.317 E2.34227
G1 X113.475 Y103.367 E2.37044
G1 X114.398 Y103.514 E2.39981
G1 X115.196 Y103.72 E2.42571
G1 X116.075 Y104.04 E2.45511
G1 X116.882 Y104.429 E2.48326
G1 X117.638 Y104.888 E2.51105
G1 X118.289 Y105.37 E2.5365
G1 X118.984 Y105.995 E2.56587
G1 X119.586 Y106.659 E2.59404
G1 X120.122 Y107.376 E2.62217
G1 X120.61 Y108.188 E2.65194
G1 X121.011 Y109.049 E2.68179
G1 X121.286 Y109.826 E2.70769
G1 X121.514 Y110.736 E2.73717
G1 X121.635 Y111.551 E2.76306
G1 X121.684 Y112.489 E2.79258
G1 X121.648 Y113.312 E2.81847
G1 X121.516 Y114.253 E2.84833
G1 X121.286 Y115.174 E2.87816
G1 X121.015 Y115.94 E2.90369
G1 X120.678 Y116.68 E2.92924
G1 X120.203 Y117.502 E2.95907
G1 X119.931 Y117.899 E2.97419
G1 X119.638 Y118.28 E2.98929
G1 X119.003 Y118.986 E3.01913
G1 X118.395 Y119.543 E3.04504
G1 X117.636 Y120.114 E3.07489
G1 X116.825 Y120.602 E3.10463
G1 X116.014 Y120.984 E3.1328
G1 X115.171 Y121.287 E3.16095
G1 X114.264 Y121.514 E3.19033
G1 X113.449 Y121.635 E3.21622
G1 X112.5 Y121.685 E3.24608
G1 X111.551 Y121.635 E3.27594
G1 X110.736 Y121.514 E3.30183
G1 X109.826 Y121.286 E3.33131
G1 X109.049 Y121.011 E3.35721
G1 X108.188 Y120.61 E3.38706
G1 X107.374 Y120.121 E3.4169
G1 X106.711 Y119.63 E3.44283
G1 X106.014 Y119.003 E3.47229
G1 X105.457 Y118.395 E3.4982
G1 X104.885 Y117.636 E3.52807
G1 X104.398 Y116.825 E3.5578
G1 X104.016 Y116.014 E3.58597
G1 X103.713 Y115.171 E3.61412
G1 X103.486 Y114.264 E3.6435
G1 X103.365 Y113.449 E3.66939
G1 X103.316 Y112.515 E3.69878
G1 X103.359 Y111.62 E3.72694
G1 X103.485 Y110.748 E3.75463
G1 X103.695 Y109.892 E3.78233
G1 X103.985 Y109.06 E3.81002
G1 X103.995 Y109.038 E3.81078
G1 X103.995 Y109.038 F12000
G1 X103.68 Y108.826
G1 F4800
G1 X104.021 Y108.086 E3.83638
G1 X104.488 Y107.285 E3.86552
G1 X104.766 Y106.881 E3.88093
G1 X105.071 Y106.484 E3.89666
G1 X105.396 Y106.103 E3.9124
G1 X105.74 Y105.74 E3.92812
G1 X106.103 Y105.396 E3.94384
G1 X106.476 Y105.077 E3.95926
G1 X107.224 Y104.529 E3.9884
G1 X108.021 Y104.055 E4.01754
G1 X108.46 Y103.836 E4.03296
G1 X108.911 Y103.64 E4.04841
G1 X109.713 Y103.356 E4.07515
G1 X110.187 Y103.224 E4.09061
G1 X110.676 Y103.116 E4.10635
G1 X111.17 Y103.033 E4.12209
G1 X111.656 Y102.978 E4.13746
G1 X112.583 Y102.942 E4.16661
G1 X113.51 Y102.994 E4.19579
G1 X113.996 Y103.058 E4.21119
G1 X114.479 Y103.148 E4.22663
G1 X115.303 Y103.361 E4.25338
G1 X115.77 Y103.517 E4.26885
G1 X116.226 Y103.696 E4.28424
G1 X117.061 Y104.1 E4.31339
G1 X117.847 Y104.576 E4.34227
G1 X118.522 Y105.076 E4.36867
G1 X118.897 Y105.396 E4.38416
G1 X119.252 Y105.733 E4.39954
G1 X119.876 Y106.42 E4.42871
G1 X120.431 Y107.163 E4.45785
G1 X120.694 Y107.576 E4.47324
G1 X120.941 Y108.012 E4.48899
G1 X121.164 Y108.46 E4.50472
G1 X121.36 Y108.911 E4.52017
G1 X121.644 Y109.713 E4.54691
G1 X121.776 Y110.187 E4.56237
G1 X121.882 Y110.668 E4.57785
G1 X122.008 Y111.509 E4.60457
G1 X122.047 Y112 E4.62005
G1 X122.06 Y112.492 E4.63552
G1 X122.023 Y113.341 E4.66223
G1 X121.967 Y113.83 E4.6777
G1 X121.884 Y114.324 E4.69344
G1 X121.776 Y114.813 E4.70918
G1 X121.644 Y115.287 E4.72464
G1 X121.363 Y116.081 E4.75111
G1 X121.014 Y116.847 E4.77756
G1 X120.779 Y117.28 E4.79304
G1 X120.518 Y117.707 E4.80877
G1 X120.234 Y118.119 E4.8245
G1 X119.929 Y118.516 E4.84023
G1 X119.604 Y118.897 E4.85597
G1 X119.265 Y119.254 E4.87144
G1 X118.639 Y119.828 E4.89813
G1 X118.253 Y120.135 E4.91363
G1 X117.846 Y120.425 E4.92933
G1 X117.424 Y120.694 E4.94506
G1 X116.997 Y120.936 E4.96048
G1 X116.158 Y121.331 E4.98962
G1 X115.285 Y121.645 E5.01877
G1 X114.813 Y121.776 E5.03416
G1 X114.332 Y121.882 E5.04964
G1 X113.491 Y122.008 E5.07636
G1 X113 Y122.047 E5.09184
G1 X112.5 Y122.06 E5.10756
G1 X112 Y122.047 E5.12328
G1 X111.509 Y122.008 E5.13876
G1 X110.668 Y121.882 E5.16548
G1 X110.187 Y121.776 E5.18096
G1 X109.713 Y121.644 E5.19642
G1 X108.911 Y121.36 E5.22316
G1 X108.46 Y121.164 E5.23861
G1 X108.012 Y120.941 E5.25434
G1 X107.576 Y120.694 E5.27009
G1 X107.161 Y120.43 E5.28555
G1 X106.478 Y119.924 E5.31226
G1 X106.103 Y119.604 E5.32775
G1 X105.746 Y119.265 E5.34322
G1 X105.172 Y118.639 E5.36991
G1 X104.865 Y118.253 E5.38541
G1 X104.575 Y117.846 E5.40111
G1 X104.306 Y117.424 E5.41684
G1 X104.064 Y116.997 E5.43226
G1 X103.669 Y116.158 E5.4614
G1 X103.355 Y115.285 E5.49055
G1 X103.224 Y114.813 E5.50594
G1 X103.118 Y114.332 E5.52142
G1 X102.992 Y113.491 E5.54814
G1 X102.953 Y113 E5.56362
G1 X102.94 Y112.51 E5.57902
G1 X102.985 Y111.584 E5.60815
G1 X103.117 Y110.676 E5.63698
G1 X103.335 Y109.785 E5.66581
G1 X103.637 Y108.919 E5.69463
G1 X103.655 Y108.881 E5.69595
G1 X103.655 Y108.881 F12000
G1 X103.339 Y108.669
G1 F4800
G1 X103.688 Y107.913 E5.72212
G1 X104.171 Y107.084 E5.75227
G1 X104.463 Y106.66 E5.76845
G1 X104.779 Y106.248 E5.78477
G1 X105.117 Y105.852 E5.80113
G1 X105.475 Y105.475 E5.81747
G1 X105.852 Y105.117 E5.83381
G1 X106.243 Y104.783 E5.84997
G1 X107.017 Y104.216 E5.88012
G1 X107.842 Y103.725 E5.91029
G1 X108.301 Y103.496 E5.92641
G1 X108.774 Y103.291 E5.94261
G1 X109.6 Y102.998 E5.97015
G1 X110.097 Y102.86 E5.98636
G1 X110.604 Y102.748 E6.00268
G1 X111.117 Y102.662 E6.01903
G1 X111.628 Y102.604 E6.03519
G1 X112.587 Y102.566 E6.06535
G1 X113.545 Y102.62 E6.0955
G1 X114.054 Y102.687 E6.11163
G1 X114.561 Y102.781 E6.12783
G1 X115.409 Y103.001 E6.15536
G1 X115.898 Y103.164 E6.17156
G1 X116.376 Y103.353 E6.18771
G1 X117.24 Y103.77 E6.21786
G1 X118.056 Y104.265 E6.24785
G1 X118.756 Y104.782 E6.2752
G1 X119.148 Y105.117 E6.2914
G1 X119.52 Y105.471 E6.30754
G1 X120.165 Y106.181 E6.33768
G1 X120.74 Y106.95 E6.36785
G1 X121.016 Y107.383 E6.38399
G1 X121.272 Y107.836 E6.40034
G1 X121.504 Y108.301 E6.41667
G1 X121.709 Y108.774 E6.43287
G1 X122.002 Y109.6 E6.46041
G1 X122.14 Y110.097 E6.47662
G1 X122.251 Y110.599 E6.49278
G1 X122.381 Y111.466 E6.52033
G1 X122.421 Y111.98 E6.53653
G1 X122.435 Y112.495 E6.55272
G1 X122.397 Y113.371 E6.58027
G1 X122.338 Y113.883 E6.59647
G1 X122.252 Y114.396 E6.61282
G1 X122.14 Y114.903 E6.62914
G1 X122.002 Y115.4 E6.64535
G1 X121.711 Y116.222 E6.67275
G1 X121.35 Y117.015 E6.70013
G1 X121.104 Y117.467 E6.7163
G1 X120.832 Y117.911 E6.73266
G1 X120.537 Y118.34 E6.74902
G1 X120.221 Y118.752 E6.76534
G1 X119.883 Y119.148 E6.7817
G1 X119.528 Y119.521 E6.79788
G1 X118.882 Y120.114 E6.82544
G1 X118.479 Y120.434 E6.84161
G1 X118.056 Y120.736 E6.85794
G1 X117.617 Y121.016 E6.8743
G1 X117.17 Y121.269 E6.89044
G1 X116.302 Y121.678 E6.92059
G1 X115.399 Y122.002 E6.95074
G1 X114.903 Y122.14 E6.96692
G1 X114.401 Y122.251 E6.98308
G1 X113.534 Y122.381 E7.01063
G1 X113.02 Y122.421 E7.02683
G1 X112.5 Y122.435 E7.04318
G1 X111.98 Y122.421 E7.05953
G1 X111.466 Y122.381 E7.07573
G1 X110.6 Y122.251 E7.10325
G1 X110.097 Y122.14 E7.11944
G1 X109.6 Y122.002 E7.13565
G1 X108.774 Y121.709 E7.16319
G1 X108.301 Y121.504 E7.17939
G1 X107.836 Y121.272 E7.19572
G1 X107.383 Y121.016 E7.21207
G1 X106.949 Y120.739 E7.22825
G1 X106.244 Y120.218 E7.2558
G1 X105.852 Y119.883 E7.272
G1 X105.479 Y119.528 E7.28818
G1 X104.886 Y118.882 E7.31574
G1 X104.566 Y118.479 E7.33191
G1 X104.264 Y118.055 E7.34827
G1 X103.984 Y117.617 E7.36461
G1 X103.731 Y117.17 E7.38075
G1 X103.322 Y116.302 E7.4109
G1 X102.998 Y115.399 E7.44105
G1 X102.86 Y114.903 E7.45723
G1 X102.749 Y114.401 E7.47339
G1 X102.619 Y113.534 E7.50094
G1 X102.579 Y113.02 E7.51714
G1 X102.565 Y112.506 E7.5333
G1 X102.612 Y111.548 E7.56344
G1 X102.748 Y110.604 E7.59341
G1 X102.975 Y109.679 E7.62334
G1 X103.289 Y108.778 E7.65332
G1 X103.314 Y108.724 E7.65519
G1 X103.314 Y108.724 F12000
G1 X103.008 Y108.516
;TYPE:External perimeter
;WIDTH:0.4
G1 F2400
G1 X103.364 Y107.744 E7.68048
G1 X103.863 Y106.888 E7.70996
G1 X104.167 Y106.446 E7.72592
G1 X104.495 Y106.018 E7.74196
G1 X104.846 Y105.608 E7.75802
G1 X105.217 Y105.217 E7.77405
G1 X105.608 Y104.846 E7.79008
G1 X106.016 Y104.497 E7.80605
G1 X106.815 Y103.912 E7.83551
G1 X107.666 Y103.405 E7.86498
G1 X108.147 Y103.165 E7.88097
G1 X108.64 Y102.951 E7.89696
G1 X109.49 Y102.65 E7.92379
G1 X110.008 Y102.506 E7.93978
G1 X110.535 Y102.389 E7.95584
G1 X111.067 Y102.3 E7.97189
G1 X111.6 Y102.24 E7.98785
G1 X112.59 Y102.201 E8.01732
G1 X113.579 Y102.257 E8.04679
G1 X114.111 Y102.327 E8.06275
G1 X114.64 Y102.425 E8.07875
G1 X115.513 Y102.651 E8.10558
G1 X116.023 Y102.821 E8.12157
G1 X116.522 Y103.018 E8.13753
G1 X117.414 Y103.449 E8.167
G1 X118.26 Y103.961 E8.19642
G1 X118.983 Y104.497 E8.22319
G1 X119.392 Y104.846 E8.23918
G1 X119.782 Y105.215 E8.25515
G1 X120.447 Y105.949 E8.28461
G1 X121.04 Y106.742 E8.31407
G1 X121.329 Y107.195 E8.33006
G1 X121.594 Y107.664 E8.34609
G1 X121.835 Y108.147 E8.36215
G1 X122.049 Y108.64 E8.37814
G1 X122.35 Y109.49 E8.40497
G1 X122.494 Y110.008 E8.42096
G1 X122.61 Y110.533 E8.43695
G1 X122.744 Y111.425 E8.46378
G1 X122.786 Y111.961 E8.47977
G1 X122.8 Y112.498 E8.49575
G1 X122.761 Y113.399 E8.52258
G1 X122.7 Y113.933 E8.53857
G1 X122.611 Y114.465 E8.55462
G1 X122.494 Y114.992 E8.57068
G1 X122.35 Y115.51 E8.58667
G1 X122.05 Y116.358 E8.61343
G1 X121.676 Y117.178 E8.64024
G1 X121.42 Y117.65 E8.65621
G1 X121.138 Y118.11 E8.67226
G1 X120.833 Y118.554 E8.68828
G1 X120.505 Y118.982 E8.70432
G1 X120.154 Y119.392 E8.72038
G1 X119.784 Y119.782 E8.73637
G1 X119.119 Y120.391 E8.7632
G1 X118.699 Y120.726 E8.77918
G1 X118.26 Y121.039 E8.79522
G1 X117.805 Y121.329 E8.81127
G1 X117.337 Y121.593 E8.82725
G1 X116.442 Y122.015 E8.85669
G1 X115.509 Y122.35 E8.88618
G1 X114.992 Y122.494 E8.90215
G1 X114.467 Y122.61 E8.91814
G1 X113.575 Y122.744 E8.94497
G1 X113.039 Y122.786 E8.96096
G1 X112.5 Y122.8 E8.977
G1 X111.961 Y122.786 E8.99304
G1 X111.425 Y122.744 E9.00903
G1 X110.533 Y122.61 E9.03586
G1 X110.008 Y122.494 E9.05185
G1 X109.49 Y122.35 E9.06784
G1 X108.64 Y122.049 E9.09467
G1 X108.147 Y121.835 E9.11066
G1 X107.665 Y121.594 E9.12669
G1 X107.195 Y121.329 E9.14274
G1 X106.742 Y121.04 E9.15873
G1 X106.017 Y120.503 E9.18557
G1 X105.608 Y120.154 E9.20156
G1 X105.218 Y119.784 E9.21755
G1 X104.609 Y119.119 E9.24438
G1 X104.274 Y118.699 E9.26036
G1 X103.961 Y118.26 E9.2764
G1 X103.671 Y117.805 E9.29245
G1 X103.407 Y117.337 E9.30843
G1 X102.985 Y116.441 E9.33789
G1 X102.65 Y115.509 E9.36735
G1 X102.506 Y114.992 E9.38332
G1 X102.39 Y114.467 E9.39931
G1 X102.256 Y113.575 E9.42614
G1 X102.214 Y113.039 E9.44213
G1 X102.2 Y112.502 E9.45811
G1 X102.248 Y111.513 E9.48757
G1 X102.389 Y110.535 E9.51697
G1 X102.625 Y109.575 E9.54638
G1 X102.95 Y108.642 E9.57577
G1 X102.983 Y108.571 E9.5781
G1 X103.151 Y108.208 F12000
;LAYER_CHANGE
;Z:4.82
;HEIGHT:0.21
G1 Z4.82 F12000
G1 E7.5781 F2400
G92 E0
G1 Z5.22 F12000
G1 X103.712 Y114.317
G1 Z4.82
G1 E2 F2400
G92 E0
;TYPE:Internal infill
;WIDTH:0.42
G1 F6000
G1 X110.683 Y121.288 E.30981
G1 E-1.69019 F2400
G92 E0
G1 X110.683 Y121.288 Z5.22 F12000
G1 X120.913 Y115.611
G1 Z4.82
G1 E2 F2400
G1 F6000
G1 X116.833 Y111.53 E2.18135
G1 X116.941 Y112.419 E2.20949
G1 X116.874 Y113.275 E2.23647
G1 X116.771 Y113.721 E2.25085
G1 X116.456 Y114.52 E2.27784
G1 X116.225 Y114.919 E2.29233
G1 X115.639 Y115.639 E2.3215
G1 X118.729 Y118.729 E2.45883
G1 X118.155 Y119.254 E2.48328
G1 X117.434 Y119.798 E2.51166
G1 X116.762 Y120.209 E2.53641
G1 X115.479 Y120.781 E2.58055
G1 X111.525 Y116.828 E2.75625
G1 X110.48 Y116.456 E2.79111
G1 X110.081 Y116.225 E2.8056
G1 X109.409 Y115.69 E2.83259
G1 X109.097 Y115.355 E2.84698
G1 X108.612 Y114.647 E2.87395
G1 X108.411 Y114.236 E2.88833
G1 X108.168 Y113.47 E2.91358
G1 X104.221 Y109.523 E3.08899
G1 X104.716 Y108.377 E3.12822
G1 X105.153 Y107.642 E3.15509
G1 X105.663 Y106.946 E3.18221
G1 X106.271 Y106.271 E3.21076
G1 X109.361 Y109.361 E3.34809
G1 X109.645 Y109.097 E3.36028
G1 X110.353 Y108.612 E3.38725
G1 X111.194 Y108.255 E3.41596
G1 X112.032 Y108.083 E3.44284
G1 X112.46 Y108.059 E3.45631
G1 X113.473 Y108.171 E3.48834
G1 X109.523 Y104.221 E3.66389
G1 X110.833 Y103.85 E3.70668
G1 X111.719 Y103.726 E3.73479
G1 X112.573 Y103.692 E3.76165
G1 X113.435 Y103.741 E3.78878
G1 X114.545 Y103.94 E3.82422
G1 X121.288 Y110.683 E4.12389
G1 E2.12389 F2400
G92 E0
G1 X121.288 Y110.683 Z5.22 F12000
G1 X115.557 Y109.822
G1 Z4.82
G1 E2 F2400
;TYPE:Perimeter
G1 F3600
G1 X115.591 Y109.858 E2.00156
G1 X115.832 Y110.17 E2.01395
G1 X116.054 Y110.524 E2.02708
G1 X116.217 Y110.851 E2.03856
G1 X116.368 Y111.243 E2.05176
G1 X116.476 Y111.649 E2.06496
G1 X116.537 Y112.01 E2.07647
G1 X116.566 Y112.427 E2.08961
G1 X116.554 Y112.82 E2.10197
G1 X116.504 Y113.209 E2.11429
G1 X116.41 Y113.619 E2.12751
G1 X116.283 Y113.992 E2.13989
G1 X116.122 Y114.349 E2.1522
G1 X115.911 Y114.715 E2.16548
G1 X115.664 Y115.055 E2.17869
G1 X115.423 Y115.327 E2.19011
G1 X115.14 Y115.593 E2.20232
G1 X114.83 Y115.833 E2.21464
G1 X114.476 Y116.054 E2.22775
G1 X114.149 Y116.217 E2.23923
G1 X113.757 Y116.368 E2.25243
G1 X113.351 Y116.476 E2.26563
G1 X112.99 Y116.537 E2.27714
G1 X112.574 Y116.566 E2.29024
G1 X112.182 Y116.554 E2.30256
G1 X111.791 Y116.504 E2.31495
G1 X111.381 Y116.41 E2.32817
G1 X111.008 Y116.283 E2.34055
G1 X110.651 Y116.122 E2.35286
G1 X110.285 Y115.911 E2.36614
G1 X109.945 Y115.664 E2.37935
G1 X109.671 Y115.421 E2.39086
G1 X109.385 Y115.114 E2.40405
G1 X109.132 Y114.779 E2.41724
G1 X108.941 Y114.466 E2.42876
G1 X108.757 Y114.089 E2.44194
G1 X108.613 Y113.694 E2.45515
G1 X108.521 Y113.34 E2.46664
G1 X108.457 Y112.931 E2.47965
G1 X108.434 Y112.565 E2.49117
G1 X108.449 Y112.148 E2.50428
G1 X108.502 Y111.76 E2.51659
G1 X108.592 Y111.377 E2.52895
G1 X108.729 Y110.979 E2.54218
G1 X108.893 Y110.624 E2.55447
G1 X109.091 Y110.283 E2.56686
G1 X109.336 Y109.945 E2.57998
G1 X109.579 Y109.671 E2.59149
G1 X109.886 Y109.385 E2.60468
G1 X110.221 Y109.132 E2.61787
G1 X110.534 Y108.941 E2.62939
G1 X110.911 Y108.757 E2.64257
G1 X111.306 Y108.613 E2.65578
G1 X111.66 Y108.521 E2.66727
G1 X112.072 Y108.456 E2.68038
G1 X112.463 Y108.434 E2.69269
G1 X112.857 Y108.449 E2.70508
G1 X113.273 Y108.508 E2.71828
G1 X113.653 Y108.601 E2.73057
G1 X114.026 Y108.731 E2.74298
G1 X114.404 Y108.907 E2.75608
G1 X114.719 Y109.093 E2.76758
G1 X115.055 Y109.336 E2.78061
G1 X115.327 Y109.577 E2.79203
G1 X115.516 Y109.778 E2.8007
G1 X115.516 Y109.778 F12000
G1 X115.283 Y110.078
G1 F3600
G1 X115.306 Y110.102 E2.80174
G1 X115.525 Y110.384 E2.81296
G1 X115.726 Y110.707 E2.82492
G1 X115.874 Y111.003 E2.83532
G1 X116.01 Y111.359 E2.8473
G1 X116.109 Y111.729 E2.85934
G1 X116.164 Y112.054 E2.8697
G1 X116.19 Y112.434 E2.88167
G1 X116.179 Y112.791 E2.89289
G1 X116.135 Y113.143 E2.90404
G1 X116.049 Y113.516 E2.91607
G1 X115.934 Y113.854 E2.92729
G1 X115.788 Y114.177 E2.93843
G1 X115.596 Y114.51 E2.95051
G1 X115.371 Y114.82 E2.96255
G1 X115.153 Y115.066 E2.97288
G1 X114.896 Y115.307 E2.98395
G1 X114.615 Y115.525 E2.99513
G1 X114.293 Y115.726 E3.00706
G1 X113.997 Y115.874 E3.01746
G1 X113.641 Y116.011 E3.02945
G1 X113.271 Y116.109 E3.04148
G1 X112.946 Y116.164 E3.05184
G1 X112.566 Y116.19 E3.06381
G1 X112.212 Y116.18 E3.07494
G1 X111.857 Y116.135 E3.08619
G1 X111.484 Y116.049 E3.09822
G1 X111.146 Y115.934 E3.10944
G1 X110.823 Y115.788 E3.12058
G1 X110.49 Y115.596 E3.13266
G1 X110.18 Y115.371 E3.1447
G1 X109.933 Y115.152 E3.15507
G1 X109.672 Y114.873 E3.16708
G1 X109.442 Y114.567 E3.17911
G1 X109.27 Y114.286 E3.18946
G1 X109.102 Y113.942 E3.20149
G1 X108.972 Y113.583 E3.21349
G1 X108.889 Y113.263 E3.22388
G1 X108.83 Y112.89 E3.23575
G1 X108.81 Y112.56 E3.24614
G1 X108.823 Y112.18 E3.25809
G1 X108.871 Y111.829 E3.26922
G1 X108.952 Y111.481 E3.28045
G1 X109.077 Y111.119 E3.29249
G1 X109.226 Y110.797 E3.30364
G1 X109.405 Y110.488 E3.31486
G1 X109.629 Y110.18 E3.32683
G1 X109.848 Y109.933 E3.3372
G1 X110.127 Y109.672 E3.34921
G1 X110.433 Y109.442 E3.36124
G1 X110.714 Y109.27 E3.37159
G1 X111.058 Y109.102 E3.38362
G1 X111.417 Y108.972 E3.39562
G1 X111.737 Y108.889 E3.40601
G1 X112.112 Y108.829 E3.41794
G1 X112.466 Y108.809 E3.42908
G1 X112.823 Y108.823 E3.44031
G1 X113.202 Y108.876 E3.45234
G1 X113.547 Y108.961 E3.46351
G1 X113.884 Y109.078 E3.47472
G1 X114.229 Y109.239 E3.48668
G1 X114.514 Y109.407 E3.49708
G1 X114.82 Y109.629 E3.50896
G1 X115.065 Y109.846 E3.51924
G1 X115.242 Y110.034 E3.52735
G1 X115.242 Y110.034 F12000
G1 X115.009 Y110.334
G1 F3600
G1 X115.02 Y110.346 E3.52786
G1 X115.217 Y110.599 E3.53794
G1 X115.399 Y110.89 E3.54873
G1 X115.53 Y111.154 E3.55799
G1 X115.653 Y111.475 E3.56879
G1 X115.743 Y111.808 E3.57963
G1 X115.791 Y112.098 E3.58887
G1 X115.815 Y112.441 E3.59968
G1 X115.805 Y112.761 E3.60974
G1 X115.765 Y113.077 E3.61975
G1 X115.687 Y113.413 E3.63059
G1 X115.584 Y113.716 E3.64065
G1 X115.454 Y114.006 E3.65064
G1 X115.281 Y114.306 E3.66152
G1 X115.078 Y114.585 E3.67236
G1 X114.884 Y114.804 E3.68155
G1 X114.652 Y115.022 E3.69155
G1 X114.401 Y115.217 E3.70154
G1 X114.11 Y115.399 E3.71233
G1 X113.846 Y115.53 E3.72159
G1 X113.525 Y115.653 E3.73239
G1 X113.192 Y115.743 E3.74323
G1 X112.902 Y115.791 E3.75247
G1 X112.559 Y115.815 E3.76328
G1 X112.241 Y115.805 E3.77328
G1 X111.923 Y115.765 E3.78335
G1 X111.587 Y115.687 E3.79419
G1 X111.284 Y115.584 E3.80425
G1 X110.994 Y115.454 E3.81424
G1 X110.694 Y115.281 E3.82512
G1 X110.415 Y115.078 E3.83596
G1 X110.195 Y114.883 E3.8452
G1 X109.96 Y114.631 E3.85603
G1 X109.753 Y114.356 E3.86685
G1 X109.599 Y114.105 E3.8761
G1 X109.448 Y113.796 E3.88691
G1 X109.33 Y113.472 E3.89775
G1 X109.256 Y113.187 E3.907
G1 X109.203 Y112.849 E3.91775
G1 X109.185 Y112.555 E3.92701
G1 X109.197 Y112.212 E3.9378
G1 X109.24 Y111.897 E3.94779
G1 X109.313 Y111.585 E3.95786
G1 X109.425 Y111.259 E3.96869
G1 X109.559 Y110.97 E3.9787
G1 X109.72 Y110.693 E3.98877
G1 X109.922 Y110.415 E3.99957
G1 X110.117 Y110.195 E4.00881
G1 X110.369 Y109.96 E4.01964
G1 X110.644 Y109.753 E4.03046
G1 X110.895 Y109.599 E4.03971
G1 X111.204 Y109.448 E4.05052
G1 X111.528 Y109.33 E4.06136
G1 X111.813 Y109.256 E4.07061
G1 X112.152 Y109.203 E4.08139
G1 X112.47 Y109.185 E4.0914
G1 X112.79 Y109.197 E4.10146
G1 X113.132 Y109.245 E4.11231
G1 X113.44 Y109.321 E4.12228
G1 X113.743 Y109.426 E4.13236
G1 X114.054 Y109.571 E4.14314
G1 X114.308 Y109.721 E4.15241
G1 X114.585 Y109.922 E4.16317
G1 X114.804 Y110.116 E4.17236
G1 X114.968 Y110.29 E4.17987
G1 X114.968 Y110.29 F12000
G1 X114.769 Y110.617
;TYPE:External perimeter
;WIDTH:0.4
G1 F3600
G1 X114.917 Y110.808 E4.18706
G1 X115.08 Y111.069 E4.19621
G1 X115.196 Y111.301 E4.20393
G1 X115.306 Y111.588 E4.21307
G1 X115.386 Y111.886 E4.22225
G1 X115.428 Y112.141 E4.22994
G1 X115.45 Y112.448 E4.2391
G1 X115.441 Y112.733 E4.24758
G1 X115.405 Y113.013 E4.25598
G1 X115.336 Y113.313 E4.26514
G1 X115.244 Y113.582 E4.2736
G1 X115.128 Y113.84 E4.28202
G1 X114.974 Y114.107 E4.29119
G1 X114.793 Y114.356 E4.30035
G1 X114.415 Y114.744 E4.31646
G1 X114.192 Y114.917 E4.32486
G1 X113.931 Y115.08 E4.33401
G1 X113.699 Y115.196 E4.34173
G1 X113.412 Y115.306 E4.35087
G1 X113.114 Y115.386 E4.36005
G1 X112.859 Y115.428 E4.36774
G1 X112.552 Y115.45 E4.3769
G1 X112.27 Y115.441 E4.38529
G1 X111.987 Y115.405 E4.39378
G1 X111.687 Y115.336 E4.40294
G1 X111.418 Y115.244 E4.4114
G1 X111.16 Y115.129 E4.4198
G1 X110.893 Y114.974 E4.42898
G1 X110.644 Y114.793 E4.43814
G1 X110.45 Y114.622 E4.44583
G1 X110.24 Y114.396 E4.45501
G1 X110.055 Y114.151 E4.46414
G1 X109.919 Y113.93 E4.47186
G1 X109.784 Y113.653 E4.48103
G1 X109.679 Y113.363 E4.49021
G1 X109.614 Y113.112 E4.49792
G1 X109.566 Y112.809 E4.50705
G1 X109.55 Y112.551 E4.51474
G1 X109.561 Y112.243 E4.52391
G1 X109.599 Y111.964 E4.53229
G1 X109.664 Y111.686 E4.54078
G1 X109.764 Y111.395 E4.54993
G1 X109.883 Y111.139 E4.55833
G1 X110.026 Y110.893 E4.56679
G1 X110.207 Y110.644 E4.57595
G1 X110.378 Y110.45 E4.58364
G1 X110.604 Y110.24 E4.59282
G1 X110.849 Y110.055 E4.60195
G1 X111.07 Y109.919 E4.60967
G1 X111.347 Y109.784 E4.61884
G1 X111.637 Y109.679 E4.62802
G1 X111.888 Y109.614 E4.63573
G1 X112.191 Y109.566 E4.64486
G1 X112.473 Y109.55 E4.65326
G1 X112.758 Y109.561 E4.66174
G1 X113.063 Y109.604 E4.6709
G1 X113.337 Y109.671 E4.67929
G1 X113.606 Y109.765 E4.68777
G1 X113.884 Y109.895 E4.6969
G1 X114.108 Y110.026 E4.70462
G1 X114.356 Y110.207 E4.71375
G1 X114.73 Y110.571 E4.72928
G1 X114.966 Y110.894 F12000
G1 E2.72928 F2400
G92 E0
G1 Z5.22 F12000
G1 X104.026 Y108.969
G1 Z4.82
G1 E2 F2400
;TYPE:Perimeter
;WIDTH:0.42
G1 F4800
G1 X104.384 Y108.201 E2.02663
G1 X104.84 Y107.435 E2.05464
G1 X105.372 Y106.709 E2.08292
G1 X106.005 Y106.005 E2.11267
G1 X106.709 Y105.371 E2.14244
G1 X107.428 Y104.844 E2.17045
G1 X108.201 Y104.384 E2.19872
G1 X109.046 Y103.99 E2.22802
G1 X109.888 Y103.696 E2.25605
G1 X110.762 Y103.482 E2.28433
G1 X111.685 Y103.352 E2.31362
G1 X112.576 Y103.317 E2.34164
G1 X113.475 Y103.367 E2.36993
G1 X114.41 Y103.516 E2.39968
G1 X115.327 Y103.762 E2.42952
G1 X116.099 Y104.05 E2.45541
G1 X116.943 Y104.462 E2.48492
G1 X117.636 Y104.886 E2.51045
G1 X118.289 Y105.37 E2.53599
G1 X118.984 Y105.995 E2.56536
G1 X119.583 Y106.656 E2.59339
G1 X120.122 Y107.376 E2.62165
G1 X120.61 Y108.188 E2.65142
G1 X121.011 Y109.049 E2.68127
G1 X121.286 Y109.826 E2.70717
G1 X121.514 Y110.736 E2.73665
G1 X121.635 Y111.551 E2.76254
G1 X121.685 Y112.5 E2.7924
G1 X121.635 Y113.449 E2.82226
G1 X121.514 Y114.264 E2.84815
G1 X121.286 Y115.174 E2.87763
G1 X121.015 Y115.94 E2.90316
G1 X120.678 Y116.68 E2.92871
G1 X120.203 Y117.502 E2.95854
G1 X119.931 Y117.899 E2.97366
G1 X119.638 Y118.28 E2.98876
G1 X119.003 Y118.986 E3.0186
G1 X118.395 Y119.543 E3.04451
G1 X117.645 Y120.108 E3.07402
G1 X116.943 Y120.538 E3.09989
G1 X116.099 Y120.95 E3.1294
G1 X115.327 Y121.238 E3.15529
G1 X114.41 Y121.484 E3.18513
G1 X113.937 Y121.572 E3.20025
G1 X113.46 Y121.634 E3.21537
G1 X112.981 Y121.672 E3.23047
G1 X112.5 Y121.685 E3.24559
G1 X111.551 Y121.635 E3.27545
G1 X110.736 Y121.514 E3.30134
G1 X109.826 Y121.287 E3.33081
G1 X109.049 Y121.011 E3.35672
G1 X108.201 Y120.616 E3.38612
G1 X107.435 Y120.16 E3.41413
G1 X106.709 Y119.628 E3.44241
G1 X106.014 Y119.003 E3.47178
G1 X105.457 Y118.395 E3.49769
G1 X104.885 Y117.636 E3.52756
G1 X104.397 Y116.825 E3.5573
G1 X104.017 Y116.018 E3.58533
G1 X103.713 Y115.171 E3.61361
G1 X103.486 Y114.264 E3.64299
G1 X103.365 Y113.449 E3.66888
G1 X103.316 Y112.511 E3.6984
G1 X103.352 Y111.688 E3.72429
G1 X103.482 Y110.759 E3.75377
G1 X103.675 Y109.957 E3.77969
G1 X103.984 Y109.059 E3.80953
G1 X104.001 Y109.023 E3.81078
G1 X104.001 Y109.023 F12000
G1 X103.68 Y108.818
G1 F4800
G1 X103.836 Y108.46 E3.82305
G1 X104.055 Y108.021 E3.83847
G1 X104.527 Y107.228 E3.86747
G1 X105.077 Y106.476 E3.89675
G1 X105.396 Y106.103 E3.91217
G1 X105.74 Y105.74 E3.92789
G1 X106.103 Y105.396 E3.94361
G1 X106.476 Y105.077 E3.95903
G1 X107.221 Y104.531 E3.98806
G1 X108.021 Y104.054 E4.01733
G1 X108.46 Y103.836 E4.03273
G1 X108.909 Y103.64 E4.04813
G1 X109.781 Y103.336 E4.07715
G1 X110.686 Y103.114 E4.10643
G1 X111.17 Y103.033 E4.12185
G1 X111.657 Y102.978 E4.13725
G1 X112.579 Y102.942 E4.16625
G1 X113.51 Y102.994 E4.19555
G1 X113.995 Y103.058 E4.21092
G1 X114.488 Y103.149 E4.22667
G1 X114.974 Y103.266 E4.24238
G1 X115.446 Y103.406 E4.25785
G1 X116.243 Y103.704 E4.28459
G1 X116.691 Y103.908 E4.30006
G1 X117.127 Y104.135 E4.31551
G1 X117.845 Y104.575 E4.34197
G1 X118.522 Y105.076 E4.36844
G1 X118.897 Y105.396 E4.38393
G1 X119.252 Y105.733 E4.39931
G1 X119.873 Y106.417 E4.42834
G1 X120.431 Y107.163 E4.45762
G1 X120.694 Y107.576 E4.47301
G1 X120.941 Y108.012 E4.48876
G1 X121.164 Y108.46 E4.50449
G1 X121.36 Y108.911 E4.51994
G1 X121.644 Y109.713 E4.54668
G1 X121.776 Y110.187 E4.56214
G1 X121.882 Y110.668 E4.57762
G1 X122.008 Y111.509 E4.60434
G1 X122.047 Y112 E4.61982
G1 X122.06 Y112.5 E4.63554
G1 X122.047 Y113 E4.65126
G1 X122.008 Y113.491 E4.66674
G1 X121.882 Y114.332 E4.69346
G1 X121.776 Y114.813 E4.70894
G1 X121.644 Y115.287 E4.7244
G1 X121.363 Y116.081 E4.75087
G1 X121.014 Y116.847 E4.77732
G1 X120.779 Y117.28 E4.7928
G1 X120.518 Y117.707 E4.80853
G1 X120.234 Y118.119 E4.82426
G1 X119.929 Y118.516 E4.83999
G1 X119.604 Y118.897 E4.85573
G1 X119.265 Y119.254 E4.8712
G1 X118.639 Y119.828 E4.89789
G1 X118.253 Y120.135 E4.91339
G1 X117.852 Y120.421 E4.92887
G1 X117.127 Y120.865 E4.95559
G1 X116.691 Y121.092 E4.97104
G1 X116.243 Y121.296 E4.98651
G1 X115.446 Y121.594 E5.01325
G1 X114.974 Y121.734 E5.02872
G1 X114.488 Y121.851 E5.04443
G1 X113.996 Y121.942 E5.06015
G1 X113.499 Y122.007 E5.0759
G1 X113 Y122.047 E5.09163
G1 X112.5 Y122.06 E5.10735
G1 X112 Y122.047 E5.12307
G1 X111.509 Y122.008 E5.13855
G1 X110.668 Y121.882 E5.16527
G1 X110.187 Y121.776 E5.18075
G1 X109.713 Y121.644 E5.19621
G1 X108.911 Y121.36 E5.22295
G1 X108.46 Y121.164 E5.2384
G1 X108.021 Y120.945 E5.25382
G1 X107.228 Y120.473 E5.28282
G1 X106.476 Y119.923 E5.3121
G1 X106.103 Y119.604 E5.32752
G1 X105.746 Y119.265 E5.34299
G1 X105.172 Y118.639 E5.36968
G1 X104.865 Y118.253 E5.38518
G1 X104.575 Y117.846 E5.40088
G1 X104.306 Y117.424 E5.41661
G1 X104.064 Y116.997 E5.43203
G1 X103.671 Y116.162 E5.46103
G1 X103.355 Y115.285 E5.49032
G1 X103.224 Y114.813 E5.50571
G1 X103.118 Y114.332 E5.52119
G1 X102.992 Y113.491 E5.54791
G1 X102.953 Y113 E5.56339
G1 X102.94 Y112.508 E5.57886
G1 X102.978 Y111.659 E5.60557
G1 X103.033 Y111.17 E5.62103
G1 X103.114 Y110.684 E5.63651
G1 X103.313 Y109.857 E5.66324
G1 X103.461 Y109.388 E5.67869
G1 X103.636 Y108.919 E5.69442
G1 X103.656 Y108.873 E5.696
G1 X103.656 Y108.873 F12000
G1 X103.336 Y108.669
G1 F4800
G1 X103.496 Y108.301 E5.70861
G1 X103.725 Y107.841 E5.72476
G1 X104.214 Y107.021 E5.75476
G1 X104.783 Y106.243 E5.78505
G1 X105.117 Y105.852 E5.80121
G1 X105.475 Y105.475 E5.81755
G1 X105.852 Y105.117 E5.83389
G1 X106.243 Y104.783 E5.85005
G1 X107.013 Y104.219 E5.88004
G1 X107.842 Y103.725 E5.91037
G1 X108.301 Y103.496 E5.92649
G1 X108.773 Y103.291 E5.94266
G1 X109.674 Y102.976 E5.97265
G1 X110.611 Y102.747 E6.00296
G1 X111.117 Y102.662 E6.01908
G1 X111.628 Y102.604 E6.03524
G1 X112.582 Y102.566 E6.06524
G1 X113.545 Y102.62 E6.09555
G1 X114.054 Y102.687 E6.11168
G1 X114.566 Y102.782 E6.12804
G1 X115.071 Y102.904 E6.14437
G1 X115.565 Y103.05 E6.16056
G1 X116.386 Y103.357 E6.1881
G1 X116.855 Y103.571 E6.2043
G1 X117.312 Y103.808 E6.22048
G1 X118.055 Y104.264 E6.24788
G1 X118.756 Y104.782 E6.27527
G1 X119.148 Y105.117 E6.29147
G1 X119.521 Y105.471 E6.30763
G1 X120.163 Y106.178 E6.33764
G1 X120.74 Y106.95 E6.36793
G1 X121.016 Y107.383 E6.38407
G1 X121.272 Y107.836 E6.40042
G1 X121.504 Y108.301 E6.41675
G1 X121.709 Y108.774 E6.43295
G1 X122.002 Y109.6 E6.46049
G1 X122.14 Y110.097 E6.4767
G1 X122.251 Y110.599 E6.49286
G1 X122.381 Y111.466 E6.52041
G1 X122.421 Y111.98 E6.53661
G1 X122.435 Y112.5 E6.55296
G1 X122.421 Y113.02 E6.56931
G1 X122.381 Y113.534 E6.58551
G1 X122.251 Y114.4 E6.61303
G1 X122.14 Y114.903 E6.62922
G1 X122.002 Y115.4 E6.64543
G1 X121.711 Y116.222 E6.67283
G1 X121.35 Y117.015 E6.70021
G1 X121.104 Y117.467 E6.71638
G1 X120.832 Y117.911 E6.73274
G1 X120.537 Y118.34 E6.7491
G1 X120.221 Y118.752 E6.76542
G1 X119.883 Y119.148 E6.78178
G1 X119.528 Y119.521 E6.79796
G1 X118.882 Y120.114 E6.82552
G1 X118.479 Y120.434 E6.84169
G1 X118.06 Y120.734 E6.85788
G1 X117.312 Y121.192 E6.88544
G1 X116.855 Y121.429 E6.90162
G1 X116.386 Y121.643 E6.91782
G1 X115.565 Y121.95 E6.94536
G1 X115.071 Y122.096 E6.96155
G1 X114.566 Y122.218 E6.97788
G1 X114.054 Y122.313 E6.99424
G1 X113.538 Y122.38 E7.01059
G1 X113.02 Y122.421 E7.02692
G1 X112.5 Y122.435 E7.04327
G1 X111.98 Y122.421 E7.05962
G1 X111.466 Y122.381 E7.07582
G1 X110.6 Y122.251 E7.10334
G1 X110.097 Y122.14 E7.11953
G1 X109.6 Y122.002 E7.13574
G1 X108.774 Y121.709 E7.16328
G1 X108.301 Y121.504 E7.17948
G1 X107.841 Y121.275 E7.19563
G1 X107.021 Y120.786 E7.22563
G1 X106.243 Y120.217 E7.25592
G1 X105.852 Y119.883 E7.27208
G1 X105.479 Y119.528 E7.28826
G1 X104.886 Y118.882 E7.31582
G1 X104.566 Y118.479 E7.33199
G1 X104.264 Y118.056 E7.34832
G1 X103.984 Y117.617 E7.36468
G1 X103.731 Y117.17 E7.38082
G1 X103.324 Y116.306 E7.41083
G1 X102.998 Y115.399 E7.44112
G1 X102.86 Y114.903 E7.4573
G1 X102.749 Y114.4 E7.47349
G1 X102.619 Y113.534 E7.50101
G1 X102.579 Y113.02 E7.51721
G1 X102.565 Y112.505 E7.5334
G1 X102.603 Y111.629 E7.56095
G1 X102.662 Y111.117 E7.57715
G1 X102.747 Y110.609 E7.59334
G1 X102.951 Y109.757 E7.62087
G1 X103.106 Y109.266 E7.63705
G1 X103.289 Y108.778 E7.65343
G1 X103.312 Y108.724 E7.65527
G1 X103.312 Y108.724 F12000
G1 X103.002 Y108.523
;TYPE:External perimeter
;WIDTH:0.4
G1 F2400
G1 X103.165 Y108.147 E7.66746
G1 X103.405 Y107.666 E7.68345
G1 X103.909 Y106.819 E7.71277
G1 X104.497 Y106.016 E7.74238
G1 X104.846 Y105.608 E7.75835
G1 X105.217 Y105.217 E7.77438
G1 X105.608 Y104.846 E7.79041
G1 X106.016 Y104.497 E7.80638
G1 X106.812 Y103.914 E7.83573
G1 X107.666 Y103.405 E7.86531
G1 X108.147 Y103.165 E7.8813
G1 X108.64 Y102.951 E7.89729
G1 X109.571 Y102.626 E7.92663
G1 X110.537 Y102.389 E7.95622
G1 X111.067 Y102.3 E7.97221
G1 X111.6 Y102.24 E7.98817
G1 X112.586 Y102.201 E8.01753
G1 X113.579 Y102.257 E8.04712
G1 X114.111 Y102.327 E8.06308
G1 X114.641 Y102.425 E8.07911
G1 X115.166 Y102.551 E8.09517
G1 X115.681 Y102.704 E8.11115
G1 X116.526 Y103.02 E8.13799
G1 X117.015 Y103.242 E8.15397
G1 X117.492 Y103.491 E8.16998
G1 X118.26 Y103.961 E8.19677
G1 X118.983 Y104.497 E8.22354
G1 X119.392 Y104.846 E8.23953
G1 X119.782 Y105.215 E8.2555
G1 X120.444 Y105.945 E8.28482
G1 X121.04 Y106.742 E8.31443
G1 X121.329 Y107.195 E8.33042
G1 X121.594 Y107.665 E8.34647
G1 X121.835 Y108.147 E8.3625
G1 X122.049 Y108.64 E8.37849
G1 X122.35 Y109.49 E8.40532
G1 X122.494 Y110.008 E8.42131
G1 X122.61 Y110.533 E8.4373
G1 X122.744 Y111.425 E8.46413
G1 X122.786 Y111.961 E8.48012
G1 X122.8 Y112.5 E8.49616
G1 X122.786 Y113.039 E8.5122
G1 X122.744 Y113.575 E8.52819
G1 X122.61 Y114.467 E8.55502
G1 X122.494 Y114.992 E8.57101
G1 X122.35 Y115.51 E8.587
G1 X122.05 Y116.358 E8.61376
G1 X121.676 Y117.178 E8.64057
G1 X121.42 Y117.65 E8.65654
G1 X121.138 Y118.11 E8.67259
G1 X120.833 Y118.554 E8.68861
G1 X120.505 Y118.982 E8.70465
G1 X120.154 Y119.392 E8.72071
G1 X119.784 Y119.782 E8.7367
G1 X119.119 Y120.391 E8.76353
G1 X118.699 Y120.726 E8.77951
G1 X118.261 Y121.038 E8.79551
G1 X117.492 Y121.509 E8.82234
G1 X117.015 Y121.758 E8.83835
G1 X116.526 Y121.98 E8.85433
G1 X115.681 Y122.296 E8.88117
G1 X115.166 Y122.449 E8.89715
G1 X114.641 Y122.575 E8.91321
G1 X114.111 Y122.673 E8.92924
G1 X113.577 Y122.744 E8.94527
G1 X113.039 Y122.786 E8.96132
G1 X112.5 Y122.8 E8.97736
G1 X111.961 Y122.786 E8.9934
G1 X111.425 Y122.744 E9.00939
G1 X110.533 Y122.61 E9.03622
G1 X110.008 Y122.494 E9.05221
G1 X109.49 Y122.35 E9.0682
G1 X108.64 Y122.049 E9.09503
G1 X108.147 Y121.835 E9.11102
G1 X107.666 Y121.595 E9.12701
G1 X106.819 Y121.091 E9.15633
G1 X106.016 Y120.503 E9.18594
G1 X105.608 Y120.154 E9.20191
G1 X105.218 Y119.784 E9.2179
G1 X104.609 Y119.119 E9.24473
G1 X104.274 Y118.699 E9.26071
G1 X103.961 Y118.26 E9.27675
G1 X103.671 Y117.805 E9.2928
G1 X103.407 Y117.337 E9.30878
G1 X102.986 Y116.445 E9.33812
G1 X102.65 Y115.509 E9.3677
G1 X102.506 Y114.992 E9.38367
G1 X102.39 Y114.467 E9.39966
G1 X102.256 Y113.575 E9.42649
G1 X102.214 Y113.039 E9.44248
G1 X102.2 Y112.502 E9.45846
G1 X102.239 Y111.601 E9.48529
G1 X102.3 Y111.067 E9.50128
G1 X102.389 Y110.536 E9.5173
G1 X102.6 Y109.659 E9.54413
G1 X102.761 Y109.147 E9.5601
G1 X102.95 Y108.642 E9.57614
G1 X102.978 Y108.578 E9.57822
G1 X103.137 Y108.211 F12000
;LAYER_CHANGE
;Z:5.03
;HEIGHT:0.21
G1 Z5.03 F12000
G1 E7.57822 F2400
G92 E0
G1 Z5.43 F12000
G1 X103.712 Y110.683
G1 Z5.03
G1 E2 F2400
G92 E0
;TYPE:Internal infill
;WIDTH:0.42
G1 F6000
G1 X110.683 Y103.713 E.30978
G1 E-1.69022 F2400
G92 E0
G1 X110.683 Y103.713 Z5.43 F12000
G1 X109.39 Y120.912
G1 Z5.03
G1 E2 F2400
G1 F6000
G1 X113.47 Y116.832 E2.18132
G1 X112.578 Y116.941 E2.20956
G1 X112.117 Y116.925 E2.22406
G1 X111.273 Y116.769 E2.25103
G1 X110.843 Y116.621 E2.26532
G1 X110.084 Y116.227 E2.29219
G1 X109.361 Y115.639 E2.32148
G1 X106.271 Y118.729 E2.45881
G1 X105.746 Y118.155 E2.48326
G1 X105.197 Y117.426 E2.51194
G1 X104.728 Y116.647 E2.54051
G1 X104.221 Y115.477 E2.58058
G1 X108.172 Y111.526 E2.75617
G1 X108.381 Y110.836 E2.77883
G1 X108.575 Y110.421 E2.79323
G1 X109.044 Y109.711 E2.81997
G1 X109.31 Y109.409 E2.83262
G1 X109.642 Y109.1 E2.84687
G1 X110.349 Y108.614 E2.87383
G1 X110.761 Y108.413 E2.88824
G1 X111.53 Y108.168 E2.9136
G1 X115.476 Y104.221 E3.08899
G1 X116.762 Y104.791 E3.13319
G1 X117.426 Y105.197 E3.15765
G1 X118.051 Y105.66 E3.18209
G1 X118.729 Y106.271 E3.21077
G1 X115.639 Y109.361 E3.3481
G1 X115.903 Y109.645 E3.36029
G1 X116.388 Y110.353 E3.38726
G1 X116.745 Y111.194 E3.41597
G1 X116.909 Y111.966 E3.44077
G1 X116.941 Y112.422 E3.45514
G1 X116.828 Y113.474 E3.48839
G1 X120.781 Y109.521 E3.66407
G1 X121.145 Y110.809 E3.70613
G1 X121.262 Y111.589 E3.73092
G1 X121.309 Y112.49 E3.75927
G1 X121.275 Y113.278 E3.78406
G1 X121.056 Y114.549 E3.82459
G1 X114.317 Y121.288 E4.12408
G1 E2.12408 F2400
G92 E0
G1 X114.317 Y121.288 Z5.43 F12000
G1 X115.578 Y109.846
G1 Z5.03
G1 E2 F2400
;TYPE:Perimeter
G1 F3600
G1 X115.615 Y109.886 E2.00171
G1 X115.868 Y110.221 E2.0149
G1 X116.059 Y110.534 E2.02642
G1 X116.243 Y110.911 E2.0396
G1 X116.387 Y111.306 E2.05281
G1 X116.477 Y111.655 E2.06414
G1 X116.537 Y112.01 E2.07545
G1 X116.566 Y112.429 E2.08865
G1 X116.551 Y112.852 E2.10195
G1 X116.499 Y113.238 E2.11419
G1 X116.408 Y113.623 E2.12662
G1 X116.272 Y114.018 E2.13975
G1 X116.121 Y114.351 E2.15124
G1 X115.911 Y114.715 E2.16445
G1 X115.664 Y115.055 E2.17766
G1 X115.421 Y115.329 E2.18917
G1 X115.116 Y115.614 E2.20229
G1 X114.801 Y115.853 E2.21472
G1 X114.469 Y116.058 E2.22698
G1 X114.089 Y116.243 E2.24026
G1 X113.694 Y116.387 E2.25347
G1 X113.345 Y116.477 E2.2648
G1 X112.99 Y116.537 E2.27611
G1 X112.571 Y116.566 E2.28931
G1 X112.148 Y116.551 E2.30261
G1 X111.762 Y116.499 E2.31485
G1 X111.377 Y116.408 E2.32728
G1 X110.982 Y116.272 E2.34041
G1 X110.649 Y116.121 E2.3519
G1 X110.288 Y115.912 E2.36501
G1 X109.971 Y115.684 E2.37728
G1 X109.673 Y115.424 E2.38971
G1 X109.387 Y115.116 E2.40292
G1 X109.151 Y114.805 E2.41519
G1 X108.942 Y114.469 E2.42762
G1 X108.758 Y114.092 E2.4408
G1 X108.623 Y113.725 E2.45309
G1 X108.522 Y113.343 E2.46551
G1 X108.457 Y112.931 E2.47862
G1 X108.434 Y112.565 E2.49014
G1 X108.449 Y112.148 E2.50325
G1 X108.501 Y111.762 E2.51549
G1 X108.592 Y111.377 E2.52792
G1 X108.73 Y110.977 E2.54122
G1 X108.907 Y110.596 E2.55442
G1 X109.093 Y110.28 E2.56594
G1 X109.336 Y109.945 E2.57895
G1 X109.579 Y109.671 E2.59046
G1 X109.884 Y109.387 E2.60356
G1 X110.195 Y109.151 E2.61583
G1 X110.531 Y108.942 E2.62826
G1 X110.908 Y108.758 E2.64144
G1 X111.275 Y108.623 E2.65373
G1 X111.657 Y108.522 E2.66615
G1 X112.072 Y108.456 E2.67936
G1 X112.462 Y108.434 E2.69164
G1 X112.857 Y108.449 E2.70406
G1 X113.273 Y108.508 E2.71726
G1 X113.652 Y108.6 E2.72952
G1 X114.023 Y108.73 E2.74187
G1 X114.38 Y108.895 E2.75423
G1 X114.717 Y109.091 E2.76648
G1 X115.055 Y109.336 E2.7796
G1 X115.329 Y109.579 E2.79111
G1 X115.537 Y109.803 E2.80072
G1 X115.537 Y109.803 F12000
G1 X115.303 Y110.101
G1 F3600
G1 X115.328 Y110.127 E2.80185
G1 X115.558 Y110.433 E2.81388
G1 X115.73 Y110.714 E2.82423
G1 X115.898 Y111.058 E2.83626
G1 X116.028 Y111.417 E2.84826
G1 X116.11 Y111.733 E2.85852
G1 X116.164 Y112.054 E2.86875
G1 X116.191 Y112.436 E2.88078
G1 X116.177 Y112.82 E2.89286
G1 X116.13 Y113.17 E2.90396
G1 X116.048 Y113.519 E2.91523
G1 X115.924 Y113.879 E2.9272
G1 X115.787 Y114.179 E2.93756
G1 X115.596 Y114.51 E2.94957
G1 X115.371 Y114.82 E2.96161
G1 X115.152 Y115.067 E2.97198
G1 X114.874 Y115.326 E2.98392
G1 X114.588 Y115.543 E2.9952
G1 X114.288 Y115.729 E3.00629
G1 X113.942 Y115.898 E3.01839
G1 X113.583 Y116.028 E3.03039
G1 X113.267 Y116.11 E3.04065
G1 X112.946 Y116.164 E3.05088
G1 X112.564 Y116.191 E3.06291
G1 X112.18 Y116.177 E3.07499
G1 X111.83 Y116.13 E3.08609
G1 X111.481 Y116.048 E3.09736
G1 X111.121 Y115.924 E3.10933
G1 X110.821 Y115.787 E3.11969
G1 X110.491 Y115.597 E3.13166
G1 X110.204 Y115.39 E3.14278
G1 X109.935 Y115.154 E3.15403
G1 X109.674 Y114.874 E3.16606
G1 X109.46 Y114.593 E3.17716
G1 X109.271 Y114.288 E3.18844
G1 X109.103 Y113.944 E3.20047
G1 X108.981 Y113.612 E3.21159
G1 X108.889 Y113.266 E3.22284
G1 X108.83 Y112.89 E3.2348
G1 X108.81 Y112.56 E3.24519
G1 X108.823 Y112.18 E3.25714
G1 X108.87 Y111.83 E3.26824
G1 X108.952 Y111.481 E3.27951
G1 X109.078 Y111.117 E3.29161
G1 X109.239 Y110.771 E3.3036
G1 X109.407 Y110.486 E3.314
G1 X109.629 Y110.18 E3.32588
G1 X109.848 Y109.933 E3.33625
G1 X110.126 Y109.674 E3.34819
G1 X110.407 Y109.46 E3.35929
G1 X110.712 Y109.271 E3.37057
G1 X111.056 Y109.103 E3.3826
G1 X111.388 Y108.981 E3.39372
G1 X111.734 Y108.889 E3.40497
G1 X112.112 Y108.829 E3.417
G1 X112.465 Y108.809 E3.42811
G1 X112.823 Y108.823 E3.43937
G1 X113.202 Y108.876 E3.4514
G1 X113.546 Y108.96 E3.46253
G1 X113.883 Y109.078 E3.47375
G1 X114.207 Y109.227 E3.48496
G1 X114.512 Y109.406 E3.49607
G1 X114.82 Y109.629 E3.50802
G1 X115.067 Y109.848 E3.51839
G1 X115.262 Y110.057 E3.52737
G1 X115.262 Y110.057 F12000
G1 X115.028 Y110.356
G1 F3600
G1 X115.04 Y110.369 E3.52793
G1 X115.247 Y110.644 E3.53875
G1 X115.401 Y110.895 E3.548
G1 X115.552 Y111.204 E3.55881
G1 X115.67 Y111.528 E3.56965
G1 X115.743 Y111.811 E3.57883
G1 X115.791 Y112.098 E3.58797
G1 X115.815 Y112.442 E3.59881
G1 X115.803 Y112.788 E3.60969
G1 X115.76 Y113.102 E3.61965
G1 X115.687 Y113.415 E3.62975
G1 X115.575 Y113.74 E3.64055
G1 X115.453 Y114.007 E3.64977
G1 X115.281 Y114.306 E3.66061
G1 X115.078 Y114.585 E3.67145
G1 X114.883 Y114.805 E3.68069
G1 X114.632 Y115.039 E3.69147
G1 X114.376 Y115.234 E3.70158
G1 X114.106 Y115.401 E3.71156
G1 X113.796 Y115.552 E3.7224
G1 X113.472 Y115.67 E3.73324
G1 X113.189 Y115.743 E3.74242
G1 X112.902 Y115.791 E3.75156
G1 X112.558 Y115.815 E3.7624
G1 X112.212 Y115.803 E3.77328
G1 X111.898 Y115.76 E3.78324
G1 X111.585 Y115.687 E3.79334
G1 X111.26 Y115.575 E3.80414
G1 X110.993 Y115.453 E3.81336
G1 X110.695 Y115.281 E3.82417
G1 X110.438 Y115.096 E3.83412
G1 X110.196 Y114.884 E3.84423
G1 X109.961 Y114.632 E3.85506
G1 X109.769 Y114.38 E3.86502
G1 X109.6 Y114.107 E3.87511
G1 X109.448 Y113.797 E3.88596
G1 X109.339 Y113.499 E3.89593
G1 X109.257 Y113.188 E3.90604
G1 X109.203 Y112.849 E3.91683
G1 X109.185 Y112.555 E3.92609
G1 X109.197 Y112.212 E3.93688
G1 X109.24 Y111.898 E3.94684
G1 X109.313 Y111.585 E3.95694
G1 X109.426 Y111.258 E3.96781
G1 X109.571 Y110.946 E3.97862
G1 X109.721 Y110.692 E3.98789
G1 X109.922 Y110.415 E3.99865
G1 X110.117 Y110.195 E4.00789
G1 X110.368 Y109.961 E4.01867
G1 X110.62 Y109.769 E4.02863
G1 X110.893 Y109.6 E4.03872
G1 X111.203 Y109.448 E4.04957
G1 X111.501 Y109.339 E4.05954
G1 X111.812 Y109.257 E4.06965
G1 X112.152 Y109.203 E4.08047
G1 X112.469 Y109.185 E4.09045
G1 X112.79 Y109.197 E4.10054
G1 X113.131 Y109.245 E4.11136
G1 X113.439 Y109.32 E4.12132
G1 X113.742 Y109.426 E4.13141
G1 X114.033 Y109.56 E4.14148
G1 X114.307 Y109.72 E4.15145
G1 X114.585 Y109.922 E4.16225
G1 X114.805 Y110.117 E4.17149
G1 X114.987 Y110.312 E4.17987
G1 X114.987 Y110.312 F12000
G1 X114.768 Y110.615
;TYPE:External perimeter
;WIDTH:0.4
G1 F3600
G1 X114.945 Y110.85 E4.18862
G1 X115.081 Y111.07 E4.19631
G1 X115.216 Y111.347 E4.20548
G1 X115.321 Y111.637 E4.21466
G1 X115.428 Y112.141 E4.22999
G1 X115.45 Y112.449 E4.23918
G1 X115.439 Y112.757 E4.24835
G1 X115.401 Y113.035 E4.2567
G1 X115.336 Y113.314 E4.26522
G1 X115.236 Y113.604 E4.27435
G1 X115.128 Y113.84 E4.28207
G1 X114.974 Y114.107 E4.29124
G1 X114.793 Y114.356 E4.3004
G1 X114.622 Y114.55 E4.30809
G1 X114.397 Y114.76 E4.31725
G1 X114.169 Y114.933 E4.32576
G1 X113.93 Y115.081 E4.33412
G1 X113.653 Y115.216 E4.34329
G1 X113.363 Y115.321 E4.35247
G1 X112.859 Y115.428 E4.3678
G1 X112.551 Y115.45 E4.37699
G1 X112.243 Y115.439 E4.38616
G1 X111.965 Y115.401 E4.39451
G1 X111.686 Y115.336 E4.40303
G1 X111.396 Y115.236 E4.41216
G1 X111.16 Y115.128 E4.41988
G1 X110.893 Y114.974 E4.42905
G1 X110.665 Y114.81 E4.43741
G1 X110.45 Y114.622 E4.44591
G1 X110.24 Y114.397 E4.45507
G1 X110.07 Y114.173 E4.46344
G1 X109.919 Y113.93 E4.47195
G1 X109.784 Y113.653 E4.48112
G1 X109.687 Y113.389 E4.48949
G1 X109.614 Y113.113 E4.49798
G1 X109.566 Y112.809 E4.50714
G1 X109.55 Y112.551 E4.51483
G1 X109.561 Y112.243 E4.524
G1 X109.599 Y111.965 E4.53235
G1 X109.664 Y111.686 E4.54087
G1 X109.765 Y111.395 E4.55003
G1 X109.895 Y111.116 E4.55919
G1 X110.026 Y110.892 E4.56691
G1 X110.207 Y110.644 E4.57604
G1 X110.378 Y110.45 E4.58373
G1 X110.603 Y110.24 E4.59289
G1 X110.827 Y110.07 E4.60126
G1 X111.07 Y109.919 E4.60977
G1 X111.347 Y109.784 E4.61894
G1 X111.611 Y109.687 E4.62731
G1 X111.887 Y109.614 E4.6358
G1 X112.191 Y109.566 E4.64496
G1 X112.472 Y109.55 E4.65333
G1 X112.758 Y109.561 E4.66184
G1 X113.062 Y109.604 E4.67097
G1 X113.336 Y109.671 E4.67936
G1 X113.605 Y109.765 E4.68784
G1 X113.864 Y109.884 E4.69632
G1 X114.107 Y110.026 E4.70469
G1 X114.356 Y110.207 E4.71385
G1 X114.55 Y110.378 E4.72154
G1 X114.729 Y110.57 E4.72935
G1 X114.966 Y110.892 F12000
G1 E2.72935 F2400
G92 E0
G1 Z5.43 F12000
G1 X104.014 Y108.995
G1 Z5.03
G1 E2 F2400
;TYPE:Perimeter
;WIDTH:0.42
G1 F4800
G1 X104.322 Y108.32 E2.02332
G1 X104.797 Y107.498 E2.05315
G1 X105.069 Y107.101 E2.06827
G1 X105.362 Y106.72 E2.08337
G1 X105.674 Y106.354 E2.09848
G1 X106.005 Y106.005 E2.1136
G1 X106.709 Y105.371 E2.14337
G1 X107.425 Y104.847 E2.17125
G1 X108.201 Y104.384 E2.19965
G1 X109.049 Y103.989 E2.22905
G1 X109.826 Y103.714 E2.25495
G1 X110.747 Y103.484 E2.28478
G1 X111.685 Y103.352 E2.31455
G1 X112.572 Y103.317 E2.34245
G1 X113.475 Y103.368 E2.37087
G1 X114.398 Y103.514 E2.40024
G1 X115.196 Y103.72 E2.42614
G1 X116.089 Y104.045 E2.456
G1 X116.943 Y104.462 E2.48587
G1 X117.636 Y104.886 E2.5114
G1 X118.289 Y105.37 E2.53694
G1 X118.995 Y106.005 E2.56678
G1 X119.629 Y106.709 E2.59655
G1 X120.153 Y107.425 E2.62443
G1 X120.616 Y108.201 E2.65283
G1 X121.011 Y109.049 E2.68223
G1 X121.286 Y109.826 E2.70813
G1 X121.514 Y110.736 E2.73761
G1 X121.635 Y111.551 E2.7635
G1 X121.684 Y112.489 E2.79302
G1 X121.648 Y113.312 E2.81891
G1 X121.516 Y114.253 E2.84877
G1 X121.286 Y115.174 E2.8786
G1 X121.015 Y115.94 E2.90413
G1 X120.678 Y116.68 E2.92968
G1 X120.203 Y117.502 E2.95951
G1 X119.931 Y117.899 E2.97463
G1 X119.638 Y118.28 E2.98973
G1 X119.326 Y118.646 E3.00484
G1 X118.995 Y118.995 E3.01996
G1 X118.291 Y119.629 E3.04973
G1 X117.575 Y120.153 E3.07761
G1 X116.799 Y120.616 E3.10601
G1 X115.951 Y121.011 E3.13541
G1 X115.174 Y121.286 E3.16131
G1 X114.264 Y121.514 E3.19079
G1 X113.449 Y121.635 E3.21668
G1 X112.5 Y121.685 E3.24654
G1 X111.551 Y121.635 E3.2764
G1 X110.748 Y121.515 E3.30191
G1 X109.957 Y121.325 E3.32747
G1 X109.059 Y121.016 E3.35731
G1 X108.618 Y120.824 E3.37243
G1 X108.188 Y120.61 E3.38752
G1 X107.374 Y120.121 E3.41736
G1 X106.711 Y119.63 E3.44329
G1 X106.014 Y119.002 E3.47277
G1 X105.457 Y118.395 E3.49866
G1 X104.886 Y117.636 E3.52851
G1 X104.397 Y116.824 E3.5583
G1 X104.019 Y116.022 E3.58616
G1 X103.713 Y115.171 E3.61458
G1 X103.486 Y114.264 E3.64396
G1 X103.365 Y113.449 E3.66985
G1 X103.316 Y112.514 E3.69927
G1 X103.358 Y111.628 E3.72714
G1 X103.487 Y110.733 E3.75556
G1 X103.714 Y109.826 E3.78494
G1 X103.985 Y109.06 E3.81047
G1 X103.989 Y109.05 E3.81081
G1 X103.989 Y109.05 F12000
G1 X103.673 Y108.839
G1 F4800
G1 X103.986 Y108.153 E3.83451
G1 X104.221 Y107.72 E3.84999
G1 X104.482 Y107.293 E3.86572
G1 X104.766 Y106.881 E3.88145
G1 X105.071 Y106.484 E3.89718
G1 X105.396 Y106.103 E3.91292
G1 X105.74 Y105.74 E3.92864
G1 X106.103 Y105.396 E3.94436
G1 X106.476 Y105.077 E3.95978
G1 X107.217 Y104.534 E3.98865
G1 X108.021 Y104.054 E4.01808
G1 X108.46 Y103.836 E4.03348
G1 X108.911 Y103.64 E4.04893
G1 X109.713 Y103.356 E4.07567
G1 X110.187 Y103.224 E4.09113
G1 X110.676 Y103.116 E4.10687
G1 X111.17 Y103.033 E4.12261
G1 X111.657 Y102.978 E4.13801
G1 X112.575 Y102.942 E4.16688
G1 X113.51 Y102.994 E4.19631
G1 X113.996 Y103.058 E4.21171
G1 X114.479 Y103.148 E4.22715
G1 X115.303 Y103.361 E4.2539
G1 X115.77 Y103.517 E4.26937
G1 X116.235 Y103.7 E4.28507
G1 X116.691 Y103.908 E4.30082
G1 X117.127 Y104.135 E4.31627
G1 X117.845 Y104.575 E4.34273
G1 X118.522 Y105.076 E4.3692
G1 X118.897 Y105.396 E4.38469
G1 X119.26 Y105.74 E4.40041
G1 X119.604 Y106.103 E4.41613
G1 X119.923 Y106.476 E4.43155
G1 X120.466 Y107.217 E4.46042
G1 X120.946 Y108.021 E4.48985
G1 X121.164 Y108.46 E4.50525
G1 X121.36 Y108.911 E4.5207
G1 X121.644 Y109.713 E4.54744
G1 X121.776 Y110.187 E4.5629
G1 X121.882 Y110.668 E4.57838
G1 X122.008 Y111.509 E4.6051
G1 X122.047 Y112 E4.62058
G1 X122.06 Y112.492 E4.63605
G1 X122.023 Y113.341 E4.66276
G1 X121.967 Y113.83 E4.67823
G1 X121.884 Y114.324 E4.69397
G1 X121.776 Y114.813 E4.70971
G1 X121.644 Y115.287 E4.72517
G1 X121.363 Y116.081 E4.75164
G1 X121.014 Y116.847 E4.77809
G1 X120.779 Y117.28 E4.79357
G1 X120.518 Y117.707 E4.8093
G1 X120.234 Y118.119 E4.82503
G1 X119.929 Y118.516 E4.84076
G1 X119.604 Y118.897 E4.8565
G1 X119.26 Y119.26 E4.87222
G1 X118.897 Y119.604 E4.88794
G1 X118.524 Y119.923 E4.90336
G1 X117.783 Y120.466 E4.93223
G1 X116.979 Y120.946 E4.96166
G1 X116.54 Y121.164 E4.97706
G1 X116.089 Y121.36 E4.99251
G1 X115.287 Y121.644 E5.01925
G1 X114.813 Y121.776 E5.03471
G1 X114.332 Y121.882 E5.05019
G1 X113.491 Y122.008 E5.07691
G1 X113 Y122.047 E5.09239
G1 X112.5 Y122.06 E5.10811
G1 X112 Y122.047 E5.12383
G1 X111.509 Y122.008 E5.13931
G1 X110.676 Y121.884 E5.16578
G1 X109.857 Y121.687 E5.19225
G1 X109.388 Y121.539 E5.2077
G1 X108.919 Y121.364 E5.22343
G1 X108.46 Y121.164 E5.23916
G1 X108.012 Y120.941 E5.25489
G1 X107.576 Y120.694 E5.27064
G1 X107.161 Y120.43 E5.2861
G1 X106.478 Y119.924 E5.31281
G1 X106.103 Y119.604 E5.3283
G1 X105.746 Y119.265 E5.34377
G1 X105.172 Y118.638 E5.37048
G1 X104.865 Y118.253 E5.38595
G1 X104.575 Y117.846 E5.40165
G1 X104.306 Y117.424 E5.41738
G1 X104.064 Y116.997 E5.4328
G1 X103.672 Y116.166 E5.46167
G1 X103.355 Y115.285 E5.49109
G1 X103.224 Y114.813 E5.50648
G1 X103.118 Y114.332 E5.52196
G1 X102.992 Y113.491 E5.54868
G1 X102.953 Y113 E5.56416
G1 X102.94 Y112.51 E5.57956
G1 X102.985 Y111.592 E5.60844
G1 X103.118 Y110.665 E5.63787
G1 X103.224 Y110.187 E5.65326
G1 X103.356 Y109.713 E5.66872
G1 X103.637 Y108.919 E5.69519
G1 X103.648 Y108.894 E5.69605
G1 X103.648 Y108.894 F12000
G1 X103.332 Y108.684
G1 F4800
G1 X103.65 Y107.985 E5.72018
G1 X103.896 Y107.533 E5.73635
G1 X104.168 Y107.089 E5.75271
G1 X104.463 Y106.66 E5.76907
G1 X104.779 Y106.248 E5.78539
G1 X105.117 Y105.852 E5.80175
G1 X105.475 Y105.475 E5.81809
G1 X105.852 Y105.117 E5.83443
G1 X106.243 Y104.783 E5.85059
G1 X107.01 Y104.221 E5.88047
G1 X107.842 Y103.725 E5.91091
G1 X108.301 Y103.496 E5.92703
G1 X108.774 Y103.291 E5.94323
G1 X109.6 Y102.998 E5.97077
G1 X110.097 Y102.86 E5.98698
G1 X110.604 Y102.748 E6.0033
G1 X111.117 Y102.662 E6.01965
G1 X111.628 Y102.604 E6.03581
G1 X112.578 Y102.566 E6.06569
G1 X113.545 Y102.62 E6.09613
G1 X114.054 Y102.687 E6.11226
G1 X114.561 Y102.781 E6.12846
G1 X115.409 Y103.001 E6.15599
G1 X115.898 Y103.164 E6.17219
G1 X116.382 Y103.355 E6.18854
G1 X116.855 Y103.571 E6.20488
G1 X117.312 Y103.808 E6.22106
G1 X118.055 Y104.264 E6.24846
G1 X118.756 Y104.782 E6.27585
G1 X119.148 Y105.117 E6.29205
G1 X119.525 Y105.475 E6.30839
G1 X119.883 Y105.852 E6.32473
G1 X120.217 Y106.243 E6.34089
G1 X120.779 Y107.01 E6.37077
G1 X121.275 Y107.842 E6.40121
G1 X121.504 Y108.301 E6.41733
G1 X121.709 Y108.774 E6.43353
G1 X122.002 Y109.6 E6.46107
G1 X122.14 Y110.097 E6.47728
G1 X122.251 Y110.599 E6.49344
G1 X122.381 Y111.466 E6.52099
G1 X122.421 Y111.98 E6.53719
G1 X122.435 Y112.495 E6.55338
G1 X122.397 Y113.371 E6.58093
G1 X122.338 Y113.883 E6.59713
G1 X122.252 Y114.396 E6.61348
G1 X122.14 Y114.903 E6.6298
G1 X122.002 Y115.4 E6.64601
G1 X121.711 Y116.222 E6.67341
G1 X121.35 Y117.015 E6.70079
G1 X121.104 Y117.467 E6.71696
G1 X120.832 Y117.911 E6.73332
G1 X120.537 Y118.34 E6.74968
G1 X120.221 Y118.752 E6.766
G1 X119.883 Y119.148 E6.78236
G1 X119.525 Y119.525 E6.7987
G1 X119.148 Y119.883 E6.81504
G1 X118.757 Y120.217 E6.8312
G1 X117.99 Y120.779 E6.86108
G1 X117.158 Y121.275 E6.89152
G1 X116.699 Y121.504 E6.90764
G1 X116.226 Y121.709 E6.92384
G1 X115.4 Y122.002 E6.95138
G1 X114.903 Y122.14 E6.96759
G1 X114.401 Y122.251 E6.98375
G1 X113.534 Y122.381 E7.0113
G1 X113.02 Y122.421 E7.0275
G1 X112.5 Y122.435 E7.04385
G1 X111.98 Y122.421 E7.0602
G1 X111.466 Y122.381 E7.0764
G1 X110.604 Y122.252 E7.10379
G1 X109.757 Y122.049 E7.13116
G1 X109.265 Y121.894 E7.14737
G1 X108.778 Y121.711 E7.16372
G1 X108.301 Y121.504 E7.18006
G1 X107.836 Y121.272 E7.19639
G1 X107.383 Y121.016 E7.21274
G1 X106.949 Y120.739 E7.22892
G1 X106.244 Y120.218 E7.25647
G1 X105.852 Y119.883 E7.27267
G1 X105.479 Y119.528 E7.28885
G1 X104.886 Y118.882 E7.31641
G1 X104.566 Y118.479 E7.33258
G1 X104.264 Y118.056 E7.34891
G1 X103.984 Y117.617 E7.36527
G1 X103.731 Y117.169 E7.38144
G1 X103.325 Y116.309 E7.41133
G1 X102.998 Y115.399 E7.44172
G1 X102.86 Y114.903 E7.4579
G1 X102.749 Y114.4 E7.47409
G1 X102.619 Y113.534 E7.50161
G1 X102.579 Y113.02 E7.51781
G1 X102.565 Y112.506 E7.53397
G1 X102.611 Y111.556 E7.56386
G1 X102.749 Y110.598 E7.59428
G1 X102.86 Y110.097 E7.61041
G1 X102.998 Y109.6 E7.62662
G1 X103.289 Y108.778 E7.65402
G1 X103.307 Y108.739 E7.65537
G1 X103.307 Y108.739 F12000
G1 X103 Y108.533
;TYPE:External perimeter
;WIDTH:0.4
G1 F2400
G1 X103.324 Y107.822 E7.67861
G1 X103.58 Y107.35 E7.69458
G1 X103.862 Y106.89 E7.71063
G1 X104.167 Y106.446 E7.72665
G1 X104.495 Y106.018 E7.74269
G1 X104.846 Y105.608 E7.75875
G1 X105.217 Y105.217 E7.77478
G1 X105.608 Y104.846 E7.79081
G1 X106.016 Y104.497 E7.80678
G1 X106.808 Y103.916 E7.836
G1 X107.667 Y103.405 E7.86573
G1 X108.147 Y103.165 E7.88169
G1 X108.64 Y102.951 E7.89768
G1 X109.49 Y102.65 E7.92451
G1 X110.008 Y102.506 E7.9405
G1 X110.535 Y102.389 E7.95656
G1 X111.067 Y102.3 E7.97261
G1 X111.6 Y102.24 E7.98857
G1 X112.581 Y102.201 E8.01778
G1 X113.579 Y102.257 E8.04752
G1 X114.111 Y102.327 E8.06348
G1 X114.64 Y102.425 E8.07948
G1 X115.513 Y102.651 E8.10631
G1 X116.023 Y102.821 E8.1223
G1 X116.525 Y103.019 E8.13835
G1 X117.015 Y103.242 E8.15437
G1 X117.492 Y103.491 E8.17038
G1 X118.26 Y103.961 E8.19717
G1 X118.983 Y104.497 E8.22394
G1 X119.392 Y104.846 E8.23993
G1 X119.783 Y105.217 E8.25596
G1 X120.154 Y105.608 E8.27199
G1 X120.503 Y106.016 E8.28796
G1 X121.084 Y106.808 E8.31718
G1 X121.595 Y107.666 E8.34689
G1 X121.835 Y108.147 E8.36288
G1 X122.049 Y108.64 E8.37887
G1 X122.35 Y109.49 E8.4057
G1 X122.494 Y110.008 E8.42169
G1 X122.61 Y110.533 E8.43768
G1 X122.744 Y111.425 E8.46451
G1 X122.786 Y111.961 E8.4805
G1 X122.8 Y112.498 E8.49648
G1 X122.761 Y113.399 E8.52331
G1 X122.7 Y113.933 E8.5393
G1 X122.611 Y114.465 E8.55535
G1 X122.494 Y114.992 E8.57141
G1 X122.35 Y115.51 E8.5874
G1 X122.05 Y116.358 E8.61416
G1 X121.676 Y117.178 E8.64097
G1 X121.42 Y117.65 E8.65694
G1 X121.138 Y118.11 E8.67299
G1 X120.833 Y118.554 E8.68901
G1 X120.505 Y118.982 E8.70505
G1 X120.154 Y119.392 E8.72111
G1 X119.783 Y119.783 E8.73714
G1 X119.392 Y120.154 E8.75317
G1 X118.984 Y120.503 E8.76914
G1 X118.192 Y121.084 E8.79836
G1 X117.334 Y121.595 E8.82807
G1 X116.853 Y121.835 E8.84406
G1 X116.36 Y122.049 E8.86005
G1 X115.51 Y122.35 E8.88688
G1 X114.992 Y122.494 E8.90287
G1 X114.467 Y122.61 E8.91886
G1 X113.575 Y122.744 E8.94569
G1 X113.039 Y122.786 E8.96168
G1 X112.5 Y122.8 E8.97772
G1 X111.961 Y122.786 E8.99376
G1 X111.425 Y122.744 E9.00975
G1 X110.535 Y122.611 E9.03652
G1 X109.659 Y122.4 E9.06333
G1 X109.147 Y122.239 E9.0793
G1 X108.642 Y122.05 E9.09534
G1 X108.147 Y121.835 E9.11139
G1 X107.664 Y121.594 E9.12745
G1 X107.195 Y121.329 E9.14348
G1 X106.742 Y121.04 E9.15947
G1 X106.017 Y120.503 E9.18631
G1 X105.608 Y120.154 E9.2023
G1 X105.218 Y119.784 E9.21829
G1 X104.609 Y119.119 E9.24512
G1 X104.274 Y118.699 E9.2611
G1 X103.961 Y118.26 E9.27714
G1 X103.671 Y117.805 E9.29319
G1 X103.407 Y117.337 E9.30917
G1 X102.988 Y116.449 E9.33838
G1 X102.65 Y115.509 E9.3681
G1 X102.506 Y114.992 E9.38407
G1 X102.39 Y114.467 E9.40006
G1 X102.256 Y113.575 E9.42689
G1 X102.214 Y113.039 E9.44288
G1 X102.2 Y112.502 E9.45886
G1 X102.247 Y111.521 E9.48808
G1 X102.39 Y110.532 E9.51781
G1 X102.506 Y110.008 E9.53378
G1 X102.65 Y109.49 E9.54977
G1 X102.95 Y108.642 E9.57653
G1 X102.975 Y108.587 E9.57833
G1 X103.141 Y108.223 F12000
;LAYER_CHANGE
;Z:5.24
;HEIGHT:0.21
G1 Z5.24 F12000
G1 E7.57833 F2400
G92 E0
G1 Z5.64 F12000
G1 X103.712 Y114.317
G1 Z5.24
G1 E2 F2400
G92 E0
;TYPE:Internal infill
;WIDTH:0.42
G1 F6000
G1 X110.683 Y121.287 E.30978
G1 E-1.69022 F2400
G92 E0
G1 X110.683 Y121.287 Z5.64 F12000
G1 X120.913 Y115.611
G1 Z5.24
G1 E2 F2400
G1 F6000
G1 X116.832 Y111.53 E2.18137
G1 X116.941 Y112.415 E2.20939
G1 X116.93 Y112.817 E2.22203
G1 X116.788 Y113.657 E2.2488
G1 X116.458 Y114.517 E2.27775
G1 X116.225 Y114.919 E2.29235
G1 X115.639 Y115.639 E2.32152
G1 X118.729 Y118.729 E2.45885
G1 X118.155 Y119.254 E2.4833
G1 X117.434 Y119.798 E2.51168
G1 X116.762 Y120.209 E2.53643
G1 X115.485 Y120.788 E2.58049
G1 X111.527 Y116.829 E2.75641
G1 X110.487 Y116.459 E2.7911
G1 X109.763 Y115.999 E2.81806
G1 X109.414 Y115.695 E2.8326
G1 X109.1 Y115.358 E2.84707
G1 X108.614 Y114.651 E2.87403
G1 X108.411 Y114.236 E2.88855
G1 X108.168 Y113.47 E2.9138
G1 X104.22 Y109.522 E3.08926
G1 X104.689 Y108.428 E3.12667
G1 X105.114 Y107.698 E3.15322
G1 X105.654 Y106.956 E3.18206
G1 X106.271 Y106.271 E3.21103
G1 X109.361 Y109.361 E3.34836
G1 X109.981 Y108.842 E3.37377
G1 X110.349 Y108.614 E3.38737
G1 X111.194 Y108.255 E3.41622
G1 X112.032 Y108.083 E3.4431
G1 X112.457 Y108.059 E3.45648
G1 X113.473 Y108.171 E3.4886
G1 X109.521 Y104.219 E3.66423
G1 X110.819 Y103.853 E3.70661
G1 X111.719 Y103.726 E3.73517
G1 X112.959 Y103.702 E3.77414
G1 X114.543 Y103.939 E3.82447
G1 X121.288 Y110.683 E4.12421
G1 E2.12421 F2400
G92 E0
G1 X121.288 Y110.683 Z5.64 F12000
G1 X115.578 Y109.846
G1 Z5.24
G1 E2 F2400
;TYPE:Perimeter
G1 F3600
G1 X115.615 Y109.886 E2.00171
G1 X115.868 Y110.221 E2.0149
G1 X116.059 Y110.534 E2.02642
G1 X116.243 Y110.911 E2.0396
G1 X116.387 Y111.306 E2.05281
G1 X116.477 Y111.655 E2.06414
G1 X116.537 Y112.01 E2.07545
G1 X116.566 Y112.423 E2.08846
G1 X116.556 Y112.789 E2.09997
G1 X116.506 Y113.2 E2.11298
G1 X116.426 Y113.558 E2.12451
G1 X116.296 Y113.957 E2.1377
G1 X116.123 Y114.346 E2.15108
G1 X115.911 Y114.715 E2.16445
G1 X115.664 Y115.055 E2.17766
G1 X115.421 Y115.329 E2.18917
G1 X115.114 Y115.615 E2.20236
G1 X114.779 Y115.868 E2.21555
G1 X114.466 Y116.059 E2.22707
G1 X114.089 Y116.243 E2.24025
G1 X113.694 Y116.387 E2.25346
G1 X113.345 Y116.477 E2.26479
G1 X112.99 Y116.537 E2.2761
G1 X112.577 Y116.566 E2.28911
G1 X112.211 Y116.556 E2.30062
G1 X111.8 Y116.506 E2.31363
G1 X111.442 Y116.426 E2.32516
G1 X111.043 Y116.296 E2.33835
G1 X110.657 Y116.125 E2.35162
G1 X110.319 Y115.932 E2.36385
G1 X109.995 Y115.703 E2.37632
G1 X109.675 Y115.425 E2.38964
G1 X109.387 Y115.116 E2.40291
G1 X109.151 Y114.807 E2.41513
G1 X108.942 Y114.47 E2.42759
G1 X108.757 Y114.089 E2.4409
G1 X108.613 Y113.694 E2.45411
G1 X108.521 Y113.34 E2.4656
G1 X108.457 Y112.931 E2.47861
G1 X108.434 Y112.565 E2.49013
G1 X108.449 Y112.149 E2.50321
G1 X108.501 Y111.763 E2.51545
G1 X108.592 Y111.377 E2.52791
G1 X108.729 Y110.977 E2.5412
G1 X108.907 Y110.596 E2.55442
G1 X109.093 Y110.281 E2.56592
G1 X109.336 Y109.946 E2.57893
G1 X109.579 Y109.671 E2.59046
G1 X109.884 Y109.387 E2.60356
G1 X110.193 Y109.151 E2.61578
G1 X110.53 Y108.942 E2.62824
G1 X110.911 Y108.757 E2.64155
G1 X111.306 Y108.613 E2.65476
G1 X111.66 Y108.521 E2.66625
G1 X112.072 Y108.456 E2.67936
G1 X112.46 Y108.434 E2.69157
G1 X112.857 Y108.449 E2.70405
G1 X113.276 Y108.508 E2.71735
G1 X113.683 Y108.61 E2.73054
G1 X114.023 Y108.73 E2.74187
G1 X114.351 Y108.88 E2.7532
G1 X114.715 Y109.089 E2.76639
G1 X115.054 Y109.336 E2.77957
G1 X115.329 Y109.579 E2.7911
G1 X115.537 Y109.803 E2.80071
G1 X115.537 Y109.803 F12000
G1 X115.303 Y110.101
G1 F3600
G1 X115.328 Y110.127 E2.80184
G1 X115.558 Y110.433 E2.81387
G1 X115.73 Y110.714 E2.82422
G1 X115.898 Y111.058 E2.83625
G1 X116.028 Y111.417 E2.84825
G1 X116.11 Y111.733 E2.85851
G1 X116.164 Y112.054 E2.86874
G1 X116.19 Y112.431 E2.88062
G1 X116.182 Y112.762 E2.89102
G1 X116.136 Y113.137 E2.90289
G1 X116.064 Y113.459 E2.91326
G1 X115.946 Y113.823 E2.92528
G1 X115.789 Y114.176 E2.93742
G1 X115.596 Y114.51 E2.94954
G1 X115.371 Y114.82 E2.96158
G1 X115.152 Y115.067 E2.97195
G1 X114.873 Y115.328 E2.98396
G1 X114.567 Y115.558 E2.99599
G1 X114.286 Y115.73 E3.00634
G1 X113.942 Y115.898 E3.01837
G1 X113.583 Y116.028 E3.03037
G1 X113.267 Y116.11 E3.04063
G1 X112.946 Y116.164 E3.05086
G1 X112.569 Y116.19 E3.06274
G1 X112.238 Y116.182 E3.07314
G1 X111.863 Y116.136 E3.08501
G1 X111.541 Y116.064 E3.09538
G1 X111.177 Y115.946 E3.1074
G1 X110.826 Y115.79 E3.11947
G1 X110.52 Y115.615 E3.13055
G1 X110.226 Y115.408 E3.14185
G1 X109.936 Y115.155 E3.15394
G1 X109.674 Y114.874 E3.16601
G1 X109.461 Y114.594 E3.17707
G1 X109.271 Y114.288 E3.18839
G1 X109.102 Y113.942 E3.20049
G1 X108.972 Y113.583 E3.21249
G1 X108.889 Y113.263 E3.22288
G1 X108.83 Y112.89 E3.23475
G1 X108.81 Y112.56 E3.24514
G1 X108.823 Y112.18 E3.25709
G1 X108.87 Y111.831 E3.26816
G1 X108.952 Y111.481 E3.27946
G1 X109.078 Y111.117 E3.29156
G1 X109.239 Y110.771 E3.30355
G1 X109.407 Y110.486 E3.31395
G1 X109.629 Y110.18 E3.32583
G1 X109.848 Y109.933 E3.3362
G1 X110.126 Y109.674 E3.34814
G1 X110.406 Y109.461 E3.3592
G1 X110.712 Y109.271 E3.37052
G1 X111.058 Y109.102 E3.38262
G1 X111.417 Y108.972 E3.39462
G1 X111.737 Y108.889 E3.40501
G1 X112.112 Y108.829 E3.41694
G1 X112.464 Y108.809 E3.42802
G1 X112.823 Y108.823 E3.43931
G1 X113.204 Y108.877 E3.4514
G1 X113.575 Y108.969 E3.46341
G1 X113.883 Y109.078 E3.47368
G1 X114.179 Y109.213 E3.4839
G1 X114.51 Y109.404 E3.49591
G1 X114.82 Y109.629 E3.50795
G1 X115.067 Y109.848 E3.51832
G1 X115.262 Y110.057 E3.5273
G1 X115.262 Y110.057 F12000
G1 X115.028 Y110.356
G1 F3600
G1 X115.04 Y110.369 E3.52786
G1 X115.247 Y110.644 E3.53868
G1 X115.401 Y110.895 E3.54793
G1 X115.552 Y111.205 E3.55877
G1 X115.67 Y111.528 E3.56958
G1 X115.743 Y111.811 E3.57876
G1 X115.791 Y112.098 E3.5879
G1 X115.815 Y112.44 E3.59867
G1 X115.807 Y112.734 E3.60791
G1 X115.766 Y113.073 E3.61864
G1 X115.702 Y113.361 E3.62791
G1 X115.595 Y113.688 E3.63872
G1 X115.454 Y114.005 E3.64962
G1 X115.281 Y114.306 E3.66053
G1 X115.078 Y114.585 E3.67137
G1 X114.883 Y114.805 E3.68061
G1 X114.631 Y115.04 E3.69144
G1 X114.356 Y115.247 E3.70226
G1 X114.105 Y115.401 E3.71151
G1 X113.795 Y115.552 E3.72235
G1 X113.472 Y115.67 E3.73316
G1 X113.189 Y115.743 E3.74234
G1 X112.902 Y115.791 E3.75148
G1 X112.56 Y115.815 E3.76225
G1 X112.266 Y115.807 E3.77149
G1 X111.927 Y115.766 E3.78222
G1 X111.639 Y115.702 E3.79149
G1 X111.312 Y115.595 E3.8023
G1 X110.996 Y115.455 E3.81316
G1 X110.722 Y115.298 E3.82308
G1 X110.458 Y115.112 E3.83323
G1 X110.197 Y114.885 E3.8441
G1 X109.961 Y114.632 E3.85497
G1 X109.77 Y114.381 E3.86488
G1 X109.6 Y114.107 E3.87501
G1 X109.448 Y113.796 E3.88589
G1 X109.33 Y113.472 E3.89673
G1 X109.256 Y113.187 E3.90598
G1 X109.203 Y112.849 E3.91673
G1 X109.185 Y112.555 E3.92599
G1 X109.197 Y112.212 E3.93678
G1 X109.239 Y111.899 E3.9467
G1 X109.313 Y111.585 E3.95684
G1 X109.426 Y111.258 E3.96771
G1 X109.571 Y110.946 E3.97852
G1 X109.721 Y110.692 E3.98779
G1 X109.922 Y110.415 E3.99855
G1 X110.117 Y110.195 E4.00779
G1 X110.368 Y109.961 E4.01857
G1 X110.619 Y109.77 E4.02848
G1 X110.893 Y109.6 E4.03861
G1 X111.204 Y109.448 E4.04949
G1 X111.528 Y109.33 E4.06033
G1 X111.813 Y109.256 E4.06958
G1 X112.152 Y109.203 E4.08036
G1 X112.467 Y109.185 E4.09028
G1 X112.79 Y109.197 E4.10044
G1 X113.133 Y109.245 E4.11132
G1 X113.467 Y109.329 E4.12214
G1 X113.742 Y109.426 E4.1313
G1 X114.007 Y109.547 E4.14045
G1 X114.306 Y109.719 E4.15129
G1 X114.585 Y109.922 E4.16213
G1 X114.805 Y110.117 E4.17137
G1 X114.987 Y110.312 E4.17975
G1 X114.987 Y110.312 F12000
G1 X114.767 Y110.613
;TYPE:External perimeter
;WIDTH:0.4
G1 F3600
G1 X114.945 Y110.85 E4.18857
G1 X115.081 Y111.07 E4.19626
G1 X115.216 Y111.347 E4.20543
G1 X115.321 Y111.637 E4.21461
G1 X115.428 Y112.141 E4.22994
G1 X115.45 Y112.448 E4.2391
G1 X115.443 Y112.707 E4.24681
G1 X115.406 Y113.011 E4.25592
G1 X115.349 Y113.264 E4.26364
G1 X115.254 Y113.557 E4.2728
G1 X115.129 Y113.839 E4.28198
G1 X114.974 Y114.107 E4.29119
G1 X114.793 Y114.356 E4.30035
G1 X114.622 Y114.55 E4.30804
G1 X114.396 Y114.76 E4.31722
G1 X114.15 Y114.945 E4.32638
G1 X113.93 Y115.081 E4.33407
G1 X113.653 Y115.216 E4.34324
G1 X113.363 Y115.321 E4.35242
G1 X112.859 Y115.428 E4.36775
G1 X112.552 Y115.45 E4.37691
G1 X112.293 Y115.443 E4.38462
G1 X111.989 Y115.406 E4.39373
G1 X111.736 Y115.349 E4.40145
G1 X111.443 Y115.254 E4.41061
G1 X111.161 Y115.129 E4.41979
G1 X110.918 Y114.99 E4.42812
G1 X110.683 Y114.825 E4.43666
G1 X110.451 Y114.622 E4.44583
G1 X110.24 Y114.397 E4.45501
G1 X110.071 Y114.174 E4.46333
G1 X109.919 Y113.93 E4.47188
G1 X109.784 Y113.653 E4.48105
G1 X109.679 Y113.363 E4.49023
G1 X109.614 Y113.113 E4.49791
G1 X109.566 Y112.809 E4.50707
G1 X109.55 Y112.551 E4.51476
G1 X109.561 Y112.243 E4.52393
G1 X109.599 Y111.966 E4.53225
G1 X109.664 Y111.686 E4.5408
G1 X109.765 Y111.395 E4.54996
G1 X109.895 Y111.116 E4.55912
G1 X110.026 Y110.892 E4.56684
G1 X110.207 Y110.644 E4.57597
G1 X110.378 Y110.45 E4.58366
G1 X110.603 Y110.24 E4.59282
G1 X110.826 Y110.071 E4.60114
G1 X111.07 Y109.919 E4.60969
G1 X111.347 Y109.784 E4.61886
G1 X111.637 Y109.679 E4.62804
G1 X111.887 Y109.614 E4.63572
G1 X112.191 Y109.566 E4.64488
G1 X112.471 Y109.55 E4.65322
G1 X112.757 Y109.561 E4.66173
G1 X113.063 Y109.604 E4.67092
G1 X113.362 Y109.678 E4.68008
G1 X113.84 Y109.872 E4.69543
G1 X114.107 Y110.026 E4.7046
G1 X114.356 Y110.207 E4.71376
G1 X114.55 Y110.378 E4.72145
G1 X114.727 Y110.568 E4.72917
G1 X114.965 Y110.89 F12000
G1 E2.72917 F2400
G92 E0
G1 Z5.64 F12000
G1 X104.009 Y109.008
G1 Z5.24
G1 E2 F2400
;TYPE:Perimeter
;WIDTH:0.42
G1 F4800
G1 X104.356 Y108.254 E2.02608
G1 X104.797 Y107.498 E2.05358
G1 X105.069 Y107.101 E2.0687
G1 X105.362 Y106.72 E2.0838
G1 X105.674 Y106.354 E2.09891
G1 X106.005 Y106.005 E2.11403
G1 X106.354 Y105.674 E2.12915
G1 X106.709 Y105.371 E2.14382
G1 X107.435 Y104.838 E2.17212
G1 X107.768 Y104.628 E2.18449
G1 X108.188 Y104.39 E2.19966
G1 X109.049 Y103.989 E2.22951
G1 X109.826 Y103.714 E2.25541
G1 X110.747 Y103.484 E2.28524
G1 X111.685 Y103.352 E2.31501
G1 X112.586 Y103.316 E2.34335
G1 X112.979 Y103.328 E2.35571
G1 X113.46 Y103.366 E2.37087
G1 X114.398 Y103.514 E2.40071
G1 X115.196 Y103.72 E2.42661
G1 X116.078 Y104.041 E2.45611
G1 X116.822 Y104.396 E2.48202
G1 X117.626 Y104.879 E2.51149
G1 X118.289 Y105.37 E2.53742
G1 X118.646 Y105.674 E2.55216
G1 X118.995 Y106.005 E2.56728
G1 X119.326 Y106.354 E2.5824
G1 X119.638 Y106.72 E2.59751
G1 X119.931 Y107.101 E2.61261
G1 X120.196 Y107.488 E2.62735
G1 X120.615 Y108.198 E2.65326
G1 X121.011 Y109.049 E2.68276
G1 X121.286 Y109.826 E2.70866
G1 X121.514 Y110.736 E2.73814
G1 X121.635 Y111.551 E2.76403
G1 X121.684 Y112.486 E2.79345
G1 X121.641 Y113.386 E2.82176
G1 X121.516 Y114.253 E2.84929
G1 X121.286 Y115.174 E2.87912
G1 X121.015 Y115.94 E2.90465
G1 X120.678 Y116.68 E2.9302
G1 X120.203 Y117.502 E2.96003
G1 X119.931 Y117.899 E2.97515
G1 X119.638 Y118.28 E2.99025
G1 X119.002 Y118.986 E3.02011
G1 X118.395 Y119.543 E3.046
G1 X117.645 Y120.108 E3.07551
G1 X116.943 Y120.538 E3.10138
G1 X116.089 Y120.955 E3.13125
G1 X115.641 Y121.131 E3.14638
G1 X115.185 Y121.283 E3.16149
G1 X114.264 Y121.514 E3.19133
G1 X113.449 Y121.635 E3.21722
G1 X112.514 Y121.684 E3.24664
G1 X111.614 Y121.641 E3.27495
G1 X110.747 Y121.516 E3.30248
G1 X109.826 Y121.287 E3.3323
G1 X109.049 Y121.011 E3.35821
G1 X108.188 Y120.61 E3.38806
G1 X107.376 Y120.122 E3.41783
G1 X106.654 Y119.583 E3.44614
G1 X106.005 Y118.995 E3.47366
G1 X105.37 Y118.289 E3.5035
G1 X104.879 Y117.626 E3.52943
G1 X104.397 Y116.824 E3.55883
G1 X104.013 Y116.01 E3.58711
G1 X103.717 Y115.185 E3.61465
G1 X103.486 Y114.264 E3.64449
G1 X103.365 Y113.449 E3.67038
G1 X103.316 Y112.514 E3.6998
G1 X103.359 Y111.614 E3.72811
G1 X103.482 Y110.761 E3.75519
G1 X103.696 Y109.886 E3.7835
G1 X103.979 Y109.073 E3.81055
G1 X103.984 Y109.062 E3.81093
G1 X103.984 Y109.062 F12000
G1 X103.669 Y108.851
G1 F4800
G1 X104.021 Y108.086 E3.83739
G1 X104.482 Y107.293 E3.86622
G1 X104.766 Y106.881 E3.88195
G1 X105.071 Y106.484 E3.89768
G1 X105.396 Y106.103 E3.91342
G1 X105.74 Y105.74 E3.92914
G1 X106.103 Y105.396 E3.94486
G1 X106.476 Y105.077 E3.96028
G1 X107.224 Y104.529 E3.98942
G1 X107.575 Y104.306 E4.00249
G1 X108.012 Y104.059 E4.01826
G1 X108.46 Y103.836 E4.03399
G1 X108.911 Y103.64 E4.04944
G1 X109.713 Y103.356 E4.07618
G1 X110.187 Y103.224 E4.09164
G1 X110.676 Y103.116 E4.10738
G1 X111.17 Y103.033 E4.12312
G1 X111.657 Y102.978 E4.13852
G1 X112.584 Y102.941 E4.16767
G1 X112.999 Y102.953 E4.18072
G1 X113.499 Y102.993 E4.19648
G1 X113.996 Y103.058 E4.21223
G1 X114.479 Y103.148 E4.22767
G1 X115.303 Y103.361 E4.25442
G1 X115.77 Y103.517 E4.26989
G1 X116.228 Y103.697 E4.28535
G1 X116.995 Y104.063 E4.31206
G1 X117.424 Y104.306 E4.32755
G1 X117.839 Y104.57 E4.34301
G1 X118.522 Y105.076 E4.36972
G1 X118.897 Y105.396 E4.38521
G1 X119.26 Y105.74 E4.40093
G1 X119.604 Y106.103 E4.41665
G1 X119.929 Y106.484 E4.43239
G1 X120.234 Y106.881 E4.44812
G1 X120.513 Y107.287 E4.4636
G1 X120.944 Y108.019 E4.49029
G1 X121.164 Y108.46 E4.50578
G1 X121.36 Y108.911 E4.52123
G1 X121.644 Y109.713 E4.54797
G1 X121.776 Y110.187 E4.56343
G1 X121.882 Y110.668 E4.57891
G1 X122.008 Y111.509 E4.60563
G1 X122.047 Y112 E4.62111
G1 X122.06 Y112.49 E4.63651
G1 X122.015 Y113.416 E4.66564
G1 X121.884 Y114.324 E4.69447
G1 X121.776 Y114.813 E4.71021
G1 X121.644 Y115.287 E4.72567
G1 X121.363 Y116.081 E4.75214
G1 X121.014 Y116.847 E4.77859
G1 X120.779 Y117.28 E4.79407
G1 X120.518 Y117.707 E4.8098
G1 X120.234 Y118.119 E4.82553
G1 X119.929 Y118.516 E4.84126
G1 X119.604 Y118.897 E4.857
G1 X119.265 Y119.254 E4.87247
G1 X118.639 Y119.828 E4.89916
G1 X118.253 Y120.135 E4.91466
G1 X117.852 Y120.421 E4.93014
G1 X117.127 Y120.865 E4.95686
G1 X116.691 Y121.092 E4.97231
G1 X116.235 Y121.3 E4.98806
G1 X115.77 Y121.483 E5.00376
G1 X115.295 Y121.642 E5.0195
G1 X114.813 Y121.776 E5.03522
G1 X114.332 Y121.882 E5.0507
G1 X113.491 Y122.008 E5.07742
G1 X113 Y122.047 E5.0929
G1 X112.51 Y122.06 E5.1083
G1 X111.584 Y122.015 E5.13743
G1 X110.676 Y121.884 E5.16626
G1 X110.187 Y121.776 E5.182
G1 X109.713 Y121.644 E5.19746
G1 X108.911 Y121.36 E5.2242
G1 X108.46 Y121.164 E5.23965
G1 X108.012 Y120.941 E5.25538
G1 X107.576 Y120.694 E5.27113
G1 X107.163 Y120.431 E5.28652
G1 X106.419 Y119.876 E5.31569
G1 X105.74 Y119.26 E5.3445
G1 X105.396 Y118.897 E5.36022
G1 X105.076 Y118.522 E5.37571
G1 X104.57 Y117.839 E5.40242
G1 X104.306 Y117.424 E5.41788
G1 X104.064 Y116.997 E5.4333
G1 X103.668 Y116.158 E5.46246
G1 X103.358 Y115.295 E5.49128
G1 X103.224 Y114.813 E5.507
G1 X103.118 Y114.332 E5.52248
G1 X102.992 Y113.491 E5.5492
G1 X102.953 Y113 E5.56468
G1 X102.94 Y112.51 E5.58008
G1 X102.985 Y111.584 E5.60921
G1 X103.114 Y110.686 E5.63772
G1 X103.334 Y109.785 E5.66687
G1 X103.633 Y108.928 E5.69539
G1 X103.643 Y108.905 E5.69618
G1 X103.643 Y108.905 F12000
G1 X103.328 Y108.694
G1 F4800
G1 X103.686 Y107.917 E5.72306
G1 X104.168 Y107.089 E5.75317
G1 X104.463 Y106.66 E5.76953
G1 X104.779 Y106.248 E5.78585
G1 X105.117 Y105.852 E5.80221
G1 X105.475 Y105.475 E5.81855
G1 X105.852 Y105.117 E5.83489
G1 X106.243 Y104.783 E5.85105
G1 X107.013 Y104.219 E5.88104
G1 X107.382 Y103.985 E5.89477
G1 X107.836 Y103.728 E5.91116
G1 X108.301 Y103.496 E5.92749
G1 X108.774 Y103.291 E5.94369
G1 X109.6 Y102.998 E5.97123
G1 X110.097 Y102.86 E5.98744
G1 X110.604 Y102.748 E6.00376
G1 X111.117 Y102.662 E6.02011
G1 X111.628 Y102.604 E6.03627
G1 X112.582 Y102.566 E6.06627
G1 X113.019 Y102.579 E6.08001
G1 X113.538 Y102.62 E6.09637
G1 X114.054 Y102.687 E6.11272
G1 X114.561 Y102.781 E6.12892
G1 X115.409 Y103.001 E6.15645
G1 X115.898 Y103.164 E6.17265
G1 X116.377 Y103.353 E6.18883
G1 X117.168 Y103.73 E6.21637
G1 X117.617 Y103.984 E6.23258
G1 X118.051 Y104.261 E6.24876
G1 X118.756 Y104.782 E6.27631
G1 X119.148 Y105.117 E6.29251
G1 X119.525 Y105.475 E6.30885
G1 X119.883 Y105.852 E6.32519
G1 X120.221 Y106.248 E6.34155
G1 X120.537 Y106.66 E6.35787
G1 X120.829 Y107.085 E6.37407
G1 X121.274 Y107.84 E6.40161
G1 X121.504 Y108.301 E6.4178
G1 X121.709 Y108.774 E6.434
G1 X122.002 Y109.6 E6.46154
G1 X122.14 Y110.097 E6.47775
G1 X122.251 Y110.6 E6.49394
G1 X122.381 Y111.466 E6.52146
G1 X122.421 Y111.98 E6.53766
G1 X122.435 Y112.494 E6.55382
G1 X122.389 Y113.447 E6.5838
G1 X122.252 Y114.396 E6.61393
G1 X122.14 Y114.903 E6.63025
G1 X122.002 Y115.4 E6.64646
G1 X121.711 Y116.222 E6.67386
G1 X121.35 Y117.015 E6.70124
G1 X121.104 Y117.467 E6.71741
G1 X120.832 Y117.911 E6.73377
G1 X120.537 Y118.34 E6.75013
G1 X120.221 Y118.752 E6.76645
G1 X119.883 Y119.148 E6.78281
G1 X119.528 Y119.521 E6.79899
G1 X118.882 Y120.114 E6.82655
G1 X118.479 Y120.434 E6.84272
G1 X118.06 Y120.734 E6.85891
G1 X117.312 Y121.192 E6.88647
G1 X116.855 Y121.429 E6.90265
G1 X116.382 Y121.645 E6.91899
G1 X115.898 Y121.836 E6.93534
G1 X115.405 Y122.001 E6.95168
G1 X114.903 Y122.14 E6.96805
G1 X114.4 Y122.251 E6.98424
G1 X113.534 Y122.381 E7.01176
G1 X113.02 Y122.421 E7.02796
G1 X112.506 Y122.435 E7.04412
G1 X111.553 Y122.389 E7.0741
G1 X110.604 Y122.252 E7.10423
G1 X110.097 Y122.14 E7.12055
G1 X109.6 Y122.002 E7.13676
G1 X108.774 Y121.709 E7.1643
G1 X108.301 Y121.504 E7.1805
G1 X107.836 Y121.272 E7.19683
G1 X107.383 Y121.016 E7.21318
G1 X106.95 Y120.74 E7.22932
G1 X106.185 Y120.169 E7.25932
G1 X105.475 Y119.525 E7.28944
G1 X105.117 Y119.148 E7.30578
G1 X104.782 Y118.756 E7.32198
G1 X104.261 Y118.051 E7.34953
G1 X103.984 Y117.617 E7.36571
G1 X103.731 Y117.169 E7.38188
G1 X103.324 Y116.306 E7.41186
G1 X102.999 Y115.405 E7.44196
G1 X102.86 Y114.903 E7.45833
G1 X102.749 Y114.4 E7.47452
G1 X102.619 Y113.534 E7.50204
G1 X102.579 Y113.02 E7.51824
G1 X102.565 Y112.506 E7.5344
G1 X102.611 Y111.553 E7.56438
G1 X102.747 Y110.61 E7.59432
G1 X102.973 Y109.683 E7.6243
G1 X103.286 Y108.784 E7.65421
G1 X103.303 Y108.748 E7.65546
G1 X103.303 Y108.748 F12000
G1 X102.997 Y108.541
;TYPE:External perimeter
;WIDTH:0.4
G1 F2400
G1 X103.36 Y107.753 E7.68127
G1 X103.862 Y106.89 E7.71097
G1 X104.167 Y106.446 E7.72699
G1 X104.495 Y106.018 E7.74303
G1 X104.846 Y105.608 E7.75909
G1 X105.217 Y105.217 E7.77512
G1 X105.608 Y104.846 E7.79115
G1 X106.016 Y104.497 E7.80712
G1 X106.807 Y103.917 E7.8363
G1 X107.195 Y103.671 E7.84997
G1 X107.664 Y103.406 E7.866
G1 X108.147 Y103.165 E7.88206
G1 X108.64 Y102.951 E7.89805
G1 X109.49 Y102.65 E7.92488
G1 X110.008 Y102.506 E7.94087
G1 X110.535 Y102.389 E7.95693
G1 X111.067 Y102.3 E7.97298
G1 X111.6 Y102.24 E7.98894
G1 X112.58 Y102.201 E8.01812
G1 X113.039 Y102.214 E8.03178
G1 X113.577 Y102.256 E8.04783
G1 X114.111 Y102.327 E8.06386
G1 X114.64 Y102.425 E8.07986
G1 X115.513 Y102.651 E8.10669
G1 X116.023 Y102.821 E8.12268
G1 X116.523 Y103.018 E8.13867
G1 X117.337 Y103.407 E8.16551
G1 X117.805 Y103.671 E8.18149
G1 X118.258 Y103.96 E8.19748
G1 X118.983 Y104.497 E8.22432
G1 X119.392 Y104.846 E8.24031
G1 X119.783 Y105.217 E8.25634
G1 X120.154 Y105.608 E8.27237
G1 X120.505 Y106.018 E8.28843
G1 X120.833 Y106.446 E8.30447
G1 X121.137 Y106.889 E8.32045
G1 X121.595 Y107.666 E8.34728
G1 X121.835 Y108.147 E8.36327
G1 X122.049 Y108.64 E8.37926
G1 X122.35 Y109.49 E8.40609
G1 X122.494 Y110.008 E8.42208
G1 X122.61 Y110.533 E8.43807
G1 X122.744 Y111.425 E8.4649
G1 X122.786 Y111.961 E8.48089
G1 X122.8 Y112.498 E8.49687
G1 X122.753 Y113.477 E8.52603
G1 X122.611 Y114.465 E8.55572
G1 X122.494 Y114.992 E8.57178
G1 X122.35 Y115.51 E8.58777
G1 X122.05 Y116.358 E8.61453
G1 X121.676 Y117.178 E8.64134
G1 X121.42 Y117.65 E8.65731
G1 X121.138 Y118.11 E8.67336
G1 X120.833 Y118.554 E8.68938
G1 X120.505 Y118.982 E8.70542
G1 X120.154 Y119.392 E8.72148
G1 X119.784 Y119.782 E8.73747
G1 X119.119 Y120.391 E8.7643
G1 X118.699 Y120.726 E8.78028
G1 X118.261 Y121.038 E8.79628
G1 X117.492 Y121.509 E8.82311
G1 X117.015 Y121.758 E8.83912
G1 X116.525 Y121.981 E8.85514
G1 X116.023 Y122.179 E8.87119
G1 X115.511 Y122.35 E8.88725
G1 X114.992 Y122.494 E8.90327
G1 X114.467 Y122.61 E8.91926
G1 X113.575 Y122.744 E8.94609
G1 X113.039 Y122.786 E8.96208
G1 X112.502 Y122.8 E8.97806
G1 X111.523 Y122.753 E9.00722
G1 X110.535 Y122.611 E9.03691
G1 X110.008 Y122.494 E9.05297
G1 X109.49 Y122.35 E9.06896
G1 X108.64 Y122.049 E9.09579
G1 X108.147 Y121.835 E9.11178
G1 X107.665 Y121.594 E9.12781
G1 X107.195 Y121.329 E9.14386
G1 X106.742 Y121.04 E9.15985
G1 X105.957 Y120.454 E9.18899
G1 X105.217 Y119.783 E9.21871
G1 X104.846 Y119.392 E9.23474
G1 X104.497 Y118.983 E9.25073
G1 X103.96 Y118.258 E9.27757
G1 X103.671 Y117.805 E9.29356
G1 X103.407 Y117.337 E9.30954
G1 X102.988 Y116.451 E9.3387
G1 X102.65 Y115.511 E9.36842
G1 X102.506 Y114.992 E9.38444
G1 X102.39 Y114.467 E9.40043
G1 X102.256 Y113.575 E9.42726
G1 X102.214 Y113.039 E9.44325
G1 X102.2 Y112.502 E9.45923
G1 X102.247 Y111.523 E9.48839
G1 X102.389 Y110.537 E9.51803
G1 X102.622 Y109.585 E9.54719
G1 X102.949 Y108.644 E9.57683
G1 X102.971 Y108.596 E9.5784
G1 X103.139 Y108.232 F12000
;LAYER_CHANGE
;Z:5.45
;HEIGHT:0.21
G1 Z5.45 F12000
G1 E7.5784 F2400
G92 E0
G1 Z5.85 F12000
G1 X103.713 Y110.682
G1 Z5.45
G1 E2 F2400
G92 E0
;TYPE:Internal infill
;WIDTH:0.42
G1 F6000
G1 X110.683 Y103.713 E.30974
G1 E-1.69026 F2400
G92 E0
G1 X110.683 Y103.713 Z5.85 F12000
G1 X109.39 Y120.912
G1 Z5.45
G1 E2 F2400
G1 F6000
G1 X113.47 Y116.832 E2.18132
G1 X112.578 Y116.941 E2.20956
G1 X112.113 Y116.925 E2.22418
G1 X111.208 Y116.75 E2.25315
G1 X110.477 Y116.454 E2.27793
G1 X110.081 Y116.225 E2.29231
G1 X109.361 Y115.639 E2.32148
G1 X106.271 Y118.729 E2.45881
G1 X105.654 Y118.044 E2.48778
G1 X105.114 Y117.302 E2.51662
G1 X104.655 Y116.508 E2.54544
G1 X104.219 Y115.479 E2.58056
G1 X108.172 Y111.525 E2.75626
G1 X108.558 Y110.454 E2.79204
G1 X108.776 Y110.078 E2.8057
G1 X109.31 Y109.409 E2.8326
G1 X109.645 Y109.097 E2.84699
G1 X110.353 Y108.612 E2.87396
G1 X110.764 Y108.411 E2.88834
G1 X111.53 Y108.168 E2.91359
G1 X115.485 Y104.212 E3.08938
G1 X116.362 Y104.582 E3.11929
G1 X117.426 Y105.197 E3.15791
G1 X118.051 Y105.66 E3.18235
G1 X118.728 Y106.272 E3.21103
G1 X115.639 Y109.361 E3.34831
G1 X115.903 Y109.645 E3.3605
G1 X116.388 Y110.353 E3.38747
G1 X116.745 Y111.194 E3.41618
G1 X116.909 Y111.966 E3.44098
G1 X116.941 Y112.422 E3.45535
G1 X116.829 Y113.473 E3.48856
G1 X120.788 Y109.515 E3.66448
G1 X121.145 Y110.81 E3.70669
G1 X121.262 Y111.589 E3.73144
G1 X121.309 Y112.49 E3.75979
G1 X121.275 Y113.278 E3.78458
G1 X121.056 Y114.549 E3.82511
G1 X114.317 Y121.288 E4.1246
G1 E2.1246 F2400
G92 E0
G1 X114.317 Y121.288 Z5.85 F12000
G1 X115.648 Y109.929
G1 Z5.45
G1 E2 F2400
;TYPE:Perimeter
G1 F3600
G1 X115.868 Y110.221 E2.01149
G1 X116.059 Y110.534 E2.02301
G1 X116.243 Y110.911 E2.03619
G1 X116.387 Y111.306 E2.0494
G1 X116.477 Y111.655 E2.06073
G1 X116.537 Y112.01 E2.07204
G1 X116.566 Y112.429 E2.08524
G1 X116.551 Y112.854 E2.0986
G1 X116.492 Y113.276 E2.11199
G1 X116.39 Y113.683 E2.12518
G1 X116.27 Y114.023 E2.13651
G1 X116.12 Y114.351 E2.14784
G1 X115.911 Y114.715 E2.16103
G1 X115.664 Y115.055 E2.17424
G1 X115.421 Y115.329 E2.18575
G1 X115.114 Y115.615 E2.19894
G1 X114.779 Y115.868 E2.21213
G1 X114.466 Y116.059 E2.22365
G1 X114.089 Y116.243 E2.23683
G1 X113.694 Y116.387 E2.25004
G1 X113.345 Y116.477 E2.26137
G1 X112.99 Y116.537 E2.27268
G1 X112.571 Y116.566 E2.28588
G1 X112.146 Y116.551 E2.29924
G1 X111.724 Y116.492 E2.31263
G1 X111.317 Y116.39 E2.32582
G1 X110.977 Y116.27 E2.33715
G1 X110.649 Y116.12 E2.34848
G1 X110.285 Y115.911 E2.36167
G1 X109.945 Y115.664 E2.37488
G1 X109.671 Y115.421 E2.38639
G1 X109.385 Y115.114 E2.39958
G1 X109.131 Y114.777 E2.41284
G1 X108.929 Y114.445 E2.42505
G1 X108.756 Y114.087 E2.43754
G1 X108.613 Y113.694 E2.45068
G1 X108.521 Y113.34 E2.46217
G1 X108.457 Y112.931 E2.47518
G1 X108.434 Y112.568 E2.48661
G1 X108.446 Y112.187 E2.49859
G1 X108.496 Y111.792 E2.5111
G1 X108.591 Y111.379 E2.52442
G1 X108.728 Y110.98 E2.53768
G1 X108.891 Y110.627 E2.5499
G1 X109.091 Y110.283 E2.5624
G1 X109.336 Y109.945 E2.57552
G1 X109.579 Y109.671 E2.58703
G1 X109.886 Y109.385 E2.60022
G1 X110.221 Y109.132 E2.61341
G1 X110.534 Y108.941 E2.62493
G1 X110.911 Y108.757 E2.63811
G1 X111.306 Y108.613 E2.65132
G1 X111.66 Y108.521 E2.66281
G1 X112.072 Y108.456 E2.67592
G1 X112.459 Y108.434 E2.6881
G1 X112.857 Y108.449 E2.70062
G1 X113.276 Y108.508 E2.71392
G1 X113.683 Y108.61 E2.72711
G1 X114.027 Y108.731 E2.73857
G1 X114.382 Y108.896 E2.75087
G1 X114.717 Y109.091 E2.76305
G1 X115.055 Y109.336 E2.77617
G1 X115.329 Y109.579 E2.78768
G1 X115.611 Y109.882 E2.80069
G1 X115.611 Y109.882 F12000
G1 X115.349 Y110.156
G1 F3600
G1 X115.558 Y110.433 E2.81159
G1 X115.73 Y110.714 E2.82194
G1 X115.898 Y111.058 E2.83397
G1 X116.028 Y111.417 E2.84597
G1 X116.11 Y111.733 E2.85623
G1 X116.164 Y112.054 E2.86646
G1 X116.191 Y112.436 E2.87849
G1 X116.177 Y112.822 E2.89063
G1 X116.123 Y113.204 E2.90275
G1 X116.031 Y113.575 E2.91476
G1 X115.922 Y113.883 E2.92503
G1 X115.787 Y114.179 E2.93525
G1 X115.596 Y114.51 E2.94726
G1 X115.371 Y114.82 E2.9593
G1 X115.152 Y115.067 E2.96967
G1 X114.873 Y115.328 E2.98168
G1 X114.567 Y115.558 E2.99371
G1 X114.286 Y115.73 E3.00406
G1 X113.942 Y115.898 E3.01609
G1 X113.583 Y116.028 E3.02809
G1 X113.267 Y116.11 E3.03835
G1 X112.946 Y116.164 E3.04858
G1 X112.564 Y116.191 E3.06061
G1 X112.178 Y116.177 E3.07275
G1 X111.796 Y116.123 E3.08487
G1 X111.425 Y116.031 E3.09688
G1 X111.117 Y115.922 E3.10715
G1 X110.821 Y115.787 E3.11737
G1 X110.49 Y115.596 E3.12938
G1 X110.18 Y115.371 E3.14142
G1 X109.933 Y115.152 E3.15179
G1 X109.672 Y114.873 E3.1638
G1 X109.441 Y114.566 E3.17587
G1 X109.259 Y114.266 E3.1869
G1 X109.102 Y113.941 E3.19824
G1 X108.972 Y113.583 E3.21021
G1 X108.889 Y113.263 E3.2206
G1 X108.83 Y112.89 E3.23247
G1 X108.81 Y112.563 E3.24277
G1 X108.82 Y112.216 E3.25368
G1 X108.865 Y111.858 E3.26502
G1 X108.952 Y111.483 E3.27712
G1 X109.077 Y111.119 E3.28921
G1 X109.224 Y110.8 E3.30025
G1 X109.405 Y110.488 E3.31159
G1 X109.629 Y110.18 E3.32356
G1 X109.848 Y109.933 E3.33393
G1 X110.127 Y109.672 E3.34594
G1 X110.433 Y109.442 E3.35797
G1 X110.714 Y109.27 E3.36832
G1 X111.058 Y109.102 E3.38035
G1 X111.417 Y108.972 E3.39235
G1 X111.737 Y108.889 E3.40274
G1 X112.112 Y108.829 E3.41467
G1 X112.463 Y108.809 E3.42572
G1 X112.823 Y108.823 E3.43704
G1 X113.204 Y108.877 E3.44913
G1 X113.575 Y108.969 E3.46114
G1 X113.885 Y109.079 E3.47148
G1 X114.209 Y109.229 E3.4827
G1 X114.512 Y109.406 E3.49373
G1 X114.82 Y109.629 E3.50568
G1 X115.067 Y109.848 E3.51605
G1 X115.311 Y110.11 E3.5273
G1 X115.311 Y110.11 F12000
G1 X115.051 Y110.383
G1 F3600
G1 X115.247 Y110.644 E3.53756
G1 X115.401 Y110.895 E3.54681
G1 X115.552 Y111.204 E3.55762
G1 X115.67 Y111.528 E3.56846
G1 X115.743 Y111.811 E3.57764
G1 X115.791 Y112.098 E3.58678
G1 X115.815 Y112.442 E3.59762
G1 X115.803 Y112.789 E3.60853
G1 X115.755 Y113.133 E3.61945
G1 X115.671 Y113.467 E3.63027
G1 X115.574 Y113.742 E3.63943
G1 X115.453 Y114.007 E3.64858
G1 X115.281 Y114.306 E3.65942
G1 X115.078 Y114.585 E3.67026
G1 X114.883 Y114.805 E3.6795
G1 X114.631 Y115.04 E3.69033
G1 X114.356 Y115.247 E3.70115
G1 X114.105 Y115.401 E3.7104
G1 X113.796 Y115.552 E3.72121
G1 X113.472 Y115.67 E3.73205
G1 X113.189 Y115.743 E3.74123
G1 X112.902 Y115.791 E3.75037
G1 X112.558 Y115.815 E3.76121
G1 X112.211 Y115.803 E3.77212
G1 X111.867 Y115.755 E3.78304
G1 X111.533 Y115.671 E3.79386
G1 X111.258 Y115.574 E3.80302
G1 X110.993 Y115.453 E3.81217
G1 X110.694 Y115.281 E3.82301
G1 X110.415 Y115.078 E3.83385
G1 X110.195 Y114.883 E3.84309
G1 X109.96 Y114.631 E3.85392
G1 X109.752 Y114.355 E3.86478
G1 X109.589 Y114.086 E3.87466
G1 X109.448 Y113.795 E3.88482
G1 X109.33 Y113.472 E3.89563
G1 X109.256 Y113.187 E3.90488
G1 X109.203 Y112.849 E3.91563
G1 X109.185 Y112.557 E3.92482
G1 X109.194 Y112.245 E3.93463
G1 X109.235 Y111.923 E3.94483
G1 X109.313 Y111.586 E3.9557
G1 X109.425 Y111.259 E3.96656
G1 X109.557 Y110.973 E3.97646
G1 X109.72 Y110.693 E3.98664
G1 X109.922 Y110.415 E3.99744
G1 X110.117 Y110.195 E4.00668
G1 X110.369 Y109.96 E4.01751
G1 X110.644 Y109.753 E4.02833
G1 X110.895 Y109.599 E4.03758
G1 X111.204 Y109.448 E4.04839
G1 X111.528 Y109.33 E4.05923
G1 X111.813 Y109.256 E4.06848
G1 X112.152 Y109.203 E4.07926
G1 X112.466 Y109.185 E4.08914
G1 X112.79 Y109.197 E4.09933
G1 X113.133 Y109.245 E4.11021
G1 X113.467 Y109.329 E4.12103
G1 X113.743 Y109.426 E4.13022
G1 X114.035 Y109.561 E4.14033
G1 X114.307 Y109.72 E4.15023
G1 X114.585 Y109.922 E4.16103
G1 X114.805 Y110.117 E4.17027
G1 X115.011 Y110.338 E4.17976
G1 X115.011 Y110.338 F12000
G1 X114.766 Y110.612
;TYPE:External perimeter
;WIDTH:0.4
G1 F3600
G1 X114.945 Y110.85 E4.18862
G1 X115.081 Y111.07 E4.19631
G1 X115.216 Y111.347 E4.20548
G1 X115.321 Y111.637 E4.21466
G1 X115.428 Y112.141 E4.22999
G1 X115.45 Y112.449 E4.23918
G1 X115.439 Y112.757 E4.24835
G1 X115.396 Y113.063 E4.25754
G1 X115.322 Y113.362 E4.2667
G1 X115.128 Y113.84 E4.28205
G1 X114.974 Y114.107 E4.29122
G1 X114.793 Y114.356 E4.30038
G1 X114.622 Y114.55 E4.30807
G1 X114.396 Y114.76 E4.31725
G1 X114.15 Y114.945 E4.32641
G1 X113.93 Y115.081 E4.3341
G1 X113.653 Y115.216 E4.34327
G1 X113.363 Y115.321 E4.35245
G1 X112.859 Y115.428 E4.36778
G1 X112.551 Y115.45 E4.37697
G1 X112.243 Y115.439 E4.38614
G1 X111.937 Y115.396 E4.39533
G1 X111.638 Y115.322 E4.40449
G1 X111.16 Y115.128 E4.41984
G1 X110.893 Y114.974 E4.42901
G1 X110.644 Y114.793 E4.43817
G1 X110.45 Y114.622 E4.44586
G1 X110.24 Y114.396 E4.45504
G1 X110.054 Y114.15 E4.46421
G1 X109.91 Y113.912 E4.47249
G1 X109.784 Y113.652 E4.48109
G1 X109.679 Y113.363 E4.49024
G1 X109.614 Y113.113 E4.49792
G1 X109.566 Y112.809 E4.50708
G1 X109.559 Y112.273 E4.52303
G1 X109.595 Y111.987 E4.53161
G1 X109.664 Y111.687 E4.54077
G1 X109.764 Y111.395 E4.54995
G1 X109.881 Y111.142 E4.55824
G1 X110.026 Y110.893 E4.56681
G1 X110.207 Y110.644 E4.57597
G1 X110.378 Y110.45 E4.58366
G1 X110.604 Y110.24 E4.59284
G1 X110.85 Y110.055 E4.602
G1 X111.07 Y109.919 E4.60969
G1 X111.347 Y109.784 E4.61886
G1 X111.637 Y109.679 E4.62804
G1 X111.887 Y109.614 E4.63572
G1 X112.191 Y109.566 E4.64488
G1 X112.47 Y109.55 E4.65319
G1 X112.757 Y109.561 E4.66173
G1 X113.063 Y109.604 E4.67092
G1 X113.362 Y109.678 E4.68008
G1 X113.606 Y109.765 E4.68779
G1 X113.866 Y109.885 E4.69631
G1 X114.107 Y110.026 E4.70462
G1 X114.356 Y110.207 E4.71378
G1 X114.55 Y110.378 E4.72147
G1 X114.726 Y110.567 E4.72915
G1 X114.963 Y110.889 F12000
G1 E2.72915 F2400
G92 E0
G1 Z5.85 F12000
G1 X104.007 Y109.011
G1 Z5.45
G1 E2 F2400
;TYPE:Perimeter
;WIDTH:0.42
G1 F4800
G1 X104.322 Y108.32 E2.02386
G1 X104.797 Y107.498 E2.05369
G1 X105.069 Y107.101 E2.06881
G1 X105.362 Y106.72 E2.08391
G1 X105.997 Y106.014 E2.11375
G1 X106.605 Y105.457 E2.13966
G1 X107.364 Y104.885 E2.16953
G1 X107.77 Y104.627 E2.18465
G1 X108.188 Y104.39 E2.19975
G1 X109.049 Y103.989 E2.2296
G1 X109.826 Y103.714 E2.2555
G1 X110.747 Y103.484 E2.28533
G1 X111.222 Y103.405 E2.30046
G1 X111.685 Y103.352 E2.3151
G1 X112.582 Y103.316 E2.34331
G1 X112.979 Y103.328 E2.35579
G1 X113.46 Y103.366 E2.37095
G1 X114.398 Y103.514 E2.40079
G1 X115.196 Y103.72 E2.42669
G1 X115.641 Y103.869 E2.44144
G1 X116.089 Y104.045 E2.45657
G1 X116.526 Y104.245 E2.47167
G1 X116.943 Y104.462 E2.48644
G1 X117.636 Y104.886 E2.51197
G1 X118.289 Y105.37 E2.53751
G1 X118.984 Y105.996 E2.5669
G1 X119.588 Y106.659 E2.59508
G1 X120.108 Y107.355 E2.62238
G1 X120.538 Y108.057 E2.64825
G1 X120.955 Y108.911 E2.67812
G1 X121.131 Y109.359 E2.69325
G1 X121.283 Y109.815 E2.70836
G1 X121.514 Y110.736 E2.7382
G1 X121.635 Y111.551 E2.76409
G1 X121.684 Y112.489 E2.79361
G1 X121.648 Y113.312 E2.8195
G1 X121.516 Y114.252 E2.84933
G1 X121.286 Y115.174 E2.87919
G1 X121.015 Y115.94 E2.90472
G1 X120.678 Y116.68 E2.93027
G1 X120.203 Y117.502 E2.9601
G1 X119.931 Y117.899 E2.97522
G1 X119.638 Y118.28 E2.99032
G1 X119.002 Y118.986 E3.02018
G1 X118.395 Y119.543 E3.04607
G1 X117.645 Y120.108 E3.07558
G1 X116.943 Y120.538 E3.10145
G1 X116.089 Y120.955 E3.13132
G1 X115.641 Y121.131 E3.14645
G1 X115.185 Y121.283 E3.16156
G1 X114.264 Y121.514 E3.1914
G1 X113.449 Y121.635 E3.21729
G1 X112.511 Y121.684 E3.24681
G1 X111.688 Y121.648 E3.2727
G1 X110.759 Y121.518 E3.30218
G1 X109.957 Y121.325 E3.3281
G1 X109.07 Y121.02 E3.35758
G1 X108.32 Y120.678 E3.38348
G1 X107.498 Y120.203 E3.41331
G1 X107.101 Y119.931 E3.42843
G1 X106.72 Y119.638 E3.44353
G1 X106.354 Y119.326 E3.45864
G1 X106.005 Y118.995 E3.47376
G1 X105.674 Y118.646 E3.48888
G1 X105.362 Y118.28 E3.50399
G1 X105.069 Y117.899 E3.51909
G1 X104.797 Y117.502 E3.53421
G1 X104.322 Y116.68 E3.56404
G1 X103.985 Y115.94 E3.58959
G1 X103.714 Y115.174 E3.61512
G1 X103.487 Y114.266 E3.64453
G1 X103.358 Y113.379 E3.6727
G1 X103.316 Y112.514 E3.69991
G1 X103.358 Y111.618 E3.7281
G1 X103.482 Y110.761 E3.75531
G1 X103.694 Y109.89 E3.78348
G1 X103.98 Y109.07 E3.81077
G1 X103.982 Y109.066 E3.81091
G1 X103.982 Y109.066 F12000
G1 X103.666 Y108.856
G1 F4800
G1 X103.986 Y108.153 E3.83518
G1 X104.221 Y107.72 E3.85066
G1 X104.482 Y107.293 E3.86639
G1 X104.766 Y106.881 E3.88212
G1 X105.071 Y106.484 E3.89785
G1 X105.396 Y106.103 E3.91359
G1 X105.735 Y105.746 E3.92906
G1 X106.362 Y105.172 E3.95577
G1 X106.747 Y104.865 E3.97124
G1 X107.154 Y104.575 E3.98694
G1 X107.576 Y104.306 E4.00267
G1 X108.012 Y104.059 E4.01842
G1 X108.46 Y103.836 E4.03415
G1 X108.911 Y103.64 E4.0496
G1 X109.713 Y103.356 E4.07634
G1 X110.187 Y103.224 E4.0918
G1 X110.676 Y103.116 E4.10754
G1 X111.17 Y103.033 E4.12328
G1 X111.657 Y102.978 E4.13868
G1 X112.579 Y102.941 E4.16768
G1 X112.999 Y102.953 E4.18088
G1 X113.499 Y102.993 E4.19664
G1 X113.996 Y103.058 E4.21239
G1 X114.479 Y103.148 E4.22783
G1 X115.303 Y103.361 E4.25458
G1 X115.77 Y103.517 E4.27005
G1 X116.235 Y103.7 E4.28575
G1 X116.691 Y103.908 E4.3015
G1 X117.127 Y104.135 E4.31695
G1 X117.845 Y104.575 E4.34341
G1 X118.522 Y105.076 E4.36988
G1 X118.897 Y105.396 E4.38537
G1 X119.253 Y105.733 E4.40077
G1 X119.874 Y106.417 E4.4298
G1 X120.421 Y107.148 E4.45849
G1 X120.865 Y107.873 E4.48521
G1 X121.092 Y108.309 E4.50066
G1 X121.3 Y108.765 E4.51641
G1 X121.483 Y109.23 E4.53211
G1 X121.642 Y109.705 E4.54785
G1 X121.776 Y110.187 E4.56357
G1 X121.882 Y110.668 E4.57905
G1 X122.008 Y111.509 E4.60577
G1 X122.047 Y112 E4.62125
G1 X122.06 Y112.492 E4.63672
G1 X122.023 Y113.341 E4.66343
G1 X121.967 Y113.83 E4.6789
G1 X121.884 Y114.324 E4.69464
G1 X121.776 Y114.813 E4.71038
G1 X121.644 Y115.287 E4.72584
G1 X121.363 Y116.081 E4.75231
G1 X121.014 Y116.847 E4.77876
G1 X120.779 Y117.28 E4.79424
G1 X120.518 Y117.707 E4.80997
G1 X120.234 Y118.119 E4.8257
G1 X119.929 Y118.516 E4.84143
G1 X119.604 Y118.897 E4.85717
G1 X119.265 Y119.254 E4.87264
G1 X118.639 Y119.828 E4.89933
G1 X118.253 Y120.135 E4.91483
G1 X117.852 Y120.421 E4.93031
G1 X117.127 Y120.865 E4.95703
G1 X116.691 Y121.092 E4.97248
G1 X116.235 Y121.3 E4.98823
G1 X115.77 Y121.483 E5.00393
G1 X115.295 Y121.642 E5.01967
G1 X114.813 Y121.776 E5.03539
G1 X114.332 Y121.882 E5.05087
G1 X113.491 Y122.008 E5.07759
G1 X113 Y122.047 E5.09307
G1 X112.508 Y122.06 E5.10854
G1 X111.659 Y122.023 E5.13525
G1 X111.17 Y121.967 E5.15072
G1 X110.684 Y121.886 E5.1662
G1 X109.857 Y121.687 E5.19293
G1 X109.388 Y121.539 E5.20838
G1 X108.927 Y121.367 E5.22384
G1 X108.153 Y121.014 E5.25057
G1 X107.72 Y120.779 E5.26605
G1 X107.293 Y120.518 E5.28178
G1 X106.881 Y120.234 E5.29751
G1 X106.484 Y119.929 E5.31324
G1 X106.103 Y119.604 E5.32898
G1 X105.74 Y119.26 E5.3447
G1 X105.396 Y118.897 E5.36042
G1 X105.071 Y118.516 E5.37616
G1 X104.766 Y118.119 E5.39189
G1 X104.482 Y117.707 E5.40762
G1 X104.221 Y117.28 E5.42335
G1 X103.986 Y116.847 E5.43883
G1 X103.637 Y116.081 E5.46528
G1 X103.356 Y115.287 E5.49175
G1 X103.224 Y114.813 E5.50721
G1 X103.118 Y114.334 E5.52263
G1 X102.985 Y113.42 E5.55166
G1 X102.94 Y112.51 E5.58029
G1 X102.984 Y111.588 E5.6093
G1 X103.114 Y110.686 E5.63794
G1 X103.333 Y109.789 E5.66696
G1 X103.633 Y108.927 E5.69564
G1 X103.641 Y108.911 E5.6962
G1 X103.641 Y108.911 F12000
G1 X103.324 Y108.701
G1 F4800
G1 X103.65 Y107.985 E5.72092
G1 X103.896 Y107.533 E5.73709
G1 X104.168 Y107.089 E5.75345
G1 X104.463 Y106.66 E5.76981
G1 X104.779 Y106.248 E5.78613
G1 X105.117 Y105.852 E5.80249
G1 X105.472 Y105.479 E5.81867
G1 X106.118 Y104.886 E5.84623
G1 X106.521 Y104.566 E5.8624
G1 X106.944 Y104.264 E5.87873
G1 X107.383 Y103.984 E5.89509
G1 X107.836 Y103.728 E5.91144
G1 X108.301 Y103.496 E5.92777
G1 X108.774 Y103.291 E5.94397
G1 X109.6 Y102.998 E5.97151
G1 X110.097 Y102.86 E5.98772
G1 X110.604 Y102.748 E6.00404
G1 X111.117 Y102.662 E6.02039
G1 X111.628 Y102.604 E6.03655
G1 X112.577 Y102.566 E6.0664
G1 X113.019 Y102.579 E6.0803
G1 X113.538 Y102.62 E6.09666
G1 X114.054 Y102.687 E6.11301
G1 X114.561 Y102.781 E6.12921
G1 X115.409 Y103.001 E6.15674
G1 X115.898 Y103.164 E6.17294
G1 X116.382 Y103.355 E6.18929
G1 X116.855 Y103.571 E6.20563
G1 X117.312 Y103.808 E6.22181
G1 X118.055 Y104.264 E6.24921
G1 X118.756 Y104.782 E6.2766
G1 X119.148 Y105.117 E6.2928
G1 X119.521 Y105.471 E6.30896
G1 X120.16 Y106.174 E6.33881
G1 X120.734 Y106.94 E6.36889
G1 X121.192 Y107.688 E6.39645
G1 X121.429 Y108.145 E6.41263
G1 X121.645 Y108.618 E6.42897
G1 X121.836 Y109.102 E6.44532
G1 X122.001 Y109.595 E6.46166
G1 X122.14 Y110.097 E6.47803
G1 X122.251 Y110.599 E6.49419
G1 X122.381 Y111.466 E6.52174
G1 X122.421 Y111.98 E6.53794
G1 X122.435 Y112.495 E6.55413
G1 X122.397 Y113.371 E6.58168
G1 X122.338 Y113.883 E6.59788
G1 X122.252 Y114.396 E6.61423
G1 X122.14 Y114.903 E6.63055
G1 X122.002 Y115.4 E6.64676
G1 X121.711 Y116.222 E6.67416
G1 X121.35 Y117.015 E6.70154
G1 X121.104 Y117.467 E6.71771
G1 X120.832 Y117.911 E6.73407
G1 X120.537 Y118.34 E6.75043
G1 X120.221 Y118.752 E6.76675
G1 X119.883 Y119.148 E6.78311
G1 X119.528 Y119.521 E6.79929
G1 X118.882 Y120.114 E6.82685
G1 X118.479 Y120.434 E6.84302
G1 X118.06 Y120.734 E6.85921
G1 X117.312 Y121.192 E6.88677
G1 X116.855 Y121.429 E6.90295
G1 X116.382 Y121.645 E6.91929
G1 X115.898 Y121.836 E6.93564
G1 X115.405 Y122.001 E6.95198
G1 X114.903 Y122.14 E6.96835
G1 X114.401 Y122.251 E6.98451
G1 X113.534 Y122.381 E7.01206
G1 X113.02 Y122.421 E7.02826
G1 X112.505 Y122.435 E7.04445
G1 X111.629 Y122.397 E7.072
G1 X111.117 Y122.338 E7.0882
G1 X110.609 Y122.253 E7.10439
G1 X109.757 Y122.049 E7.13192
G1 X109.265 Y121.894 E7.14813
G1 X108.783 Y121.713 E7.16431
G1 X107.985 Y121.35 E7.19186
G1 X107.533 Y121.104 E7.20803
G1 X107.089 Y120.832 E7.22439
G1 X106.66 Y120.537 E7.24075
G1 X106.248 Y120.221 E7.25707
G1 X105.852 Y119.883 E7.27343
G1 X105.475 Y119.525 E7.28977
G1 X105.117 Y119.148 E7.30611
G1 X104.779 Y118.752 E7.32247
G1 X104.463 Y118.34 E7.33879
G1 X104.168 Y117.911 E7.35515
G1 X103.896 Y117.467 E7.37151
G1 X103.65 Y117.015 E7.38768
G1 X103.289 Y116.222 E7.41506
G1 X102.998 Y115.4 E7.44246
G1 X102.86 Y114.903 E7.45867
G1 X102.749 Y114.402 E7.4748
G1 X102.612 Y113.461 E7.50468
G1 X102.565 Y112.506 E7.53473
G1 X102.61 Y111.557 E7.56459
G1 X102.747 Y110.61 E7.59466
G1 X102.972 Y109.687 E7.62451
G1 X103.287 Y108.783 E7.65459
G1 X103.3 Y108.755 E7.65556
G1 X103.3 Y108.755 F12000
G1 X102.992 Y108.549
;TYPE:External perimeter
;WIDTH:0.4
G1 F2400
G1 X103.324 Y107.822 E7.67934
G1 X103.58 Y107.35 E7.69531
G1 X103.862 Y106.89 E7.71136
G1 X104.167 Y106.446 E7.72738
G1 X104.495 Y106.018 E7.74342
G1 X104.846 Y105.608 E7.75948
G1 X105.216 Y105.218 E7.77547
G1 X105.881 Y104.609 E7.8023
G1 X106.301 Y104.274 E7.81828
G1 X106.74 Y103.961 E7.83432
G1 X107.195 Y103.671 E7.85037
G1 X107.664 Y103.406 E7.8664
G1 X108.147 Y103.165 E7.88246
G1 X108.64 Y102.951 E7.89845
G1 X109.49 Y102.65 E7.92528
G1 X110.008 Y102.506 E7.94127
G1 X110.535 Y102.389 E7.95733
G1 X111.067 Y102.3 E7.97338
G1 X111.6 Y102.24 E7.98934
G1 X112.576 Y102.201 E8.0184
G1 X113.039 Y102.214 E8.03218
G1 X113.577 Y102.256 E8.04823
G1 X114.111 Y102.327 E8.06426
G1 X114.64 Y102.425 E8.08026
G1 X115.513 Y102.651 E8.10709
G1 X116.023 Y102.821 E8.12308
G1 X116.525 Y103.019 E8.13913
G1 X117.015 Y103.242 E8.15515
G1 X117.492 Y103.491 E8.17116
G1 X118.26 Y103.961 E8.19795
G1 X118.983 Y104.497 E8.22472
G1 X119.392 Y104.846 E8.24071
G1 X119.782 Y105.215 E8.25668
G1 X120.438 Y105.938 E8.28572
G1 X121.038 Y106.739 E8.31549
G1 X121.509 Y107.508 E8.34232
G1 X121.758 Y107.985 E8.35833
G1 X121.981 Y108.476 E8.37437
G1 X122.179 Y108.977 E8.3904
G1 X122.35 Y109.489 E8.40646
G1 X122.494 Y110.008 E8.42248
G1 X122.61 Y110.533 E8.43847
G1 X122.744 Y111.425 E8.4653
G1 X122.786 Y111.961 E8.48129
G1 X122.8 Y112.498 E8.49727
G1 X122.761 Y113.399 E8.5241
G1 X122.7 Y113.933 E8.54009
G1 X122.611 Y114.465 E8.55614
G1 X122.494 Y114.992 E8.5722
G1 X122.35 Y115.51 E8.58819
G1 X122.05 Y116.358 E8.61495
G1 X121.676 Y117.178 E8.64176
G1 X121.42 Y117.65 E8.65773
G1 X121.138 Y118.11 E8.67378
G1 X120.833 Y118.554 E8.6898
G1 X120.505 Y118.982 E8.70584
G1 X120.154 Y119.392 E8.7219
G1 X119.784 Y119.782 E8.73789
G1 X119.119 Y120.391 E8.76472
G1 X118.699 Y120.726 E8.7807
G1 X118.261 Y121.038 E8.7967
G1 X117.492 Y121.509 E8.82353
G1 X117.015 Y121.758 E8.83954
G1 X116.524 Y121.981 E8.85558
G1 X116.023 Y122.179 E8.87161
G1 X115.511 Y122.35 E8.88767
G1 X114.992 Y122.494 E8.90369
G1 X114.467 Y122.61 E8.91968
G1 X113.575 Y122.744 E8.94651
G1 X113.039 Y122.786 E8.9625
G1 X112.502 Y122.8 E8.97848
G1 X111.601 Y122.761 E9.00531
G1 X111.067 Y122.7 E9.0213
G1 X110.536 Y122.611 E9.03732
G1 X109.659 Y122.4 E9.06415
G1 X109.147 Y122.239 E9.08012
G1 X108.643 Y122.051 E9.09612
G1 X107.822 Y121.676 E9.12297
G1 X107.35 Y121.42 E9.13894
G1 X106.89 Y121.138 E9.15499
G1 X106.446 Y120.833 E9.17101
G1 X106.018 Y120.505 E9.18705
G1 X105.608 Y120.154 E9.20311
G1 X105.217 Y119.783 E9.21914
G1 X104.846 Y119.392 E9.23517
G1 X104.495 Y118.982 E9.25123
G1 X104.167 Y118.554 E9.26727
G1 X103.862 Y118.11 E9.28329
G1 X103.58 Y117.65 E9.29934
G1 X103.324 Y117.178 E9.31531
G1 X102.95 Y116.358 E9.34212
G1 X102.65 Y115.51 E9.36888
G1 X102.506 Y114.992 E9.38487
G1 X102.39 Y114.467 E9.40086
G1 X102.249 Y113.501 E9.4299
G1 X102.2 Y112.502 E9.45965
G1 X102.247 Y111.527 E9.48869
G1 X102.389 Y110.537 E9.51844
G1 X102.621 Y109.589 E9.54747
G1 X102.949 Y108.643 E9.57726
G1 X102.967 Y108.604 E9.57854
G1 X103.133 Y108.24 F12000
;LAYER_CHANGE
;Z:5.66
;HEIGHT:0.21
G1 Z5.66 F12000
G1 E7.57854 F2400
G92 E0
G1 Z6.06 F12000
G1 X103.712 Y114.317
G1 Z5.66
G1 E2 F2400
G92 E0
;TYPE:Internal infill
;WIDTH:0.42
G1 F6000
G1 X110.687 Y121.291 E.30996
G1 E-1.69004 F2400
G92 E0
G1 X110.687 Y121.291 Z6.06 F12000
G1 X120.913 Y115.611
G1 Z5.66
G1 E2 F2400
G1 F6000
G1 X116.833 Y111.53 E2.18135
G1 X116.941 Y112.422 E2.20959
G1 X116.925 Y112.883 E2.22409
G1 X116.769 Y113.727 E2.25106
G1 X116.619 Y114.164 E2.26558
G1 X116.221 Y114.925 E2.29257
G1 X115.639 Y115.639 E2.32152
G1 X118.729 Y118.729 E2.45885
G1 X118.155 Y119.254 E2.4833
G1 X117.426 Y119.803 E2.51198
G1 X116.647 Y120.272 E2.54055
G1 X115.477 Y120.78 E2.58063
G1 X111.526 Y116.828 E2.75624
G1 X110.477 Y116.454 E2.79124
G1 X110.081 Y116.225 E2.80562
G1 X109.409 Y115.69 E2.83261
G1 X109.097 Y115.355 E2.847
G1 X108.6 Y114.626 E2.87473
G1 X108.41 Y114.233 E2.88845
G1 X108.168 Y113.47 E2.9136
G1 X104.22 Y109.523 E3.08903
G1 X104.722 Y108.365 E3.12869
G1 X105.19 Y107.585 E3.15728
G1 X105.701 Y106.899 E3.18416
G1 X106.271 Y106.271 E3.21081
G1 X109.361 Y109.361 E3.34814
G1 X110.013 Y108.82 E3.37476
G1 X110.374 Y108.6 E3.38805
G1 X111.194 Y108.255 E3.41601
G1 X112.032 Y108.083 E3.44289
G1 X112.454 Y108.059 E3.45617
G1 X113.473 Y108.17 E3.48838
G1 X109.521 Y104.219 E3.66399
G1 X110.819 Y103.853 E3.70637
G1 X111.719 Y103.726 E3.73493
G1 X112.959 Y103.702 E3.7739
G1 X114.543 Y103.939 E3.82423
G1 X121.288 Y110.683 E4.12397
G1 E2.12397 F2400
G92 E0
G1 X121.288 Y110.683 Z6.06 F12000
G1 X115.538 Y109.8
G1 Z5.66
G1 E2 F2400
;TYPE:Perimeter
G1 F3600
G1 X115.573 Y109.837 E2.0016
G1 X115.829 Y110.165 E2.01468
G1 X116.036 Y110.492 E2.02684
G1 X116.216 Y110.848 E2.03938
G1 X116.368 Y111.243 E2.05268
G1 X116.476 Y111.649 E2.06588
G1 X116.537 Y112.01 E2.07739
G1 X116.566 Y112.429 E2.09059
G1 X116.551 Y112.851 E2.10386
G1 X116.499 Y113.234 E2.11601
G1 X116.408 Y113.623 E2.12856
G1 X116.271 Y114.023 E2.14185
G1 X116.093 Y114.404 E2.15507
G1 X115.907 Y114.72 E2.16659
G1 X115.664 Y115.055 E2.1796
G1 X115.421 Y115.329 E2.19111
G1 X115.118 Y115.611 E2.20412
G1 X114.828 Y115.834 E2.21562
G1 X114.476 Y116.054 E2.22866
G1 X114.149 Y116.217 E2.24014
G1 X113.757 Y116.368 E2.25334
G1 X113.351 Y116.476 E2.26654
G1 X112.99 Y116.537 E2.27805
G1 X112.571 Y116.566 E2.29125
G1 X112.149 Y116.551 E2.30452
G1 X111.766 Y116.499 E2.31667
G1 X111.377 Y116.408 E2.32922
G1 X110.982 Y116.272 E2.34235
G1 X110.649 Y116.12 E2.35385
G1 X110.285 Y115.911 E2.36704
G1 X109.945 Y115.664 E2.38025
G1 X109.671 Y115.421 E2.39176
G1 X109.385 Y115.114 E2.40495
G1 X109.131 Y114.777 E2.41821
G1 X108.93 Y114.446 E2.43038
G1 X108.756 Y114.087 E2.44292
G1 X108.613 Y113.694 E2.45606
G1 X108.522 Y113.343 E2.46745
G1 X108.461 Y112.967 E2.47942
G1 X108.434 Y112.569 E2.49196
G1 X108.449 Y112.149 E2.50517
G1 X108.501 Y111.766 E2.51732
G1 X108.592 Y111.377 E2.52987
G1 X108.73 Y110.977 E2.54317
G1 X108.907 Y110.596 E2.55637
G1 X109.093 Y110.281 E2.56787
G1 X109.336 Y109.945 E2.5809
G1 X109.579 Y109.671 E2.59241
G1 X109.886 Y109.385 E2.6056
G1 X110.223 Y109.131 E2.61886
G1 X110.554 Y108.93 E2.63103
G1 X110.913 Y108.756 E2.64357
G1 X111.306 Y108.613 E2.65671
G1 X111.66 Y108.521 E2.6682
G1 X112.072 Y108.456 E2.68131
G1 X112.458 Y108.434 E2.69346
G1 X112.856 Y108.449 E2.70598
G1 X113.27 Y108.507 E2.71912
G1 X113.626 Y108.593 E2.73063
G1 X114.023 Y108.729 E2.74382
G1 X114.404 Y108.907 E2.75704
G1 X114.719 Y109.093 E2.76854
G1 X115.055 Y109.336 E2.78157
G1 X115.325 Y109.575 E2.7929
G1 X115.497 Y109.757 E2.80077
G1 X115.497 Y109.757 F12000
G1 X115.265 Y110.058
G1 F3600
G1 X115.288 Y110.082 E2.80181
G1 X115.522 Y110.381 E2.81374
G1 X115.709 Y110.677 E2.82474
G1 X115.873 Y111 E2.83612
G1 X116.011 Y111.359 E2.84821
G1 X116.109 Y111.729 E2.86024
G1 X116.164 Y112.054 E2.8706
G1 X116.191 Y112.436 E2.88263
G1 X116.177 Y112.819 E2.89467
G1 X116.13 Y113.166 E2.90567
G1 X116.048 Y113.519 E2.91706
G1 X115.922 Y113.883 E2.92916
G1 X115.761 Y114.229 E2.94115
G1 X115.593 Y114.514 E2.95155
G1 X115.371 Y114.82 E2.96343
G1 X115.152 Y115.067 E2.9738
G1 X114.876 Y115.325 E2.98567
G1 X114.614 Y115.526 E2.99605
G1 X114.293 Y115.726 E3.00794
G1 X113.998 Y115.873 E3.0183
G1 X113.641 Y116.011 E3.03033
G1 X113.271 Y116.109 E3.04236
G1 X112.946 Y116.164 E3.05272
G1 X112.564 Y116.191 E3.06475
G1 X112.181 Y116.177 E3.07679
G1 X111.834 Y116.13 E3.08779
G1 X111.481 Y116.048 E3.09918
G1 X111.121 Y115.924 E3.11115
G1 X110.821 Y115.787 E3.12151
G1 X110.49 Y115.596 E3.13352
G1 X110.18 Y115.371 E3.14556
G1 X109.933 Y115.152 E3.15593
G1 X109.672 Y114.873 E3.16794
G1 X109.441 Y114.566 E3.18001
G1 X109.26 Y114.267 E3.19099
G1 X109.102 Y113.941 E3.20237
G1 X108.972 Y113.583 E3.21434
G1 X108.889 Y113.266 E3.22464
G1 X108.834 Y112.924 E3.23553
G1 X108.809 Y112.563 E3.2469
G1 X108.823 Y112.181 E3.25891
G1 X108.87 Y111.834 E3.26991
G1 X108.952 Y111.481 E3.2813
G1 X109.078 Y111.117 E3.2934
G1 X109.239 Y110.771 E3.30539
G1 X109.407 Y110.486 E3.31579
G1 X109.629 Y110.18 E3.32767
G1 X109.848 Y109.933 E3.33804
G1 X110.127 Y109.672 E3.35005
G1 X110.434 Y109.441 E3.36212
G1 X110.733 Y109.26 E3.3731
G1 X111.059 Y109.102 E3.38448
G1 X111.417 Y108.972 E3.39645
G1 X111.737 Y108.889 E3.40684
G1 X112.112 Y108.829 E3.41877
G1 X112.461 Y108.809 E3.42976
G1 X112.823 Y108.823 E3.44114
G1 X113.2 Y108.876 E3.4531
G1 X113.521 Y108.953 E3.46347
G1 X113.883 Y109.078 E3.47551
G1 X114.229 Y109.239 E3.4875
G1 X114.514 Y109.407 E3.4979
G1 X114.82 Y109.629 E3.50978
G1 X115.064 Y109.845 E3.52002
G1 X115.224 Y110.014 E3.52733
G1 X115.224 Y110.014 F12000
G1 X115.014 Y110.34
G1 F3600
G1 X115.215 Y110.597 E3.53758
G1 X115.383 Y110.862 E3.54744
G1 X115.529 Y111.152 E3.55764
G1 X115.653 Y111.475 E3.56851
G1 X115.743 Y111.808 E3.57935
G1 X115.791 Y112.098 E3.58859
G1 X115.815 Y112.442 E3.59943
G1 X115.803 Y112.788 E3.61031
G1 X115.761 Y113.098 E3.62014
G1 X115.687 Y113.415 E3.63037
G1 X115.574 Y113.742 E3.64124
G1 X115.429 Y114.054 E3.65205
G1 X115.279 Y114.308 E3.66132
G1 X115.078 Y114.585 E3.67208
G1 X114.883 Y114.805 E3.68132
G1 X114.633 Y115.038 E3.69206
G1 X114.4 Y115.217 E3.70129
G1 X114.11 Y115.399 E3.71205
G1 X113.846 Y115.53 E3.72131
G1 X113.525 Y115.653 E3.73211
G1 X113.192 Y115.743 E3.74295
G1 X112.902 Y115.791 E3.75219
G1 X112.558 Y115.815 E3.76303
G1 X112.212 Y115.803 E3.77391
G1 X111.902 Y115.761 E3.78374
G1 X111.585 Y115.687 E3.79397
G1 X111.26 Y115.575 E3.80477
G1 X110.993 Y115.453 E3.81399
G1 X110.694 Y115.281 E3.82483
G1 X110.415 Y115.078 E3.83567
G1 X110.195 Y114.883 E3.84491
G1 X109.96 Y114.631 E3.85574
G1 X109.752 Y114.355 E3.8666
G1 X109.589 Y114.087 E3.87646
G1 X109.448 Y113.795 E3.88665
G1 X109.33 Y113.472 E3.89746
G1 X109.257 Y113.188 E3.90667
G1 X109.207 Y112.881 E3.91644
G1 X109.185 Y112.557 E3.92665
G1 X109.197 Y112.212 E3.9375
G1 X109.239 Y111.902 E3.94733
G1 X109.313 Y111.585 E3.95756
G1 X109.426 Y111.258 E3.96843
G1 X109.571 Y110.946 E3.97924
G1 X109.721 Y110.692 E3.98851
G1 X109.922 Y110.415 E3.99927
G1 X110.117 Y110.195 E4.00851
G1 X110.369 Y109.96 E4.01934
G1 X110.645 Y109.752 E4.0302
G1 X110.913 Y109.589 E4.04006
G1 X111.205 Y109.448 E4.05025
G1 X111.528 Y109.33 E4.06106
G1 X111.813 Y109.256 E4.07031
G1 X112.152 Y109.203 E4.08109
G1 X112.465 Y109.185 E4.09094
G1 X112.79 Y109.197 E4.10116
G1 X113.13 Y109.245 E4.11195
G1 X113.416 Y109.314 E4.1212
G1 X113.742 Y109.426 E4.13203
G1 X114.054 Y109.571 E4.14284
G1 X114.308 Y109.721 E4.15211
G1 X114.585 Y109.922 E4.16287
G1 X114.803 Y110.115 E4.17202
G1 X114.974 Y110.295 E4.17982
G1 X114.974 Y110.295 F12000
G1 X114.763 Y110.611
;TYPE:External perimeter
;WIDTH:0.4
G1 F3600
G1 X114.916 Y110.807 E4.18722
G1 X115.065 Y111.042 E4.1955
G1 X115.195 Y111.3 E4.20409
G1 X115.306 Y111.588 E4.21327
G1 X115.386 Y111.886 E4.22245
G1 X115.428 Y112.141 E4.23014
G1 X115.45 Y112.449 E4.23933
G1 X115.439 Y112.757 E4.2485
G1 X115.402 Y113.032 E4.25675
G1 X115.336 Y113.314 E4.26537
G1 X115.235 Y113.605 E4.27453
G1 X115.105 Y113.884 E4.28369
G1 X114.974 Y114.108 E4.29141
G1 X114.793 Y114.356 E4.30054
G1 X114.622 Y114.55 E4.30823
G1 X114.397 Y114.759 E4.31737
G1 X114.191 Y114.917 E4.32509
G1 X113.931 Y115.08 E4.33422
G1 X113.699 Y115.196 E4.34194
G1 X113.412 Y115.306 E4.35108
G1 X113.114 Y115.386 E4.36026
G1 X112.859 Y115.428 E4.36795
G1 X112.551 Y115.45 E4.37714
G1 X112.243 Y115.439 E4.38631
G1 X111.968 Y115.402 E4.39456
G1 X111.686 Y115.336 E4.40318
G1 X111.396 Y115.236 E4.41231
G1 X111.16 Y115.128 E4.42003
G1 X110.893 Y114.974 E4.4292
G1 X110.644 Y114.793 E4.43836
G1 X110.45 Y114.622 E4.44605
G1 X110.24 Y114.396 E4.45523
G1 X110.054 Y114.15 E4.4644
G1 X109.91 Y113.913 E4.47265
G1 X109.784 Y113.652 E4.48127
G1 X109.679 Y113.363 E4.49042
G1 X109.57 Y112.84 E4.50631
G1 X109.55 Y112.551 E4.51493
G1 X109.561 Y112.243 E4.5241
G1 X109.598 Y111.968 E4.53235
G1 X109.664 Y111.686 E4.54097
G1 X109.765 Y111.395 E4.55013
G1 X109.895 Y111.116 E4.55929
G1 X110.026 Y110.892 E4.56701
G1 X110.207 Y110.644 E4.57614
G1 X110.378 Y110.45 E4.58383
G1 X110.604 Y110.24 E4.59301
G1 X110.85 Y110.054 E4.60218
G1 X111.087 Y109.91 E4.61043
G1 X111.348 Y109.784 E4.61905
G1 X111.637 Y109.679 E4.6282
G1 X111.887 Y109.614 E4.63588
G1 X112.191 Y109.566 E4.64504
G1 X112.468 Y109.55 E4.65329
G1 X112.757 Y109.561 E4.66189
G1 X113.062 Y109.604 E4.67105
G1 X113.314 Y109.664 E4.67876
G1 X113.605 Y109.765 E4.68792
G1 X113.884 Y109.895 E4.69708
G1 X114.108 Y110.026 E4.7048
G1 X114.356 Y110.207 E4.71393
G1 X114.726 Y110.564 E4.72923
G1 X114.962 Y110.887 F12000
G1 E2.72923 F2400
G92 E0
G1 Z6.06 F12000
G1 X104.014 Y108.988
G1 Z5.66
G1 E2 F2400
;TYPE:Perimeter
;WIDTH:0.42
G1 F4800
G1 X104.39 Y108.188 E2.02778
G1 X104.878 Y107.376 E2.05755
G1 X105.412 Y106.66 E2.08562
G1 X106.005 Y106.005 E2.11339
G1 X106.354 Y105.674 E2.12851
G1 X106.709 Y105.371 E2.14318
G1 X107.429 Y104.843 E2.17124
G1 X107.768 Y104.628 E2.18386
G1 X108.188 Y104.39 E2.19903
G1 X109.049 Y103.989 E2.22888
G1 X109.826 Y103.714 E2.25478
G1 X110.748 Y103.484 E2.28464
G1 X111.686 Y103.352 E2.31441
G1 X112.577 Y103.316 E2.34243
G1 X112.979 Y103.328 E2.35507
G1 X113.46 Y103.366 E2.37023
G1 X114.398 Y103.514 E2.40007
G1 X115.196 Y103.72 E2.42597
G1 X115.641 Y103.869 E2.44072
G1 X116.089 Y104.045 E2.45585
G1 X116.526 Y104.245 E2.47095
G1 X116.943 Y104.462 E2.48572
G1 X117.636 Y104.886 E2.51125
G1 X118.289 Y105.37 E2.53679
G1 X118.986 Y105.998 E2.56627
G1 X119.543 Y106.605 E2.59216
G1 X120.115 Y107.364 E2.62203
G1 X120.603 Y108.176 E2.6518
G1 X120.984 Y108.983 E2.67984
G1 X121.283 Y109.815 E2.70762
G1 X121.514 Y110.736 E2.73746
G1 X121.635 Y111.551 E2.76335
G1 X121.685 Y112.5 E2.79321
G1 X121.672 Y112.981 E2.80833
G1 X121.635 Y113.449 E2.82308
G1 X121.514 Y114.264 E2.84897
G1 X121.412 Y114.722 E2.86372
G1 X121.286 Y115.174 E2.87847
G1 X121.015 Y115.94 E2.904
G1 X120.678 Y116.68 E2.92955
G1 X120.203 Y117.502 E2.95938
G1 X119.931 Y117.899 E2.9745
G1 X119.638 Y118.28 E2.9896
G1 X119.002 Y118.986 E3.01946
G1 X118.395 Y119.543 E3.04535
G1 X117.636 Y120.115 E3.07522
G1 X116.824 Y120.603 E3.10499
G1 X116.017 Y120.984 E3.13303
G1 X115.185 Y121.283 E3.16081
G1 X114.264 Y121.514 E3.19065
G1 X113.449 Y121.635 E3.21654
G1 X112.5 Y121.685 E3.2464
G1 X112.019 Y121.672 E3.26152
G1 X111.551 Y121.635 E3.27627
G1 X110.736 Y121.514 E3.30216
G1 X110.278 Y121.412 E3.31691
G1 X109.826 Y121.286 E3.33166
G1 X109.06 Y121.015 E3.35719
G1 X108.32 Y120.678 E3.38274
G1 X107.498 Y120.203 E3.41257
G1 X107.101 Y119.931 E3.42769
G1 X106.72 Y119.638 E3.44279
G1 X106.014 Y119.003 E3.47263
G1 X105.457 Y118.395 E3.49854
G1 X104.885 Y117.636 E3.52841
G1 X104.627 Y117.231 E3.5435
G1 X104.39 Y116.812 E3.55863
G1 X103.989 Y115.951 E3.58848
G1 X103.714 Y115.174 E3.61438
G1 X103.487 Y114.266 E3.64379
G1 X103.358 Y113.383 E3.67183
G1 X103.316 Y112.511 E3.69926
G1 X103.352 Y111.688 E3.72515
G1 X103.484 Y110.748 E3.75498
G1 X103.713 Y109.828 E3.78477
G1 X103.994 Y109.044 E3.81094
G1 X103.994 Y109.044 F12000
G1 X103.665 Y108.849
G1 F4800
G1 X104.059 Y108.012 E3.84001
G1 X104.306 Y107.576 E3.85576
G1 X104.569 Y107.163 E3.87115
G1 X105.119 Y106.426 E3.90005
G1 X105.74 Y105.74 E3.92913
G1 X106.103 Y105.396 E3.94485
G1 X106.476 Y105.077 E3.96027
G1 X107.217 Y104.533 E3.98916
G1 X107.575 Y104.306 E4.00248
G1 X108.012 Y104.059 E4.01825
G1 X108.46 Y103.836 E4.03398
G1 X108.911 Y103.64 E4.04943
G1 X109.713 Y103.356 E4.07617
G1 X110.187 Y103.224 E4.09163
G1 X110.676 Y103.116 E4.10737
G1 X111.17 Y103.033 E4.12311
G1 X111.657 Y102.978 E4.13851
G1 X112.575 Y102.941 E4.16738
G1 X112.999 Y102.953 E4.18071
G1 X113.499 Y102.993 E4.19647
G1 X113.996 Y103.058 E4.21222
G1 X114.479 Y103.148 E4.22766
G1 X115.303 Y103.361 E4.25441
G1 X115.77 Y103.517 E4.26988
G1 X116.235 Y103.7 E4.28558
G1 X116.691 Y103.908 E4.30133
G1 X117.127 Y104.135 E4.31678
G1 X117.845 Y104.575 E4.34324
G1 X118.522 Y105.076 E4.36971
G1 X118.897 Y105.396 E4.3852
G1 X119.254 Y105.735 E4.40067
G1 X119.828 Y106.361 E4.42736
G1 X120.135 Y106.747 E4.44286
G1 X120.425 Y107.154 E4.45856
G1 X120.694 Y107.576 E4.47429
G1 X120.936 Y108.003 E4.48971
G1 X121.329 Y108.834 E4.5186
G1 X121.642 Y109.705 E4.54769
G1 X121.776 Y110.187 E4.56341
G1 X121.882 Y110.668 E4.57889
G1 X122.008 Y111.509 E4.60561
G1 X122.047 Y112 E4.62109
G1 X122.06 Y112.5 E4.63681
G1 X122.047 Y113 E4.65253
G1 X122.008 Y113.491 E4.66801
G1 X121.882 Y114.332 E4.69473
G1 X121.776 Y114.813 E4.71021
G1 X121.644 Y115.287 E4.72567
G1 X121.363 Y116.081 E4.75214
G1 X121.014 Y116.847 E4.77859
G1 X120.779 Y117.28 E4.79407
G1 X120.518 Y117.707 E4.8098
G1 X120.234 Y118.119 E4.82553
G1 X119.929 Y118.516 E4.84126
G1 X119.604 Y118.897 E4.857
G1 X119.265 Y119.254 E4.87247
G1 X118.639 Y119.828 E4.89916
G1 X118.253 Y120.135 E4.91466
G1 X117.846 Y120.425 E4.93036
G1 X117.424 Y120.694 E4.94609
G1 X116.997 Y120.936 E4.96151
G1 X116.166 Y121.329 E4.9904
G1 X115.295 Y121.642 E5.01949
G1 X114.813 Y121.776 E5.03521
G1 X114.332 Y121.882 E5.05069
G1 X113.491 Y122.008 E5.07741
G1 X113 Y122.047 E5.09289
G1 X112.5 Y122.06 E5.10861
G1 X112 Y122.047 E5.12433
G1 X111.509 Y122.008 E5.13981
G1 X110.668 Y121.882 E5.16653
G1 X110.187 Y121.776 E5.18201
G1 X109.713 Y121.644 E5.19747
G1 X108.919 Y121.363 E5.22394
G1 X108.153 Y121.014 E5.25039
G1 X107.72 Y120.779 E5.26587
G1 X107.293 Y120.518 E5.2816
G1 X106.881 Y120.234 E5.29733
G1 X106.484 Y119.929 E5.31306
G1 X106.103 Y119.604 E5.3288
G1 X105.746 Y119.265 E5.34427
G1 X105.172 Y118.639 E5.37096
G1 X104.865 Y118.253 E5.38646
G1 X104.575 Y117.846 E5.40216
G1 X104.306 Y117.424 E5.41789
G1 X104.059 Y116.988 E5.43364
G1 X103.836 Y116.54 E5.44937
G1 X103.64 Y116.089 E5.46482
G1 X103.356 Y115.287 E5.49156
G1 X103.224 Y114.813 E5.50702
G1 X103.118 Y114.334 E5.52244
G1 X102.985 Y113.424 E5.55134
G1 X102.94 Y112.508 E5.58016
G1 X102.978 Y111.659 E5.60687
G1 X103.033 Y111.17 E5.62233
G1 X103.116 Y110.676 E5.63807
G1 X103.224 Y110.187 E5.65381
G1 X103.355 Y109.715 E5.6692
G1 X103.645 Y108.906 E5.69621
G1 X103.645 Y108.906 F12000
G1 X103.32 Y108.703
G1 F4800
G1 X103.728 Y107.836 E5.72632
G1 X103.984 Y107.383 E5.74267
G1 X104.26 Y106.95 E5.75881
G1 X104.826 Y106.191 E5.78856
G1 X105.475 Y105.475 E5.81893
G1 X105.852 Y105.117 E5.83527
G1 X106.243 Y104.783 E5.85143
G1 X107.006 Y104.223 E5.88117
G1 X107.383 Y103.985 E5.89518
G1 X107.836 Y103.728 E5.91155
G1 X108.301 Y103.496 E5.92788
G1 X108.774 Y103.291 E5.94408
G1 X109.6 Y102.998 E5.97162
G1 X110.097 Y102.86 E5.98783
G1 X110.604 Y102.748 E6.00415
G1 X111.117 Y102.662 E6.0205
G1 X111.628 Y102.604 E6.03666
G1 X112.573 Y102.566 E6.06638
G1 X113.019 Y102.579 E6.0804
G1 X113.538 Y102.62 E6.09676
G1 X114.054 Y102.687 E6.11311
G1 X114.561 Y102.781 E6.12931
G1 X115.409 Y103.001 E6.15684
G1 X115.898 Y103.164 E6.17304
G1 X116.382 Y103.355 E6.18939
G1 X116.855 Y103.571 E6.20573
G1 X117.312 Y103.808 E6.22191
G1 X118.055 Y104.264 E6.24931
G1 X118.756 Y104.782 E6.2767
G1 X119.148 Y105.117 E6.2929
G1 X119.521 Y105.472 E6.30908
G1 X120.114 Y106.118 E6.33664
G1 X120.434 Y106.521 E6.35281
G1 X120.736 Y106.945 E6.36917
G1 X121.016 Y107.383 E6.38551
G1 X121.269 Y107.831 E6.40168
G1 X121.673 Y108.686 E6.4314
G1 X122.001 Y109.595 E6.46177
G1 X122.14 Y110.097 E6.47814
G1 X122.251 Y110.599 E6.4943
G1 X122.381 Y111.466 E6.52185
G1 X122.421 Y111.98 E6.53805
G1 X122.435 Y112.5 E6.5544
G1 X122.421 Y113.02 E6.57075
G1 X122.381 Y113.534 E6.58695
G1 X122.251 Y114.4 E6.61447
G1 X122.14 Y114.903 E6.63066
G1 X122.002 Y115.4 E6.64687
G1 X121.711 Y116.222 E6.67427
G1 X121.35 Y117.015 E6.70165
G1 X121.104 Y117.467 E6.71782
G1 X120.832 Y117.911 E6.73418
G1 X120.537 Y118.34 E6.75054
G1 X120.221 Y118.752 E6.76686
G1 X119.883 Y119.148 E6.78322
G1 X119.528 Y119.521 E6.7994
G1 X118.882 Y120.114 E6.82696
G1 X118.479 Y120.434 E6.84313
G1 X118.056 Y120.736 E6.85946
G1 X117.617 Y121.016 E6.87582
G1 X117.169 Y121.269 E6.89199
G1 X116.314 Y121.673 E6.92171
G1 X115.405 Y122.001 E6.95208
G1 X114.903 Y122.14 E6.96845
G1 X114.401 Y122.251 E6.98461
G1 X113.534 Y122.381 E7.01216
G1 X113.02 Y122.421 E7.02836
G1 X112.5 Y122.435 E7.04471
G1 X111.98 Y122.421 E7.06106
G1 X111.466 Y122.381 E7.07726
G1 X110.6 Y122.251 E7.10478
G1 X110.097 Y122.14 E7.12097
G1 X109.6 Y122.002 E7.13718
G1 X108.778 Y121.711 E7.16458
G1 X107.985 Y121.35 E7.19196
G1 X107.533 Y121.104 E7.20813
G1 X107.089 Y120.832 E7.22449
G1 X106.66 Y120.537 E7.24085
G1 X106.248 Y120.221 E7.25717
G1 X105.852 Y119.883 E7.27353
G1 X105.479 Y119.528 E7.28971
G1 X104.886 Y118.882 E7.31727
G1 X104.566 Y118.479 E7.33344
G1 X104.264 Y118.056 E7.34977
G1 X103.984 Y117.617 E7.36613
G1 X103.728 Y117.164 E7.38248
G1 X103.496 Y116.699 E7.39881
G1 X103.291 Y116.226 E7.41501
G1 X102.998 Y115.4 E7.44255
G1 X102.86 Y114.903 E7.45876
G1 X102.749 Y114.402 E7.47489
G1 X102.613 Y113.465 E7.50464
G1 X102.565 Y112.505 E7.53485
G1 X102.603 Y111.629 E7.5624
G1 X102.662 Y111.117 E7.5786
G1 X102.748 Y110.604 E7.59495
G1 X102.86 Y110.097 E7.61127
G1 X102.998 Y109.601 E7.62745
G1 X103.299 Y108.759 E7.65555
G1 X103.299 Y108.759 F12000
G1 X102.986 Y108.556
;TYPE:External perimeter
;WIDTH:0.4
G1 F2400
G1 X103.406 Y107.664 E7.68488
G1 X103.671 Y107.195 E7.70091
G1 X103.96 Y106.742 E7.7169
G1 X104.541 Y105.963 E7.74581
G1 X105.217 Y105.217 E7.77576
G1 X105.608 Y104.846 E7.79179
G1 X106.016 Y104.497 E7.80776
G1 X106.8 Y103.922 E7.83668
G1 X107.195 Y103.671 E7.8506
G1 X107.665 Y103.406 E7.86665
G1 X108.147 Y103.165 E7.88268
G1 X108.64 Y102.951 E7.89867
G1 X109.49 Y102.65 E7.9255
G1 X110.008 Y102.506 E7.94149
G1 X110.535 Y102.389 E7.95755
G1 X111.067 Y102.3 E7.9736
G1 X111.6 Y102.24 E7.98956
G1 X112.571 Y102.201 E8.01847
G1 X113.039 Y102.214 E8.0324
G1 X113.577 Y102.256 E8.04845
G1 X114.111 Y102.327 E8.06448
G1 X114.64 Y102.425 E8.08048
G1 X115.513 Y102.651 E8.10731
G1 X116.023 Y102.821 E8.1233
G1 X116.525 Y103.019 E8.13935
G1 X117.015 Y103.242 E8.15537
G1 X117.492 Y103.491 E8.17138
G1 X118.26 Y103.961 E8.19817
G1 X118.983 Y104.497 E8.22494
G1 X119.392 Y104.846 E8.24093
G1 X119.782 Y105.216 E8.25692
G1 X120.391 Y105.881 E8.28375
G1 X120.726 Y106.301 E8.29973
G1 X121.039 Y106.74 E8.31577
G1 X121.329 Y107.195 E8.33182
G1 X121.593 Y107.663 E8.3478
G1 X122.008 Y108.541 E8.37669
G1 X122.35 Y109.489 E8.40667
G1 X122.494 Y110.008 E8.42269
G1 X122.61 Y110.533 E8.43868
G1 X122.744 Y111.425 E8.46551
G1 X122.786 Y111.961 E8.4815
G1 X122.8 Y112.5 E8.49754
G1 X122.786 Y113.039 E8.51358
G1 X122.744 Y113.575 E8.52957
G1 X122.61 Y114.467 E8.5564
G1 X122.494 Y114.992 E8.57239
G1 X122.35 Y115.51 E8.58838
G1 X122.05 Y116.358 E8.61514
G1 X121.676 Y117.178 E8.64195
G1 X121.42 Y117.65 E8.65792
G1 X121.138 Y118.11 E8.67397
G1 X120.833 Y118.554 E8.68999
G1 X120.505 Y118.982 E8.70603
G1 X120.154 Y119.392 E8.72209
G1 X119.784 Y119.782 E8.73808
G1 X119.119 Y120.391 E8.76491
G1 X118.699 Y120.726 E8.78089
G1 X118.26 Y121.039 E8.79693
G1 X117.805 Y121.329 E8.81298
G1 X117.337 Y121.593 E8.82896
G1 X116.459 Y122.008 E8.85785
G1 X115.511 Y122.35 E8.88783
G1 X114.992 Y122.494 E8.90385
G1 X114.467 Y122.61 E8.91984
G1 X113.575 Y122.744 E8.94667
G1 X113.039 Y122.786 E8.96266
G1 X112.5 Y122.8 E8.9787
G1 X111.961 Y122.786 E8.99474
G1 X111.425 Y122.744 E9.01073
G1 X110.533 Y122.61 E9.03756
G1 X110.008 Y122.494 E9.05355
G1 X109.49 Y122.35 E9.06954
G1 X108.642 Y122.05 E9.0963
G1 X107.822 Y121.676 E9.12311
G1 X107.35 Y121.42 E9.13908
G1 X106.89 Y121.138 E9.15513
G1 X106.446 Y120.833 E9.17115
G1 X106.018 Y120.505 E9.18719
G1 X105.608 Y120.154 E9.20325
G1 X105.218 Y119.784 E9.21924
G1 X104.609 Y119.119 E9.24607
G1 X104.274 Y118.699 E9.26205
G1 X103.961 Y118.26 E9.27809
G1 X103.671 Y117.805 E9.29414
G1 X103.406 Y117.336 E9.31017
G1 X103.165 Y116.853 E9.32623
G1 X102.951 Y116.36 E9.34222
G1 X102.65 Y115.51 E9.36905
G1 X102.506 Y114.992 E9.38504
G1 X102.39 Y114.467 E9.40103
G1 X102.25 Y113.506 E9.42992
G1 X102.2 Y112.502 E9.45982
G1 X102.239 Y111.601 E9.48665
G1 X102.3 Y111.067 E9.50264
G1 X102.389 Y110.535 E9.51869
G1 X102.506 Y110.008 E9.53475
G1 X102.65 Y109.491 E9.55072
G1 X102.964 Y108.612 E9.57849
G1 X103.132 Y108.249 F12000
;LAYER_CHANGE
;Z:5.87
;HEIGHT:0.21
G1 Z5.87 F12000
G1 E7.57849 F2400
G92 E0
G1 Z6.27 F12000
G1 X103.713 Y110.683
G1 Z5.87
G1 E2 F2400
G92 E0
;TYPE:Internal infill
;WIDTH:0.42
G1 F6000
G1 X110.683 Y103.712 E.30978
G1 E-1.69022 F2400
G92 E0
G1 X110.683 Y103.712 Z6.27 F12000
G1 X109.389 Y120.913
G1 Z5.87
G1 E2 F2400
G1 F6000
G1 X113.47 Y116.832 E2.18137
G1 X112.578 Y116.941 E2.20961
G1 X112.12 Y116.925 E2.22401
G1 X111.278 Y116.771 E2.25091
G1 X110.48 Y116.456 E2.27787
G1 X110.081 Y116.225 E2.29236
G1 X109.361 Y115.639 E2.32153
G1 X106.271 Y118.729 E2.45886
G1 X105.746 Y118.155 E2.48331
G1 X104.949 Y117.037 E2.52646
G1 X104.219 Y115.479 E2.58053
G1 X108.171 Y111.527 E2.75616
G1 X108.546 Y110.477 E2.7912
G1 X108.775 Y110.081 E2.80558
G1 X109.31 Y109.409 E2.83257
G1 X110.016 Y108.817 E2.86152
G1 X110.408 Y108.582 E2.87588
G1 X111.53 Y108.168 E2.91346
G1 X115.485 Y104.212 E3.08925
G1 X116.362 Y104.582 E3.11916
G1 X117.426 Y105.197 E3.15778
G1 X118.051 Y105.66 E3.18222
G1 X118.729 Y106.271 E3.2109
G1 X115.639 Y109.361 E3.34823
G1 X116.18 Y110.013 E3.37485
G1 X116.399 Y110.373 E3.38809
G1 X116.745 Y111.194 E3.41609
G1 X116.909 Y111.966 E3.44089
G1 X116.941 Y112.422 E3.45526
G1 X116.828 Y113.475 E3.48854
G1 X120.781 Y109.521 E3.66424
G1 X121.145 Y110.809 E3.7063
G1 X121.262 Y111.589 E3.73109
G1 X121.309 Y112.49 E3.75944
G1 X121.275 Y113.278 E3.78423
G1 X121.056 Y114.549 E3.82476
G1 X114.317 Y121.288 E4.12425
G1 E2.12425 F2400
G92 E0
G1 X114.317 Y121.288 Z6.27 F12000
G1 X115.578 Y109.847
G1 Z5.87
G1 E2 F2400
;TYPE:Perimeter
G1 F3600
G1 X115.615 Y109.886 E2.00169
G1 X115.869 Y110.223 E2.01495
G1 X116.069 Y110.552 E2.02705
G1 X116.244 Y110.913 E2.03966
G1 X116.387 Y111.306 E2.0528
G1 X116.477 Y111.655 E2.06413
G1 X116.537 Y112.01 E2.07544
G1 X116.566 Y112.429 E2.08864
G1 X116.551 Y112.849 E2.10185
G1 X116.504 Y113.212 E2.11335
G1 X116.409 Y113.619 E2.12648
G1 X116.28 Y113.998 E2.13906
G1 X116.122 Y114.349 E2.15116
G1 X115.911 Y114.715 E2.16444
G1 X115.664 Y115.055 E2.17765
G1 X115.421 Y115.329 E2.18916
G1 X115.114 Y115.615 E2.20235
G1 X114.777 Y115.869 E2.21561
G1 X114.448 Y116.069 E2.22771
G1 X114.087 Y116.244 E2.24032
G1 X113.694 Y116.387 E2.25346
G1 X113.345 Y116.477 E2.26479
G1 X112.99 Y116.537 E2.2761
G1 X112.571 Y116.566 E2.2893
G1 X112.151 Y116.551 E2.30251
G1 X111.788 Y116.504 E2.31401
G1 X111.381 Y116.409 E2.32714
G1 X111.002 Y116.28 E2.33972
G1 X110.651 Y116.122 E2.35182
G1 X110.285 Y115.911 E2.3651
G1 X109.945 Y115.664 E2.37831
G1 X109.671 Y115.421 E2.38982
G1 X109.389 Y115.118 E2.40283
G1 X109.166 Y114.828 E2.41433
G1 X108.945 Y114.474 E2.42744
G1 X108.774 Y114.129 E2.43954
G1 X108.632 Y113.755 E2.45211
G1 X108.522 Y113.345 E2.46545
G1 X108.457 Y112.931 E2.47862
G1 X108.434 Y112.565 E2.49014
G1 X108.449 Y112.146 E2.50332
G1 X108.508 Y111.728 E2.51659
G1 X108.599 Y111.353 E2.52872
G1 X108.728 Y110.98 E2.54112
G1 X108.879 Y110.649 E2.55255
G1 X109.089 Y110.285 E2.56576
G1 X109.336 Y109.945 E2.57897
G1 X109.579 Y109.671 E2.59048
G1 X109.886 Y109.385 E2.60367
G1 X110.226 Y109.129 E2.61704
G1 X110.586 Y108.912 E2.63025
G1 X110.916 Y108.755 E2.64173
G1 X111.306 Y108.613 E2.65477
G1 X111.66 Y108.521 E2.66626
G1 X112.072 Y108.456 E2.67937
G1 X112.456 Y108.434 E2.69146
G1 X112.856 Y108.449 E2.70404
G1 X113.272 Y108.508 E2.71724
G1 X113.647 Y108.599 E2.72937
G1 X114.02 Y108.728 E2.74177
G1 X114.351 Y108.879 E2.7532
G1 X114.715 Y109.089 E2.76641
G1 X115.055 Y109.336 E2.77962
G1 X115.329 Y109.579 E2.79113
G1 X115.537 Y109.803 E2.80074
G1 X115.537 Y109.803 F12000
G1 X115.303 Y110.101
G1 F3600
G1 X115.328 Y110.127 E2.80187
G1 X115.559 Y110.434 E2.81394
G1 X115.74 Y110.732 E2.8249
G1 X115.898 Y111.059 E2.83631
G1 X116.028 Y111.417 E2.84828
G1 X116.11 Y111.733 E2.85854
G1 X116.164 Y112.054 E2.86877
G1 X116.191 Y112.436 E2.8808
G1 X116.177 Y112.818 E2.89281
G1 X116.134 Y113.145 E2.90317
G1 X116.048 Y113.516 E2.91514
G1 X115.931 Y113.86 E2.92656
G1 X115.788 Y114.178 E2.93752
G1 X115.596 Y114.51 E2.94957
G1 X115.371 Y114.82 E2.96161
G1 X115.152 Y115.067 E2.97198
G1 X114.873 Y115.328 E2.98399
G1 X114.566 Y115.559 E2.99606
G1 X114.268 Y115.74 E3.00702
G1 X113.941 Y115.898 E3.01843
G1 X113.583 Y116.028 E3.0304
G1 X113.267 Y116.11 E3.04066
G1 X112.946 Y116.164 E3.05089
G1 X112.564 Y116.191 E3.06292
G1 X112.182 Y116.177 E3.07493
G1 X111.855 Y116.134 E3.08529
G1 X111.484 Y116.048 E3.09726
G1 X111.14 Y115.931 E3.10868
G1 X110.822 Y115.788 E3.11964
G1 X110.49 Y115.596 E3.13169
G1 X110.18 Y115.371 E3.14373
G1 X109.933 Y115.152 E3.1541
G1 X109.675 Y114.876 E3.16597
G1 X109.474 Y114.614 E3.17635
G1 X109.273 Y114.292 E3.18828
G1 X109.118 Y113.979 E3.19926
G1 X108.989 Y113.639 E3.21069
G1 X108.889 Y113.267 E3.2228
G1 X108.83 Y112.89 E3.23479
G1 X108.81 Y112.56 E3.24518
G1 X108.823 Y112.178 E3.25719
G1 X108.876 Y111.798 E3.26925
G1 X108.959 Y111.459 E3.28022
G1 X109.077 Y111.12 E3.2915
G1 X109.213 Y110.821 E3.30182
G1 X109.404 Y110.49 E3.31383
G1 X109.629 Y110.18 E3.32587
G1 X109.848 Y109.933 E3.33624
G1 X110.127 Y109.672 E3.34825
G1 X110.436 Y109.44 E3.36039
G1 X110.764 Y109.243 E3.37241
G1 X111.062 Y109.101 E3.38278
G1 X111.417 Y108.972 E3.39465
G1 X111.737 Y108.889 E3.40504
G1 X112.112 Y108.829 E3.41697
G1 X112.46 Y108.809 E3.42792
G1 X112.823 Y108.823 E3.43934
G1 X113.202 Y108.876 E3.45137
G1 X113.541 Y108.959 E3.46234
G1 X113.88 Y109.077 E3.47362
G1 X114.179 Y109.213 E3.48394
G1 X114.51 Y109.404 E3.49595
G1 X114.82 Y109.629 E3.50799
G1 X115.067 Y109.848 E3.51836
G1 X115.262 Y110.057 E3.52734
G1 X115.262 Y110.057 F12000
G1 X115.051 Y110.383
G1 F3600
G1 X115.248 Y110.645 E3.53764
G1 X115.41 Y110.911 E3.54743
G1 X115.552 Y111.205 E3.55769
G1 X115.67 Y111.528 E3.5685
G1 X115.743 Y111.811 E3.57768
G1 X115.791 Y112.098 E3.58682
G1 X115.815 Y112.442 E3.59766
G1 X115.803 Y112.787 E3.60851
G1 X115.765 Y113.078 E3.61773
G1 X115.687 Y113.413 E3.62854
G1 X115.582 Y113.722 E3.6388
G1 X115.454 Y114.007 E3.64862
G1 X115.281 Y114.306 E3.65948
G1 X115.078 Y114.585 E3.67032
G1 X114.883 Y114.805 E3.67956
G1 X114.631 Y115.04 E3.69039
G1 X114.355 Y115.248 E3.70125
G1 X114.089 Y115.41 E3.71104
G1 X113.795 Y115.552 E3.7213
G1 X113.472 Y115.67 E3.73211
G1 X113.189 Y115.743 E3.74129
G1 X112.902 Y115.791 E3.75043
G1 X112.558 Y115.815 E3.76127
G1 X112.213 Y115.803 E3.77212
G1 X111.922 Y115.765 E3.78134
G1 X111.587 Y115.687 E3.79215
G1 X111.278 Y115.582 E3.80241
G1 X110.993 Y115.454 E3.81223
G1 X110.694 Y115.281 E3.82309
G1 X110.415 Y115.078 E3.83393
G1 X110.195 Y114.883 E3.84317
G1 X109.962 Y114.633 E3.85391
G1 X109.783 Y114.4 E3.86314
G1 X109.601 Y114.109 E3.87393
G1 X109.462 Y113.829 E3.88375
G1 X109.346 Y113.524 E3.894
G1 X109.257 Y113.189 E3.90489
G1 X109.203 Y112.849 E3.91571
G1 X109.185 Y112.555 E3.92497
G1 X109.197 Y112.211 E3.93579
G1 X109.245 Y111.869 E3.94664
G1 X109.319 Y111.565 E3.95647
G1 X109.425 Y111.26 E3.96662
G1 X109.547 Y110.993 E3.97584
G1 X109.719 Y110.694 E3.98668
G1 X109.922 Y110.415 E3.99752
G1 X110.117 Y110.195 E4.00676
G1 X110.369 Y109.96 E4.01759
G1 X110.646 Y109.751 E4.02849
G1 X110.941 Y109.574 E4.0393
G1 X111.207 Y109.447 E4.04856
G1 X111.528 Y109.33 E4.0593
G1 X111.813 Y109.256 E4.06855
G1 X112.152 Y109.203 E4.07933
G1 X112.464 Y109.185 E4.08915
G1 X112.79 Y109.197 E4.0994
G1 X113.131 Y109.245 E4.11022
G1 X113.435 Y109.319 E4.12005
G1 X113.74 Y109.425 E4.1302
G1 X114.007 Y109.547 E4.13942
G1 X114.306 Y109.719 E4.15026
G1 X114.585 Y109.922 E4.1611
G1 X114.805 Y110.117 E4.17034
G1 X115.011 Y110.338 E4.17983
G1 X115.011 Y110.338 F12000
G1 X114.764 Y110.608
;TYPE:External perimeter
;WIDTH:0.4
G1 F3600
G1 X114.946 Y110.85 E4.18884
G1 X115.089 Y111.086 E4.19705
G1 X115.216 Y111.348 E4.20571
G1 X115.321 Y111.637 E4.21486
G1 X115.428 Y112.141 E4.23019
G1 X115.45 Y112.449 E4.23938
G1 X115.439 Y112.756 E4.24852
G1 X115.405 Y113.013 E4.25623
G1 X115.336 Y113.313 E4.26539
G1 X115.242 Y113.588 E4.27404
G1 X115.128 Y113.84 E4.28227
G1 X114.974 Y114.107 E4.29144
G1 X114.793 Y114.356 E4.3006
G1 X114.622 Y114.55 E4.30829
G1 X114.396 Y114.76 E4.31747
G1 X114.15 Y114.946 E4.32664
G1 X113.914 Y115.089 E4.33485
G1 X113.652 Y115.216 E4.34351
G1 X113.363 Y115.321 E4.35266
G1 X112.859 Y115.428 E4.36799
G1 X112.551 Y115.45 E4.37718
G1 X112.244 Y115.439 E4.38632
G1 X111.987 Y115.405 E4.39403
G1 X111.687 Y115.336 E4.40319
G1 X111.412 Y115.242 E4.41184
G1 X111.16 Y115.128 E4.42007
G1 X110.893 Y114.974 E4.42924
G1 X110.644 Y114.793 E4.4384
G1 X110.45 Y114.622 E4.44609
G1 X110.241 Y114.397 E4.45523
G1 X110.083 Y114.191 E4.46295
G1 X109.92 Y113.931 E4.47208
G1 X109.797 Y113.683 E4.48032
G1 X109.694 Y113.411 E4.48897
G1 X109.614 Y113.113 E4.49815
G1 X109.566 Y112.809 E4.50731
G1 X109.55 Y112.551 E4.515
G1 X109.561 Y112.243 E4.52417
G1 X109.604 Y111.938 E4.53333
G1 X109.669 Y111.669 E4.54156
G1 X109.764 Y111.395 E4.55019
G1 X109.872 Y111.16 E4.55788
G1 X110.026 Y110.893 E4.56705
G1 X110.207 Y110.644 E4.57621
G1 X110.378 Y110.45 E4.5839
G1 X110.604 Y110.24 E4.59308
G1 X110.85 Y110.054 E4.60225
G1 X111.114 Y109.896 E4.6114
G1 X111.348 Y109.784 E4.61912
G1 X111.637 Y109.679 E4.62827
G1 X111.888 Y109.614 E4.63598
G1 X112.191 Y109.566 E4.64511
G1 X112.467 Y109.55 E4.65333
G1 X112.757 Y109.561 E4.66196
G1 X113.062 Y109.604 E4.67112
G1 X113.331 Y109.669 E4.67935
G1 X113.605 Y109.764 E4.68798
G1 X113.84 Y109.872 E4.69567
G1 X114.107 Y110.026 E4.70484
G1 X114.356 Y110.207 E4.714
G1 X114.55 Y110.378 E4.72169
G1 X114.723 Y110.564 E4.72925
G1 X114.961 Y110.886 F12000
G1 E2.72925 F2400
G92 E0
G1 Z6.27 F12000
G1 X103.998 Y109.032
G1 Z5.87
G1 E2 F2400
;TYPE:Perimeter
;WIDTH:0.42
G1 F4800
G1 X104.35 Y108.265 E2.02652
G1 X104.797 Y107.498 E2.05442
G1 X105.069 Y107.101 E2.06954
G1 X105.362 Y106.72 E2.08464
G1 X105.997 Y106.014 E2.11448
G1 X106.605 Y105.457 E2.14039
G1 X107.364 Y104.885 E2.17026
G1 X107.769 Y104.627 E2.18535
G1 X108.188 Y104.39 E2.20048
G1 X109.047 Y103.99 E2.23026
G1 X109.885 Y103.696 E2.25817
G1 X110.747 Y103.484 E2.28607
G1 X111.222 Y103.405 E2.3012
G1 X111.686 Y103.352 E2.31588
G1 X112.573 Y103.316 E2.34378
G1 X112.979 Y103.328 E2.35654
G1 X113.46 Y103.366 E2.3717
G1 X114.398 Y103.514 E2.40154
G1 X115.196 Y103.72 E2.42744
G1 X115.641 Y103.869 E2.44219
G1 X116.089 Y104.045 E2.45732
G1 X116.526 Y104.245 E2.47242
G1 X116.943 Y104.462 E2.48719
G1 X117.636 Y104.886 E2.51272
G1 X118.289 Y105.37 E2.53826
G1 X118.986 Y105.998 E2.56774
G1 X119.543 Y106.605 E2.59363
G1 X120.114 Y107.364 E2.62348
G1 X120.373 Y107.77 E2.63861
G1 X120.61 Y108.188 E2.65371
G1 X121.011 Y109.049 E2.68356
G1 X121.287 Y109.826 E2.70947
G1 X121.514 Y110.736 E2.73894
G1 X121.635 Y111.551 E2.76483
G1 X121.684 Y112.489 E2.79435
G1 X121.648 Y113.312 E2.82024
G1 X121.516 Y114.253 E2.8501
G1 X121.287 Y115.174 E2.87992
G1 X121.015 Y115.94 E2.90546
G1 X120.678 Y116.68 E2.93101
G1 X120.203 Y117.502 E2.96084
G1 X119.931 Y117.899 E2.97596
G1 X119.638 Y118.28 E2.99106
G1 X119.003 Y118.986 E3.0209
G1 X118.395 Y119.543 E3.04681
G1 X117.645 Y120.108 E3.07632
G1 X116.943 Y120.538 E3.10219
G1 X116.089 Y120.955 E3.13206
G1 X115.641 Y121.131 E3.14719
G1 X115.185 Y121.283 E3.1623
G1 X114.264 Y121.514 E3.19214
G1 X113.449 Y121.635 E3.21803
G1 X112.511 Y121.684 E3.24755
G1 X111.688 Y121.648 E3.27344
G1 X110.747 Y121.516 E3.3033
G1 X109.826 Y121.286 E3.33313
G1 X109.06 Y121.015 E3.35866
G1 X108.32 Y120.678 E3.38421
G1 X107.498 Y120.203 E3.41404
G1 X107.101 Y119.931 E3.42916
G1 X106.72 Y119.638 E3.44426
G1 X106.014 Y119.003 E3.4741
G1 X105.457 Y118.395 E3.50001
G1 X104.885 Y117.636 E3.52988
G1 X104.627 Y117.23 E3.545
G1 X104.39 Y116.812 E3.5601
G1 X103.989 Y115.951 E3.58995
G1 X103.714 Y115.174 E3.61585
G1 X103.487 Y114.266 E3.64526
G1 X103.359 Y113.387 E3.67317
G1 X103.316 Y112.511 E3.70073
G1 X103.352 Y111.688 E3.72662
G1 X103.484 Y110.748 E3.75645
G1 X103.714 Y109.826 E3.78631
G1 X103.975 Y109.087 E3.81094
G1 X103.657 Y108.875 F12000
G1 F4800
G1 X104.015 Y108.097 E3.83785
G1 X104.482 Y107.293 E3.86707
G1 X104.766 Y106.881 E3.8828
G1 X105.071 Y106.484 E3.89853
G1 X105.396 Y106.103 E3.91427
G1 X105.735 Y105.746 E3.92974
G1 X106.362 Y105.172 E3.95645
G1 X106.747 Y104.865 E3.97192
G1 X107.154 Y104.575 E3.98762
G1 X107.576 Y104.306 E4.00335
G1 X108.012 Y104.059 E4.0191
G1 X108.46 Y103.836 E4.03483
G1 X108.91 Y103.64 E4.05025
G1 X109.773 Y103.338 E4.07898
G1 X110.676 Y103.116 E4.1082
G1 X111.17 Y103.033 E4.12394
G1 X111.657 Y102.978 E4.13934
G1 X112.571 Y102.941 E4.16809
G1 X112.999 Y102.953 E4.18155
G1 X113.499 Y102.993 E4.19731
G1 X113.996 Y103.058 E4.21306
G1 X114.479 Y103.148 E4.2285
G1 X115.303 Y103.361 E4.25525
G1 X115.77 Y103.517 E4.27072
G1 X116.235 Y103.7 E4.28642
G1 X116.691 Y103.908 E4.30217
G1 X117.127 Y104.135 E4.31762
G1 X117.845 Y104.575 E4.34408
G1 X118.522 Y105.076 E4.37055
G1 X118.897 Y105.396 E4.38604
G1 X119.254 Y105.735 E4.40151
G1 X119.828 Y106.362 E4.42822
G1 X120.135 Y106.747 E4.44369
G1 X120.425 Y107.154 E4.45939
G1 X120.694 Y107.576 E4.47512
G1 X120.941 Y108.012 E4.49087
G1 X121.164 Y108.46 E4.5066
G1 X121.36 Y108.911 E4.52205
G1 X121.644 Y109.713 E4.54879
G1 X121.776 Y110.187 E4.56425
G1 X121.882 Y110.668 E4.57973
G1 X122.008 Y111.509 E4.60645
G1 X122.047 Y112 E4.62193
G1 X122.06 Y112.492 E4.6374
G1 X122.023 Y113.341 E4.66411
G1 X121.967 Y113.83 E4.67958
G1 X121.884 Y114.324 E4.69532
G1 X121.776 Y114.813 E4.71106
G1 X121.644 Y115.287 E4.72652
G1 X121.363 Y116.081 E4.75299
G1 X121.014 Y116.847 E4.77944
G1 X120.779 Y117.28 E4.79492
G1 X120.518 Y117.707 E4.81065
G1 X120.234 Y118.119 E4.82638
G1 X119.929 Y118.516 E4.84211
G1 X119.604 Y118.897 E4.85785
G1 X119.265 Y119.254 E4.87332
G1 X118.639 Y119.828 E4.90001
G1 X118.253 Y120.135 E4.91551
G1 X117.852 Y120.421 E4.93099
G1 X117.127 Y120.865 E4.95771
G1 X116.691 Y121.092 E4.97316
G1 X116.235 Y121.3 E4.98891
G1 X115.77 Y121.483 E5.00461
G1 X115.295 Y121.642 E5.02035
G1 X114.813 Y121.776 E5.03607
G1 X114.332 Y121.882 E5.05155
G1 X113.491 Y122.008 E5.07827
G1 X113 Y122.047 E5.09375
G1 X112.508 Y122.06 E5.10922
G1 X111.659 Y122.023 E5.13593
G1 X111.17 Y121.967 E5.1514
G1 X110.676 Y121.884 E5.16714
G1 X110.187 Y121.776 E5.18288
G1 X109.713 Y121.644 E5.19834
G1 X108.919 Y121.363 E5.22481
G1 X108.153 Y121.014 E5.25126
G1 X107.72 Y120.779 E5.26674
G1 X107.293 Y120.518 E5.28247
G1 X106.881 Y120.234 E5.2982
G1 X106.484 Y119.929 E5.31393
G1 X106.103 Y119.604 E5.32967
G1 X105.746 Y119.265 E5.34514
G1 X105.172 Y118.639 E5.37183
G1 X104.865 Y118.253 E5.38733
G1 X104.575 Y117.846 E5.40303
G1 X104.306 Y117.424 E5.41876
G1 X104.059 Y116.988 E5.43451
G1 X103.836 Y116.54 E5.45024
G1 X103.64 Y116.089 E5.46569
G1 X103.356 Y115.287 E5.49243
G1 X103.224 Y114.813 E5.50789
G1 X103.118 Y114.334 E5.52331
G1 X102.986 Y113.428 E5.55208
G1 X102.94 Y112.508 E5.58103
G1 X102.978 Y111.659 E5.60774
G1 X103.033 Y111.17 E5.6232
G1 X103.116 Y110.676 E5.63894
G1 X103.224 Y110.187 E5.65468
G1 X103.356 Y109.713 E5.67014
G1 X103.633 Y108.93 E5.69624
G1 X103.633 Y108.93 F12000
G1 X103.317 Y108.718
G1 F4800
G1 X103.68 Y107.928 E5.72356
G1 X104.168 Y107.089 E5.75406
G1 X104.463 Y106.66 E5.77042
G1 X104.779 Y106.248 E5.78674
G1 X105.117 Y105.852 E5.8031
G1 X105.472 Y105.479 E5.81928
G1 X106.118 Y104.886 E5.84684
G1 X106.521 Y104.566 E5.86301
G1 X106.944 Y104.264 E5.87934
G1 X107.383 Y103.984 E5.8957
G1 X107.836 Y103.728 E5.91205
G1 X108.301 Y103.496 E5.92838
G1 X108.773 Y103.291 E5.94455
G1 X109.662 Y102.98 E5.97415
G1 X110.604 Y102.748 E6.00464
G1 X111.117 Y102.662 E6.02099
G1 X111.628 Y102.604 E6.03715
G1 X112.569 Y102.566 E6.06675
G1 X113.019 Y102.579 E6.0809
G1 X113.538 Y102.62 E6.09726
G1 X114.054 Y102.687 E6.11361
G1 X114.561 Y102.781 E6.12981
G1 X115.409 Y103.001 E6.15734
G1 X115.898 Y103.164 E6.17354
G1 X116.382 Y103.355 E6.18989
G1 X116.855 Y103.571 E6.20623
G1 X117.312 Y103.808 E6.22241
G1 X118.055 Y104.264 E6.24981
G1 X118.756 Y104.782 E6.2772
G1 X119.148 Y105.117 E6.2934
G1 X119.521 Y105.472 E6.30958
G1 X120.114 Y106.118 E6.33714
G1 X120.434 Y106.521 E6.35331
G1 X120.736 Y106.944 E6.36964
G1 X121.016 Y107.383 E6.386
G1 X121.272 Y107.836 E6.40235
G1 X121.504 Y108.301 E6.41868
G1 X121.709 Y108.774 E6.43488
G1 X122.002 Y109.6 E6.46242
G1 X122.14 Y110.097 E6.47863
G1 X122.251 Y110.599 E6.49479
G1 X122.381 Y111.466 E6.52234
G1 X122.421 Y111.98 E6.53854
G1 X122.435 Y112.495 E6.55473
G1 X122.397 Y113.371 E6.58228
G1 X122.338 Y113.883 E6.59848
G1 X122.252 Y114.396 E6.61483
G1 X122.14 Y114.903 E6.63115
G1 X122.002 Y115.4 E6.64736
G1 X121.711 Y116.222 E6.67476
G1 X121.35 Y117.015 E6.70214
G1 X121.104 Y117.467 E6.71831
G1 X120.832 Y117.911 E6.73467
G1 X120.537 Y118.34 E6.75103
G1 X120.221 Y118.752 E6.76735
G1 X119.883 Y119.148 E6.78371
G1 X119.528 Y119.521 E6.79989
G1 X118.882 Y120.114 E6.82745
G1 X118.479 Y120.434 E6.84362
G1 X118.06 Y120.733 E6.8598
G1 X117.312 Y121.192 E6.88738
G1 X116.855 Y121.429 E6.90356
G1 X116.382 Y121.645 E6.9199
G1 X115.898 Y121.836 E6.93625
G1 X115.405 Y122.001 E6.95259
G1 X114.903 Y122.14 E6.96896
G1 X114.401 Y122.251 E6.98512
G1 X113.534 Y122.381 E7.01267
G1 X113.02 Y122.421 E7.02887
G1 X112.505 Y122.435 E7.04506
G1 X111.629 Y122.397 E7.07261
G1 X111.117 Y122.338 E7.08881
G1 X110.604 Y122.252 E7.10516
G1 X110.097 Y122.14 E7.12148
G1 X109.6 Y122.002 E7.13769
G1 X108.778 Y121.711 E7.16509
G1 X107.985 Y121.35 E7.19247
G1 X107.533 Y121.104 E7.20864
G1 X107.089 Y120.832 E7.225
G1 X106.66 Y120.537 E7.24136
G1 X106.248 Y120.221 E7.25768
G1 X105.852 Y119.883 E7.27404
G1 X105.479 Y119.528 E7.29022
G1 X104.886 Y118.882 E7.31778
G1 X104.566 Y118.479 E7.33395
G1 X104.264 Y118.055 E7.35031
G1 X103.984 Y117.617 E7.36665
G1 X103.728 Y117.164 E7.383
G1 X103.496 Y116.699 E7.39933
G1 X103.291 Y116.226 E7.41553
G1 X102.998 Y115.4 E7.44307
G1 X102.86 Y114.903 E7.45928
G1 X102.749 Y114.401 E7.47544
G1 X102.613 Y113.47 E7.50501
G1 X102.565 Y112.505 E7.53537
G1 X102.603 Y111.629 E7.56292
G1 X102.662 Y111.117 E7.57912
G1 X102.748 Y110.604 E7.59547
G1 X102.86 Y110.097 E7.61179
G1 X102.998 Y109.6 E7.628
G1 X103.289 Y108.779 E7.65537
G1 X103.292 Y108.773 E7.65558
G1 X103.292 Y108.773 F12000
G1 X102.985 Y108.566
;TYPE:External perimeter
;WIDTH:0.4
G1 F2400
G1 X103.354 Y107.764 E7.68184
G1 X103.58 Y107.35 E7.69587
G1 X103.862 Y106.89 E7.71192
G1 X104.167 Y106.446 E7.72794
G1 X104.495 Y106.018 E7.74398
G1 X104.846 Y105.608 E7.76004
G1 X105.216 Y105.218 E7.77603
G1 X105.881 Y104.609 E7.80286
G1 X106.301 Y104.274 E7.81884
G1 X106.74 Y103.961 E7.83488
G1 X107.195 Y103.671 E7.85093
G1 X107.665 Y103.406 E7.86698
G1 X108.147 Y103.165 E7.88301
G1 X108.64 Y102.951 E7.899
G1 X109.553 Y102.631 E7.92778
G1 X110.008 Y102.506 E7.94182
G1 X110.535 Y102.389 E7.95788
G1 X111.067 Y102.3 E7.97393
G1 X111.6 Y102.24 E7.98989
G1 X112.567 Y102.201 E8.01868
G1 X113.039 Y102.214 E8.03273
G1 X113.577 Y102.256 E8.04878
G1 X114.111 Y102.327 E8.06481
G1 X114.64 Y102.425 E8.08081
G1 X115.513 Y102.651 E8.10764
G1 X116.023 Y102.821 E8.12363
G1 X116.524 Y103.019 E8.13966
G1 X117.015 Y103.242 E8.1557
G1 X117.492 Y103.491 E8.17171
G1 X118.26 Y103.961 E8.1985
G1 X118.983 Y104.497 E8.22527
G1 X119.392 Y104.846 E8.24126
G1 X119.782 Y105.216 E8.25725
G1 X120.391 Y105.881 E8.28408
G1 X120.726 Y106.301 E8.30006
G1 X121.039 Y106.74 E8.3161
G1 X121.329 Y107.195 E8.33215
G1 X121.594 Y107.664 E8.34818
G1 X121.835 Y108.147 E8.36424
G1 X122.049 Y108.64 E8.38023
G1 X122.35 Y109.49 E8.40706
G1 X122.494 Y110.008 E8.42305
G1 X122.61 Y110.533 E8.43904
G1 X122.744 Y111.425 E8.46587
G1 X122.786 Y111.961 E8.48186
G1 X122.8 Y112.498 E8.49784
G1 X122.761 Y113.399 E8.52467
G1 X122.7 Y113.933 E8.54066
G1 X122.611 Y114.465 E8.55671
G1 X122.494 Y114.992 E8.57277
G1 X122.35 Y115.51 E8.58876
G1 X122.05 Y116.358 E8.61552
G1 X121.676 Y117.178 E8.64233
G1 X121.42 Y117.65 E8.6583
G1 X121.138 Y118.11 E8.67435
G1 X120.833 Y118.554 E8.69037
G1 X120.505 Y118.982 E8.70641
G1 X120.154 Y119.392 E8.72247
G1 X119.784 Y119.782 E8.73846
G1 X119.119 Y120.391 E8.76529
G1 X118.699 Y120.726 E8.78127
G1 X118.261 Y121.038 E8.79727
G1 X117.492 Y121.509 E8.8241
G1 X117.015 Y121.758 E8.84011
G1 X116.524 Y121.981 E8.85615
G1 X116.023 Y122.179 E8.87218
G1 X115.511 Y122.35 E8.88824
G1 X114.992 Y122.494 E8.90426
G1 X114.467 Y122.61 E8.92025
G1 X113.575 Y122.744 E8.94708
G1 X113.039 Y122.786 E8.96307
G1 X112.502 Y122.8 E8.97905
G1 X111.601 Y122.761 E9.00588
G1 X111.067 Y122.7 E9.02187
G1 X110.535 Y122.611 E9.03792
G1 X110.008 Y122.494 E9.05398
G1 X109.49 Y122.35 E9.06997
G1 X108.642 Y122.05 E9.09673
G1 X107.822 Y121.676 E9.12354
G1 X107.35 Y121.42 E9.13951
G1 X106.89 Y121.138 E9.15556
G1 X106.446 Y120.833 E9.17158
G1 X106.018 Y120.505 E9.18762
G1 X105.608 Y120.154 E9.20368
G1 X105.218 Y119.784 E9.21967
G1 X104.609 Y119.119 E9.2465
G1 X104.274 Y118.699 E9.26248
G1 X103.961 Y118.26 E9.27852
G1 X103.671 Y117.805 E9.29457
G1 X103.406 Y117.336 E9.3106
G1 X103.165 Y116.853 E9.32666
G1 X102.951 Y116.36 E9.34265
G1 X102.65 Y115.51 E9.36948
G1 X102.506 Y114.992 E9.38547
G1 X102.39 Y114.467 E9.40146
G1 X102.25 Y113.51 E9.43023
G1 X102.214 Y113.039 E9.44428
G1 X102.2 Y112.502 E9.46026
G1 X102.239 Y111.601 E9.48709
G1 X102.3 Y111.067 E9.50308
G1 X102.389 Y110.535 E9.51913
G1 X102.506 Y110.008 E9.53519
G1 X102.65 Y109.49 E9.55118
G1 X102.95 Y108.642 E9.57794
G1 X102.96 Y108.62 E9.57866
G1 X103.127 Y108.257 F12000
;LAYER_CHANGE
;Z:6.08
;HEIGHT:0.21
G1 Z6.08 F12000
G1 E7.57866 F2400
G92 E0
G1 Z6.48 F12000
G1 X103.712 Y114.317
G1 Z6.08
G1 E2 F2400
G92 E0
;TYPE:Internal infill
;WIDTH:0.42
G1 F6000
G1 X110.683 Y121.287 E.30978
G1 E-1.69022 F2400
G92 E0
G1 X110.683 Y121.287 Z6.48 F12000
G1 X120.913 Y115.611
G1 Z6.08
G1 E2 F2400
G1 F6000
G1 X116.833 Y111.53 E2.18135
G1 X116.941 Y112.422 E2.20959
G1 X116.925 Y112.887 E2.22421
G1 X116.75 Y113.792 E2.25318
G1 X116.444 Y114.542 E2.27864
G1 X116.224 Y114.921 E2.29241
G1 X115.639 Y115.639 E2.32151
G1 X118.729 Y118.729 E2.45884
G1 X118.048 Y119.343 E2.48765
G1 X117.306 Y119.883 E2.51649
G1 X116.627 Y120.283 E2.54126
G1 X115.479 Y120.781 E2.58058
G1 X111.526 Y116.828 E2.75626
G1 X110.458 Y116.444 E2.79193
G1 X110.083 Y116.226 E2.80556
G1 X109.413 Y115.694 E2.83245
G1 X109.102 Y115.361 E2.84677
G1 X108.617 Y114.657 E2.87364
G1 X108.275 Y113.871 E2.90058
G1 X108.167 Y113.47 E2.91363
G1 X104.219 Y109.521 E3.08911
G1 X104.716 Y108.376 E3.12834
G1 X105.149 Y107.647 E3.15499
G1 X105.656 Y106.953 E3.182
G1 X106.271 Y106.271 E3.21086
G1 X109.361 Y109.361 E3.34819
G1 X110.016 Y108.817 E3.37495
G1 X110.408 Y108.582 E3.38931
G1 X111.194 Y108.255 E3.41606
G1 X112.031 Y108.083 E3.44291
G1 X112.451 Y108.059 E3.45613
G1 X113.473 Y108.171 E3.48844
G1 X109.521 Y104.219 E3.66407
G1 X110.819 Y103.853 E3.70645
G1 X111.72 Y103.726 E3.73504
G1 X112.959 Y103.702 E3.77398
G1 X114.537 Y103.932 E3.82409
G1 X121.288 Y110.683 E4.12412
G1 E2.12412 F2400
G92 E0
G1 X121.288 Y110.683 Z6.48 F12000
G1 X115.616 Y109.891
G1 Z6.08
G1 E2 F2400
;TYPE:Perimeter
G1 F3600
G1 X115.832 Y110.169 E2.01106
G1 X116.055 Y110.525 E2.02426
G1 X116.225 Y110.87 E2.03635
G1 X116.368 Y111.245 E2.04896
G1 X116.476 Y111.649 E2.0621
G1 X116.537 Y112.01 E2.07361
G1 X116.566 Y112.429 E2.08681
G1 X116.551 Y112.854 E2.10017
G1 X116.492 Y113.276 E2.11356
G1 X116.39 Y113.683 E2.12675
G1 X116.269 Y114.025 E2.13815
G1 X116.111 Y114.369 E2.15005
G1 X115.91 Y114.716 E2.16265
G1 X115.664 Y115.055 E2.17581
G1 X115.421 Y115.329 E2.18732
G1 X115.118 Y115.611 E2.20033
G1 X114.828 Y115.834 E2.21183
G1 X114.475 Y116.055 E2.22492
G1 X114.13 Y116.225 E2.23701
G1 X113.755 Y116.368 E2.24962
G1 X113.351 Y116.476 E2.26276
G1 X112.99 Y116.537 E2.27427
G1 X112.571 Y116.566 E2.28747
G1 X112.149 Y116.551 E2.30074
G1 X111.769 Y116.5 E2.31279
G1 X111.377 Y116.409 E2.32544
G1 X110.98 Y116.272 E2.33864
G1 X110.631 Y116.111 E2.35072
G1 X110.287 Y115.911 E2.36322
G1 X109.976 Y115.688 E2.37525
G1 X109.674 Y115.424 E2.38786
G1 X109.389 Y115.118 E2.401
G1 X109.166 Y114.828 E2.4125
G1 X108.945 Y114.475 E2.42559
G1 X108.775 Y114.13 E2.43768
G1 X108.632 Y113.755 E2.45029
G1 X108.523 Y113.349 E2.4635
G1 X108.461 Y112.97 E2.47557
G1 X108.434 Y112.569 E2.4882
G1 X108.449 Y112.146 E2.5015
G1 X108.508 Y111.724 E2.51489
G1 X108.61 Y111.317 E2.52808
G1 X108.732 Y110.971 E2.53961
G1 X108.907 Y110.596 E2.55261
G1 X109.093 Y110.28 E2.56413
G1 X109.336 Y109.945 E2.57714
G1 X109.579 Y109.671 E2.58865
G1 X109.886 Y109.385 E2.60184
G1 X110.226 Y109.129 E2.61521
G1 X110.586 Y108.912 E2.62842
G1 X110.916 Y108.755 E2.6399
G1 X111.306 Y108.613 E2.65294
G1 X111.66 Y108.521 E2.66443
G1 X112.071 Y108.456 E2.67751
G1 X112.455 Y108.434 E2.6896
G1 X112.856 Y108.449 E2.70221
G1 X113.276 Y108.508 E2.71554
G1 X113.683 Y108.61 E2.72873
G1 X114.029 Y108.732 E2.74026
G1 X114.404 Y108.907 E2.75326
G1 X114.72 Y109.093 E2.76478
G1 X115.055 Y109.336 E2.77779
G1 X115.326 Y109.577 E2.78919
G1 X115.578 Y109.844 E2.80073
G1 X115.578 Y109.844 F12000
G1 X115.321 Y110.122
G1 F3600
G1 X115.524 Y110.384 E2.81115
G1 X115.727 Y110.708 E2.82317
G1 X115.881 Y111.02 E2.8341
G1 X116.011 Y111.361 E2.84557
G1 X116.109 Y111.729 E2.85754
G1 X116.164 Y112.054 E2.8679
G1 X116.191 Y112.436 E2.87993
G1 X116.177 Y112.822 E2.89207
G1 X116.123 Y113.204 E2.90419
G1 X116.031 Y113.575 E2.9162
G1 X115.922 Y113.884 E2.9265
G1 X115.778 Y114.196 E2.9373
G1 X115.595 Y114.511 E2.94875
G1 X115.371 Y114.82 E2.96074
G1 X115.152 Y115.067 E2.97111
G1 X114.876 Y115.325 E2.98298
G1 X114.614 Y115.526 E2.99336
G1 X114.292 Y115.727 E3.00529
G1 X113.98 Y115.881 E3.01622
G1 X113.639 Y116.011 E3.02769
G1 X113.271 Y116.109 E3.03966
G1 X112.946 Y116.164 E3.05002
G1 X112.564 Y116.191 E3.06205
G1 X112.181 Y116.177 E3.07409
G1 X111.836 Y116.131 E3.08503
G1 X111.481 Y116.048 E3.09649
G1 X111.12 Y115.923 E3.1085
G1 X110.804 Y115.778 E3.11943
G1 X110.491 Y115.596 E3.13081
G1 X110.21 Y115.394 E3.14169
G1 X109.935 Y115.154 E3.15316
G1 X109.675 Y114.876 E3.16512
G1 X109.474 Y114.614 E3.1755
G1 X109.273 Y114.292 E3.18743
G1 X109.119 Y113.98 E3.19836
G1 X108.989 Y113.639 E3.20983
G1 X108.89 Y113.27 E3.22184
G1 X108.834 Y112.927 E3.23276
G1 X108.809 Y112.563 E3.24423
G1 X108.823 Y112.178 E3.25634
G1 X108.877 Y111.796 E3.26846
G1 X108.969 Y111.425 E3.28047
G1 X109.079 Y111.114 E3.29084
G1 X109.239 Y110.771 E3.30273
G1 X109.407 Y110.486 E3.31313
G1 X109.629 Y110.18 E3.32501
G1 X109.848 Y109.933 E3.33538
G1 X110.127 Y109.672 E3.34739
G1 X110.436 Y109.44 E3.35953
G1 X110.764 Y109.243 E3.37155
G1 X111.062 Y109.101 E3.38192
G1 X111.417 Y108.972 E3.39379
G1 X111.737 Y108.889 E3.40418
G1 X112.112 Y108.829 E3.41611
G1 X112.459 Y108.809 E3.42703
G1 X112.823 Y108.823 E3.43848
G1 X113.204 Y108.877 E3.45057
G1 X113.575 Y108.969 E3.46258
G1 X113.886 Y109.079 E3.47295
G1 X114.229 Y109.239 E3.48484
G1 X114.514 Y109.407 E3.49524
G1 X114.82 Y109.629 E3.50712
G1 X115.065 Y109.846 E3.5174
G1 X115.282 Y110.076 E3.52734
G1 X115.282 Y110.076 F12000
G1 X115.025 Y110.353
G1 F3600
G1 X115.216 Y110.599 E3.53713
G1 X115.399 Y110.891 E3.54796
G1 X115.537 Y111.17 E3.55774
G1 X115.654 Y111.476 E3.56804
G1 X115.743 Y111.808 E3.57884
G1 X115.791 Y112.098 E3.58808
G1 X115.815 Y112.442 E3.59892
G1 X115.803 Y112.789 E3.60983
G1 X115.755 Y113.133 E3.62075
G1 X115.671 Y113.467 E3.63157
G1 X115.574 Y113.743 E3.64076
G1 X115.445 Y114.023 E3.65045
G1 X115.28 Y114.306 E3.66074
G1 X115.078 Y114.585 E3.67156
G1 X114.883 Y114.805 E3.6808
G1 X114.633 Y115.038 E3.69154
G1 X114.4 Y115.217 E3.70077
G1 X114.109 Y115.399 E3.71156
G1 X113.83 Y115.537 E3.72134
G1 X113.524 Y115.654 E3.73164
G1 X113.192 Y115.743 E3.74244
G1 X112.902 Y115.791 E3.75168
G1 X112.558 Y115.815 E3.76252
G1 X112.213 Y115.803 E3.77337
G1 X111.904 Y115.762 E3.78317
G1 X111.585 Y115.687 E3.79347
G1 X111.259 Y115.575 E3.8043
G1 X110.977 Y115.445 E3.81406
G1 X110.695 Y115.281 E3.82431
G1 X110.443 Y115.1 E3.83406
G1 X110.196 Y114.885 E3.84435
G1 X109.962 Y114.633 E3.85516
G1 X109.783 Y114.4 E3.86439
G1 X109.601 Y114.109 E3.87518
G1 X109.463 Y113.83 E3.88496
G1 X109.346 Y113.524 E3.89526
G1 X109.257 Y113.191 E3.90609
G1 X109.207 Y112.884 E3.91586
G1 X109.185 Y112.557 E3.92616
G1 X109.197 Y112.211 E3.93704
G1 X109.245 Y111.867 E3.94796
G1 X109.329 Y111.533 E3.95878
G1 X109.427 Y111.256 E3.96801
G1 X109.571 Y110.946 E3.97875
G1 X109.721 Y110.692 E3.98802
G1 X109.922 Y110.415 E3.99878
G1 X110.117 Y110.195 E4.00802
G1 X110.369 Y109.96 E4.01885
G1 X110.646 Y109.751 E4.02975
G1 X110.941 Y109.574 E4.04056
G1 X111.207 Y109.447 E4.04982
G1 X111.528 Y109.33 E4.06056
G1 X111.813 Y109.256 E4.06981
G1 X112.152 Y109.203 E4.08059
G1 X112.462 Y109.185 E4.09035
G1 X112.79 Y109.197 E4.10066
G1 X113.133 Y109.245 E4.11154
G1 X113.467 Y109.329 E4.12236
G1 X113.744 Y109.427 E4.13159
G1 X114.054 Y109.571 E4.14233
G1 X114.308 Y109.721 E4.1516
G1 X114.585 Y109.922 E4.16236
G1 X114.804 Y110.116 E4.17155
G1 X114.985 Y110.308 E4.17984
G1 X114.985 Y110.308 F12000
G1 X114.761 Y110.608
;TYPE:External perimeter
;WIDTH:0.4
G1 F3600
G1 X114.917 Y110.808 E4.18739
G1 X115.08 Y111.069 E4.19654
G1 X115.202 Y111.316 E4.20474
G1 X115.306 Y111.589 E4.21343
G1 X115.386 Y111.886 E4.22258
G1 X115.428 Y112.141 E4.23027
G1 X115.45 Y112.449 E4.23946
G1 X115.439 Y112.757 E4.24863
G1 X115.396 Y113.063 E4.25782
G1 X115.322 Y113.362 E4.26698
G1 X115.121 Y113.855 E4.28282
G1 X114.974 Y114.107 E4.2915
G1 X114.793 Y114.356 E4.30066
G1 X114.622 Y114.55 E4.30835
G1 X114.397 Y114.759 E4.31749
G1 X114.191 Y114.917 E4.32521
G1 X113.931 Y115.08 E4.33434
G1 X113.684 Y115.202 E4.34254
G1 X113.411 Y115.306 E4.35123
G1 X113.114 Y115.386 E4.36038
G1 X112.859 Y115.428 E4.36807
G1 X112.551 Y115.45 E4.37726
G1 X112.243 Y115.439 E4.38643
G1 X111.97 Y115.402 E4.39463
G1 X111.687 Y115.336 E4.40327
G1 X111.395 Y115.236 E4.41245
G1 X111.145 Y115.121 E4.42064
G1 X110.893 Y114.974 E4.42932
G1 X110.67 Y114.814 E4.43748
G1 X110.45 Y114.622 E4.44617
G1 X110.241 Y114.397 E4.45531
G1 X110.083 Y114.191 E4.46303
G1 X109.92 Y113.931 E4.47216
G1 X109.798 Y113.684 E4.48036
G1 X109.694 Y113.411 E4.48905
G1 X109.614 Y113.114 E4.4982
G1 X109.57 Y112.842 E4.5064
G1 X109.55 Y112.551 E4.51508
G1 X109.561 Y112.243 E4.52425
G1 X109.604 Y111.937 E4.53344
G1 X109.678 Y111.638 E4.5426
G1 X109.765 Y111.394 E4.55031
G1 X109.895 Y111.116 E4.55944
G1 X110.026 Y110.892 E4.56716
G1 X110.207 Y110.644 E4.57629
G1 X110.378 Y110.45 E4.58398
G1 X110.604 Y110.24 E4.59316
G1 X110.85 Y110.054 E4.60233
G1 X111.114 Y109.895 E4.6115
G1 X111.348 Y109.784 E4.6192
G1 X111.637 Y109.679 E4.62835
G1 X111.887 Y109.614 E4.63603
G1 X112.191 Y109.566 E4.64519
G1 X112.466 Y109.55 E4.65338
G1 X112.757 Y109.561 E4.66204
G1 X113.063 Y109.604 E4.67123
G1 X113.362 Y109.678 E4.68039
G1 X113.606 Y109.765 E4.6881
G1 X113.884 Y109.895 E4.69723
G1 X114.108 Y110.026 E4.70495
G1 X114.356 Y110.207 E4.71408
G1 X114.722 Y110.562 E4.72925
G1 X114.959 Y110.884 F12000
G1 E2.72925 F2400
G92 E0
G1 Z6.48 F12000
G1 X104.003 Y109.018
G1 Z6.08
G1 E2 F2400
;TYPE:Perimeter
;WIDTH:0.42
G1 F4800
G1 X104.384 Y108.2 E2.02836
G1 X104.836 Y107.44 E2.05615
G1 X105.362 Y106.72 E2.08417
G1 X105.674 Y106.354 E2.09928
G1 X106.005 Y106.005 E2.1144
G1 X106.354 Y105.674 E2.12952
G1 X106.709 Y105.371 E2.14419
G1 X107.422 Y104.847 E2.172
G1 X107.768 Y104.628 E2.18487
G1 X108.188 Y104.39 E2.20004
G1 X109.049 Y103.989 E2.22989
G1 X109.826 Y103.714 E2.25579
G1 X110.747 Y103.484 E2.28562
G1 X111.686 Y103.352 E2.31542
G1 X112.569 Y103.316 E2.34319
G1 X112.979 Y103.328 E2.35608
G1 X113.46 Y103.366 E2.37124
G1 X113.937 Y103.428 E2.38636
G1 X114.41 Y103.516 E2.40148
G1 X114.877 Y103.628 E2.41657
G1 X115.327 Y103.762 E2.43133
G1 X116.088 Y104.046 E2.45686
G1 X116.822 Y104.396 E2.48241
G1 X117.626 Y104.879 E2.51188
G1 X118.289 Y105.37 E2.53781
G1 X118.986 Y105.997 E2.56727
G1 X119.543 Y106.605 E2.59318
G1 X120.108 Y107.355 E2.62269
G1 X120.538 Y108.057 E2.64856
G1 X120.955 Y108.911 E2.67843
G1 X121.131 Y109.359 E2.69356
G1 X121.283 Y109.815 E2.70867
G1 X121.514 Y110.736 E2.73851
G1 X121.635 Y111.551 E2.7644
G1 X121.684 Y112.489 E2.79392
G1 X121.648 Y113.312 E2.81981
G1 X121.516 Y114.253 E2.84967
G1 X121.286 Y115.174 E2.8795
G1 X121.015 Y115.94 E2.90503
G1 X120.678 Y116.68 E2.93058
G1 X120.203 Y117.502 E2.96041
G1 X119.931 Y117.899 E2.97553
G1 X119.638 Y118.28 E2.99063
G1 X119.326 Y118.646 E3.00574
G1 X118.995 Y118.995 E3.02086
G1 X118.646 Y119.326 E3.03598
G1 X118.28 Y119.638 E3.05109
G1 X117.512 Y120.196 E3.08092
G1 X116.802 Y120.615 E3.10683
G1 X115.951 Y121.011 E3.13633
G1 X115.174 Y121.286 E3.16223
G1 X114.264 Y121.514 E3.19171
G1 X113.449 Y121.635 E3.2176
G1 X112.511 Y121.684 E3.24712
G1 X111.688 Y121.648 E3.27301
G1 X110.747 Y121.516 E3.30287
G1 X109.826 Y121.287 E3.33269
G1 X109.06 Y121.015 E3.35823
G1 X108.32 Y120.678 E3.38378
G1 X107.498 Y120.203 E3.41361
G1 X107.101 Y119.931 E3.42873
G1 X106.72 Y119.638 E3.44383
G1 X106.354 Y119.326 E3.45894
G1 X106.005 Y118.995 E3.47406
G1 X105.37 Y118.289 E3.5039
G1 X104.879 Y117.626 E3.52983
G1 X104.39 Y116.812 E3.55967
G1 X103.989 Y115.951 E3.58952
G1 X103.714 Y115.174 E3.61542
G1 X103.486 Y114.264 E3.6449
G1 X103.365 Y113.449 E3.67079
G1 X103.316 Y112.514 E3.70021
G1 X103.357 Y111.63 E3.72802
G1 X103.484 Y110.747 E3.75605
G1 X103.714 Y109.826 E3.78588
G1 X103.98 Y109.073 E3.81098
G1 X103.98 Y109.073 F12000
G1 X103.658 Y108.868
G1 F4800
G1 X103.836 Y108.46 E3.82497
G1 X104.055 Y108.021 E3.84039
G1 X104.52 Y107.237 E3.86903
G1 X105.071 Y106.484 E3.89835
G1 X105.396 Y106.103 E3.91409
G1 X105.74 Y105.74 E3.92981
G1 X106.103 Y105.396 E3.94553
G1 X106.476 Y105.077 E3.96095
G1 X107.21 Y104.538 E3.98957
G1 X107.575 Y104.306 E4.00316
G1 X108.012 Y104.059 E4.01893
G1 X108.46 Y103.836 E4.03466
G1 X108.911 Y103.64 E4.05011
G1 X109.713 Y103.356 E4.07685
G1 X110.187 Y103.224 E4.09231
G1 X110.676 Y103.116 E4.10805
G1 X111.17 Y103.033 E4.12379
G1 X111.657 Y102.978 E4.13919
G1 X112.567 Y102.941 E4.16781
G1 X112.999 Y102.953 E4.18139
G1 X113.499 Y102.993 E4.19715
G1 X113.995 Y103.058 E4.21287
G1 X114.488 Y103.149 E4.22862
G1 X114.974 Y103.266 E4.24433
G1 X115.446 Y103.406 E4.2598
G1 X116.235 Y103.701 E4.28627
G1 X116.995 Y104.063 E4.31272
G1 X117.424 Y104.306 E4.32821
G1 X117.839 Y104.57 E4.34367
G1 X118.522 Y105.076 E4.37038
G1 X118.897 Y105.396 E4.38587
G1 X119.254 Y105.735 E4.40134
G1 X119.828 Y106.361 E4.42803
G1 X120.135 Y106.747 E4.44353
G1 X120.421 Y107.148 E4.45901
G1 X120.865 Y107.873 E4.48573
G1 X121.092 Y108.309 E4.50118
G1 X121.3 Y108.765 E4.51693
G1 X121.483 Y109.23 E4.53263
G1 X121.642 Y109.705 E4.54837
G1 X121.776 Y110.187 E4.56409
G1 X121.882 Y110.668 E4.57957
G1 X122.008 Y111.509 E4.60629
G1 X122.047 Y112 E4.62177
G1 X122.06 Y112.492 E4.63724
G1 X122.023 Y113.341 E4.66395
G1 X121.967 Y113.83 E4.67942
G1 X121.884 Y114.324 E4.69516
G1 X121.776 Y114.813 E4.7109
G1 X121.644 Y115.287 E4.72636
G1 X121.363 Y116.081 E4.75283
G1 X121.014 Y116.847 E4.77928
G1 X120.779 Y117.28 E4.79476
G1 X120.518 Y117.707 E4.81049
G1 X120.234 Y118.119 E4.82622
G1 X119.929 Y118.516 E4.84195
G1 X119.604 Y118.897 E4.85769
G1 X119.26 Y119.26 E4.87341
G1 X118.897 Y119.604 E4.88913
G1 X118.516 Y119.929 E4.90487
G1 X118.119 Y120.234 E4.9206
G1 X117.713 Y120.513 E4.93608
G1 X116.981 Y120.944 E4.96277
G1 X116.54 Y121.164 E4.97826
G1 X116.089 Y121.36 E4.99371
G1 X115.287 Y121.644 E5.02045
G1 X114.813 Y121.776 E5.03591
G1 X114.332 Y121.882 E5.05139
G1 X113.491 Y122.008 E5.07811
G1 X113 Y122.047 E5.09359
G1 X112.508 Y122.06 E5.10906
G1 X111.659 Y122.023 E5.13577
G1 X111.17 Y121.967 E5.15124
G1 X110.676 Y121.884 E5.16698
G1 X110.187 Y121.776 E5.18272
G1 X109.713 Y121.644 E5.19818
G1 X108.919 Y121.363 E5.22465
G1 X108.153 Y121.014 E5.2511
G1 X107.72 Y120.779 E5.26658
G1 X107.293 Y120.518 E5.28231
G1 X106.881 Y120.234 E5.29804
G1 X106.484 Y119.929 E5.31377
G1 X106.103 Y119.604 E5.32951
G1 X105.74 Y119.26 E5.34523
G1 X105.396 Y118.897 E5.36095
G1 X105.076 Y118.522 E5.37644
G1 X104.57 Y117.839 E5.40315
G1 X104.306 Y117.424 E5.41861
G1 X104.059 Y116.988 E5.43436
G1 X103.836 Y116.54 E5.45009
G1 X103.64 Y116.089 E5.46554
G1 X103.356 Y115.287 E5.49228
G1 X103.224 Y114.813 E5.50774
G1 X103.118 Y114.332 E5.52322
G1 X102.992 Y113.491 E5.54994
G1 X102.953 Y113 E5.56542
G1 X102.94 Y112.51 E5.58082
G1 X102.983 Y111.6 E5.60945
G1 X103.116 Y110.676 E5.63879
G1 X103.224 Y110.187 E5.65453
G1 X103.356 Y109.713 E5.66999
G1 X103.635 Y108.923 E5.69632
G1 X103.635 Y108.923 F12000
G1 X103.315 Y108.719
G1 F4800
G1 X103.496 Y108.301 E5.71063
G1 X103.725 Y107.841 E5.72678
G1 X104.204 Y107.035 E5.75624
G1 X104.779 Y106.248 E5.78687
G1 X105.117 Y105.852 E5.80323
G1 X105.475 Y105.475 E5.81957
G1 X105.852 Y105.117 E5.83591
G1 X106.243 Y104.783 E5.85207
G1 X106.999 Y104.228 E5.88154
G1 X107.383 Y103.984 E5.89584
G1 X107.836 Y103.728 E5.91219
G1 X108.301 Y103.496 E5.92852
G1 X108.774 Y103.291 E5.94472
G1 X109.6 Y102.998 E5.97226
G1 X110.097 Y102.86 E5.98847
G1 X110.604 Y102.748 E6.00479
G1 X111.117 Y102.662 E6.02114
G1 X111.628 Y102.604 E6.0373
G1 X112.565 Y102.566 E6.06677
G1 X113.019 Y102.579 E6.08104
G1 X113.538 Y102.62 E6.0974
G1 X114.054 Y102.687 E6.11375
G1 X114.566 Y102.782 E6.13011
G1 X115.071 Y102.904 E6.14644
G1 X115.565 Y103.05 E6.16263
G1 X116.382 Y103.355 E6.19004
G1 X117.168 Y103.73 E6.21741
G1 X117.617 Y103.984 E6.23362
G1 X118.051 Y104.261 E6.2498
G1 X118.756 Y104.782 E6.27735
G1 X119.148 Y105.117 E6.29355
G1 X119.521 Y105.472 E6.30973
G1 X120.114 Y106.118 E6.33729
G1 X120.434 Y106.521 E6.35346
G1 X120.734 Y106.94 E6.36965
G1 X121.192 Y107.688 E6.39721
G1 X121.429 Y108.145 E6.41339
G1 X121.645 Y108.618 E6.42973
G1 X121.836 Y109.102 E6.44608
G1 X122.001 Y109.595 E6.46242
G1 X122.14 Y110.097 E6.47879
G1 X122.251 Y110.6 E6.49498
G1 X122.381 Y111.466 E6.5225
G1 X122.421 Y111.98 E6.5387
G1 X122.435 Y112.495 E6.55489
G1 X122.397 Y113.371 E6.58244
G1 X122.338 Y113.883 E6.59864
G1 X122.252 Y114.396 E6.61499
G1 X122.14 Y114.903 E6.63131
G1 X122.002 Y115.4 E6.64752
G1 X121.711 Y116.222 E6.67492
G1 X121.35 Y117.015 E6.7023
G1 X121.104 Y117.467 E6.71847
G1 X120.832 Y117.911 E6.73483
G1 X120.537 Y118.34 E6.75119
G1 X120.221 Y118.752 E6.76751
G1 X119.883 Y119.148 E6.78387
G1 X119.525 Y119.525 E6.80021
G1 X119.148 Y119.883 E6.81655
G1 X118.752 Y120.221 E6.83291
G1 X118.34 Y120.537 E6.84923
G1 X117.915 Y120.829 E6.86543
G1 X117.16 Y121.274 E6.89297
G1 X116.699 Y121.504 E6.90916
G1 X116.226 Y121.709 E6.92536
G1 X115.4 Y122.002 E6.9529
G1 X114.903 Y122.14 E6.96911
G1 X114.4 Y122.251 E6.9853
G1 X113.534 Y122.381 E7.01282
G1 X113.02 Y122.421 E7.02902
G1 X112.505 Y122.435 E7.04521
G1 X111.629 Y122.397 E7.07276
G1 X111.117 Y122.338 E7.08896
G1 X110.604 Y122.252 E7.10531
G1 X110.097 Y122.14 E7.12163
G1 X109.6 Y122.002 E7.13784
G1 X108.778 Y121.711 E7.16524
G1 X107.985 Y121.35 E7.19262
G1 X107.533 Y121.104 E7.20879
G1 X107.089 Y120.832 E7.22515
G1 X106.66 Y120.537 E7.24151
G1 X106.248 Y120.221 E7.25783
G1 X105.852 Y119.883 E7.27419
G1 X105.475 Y119.525 E7.29053
G1 X105.117 Y119.148 E7.30687
G1 X104.782 Y118.756 E7.32307
G1 X104.261 Y118.051 E7.35062
G1 X103.984 Y117.617 E7.3668
G1 X103.728 Y117.164 E7.38315
G1 X103.496 Y116.699 E7.39948
G1 X103.291 Y116.226 E7.41568
G1 X102.998 Y115.4 E7.44322
G1 X102.86 Y114.903 E7.45943
G1 X102.749 Y114.4 E7.47562
G1 X102.619 Y113.534 E7.50314
G1 X102.579 Y113.02 E7.51934
G1 X102.565 Y112.506 E7.5355
G1 X102.609 Y111.569 E7.56498
G1 X102.748 Y110.604 E7.59562
G1 X102.86 Y110.097 E7.61194
G1 X102.998 Y109.6 E7.62815
G1 X103.291 Y108.774 E7.65569
G1 X103.291 Y108.774 F12000
G1 X102.98 Y108.573
;TYPE:External perimeter
;WIDTH:0.4
G1 F2400
G1 X103.165 Y108.147 E7.66951
G1 X103.405 Y107.666 E7.6855
G1 X103.896 Y106.838 E7.71414
G1 X104.167 Y106.446 E7.72832
G1 X104.495 Y106.018 E7.74436
G1 X104.846 Y105.608 E7.76042
G1 X105.217 Y105.217 E7.77645
G1 X105.608 Y104.846 E7.79248
G1 X106.016 Y104.497 E7.80845
G1 X106.793 Y103.926 E7.83714
G1 X107.195 Y103.671 E7.8513
G1 X107.664 Y103.406 E7.86733
G1 X108.147 Y103.165 E7.88339
G1 X108.64 Y102.951 E7.89938
G1 X109.49 Y102.65 E7.92621
G1 X110.008 Y102.506 E7.9422
G1 X110.535 Y102.389 E7.95826
G1 X111.067 Y102.3 E7.97431
G1 X111.6 Y102.24 E7.99027
G1 X112.563 Y102.201 E8.01894
G1 X113.039 Y102.214 E8.03311
G1 X113.577 Y102.256 E8.04916
G1 X114.111 Y102.327 E8.06519
G1 X114.641 Y102.425 E8.08122
G1 X115.166 Y102.551 E8.09728
G1 X115.681 Y102.704 E8.11326
G1 X116.524 Y103.019 E8.14003
G1 X117.337 Y103.407 E8.16683
G1 X117.805 Y103.671 E8.18281
G1 X118.258 Y103.96 E8.1988
G1 X118.983 Y104.497 E8.22564
G1 X119.392 Y104.846 E8.24163
G1 X119.782 Y105.216 E8.25762
G1 X120.391 Y105.881 E8.28445
G1 X120.726 Y106.301 E8.30043
G1 X121.038 Y106.739 E8.31643
G1 X121.509 Y107.508 E8.34326
G1 X121.758 Y107.985 E8.35927
G1 X121.981 Y108.476 E8.37531
G1 X122.179 Y108.977 E8.39134
G1 X122.35 Y109.489 E8.4074
G1 X122.494 Y110.008 E8.42342
G1 X122.61 Y110.533 E8.43941
G1 X122.744 Y111.425 E8.46624
G1 X122.786 Y111.961 E8.48223
G1 X122.8 Y112.498 E8.49821
G1 X122.761 Y113.399 E8.52504
G1 X122.7 Y113.933 E8.54103
G1 X122.611 Y114.465 E8.55708
G1 X122.494 Y114.992 E8.57314
G1 X122.35 Y115.51 E8.58913
G1 X122.05 Y116.358 E8.61589
G1 X121.676 Y117.178 E8.6427
G1 X121.42 Y117.65 E8.65867
G1 X121.138 Y118.11 E8.67472
G1 X120.833 Y118.554 E8.69074
G1 X120.505 Y118.982 E8.70678
G1 X120.154 Y119.392 E8.72284
G1 X119.783 Y119.783 E8.73887
G1 X119.392 Y120.154 E8.7549
G1 X118.982 Y120.505 E8.77096
G1 X118.554 Y120.833 E8.787
G1 X118.111 Y121.137 E8.80298
G1 X117.334 Y121.595 E8.82981
G1 X116.853 Y121.835 E8.8458
G1 X116.36 Y122.049 E8.86179
G1 X115.51 Y122.35 E8.88862
G1 X114.992 Y122.494 E8.90461
G1 X114.467 Y122.61 E8.9206
G1 X113.575 Y122.744 E8.94743
G1 X113.039 Y122.786 E8.96342
G1 X112.502 Y122.8 E8.9794
G1 X111.601 Y122.761 E9.00623
G1 X111.067 Y122.7 E9.02222
G1 X110.535 Y122.611 E9.03827
G1 X110.008 Y122.494 E9.05433
G1 X109.49 Y122.35 E9.07032
G1 X108.642 Y122.05 E9.09708
G1 X107.822 Y121.676 E9.12389
G1 X107.35 Y121.42 E9.13986
G1 X106.89 Y121.138 E9.15591
G1 X106.446 Y120.833 E9.17193
G1 X106.018 Y120.505 E9.18797
G1 X105.608 Y120.154 E9.20403
G1 X105.217 Y119.783 E9.22006
G1 X104.846 Y119.392 E9.23609
G1 X104.497 Y118.983 E9.25208
G1 X103.96 Y118.258 E9.27892
G1 X103.671 Y117.805 E9.29491
G1 X103.406 Y117.336 E9.31094
G1 X103.165 Y116.853 E9.327
G1 X102.951 Y116.36 E9.34299
G1 X102.65 Y115.51 E9.36982
G1 X102.506 Y114.992 E9.38581
G1 X102.39 Y114.467 E9.4018
G1 X102.256 Y113.575 E9.42863
G1 X102.214 Y113.039 E9.44462
G1 X102.2 Y112.502 E9.4606
G1 X102.245 Y111.54 E9.48925
G1 X102.3 Y111.067 E9.50342
G1 X102.389 Y110.535 E9.51947
G1 X102.506 Y110.008 E9.53553
G1 X102.65 Y109.49 E9.55152
G1 X102.951 Y108.64 E9.57835
G1 X102.956 Y108.628 E9.57874
G1 X103.115 Y108.261 F12000
;LAYER_CHANGE
;Z:6.29
;HEIGHT:0.21
G1 Z6.29 F12000
G1 E7.57874 F2400
G92 E0
G1 Z6.69 F12000
G1 X103.713 Y110.683
G1 Z6.29
G1 E2 F2400
G92 E0
;TYPE:Internal infill
;WIDTH:0.42
G1 F6000
G1 X110.683 Y103.713 E.30976
G1 E-1.69024 F2400
G92 E0
G1 X110.683 Y103.713 Z6.69 F12000
G1 X109.389 Y120.913
G1 Z6.29
G1 E2 F2400
G1 F6000
G1 X113.47 Y116.833 E2.18135
G1 X112.578 Y116.941 E2.20959
G1 X112.113 Y116.925 E2.22421
G1 X111.208 Y116.75 E2.25318
G1 X110.477 Y116.454 E2.27796
G1 X110.081 Y116.225 E2.29234
G1 X109.361 Y115.639 E2.32151
G1 X106.271 Y118.729 E2.45884
G1 X105.746 Y118.155 E2.48329
G1 X105.197 Y117.426 E2.51197
G1 X104.728 Y116.647 E2.54054
G1 X104.22 Y115.477 E2.58062
G1 X108.171 Y111.527 E2.75619
G1 X108.555 Y110.46 E2.79183
G1 X108.776 Y110.079 E2.80567
G1 X109.31 Y109.409 E2.83259
G1 X109.645 Y109.097 E2.84698
G1 X110.37 Y108.602 E2.87457
G1 X110.762 Y108.412 E2.88826
G1 X111.53 Y108.168 E2.91358
G1 X115.479 Y104.219 E3.08908
G1 X116.362 Y104.582 E3.11908
G1 X117.426 Y105.197 E3.1577
G1 X118.051 Y105.66 E3.18214
G1 X118.728 Y106.272 E3.21082
G1 X115.639 Y109.361 E3.3481
G1 X116.183 Y110.016 E3.37486
G1 X116.418 Y110.408 E3.38922
G1 X116.727 Y111.134 E3.41402
G1 X116.909 Y111.966 E3.44078
G1 X116.941 Y112.422 E3.45515
G1 X116.829 Y113.473 E3.48836
G1 X120.781 Y109.521 E3.66399
G1 X121.145 Y110.809 E3.70605
G1 X121.262 Y111.589 E3.73084
G1 X121.309 Y112.49 E3.75919
G1 X121.275 Y113.278 E3.78398
G1 X121.056 Y114.549 E3.82451
G1 X114.317 Y121.288 E4.124
G1 E2.124 F2400
G92 E0
G1 X114.317 Y121.288 Z6.69 F12000
G1 X115.578 Y109.846
G1 Z6.29
G1 E2 F2400
;TYPE:Perimeter
G1 F3600
G1 X115.615 Y109.886 E2.00171
G1 X115.871 Y110.226 E2.01508
G1 X116.088 Y110.586 E2.02829
G1 X116.243 Y110.911 E2.03961
G1 X116.369 Y111.249 E2.05095
G1 X116.476 Y111.649 E2.06396
G1 X116.537 Y112.01 E2.07547
G1 X116.566 Y112.429 E2.08867
G1 X116.551 Y112.854 E2.10203
G1 X116.492 Y113.276 E2.11542
G1 X116.39 Y113.683 E2.12861
G1 X116.269 Y114.025 E2.14001
G1 X116.112 Y114.368 E2.15186
G1 X115.91 Y114.716 E2.1645
G1 X115.664 Y115.055 E2.17766
G1 X115.421 Y115.329 E2.18917
G1 X115.114 Y115.615 E2.20236
G1 X114.774 Y115.871 E2.21573
G1 X114.414 Y116.088 E2.22894
G1 X114.089 Y116.243 E2.24026
G1 X113.751 Y116.369 E2.2516
G1 X113.351 Y116.476 E2.26461
G1 X112.99 Y116.537 E2.27612
G1 X112.571 Y116.566 E2.28932
G1 X112.146 Y116.551 E2.30268
G1 X111.724 Y116.492 E2.31607
G1 X111.317 Y116.39 E2.32926
G1 X110.977 Y116.27 E2.34059
G1 X110.649 Y116.12 E2.35192
G1 X110.285 Y115.911 E2.36511
G1 X109.945 Y115.664 E2.37832
G1 X109.671 Y115.421 E2.38983
G1 X109.385 Y115.114 E2.40302
G1 X109.131 Y114.777 E2.41628
G1 X108.932 Y114.45 E2.42831
G1 X108.758 Y114.091 E2.44085
G1 X108.625 Y113.733 E2.45285
G1 X108.522 Y113.344 E2.4655
G1 X108.457 Y112.931 E2.47864
G1 X108.434 Y112.565 E2.49016
G1 X108.449 Y112.146 E2.50334
G1 X108.508 Y111.724 E2.51673
G1 X108.61 Y111.317 E2.52992
G1 X108.731 Y110.975 E2.54132
G1 X108.888 Y110.632 E2.55317
G1 X109.09 Y110.284 E2.56581
G1 X109.336 Y109.945 E2.57897
G1 X109.579 Y109.671 E2.59048
G1 X109.886 Y109.385 E2.60367
G1 X110.223 Y109.131 E2.61693
G1 X110.55 Y108.932 E2.62896
G1 X110.909 Y108.758 E2.6415
G1 X111.267 Y108.625 E2.6535
G1 X111.656 Y108.522 E2.66615
G1 X112.071 Y108.456 E2.67936
G1 X112.453 Y108.434 E2.69138
G1 X112.856 Y108.449 E2.70405
G1 X113.27 Y108.507 E2.71719
G1 X113.626 Y108.593 E2.7287
G1 X114.023 Y108.73 E2.7419
G1 X114.404 Y108.907 E2.7551
G1 X114.719 Y109.093 E2.7666
G1 X115.055 Y109.336 E2.77963
G1 X115.329 Y109.579 E2.79114
G1 X115.537 Y109.803 E2.80075
G1 X115.537 Y109.803 F12000
G1 X115.303 Y110.101
G1 F3600
G1 X115.328 Y110.127 E2.80188
G1 X115.56 Y110.436 E2.81402
G1 X115.757 Y110.764 E2.82604
G1 X115.897 Y111.058 E2.83627
G1 X116.012 Y111.363 E2.84651
G1 X116.109 Y111.729 E2.85841
G1 X116.164 Y112.054 E2.86877
G1 X116.191 Y112.436 E2.8808
G1 X116.177 Y112.822 E2.89294
G1 X116.123 Y113.204 E2.90506
G1 X116.031 Y113.575 E2.91707
G1 X115.922 Y113.884 E2.92737
G1 X115.779 Y114.195 E2.93813
G1 X115.595 Y114.511 E2.94962
G1 X115.371 Y114.82 E2.96161
G1 X115.152 Y115.067 E2.97198
G1 X114.873 Y115.328 E2.98399
G1 X114.564 Y115.56 E2.99613
G1 X114.236 Y115.757 E3.00815
G1 X113.942 Y115.897 E3.01838
G1 X113.637 Y116.012 E3.02862
G1 X113.271 Y116.109 E3.04052
G1 X112.946 Y116.164 E3.05088
G1 X112.564 Y116.191 E3.06291
G1 X112.178 Y116.177 E3.07505
G1 X111.796 Y116.123 E3.08717
G1 X111.425 Y116.031 E3.09918
G1 X111.117 Y115.922 E3.10945
G1 X110.821 Y115.787 E3.11967
G1 X110.49 Y115.596 E3.13168
G1 X110.18 Y115.371 E3.14372
G1 X109.933 Y115.152 E3.15409
G1 X109.672 Y114.873 E3.1661
G1 X109.441 Y114.566 E3.17817
G1 X109.261 Y114.27 E3.18906
G1 X109.103 Y113.944 E3.20044
G1 X108.983 Y113.62 E3.2113
G1 X108.889 Y113.266 E3.22281
G1 X108.83 Y112.89 E3.23477
G1 X108.81 Y112.56 E3.24516
G1 X108.823 Y112.178 E3.25717
G1 X108.877 Y111.796 E3.26929
G1 X108.969 Y111.425 E3.2813
G1 X109.078 Y111.116 E3.2916
G1 X109.221 Y110.805 E3.30236
G1 X109.405 Y110.489 E3.31385
G1 X109.629 Y110.18 E3.32584
G1 X109.848 Y109.933 E3.33621
G1 X110.127 Y109.672 E3.34822
G1 X110.434 Y109.441 E3.36029
G1 X110.73 Y109.261 E3.37118
G1 X111.056 Y109.103 E3.38256
G1 X111.38 Y108.983 E3.39342
G1 X111.734 Y108.889 E3.40493
G1 X112.112 Y108.829 E3.41696
G1 X112.457 Y108.809 E3.42782
G1 X112.823 Y108.823 E3.43933
G1 X113.2 Y108.876 E3.45129
G1 X113.521 Y108.953 E3.46166
G1 X113.883 Y109.078 E3.4737
G1 X114.229 Y109.239 E3.48569
G1 X114.514 Y109.407 E3.49609
G1 X114.82 Y109.629 E3.50797
G1 X115.067 Y109.848 E3.51834
G1 X115.262 Y110.057 E3.52732
G1 X115.262 Y110.057 F12000
G1 X115.028 Y110.356
G1 F3600
G1 X115.04 Y110.369 E3.52788
G1 X115.249 Y110.646 E3.53878
G1 X115.426 Y110.941 E3.54959
G1 X115.552 Y111.205 E3.55878
G1 X115.654 Y111.478 E3.56794
G1 X115.743 Y111.808 E3.57868
G1 X115.791 Y112.098 E3.58792
G1 X115.815 Y112.442 E3.59876
G1 X115.803 Y112.789 E3.60967
G1 X115.755 Y113.133 E3.62059
G1 X115.671 Y113.467 E3.63141
G1 X115.574 Y113.743 E3.6406
G1 X115.445 Y114.022 E3.65026
G1 X115.28 Y114.306 E3.66058
G1 X115.078 Y114.585 E3.6714
G1 X114.883 Y114.805 E3.68064
G1 X114.631 Y115.04 E3.69147
G1 X114.354 Y115.249 E3.70237
G1 X114.059 Y115.426 E3.71318
G1 X113.795 Y115.552 E3.72237
G1 X113.522 Y115.654 E3.73153
G1 X113.192 Y115.743 E3.74227
G1 X112.902 Y115.791 E3.75151
G1 X112.558 Y115.815 E3.76235
G1 X112.211 Y115.803 E3.77326
G1 X111.867 Y115.755 E3.78418
G1 X111.533 Y115.671 E3.795
G1 X111.258 Y115.574 E3.80416
G1 X110.993 Y115.453 E3.81331
G1 X110.694 Y115.281 E3.82415
G1 X110.415 Y115.078 E3.83499
G1 X110.195 Y114.883 E3.84423
G1 X109.96 Y114.631 E3.85506
G1 X109.752 Y114.355 E3.86592
G1 X109.591 Y114.091 E3.87564
G1 X109.448 Y113.796 E3.88594
G1 X109.341 Y113.506 E3.89565
G1 X109.257 Y113.189 E3.90596
G1 X109.203 Y112.849 E3.91678
G1 X109.185 Y112.555 E3.92604
G1 X109.197 Y112.211 E3.93686
G1 X109.245 Y111.867 E3.94778
G1 X109.329 Y111.533 E3.9586
G1 X109.426 Y111.257 E3.96779
G1 X109.555 Y110.978 E3.97745
G1 X109.72 Y110.694 E3.98777
G1 X109.922 Y110.415 E3.99859
G1 X110.117 Y110.195 E4.00783
G1 X110.369 Y109.96 E4.01866
G1 X110.645 Y109.752 E4.02952
G1 X110.909 Y109.591 E4.03924
G1 X111.204 Y109.448 E4.04954
G1 X111.494 Y109.341 E4.05925
G1 X111.811 Y109.257 E4.06956
G1 X112.152 Y109.203 E4.08041
G1 X112.461 Y109.185 E4.09014
G1 X112.79 Y109.197 E4.10049
G1 X113.13 Y109.245 E4.11128
G1 X113.416 Y109.314 E4.12053
G1 X113.742 Y109.426 E4.13136
G1 X114.054 Y109.571 E4.14217
G1 X114.308 Y109.721 E4.15144
G1 X114.585 Y109.922 E4.1622
G1 X114.805 Y110.117 E4.17144
G1 X114.987 Y110.312 E4.17982
G1 X114.987 Y110.312 F12000
G1 X114.761 Y110.605
;TYPE:External perimeter
;WIDTH:0.4
G1 F3600
G1 X114.946 Y110.85 E4.18895
G1 X115.104 Y111.114 E4.1981
G1 X115.306 Y111.589 E4.21346
G1 X115.386 Y111.886 E4.22261
G1 X115.428 Y112.141 E4.2303
G1 X115.45 Y112.449 E4.23949
G1 X115.439 Y112.757 E4.24866
G1 X115.396 Y113.063 E4.25785
G1 X115.322 Y113.362 E4.26701
G1 X115.121 Y113.854 E4.28282
G1 X114.974 Y114.107 E4.29152
G1 X114.793 Y114.356 E4.30068
G1 X114.622 Y114.55 E4.30837
G1 X114.396 Y114.76 E4.31755
G1 X114.15 Y114.946 E4.32672
G1 X113.886 Y115.104 E4.33587
G1 X113.411 Y115.306 E4.35123
G1 X113.114 Y115.386 E4.36038
G1 X112.859 Y115.428 E4.36807
G1 X112.551 Y115.45 E4.37726
G1 X112.243 Y115.439 E4.38643
G1 X111.937 Y115.396 E4.39562
G1 X111.638 Y115.322 E4.40478
G1 X111.16 Y115.128 E4.42013
G1 X110.893 Y114.974 E4.4293
G1 X110.644 Y114.793 E4.43846
G1 X110.45 Y114.622 E4.44615
G1 X110.24 Y114.396 E4.45533
G1 X110.054 Y114.15 E4.4645
G1 X109.912 Y113.916 E4.47264
G1 X109.784 Y113.653 E4.48134
G1 X109.689 Y113.396 E4.48949
G1 X109.614 Y113.113 E4.4982
G1 X109.566 Y112.809 E4.50736
G1 X109.55 Y112.551 E4.51505
G1 X109.561 Y112.243 E4.52422
G1 X109.604 Y111.937 E4.53341
G1 X109.678 Y111.638 E4.54257
G1 X109.879 Y111.146 E4.55838
G1 X110.026 Y110.893 E4.56708
G1 X110.207 Y110.644 E4.57624
G1 X110.378 Y110.45 E4.58393
G1 X110.604 Y110.24 E4.59311
G1 X110.85 Y110.054 E4.60228
G1 X111.084 Y109.912 E4.61042
G1 X111.347 Y109.784 E4.61912
G1 X111.604 Y109.689 E4.62727
G1 X111.887 Y109.614 E4.63598
G1 X112.191 Y109.566 E4.64514
G1 X112.465 Y109.55 E4.65331
G1 X112.757 Y109.561 E4.662
G1 X113.062 Y109.604 E4.67116
G1 X113.314 Y109.664 E4.67887
G1 X113.605 Y109.765 E4.68803
G1 X113.884 Y109.895 E4.69719
G1 X114.108 Y110.026 E4.70491
G1 X114.356 Y110.207 E4.71404
G1 X114.55 Y110.378 E4.72173
G1 X114.721 Y110.561 E4.72918
G1 X114.959 Y110.883 F12000
G1 E2.72918 F2400
G92 E0
G1 Z6.69 F12000
G1 X103.991 Y109.047
G1 Z6.29
G1 E2 F2400
;TYPE:Perimeter
;WIDTH:0.42
G1 F4800
G1 X104.347 Y108.272 E2.0268
G1 X104.797 Y107.498 E2.05494
G1 X105.069 Y107.101 E2.07006
G1 X105.362 Y106.72 E2.08516
G1 X105.674 Y106.354 E2.10027
G1 X106.005 Y106.005 E2.11539
G1 X106.354 Y105.674 E2.13051
G1 X106.71 Y105.371 E2.1452
G1 X107.419 Y104.85 E2.17285
G1 X107.768 Y104.628 E2.18585
G1 X108.188 Y104.39 E2.20102
G1 X109.049 Y103.989 E2.23087
G1 X109.826 Y103.714 E2.25677
G1 X110.747 Y103.484 E2.2866
G1 X111.686 Y103.352 E2.3164
G1 X112.565 Y103.316 E2.34405
G1 X112.979 Y103.328 E2.35707
G1 X113.46 Y103.366 E2.37223
G1 X113.937 Y103.428 E2.38735
G1 X114.41 Y103.516 E2.40247
G1 X114.877 Y103.628 E2.41756
G1 X115.327 Y103.762 E2.43232
G1 X116.099 Y104.05 E2.45821
G1 X116.526 Y104.245 E2.47296
G1 X116.943 Y104.462 E2.48773
G1 X117.636 Y104.886 E2.51326
G1 X118.289 Y105.37 E2.5388
G1 X118.985 Y105.996 E2.56822
G1 X119.577 Y106.647 E2.59587
G1 X120.115 Y107.364 E2.62404
G1 X120.373 Y107.77 E2.63916
G1 X120.61 Y108.188 E2.65426
G1 X121.011 Y109.049 E2.68411
G1 X121.286 Y109.826 E2.71001
G1 X121.514 Y110.736 E2.73949
G1 X121.635 Y111.551 E2.76538
G1 X121.684 Y112.489 E2.7949
G1 X121.648 Y113.312 E2.82079
G1 X121.516 Y114.253 E2.85065
G1 X121.286 Y115.174 E2.88048
G1 X121.015 Y115.94 E2.90601
G1 X120.678 Y116.68 E2.93156
G1 X120.203 Y117.502 E2.96139
G1 X119.931 Y117.899 E2.97651
G1 X119.638 Y118.28 E2.99161
G1 X119.326 Y118.646 E3.00672
G1 X118.995 Y118.995 E3.02184
G1 X118.646 Y119.326 E3.03696
G1 X118.28 Y119.638 E3.05207
G1 X117.512 Y120.196 E3.0819
G1 X116.802 Y120.615 E3.10781
G1 X115.951 Y121.011 E3.13731
G1 X115.174 Y121.286 E3.16321
G1 X114.264 Y121.514 E3.19269
G1 X113.449 Y121.635 E3.21858
G1 X112.981 Y121.672 E3.23333
G1 X112.5 Y121.685 E3.24845
G1 X112.019 Y121.672 E3.26357
G1 X111.551 Y121.635 E3.27832
G1 X110.736 Y121.514 E3.30421
G1 X110.278 Y121.412 E3.31896
G1 X109.826 Y121.286 E3.33371
G1 X109.06 Y121.015 E3.35924
G1 X108.32 Y120.678 E3.38479
G1 X107.498 Y120.203 E3.41462
G1 X107.101 Y119.931 E3.42974
G1 X106.72 Y119.638 E3.44484
G1 X106.014 Y119.002 E3.4747
G1 X105.457 Y118.395 E3.50059
G1 X104.885 Y117.636 E3.53046
G1 X104.397 Y116.824 E3.56023
G1 X104.021 Y116.028 E3.58789
G1 X103.717 Y115.185 E3.61605
G1 X103.486 Y114.264 E3.64589
G1 X103.365 Y113.449 E3.67178
G1 X103.316 Y112.513 E3.70123
G1 X103.357 Y111.634 E3.72888
G1 X103.484 Y110.747 E3.75704
G1 X103.714 Y109.826 E3.78687
G1 X103.969 Y109.103 E3.81096
G1 X103.969 Y109.103 F12000
G1 X103.65 Y108.891
G1 F4800
G1 X104.011 Y108.104 E3.83817
G1 X104.482 Y107.293 E3.86764
G1 X104.766 Y106.881 E3.88337
G1 X105.071 Y106.484 E3.8991
G1 X105.396 Y106.103 E3.91484
G1 X105.74 Y105.74 E3.93056
G1 X106.103 Y105.396 E3.94628
G1 X106.476 Y105.077 E3.9617
G1 X107.207 Y104.54 E3.9902
G1 X107.575 Y104.306 E4.0039
G1 X108.012 Y104.059 E4.01967
G1 X108.46 Y103.836 E4.0354
G1 X108.911 Y103.64 E4.05085
G1 X109.713 Y103.356 E4.07759
G1 X110.187 Y103.224 E4.09305
G1 X110.676 Y103.116 E4.10879
G1 X111.17 Y103.033 E4.12453
G1 X111.657 Y102.978 E4.13993
G1 X112.563 Y102.941 E4.16843
G1 X112.999 Y102.953 E4.18214
G1 X113.499 Y102.993 E4.1979
G1 X113.996 Y103.058 E4.21365
G1 X114.488 Y103.149 E4.22937
G1 X114.974 Y103.266 E4.24508
G1 X115.446 Y103.406 E4.26055
G1 X116.243 Y103.704 E4.28729
G1 X116.691 Y103.908 E4.30276
G1 X117.127 Y104.135 E4.31821
G1 X117.845 Y104.575 E4.34467
G1 X118.522 Y105.076 E4.37114
G1 X118.897 Y105.396 E4.38663
G1 X119.253 Y105.734 E4.40206
G1 X119.863 Y106.404 E4.43053
G1 X120.425 Y107.154 E4.45998
G1 X120.694 Y107.576 E4.47571
G1 X120.941 Y108.012 E4.49146
G1 X121.164 Y108.46 E4.50719
G1 X121.36 Y108.911 E4.52264
G1 X121.644 Y109.713 E4.54938
G1 X121.776 Y110.187 E4.56484
G1 X121.882 Y110.668 E4.58032
G1 X122.008 Y111.509 E4.60704
G1 X122.047 Y112 E4.62252
G1 X122.06 Y112.492 E4.63799
G1 X122.023 Y113.341 E4.6647
G1 X121.967 Y113.83 E4.68017
G1 X121.884 Y114.324 E4.69591
G1 X121.776 Y114.813 E4.71165
G1 X121.644 Y115.287 E4.72711
G1 X121.363 Y116.081 E4.75358
G1 X121.014 Y116.847 E4.78003
G1 X120.779 Y117.28 E4.79551
G1 X120.518 Y117.707 E4.81124
G1 X120.234 Y118.119 E4.82697
G1 X119.929 Y118.516 E4.8427
G1 X119.604 Y118.897 E4.85844
G1 X119.26 Y119.26 E4.87416
G1 X118.897 Y119.604 E4.88988
G1 X118.516 Y119.929 E4.90562
G1 X118.119 Y120.234 E4.92135
G1 X117.713 Y120.513 E4.93683
G1 X116.981 Y120.944 E4.96352
G1 X116.54 Y121.164 E4.97901
G1 X116.089 Y121.36 E4.99446
G1 X115.287 Y121.644 E5.0212
G1 X114.813 Y121.776 E5.03666
G1 X114.332 Y121.882 E5.05214
G1 X113.491 Y122.008 E5.07886
G1 X113 Y122.047 E5.09434
G1 X112.5 Y122.06 E5.11006
G1 X112 Y122.047 E5.12578
G1 X111.509 Y122.008 E5.14126
G1 X110.668 Y121.882 E5.16798
G1 X110.187 Y121.776 E5.18346
G1 X109.713 Y121.644 E5.19892
G1 X108.919 Y121.363 E5.22539
G1 X108.153 Y121.014 E5.25184
G1 X107.72 Y120.779 E5.26732
G1 X107.293 Y120.518 E5.28305
G1 X106.881 Y120.234 E5.29878
G1 X106.484 Y119.929 E5.31451
G1 X106.103 Y119.604 E5.33025
G1 X105.746 Y119.265 E5.34572
G1 X105.172 Y118.639 E5.37241
G1 X104.865 Y118.253 E5.38791
G1 X104.575 Y117.846 E5.40361
G1 X104.306 Y117.424 E5.41934
G1 X104.064 Y116.996 E5.43479
G1 X103.676 Y116.177 E5.46327
G1 X103.358 Y115.295 E5.49273
G1 X103.224 Y114.813 E5.50845
G1 X103.118 Y114.332 E5.52393
G1 X102.992 Y113.491 E5.55065
G1 X102.953 Y113 E5.56613
G1 X102.94 Y112.51 E5.58153
G1 X102.983 Y111.604 E5.61003
G1 X103.116 Y110.676 E5.63949
G1 X103.224 Y110.187 E5.65523
G1 X103.356 Y109.713 E5.67069
G1 X103.627 Y108.946 E5.69625
G1 X103.627 Y108.946 F12000
G1 X103.309 Y108.734
G1 F4800
G1 X103.676 Y107.936 E5.72385
G1 X104.168 Y107.089 E5.75463
G1 X104.463 Y106.66 E5.77099
G1 X104.779 Y106.248 E5.78731
G1 X105.117 Y105.852 E5.80367
G1 X105.475 Y105.475 E5.82001
G1 X105.852 Y105.117 E5.83635
G1 X106.243 Y104.783 E5.85251
G1 X106.995 Y104.23 E5.88184
G1 X107.383 Y103.984 E5.89628
G1 X107.836 Y103.728 E5.91263
G1 X108.301 Y103.496 E5.92896
G1 X108.774 Y103.291 E5.94516
G1 X109.6 Y102.998 E5.9727
G1 X110.097 Y102.86 E5.98891
G1 X110.604 Y102.748 E6.00523
G1 X111.117 Y102.662 E6.02158
G1 X111.628 Y102.604 E6.03774
G1 X112.561 Y102.566 E6.06708
G1 X113.019 Y102.579 E6.08148
G1 X113.538 Y102.62 E6.09784
G1 X114.054 Y102.687 E6.11419
G1 X114.566 Y102.782 E6.13055
G1 X115.071 Y102.904 E6.14688
G1 X115.565 Y103.05 E6.16307
G1 X116.386 Y103.357 E6.19061
G1 X116.855 Y103.571 E6.20681
G1 X117.312 Y103.808 E6.22299
G1 X118.055 Y104.264 E6.25039
G1 X118.756 Y104.782 E6.27778
G1 X119.148 Y105.117 E6.29398
G1 X119.521 Y105.471 E6.31014
G1 X120.149 Y106.161 E6.33946
G1 X120.736 Y106.944 E6.37021
G1 X121.016 Y107.383 E6.38657
G1 X121.272 Y107.836 E6.40292
G1 X121.504 Y108.301 E6.41925
G1 X121.709 Y108.774 E6.43545
G1 X122.002 Y109.6 E6.46299
G1 X122.14 Y110.097 E6.4792
G1 X122.251 Y110.599 E6.49536
G1 X122.381 Y111.466 E6.52291
G1 X122.421 Y111.98 E6.53911
G1 X122.435 Y112.495 E6.5553
G1 X122.397 Y113.371 E6.58285
G1 X122.338 Y113.883 E6.59905
G1 X122.252 Y114.396 E6.6154
G1 X122.14 Y114.903 E6.63172
G1 X122.002 Y115.4 E6.64793
G1 X121.711 Y116.222 E6.67533
G1 X121.35 Y117.015 E6.70271
G1 X121.104 Y117.467 E6.71888
G1 X120.832 Y117.911 E6.73524
G1 X120.537 Y118.34 E6.7516
G1 X120.221 Y118.752 E6.76792
G1 X119.883 Y119.148 E6.78428
G1 X119.525 Y119.525 E6.80062
G1 X119.148 Y119.883 E6.81696
G1 X118.752 Y120.221 E6.83332
G1 X118.34 Y120.537 E6.84964
G1 X117.915 Y120.829 E6.86584
G1 X117.16 Y121.274 E6.89338
G1 X116.699 Y121.504 E6.90957
G1 X116.226 Y121.709 E6.92577
G1 X115.4 Y122.002 E6.95331
G1 X114.903 Y122.14 E6.96952
G1 X114.401 Y122.251 E6.98568
G1 X113.534 Y122.381 E7.01323
G1 X113.02 Y122.421 E7.02943
G1 X112.5 Y122.435 E7.04578
G1 X111.98 Y122.421 E7.06213
G1 X111.466 Y122.381 E7.07833
G1 X110.6 Y122.251 E7.10585
G1 X110.097 Y122.14 E7.12204
G1 X109.6 Y122.002 E7.13825
G1 X108.778 Y121.711 E7.16565
G1 X107.985 Y121.35 E7.19303
G1 X107.533 Y121.104 E7.2092
G1 X107.089 Y120.832 E7.22556
G1 X106.66 Y120.537 E7.24192
G1 X106.248 Y120.221 E7.25824
G1 X105.852 Y119.883 E7.2746
G1 X105.479 Y119.528 E7.29078
G1 X104.886 Y118.882 E7.31834
G1 X104.566 Y118.479 E7.33451
G1 X104.264 Y118.056 E7.35084
G1 X103.984 Y117.617 E7.3672
G1 X103.731 Y117.169 E7.38337
G1 X103.332 Y116.326 E7.41268
G1 X102.999 Y115.405 E7.44346
G1 X102.86 Y114.903 E7.45983
G1 X102.749 Y114.4 E7.47602
G1 X102.619 Y113.534 E7.50354
G1 X102.579 Y113.02 E7.51974
G1 X102.565 Y112.506 E7.5359
G1 X102.609 Y111.574 E7.56522
G1 X102.748 Y110.604 E7.59601
G1 X102.86 Y110.097 E7.61233
G1 X102.998 Y109.6 E7.62854
G1 X103.285 Y108.789 E7.65557
G1 X103.285 Y108.789 F12000
G1 X102.978 Y108.582
;TYPE:External perimeter
;WIDTH:0.4
G1 F2400
G1 X103.35 Y107.772 E7.68209
G1 X103.58 Y107.35 E7.69639
G1 X103.862 Y106.89 E7.71244
G1 X104.167 Y106.446 E7.72846
G1 X104.495 Y106.018 E7.7445
G1 X104.846 Y105.608 E7.76056
G1 X105.217 Y105.217 E7.77659
G1 X105.608 Y104.846 E7.79262
G1 X106.016 Y104.497 E7.80859
G1 X106.789 Y103.929 E7.83713
G1 X107.195 Y103.671 E7.85144
G1 X107.664 Y103.406 E7.86747
G1 X108.147 Y103.165 E7.88353
G1 X108.64 Y102.951 E7.89952
G1 X109.49 Y102.65 E7.92635
G1 X110.008 Y102.506 E7.94234
G1 X110.535 Y102.389 E7.9584
G1 X111.067 Y102.3 E7.97445
G1 X111.6 Y102.239 E7.99041
G1 X112.559 Y102.201 E8.01896
G1 X113.039 Y102.214 E8.03324
G1 X113.577 Y102.256 E8.04929
G1 X114.111 Y102.327 E8.06532
G1 X114.641 Y102.425 E8.08135
G1 X115.166 Y102.551 E8.09741
G1 X115.681 Y102.704 E8.11339
G1 X116.526 Y103.02 E8.14023
G1 X117.015 Y103.242 E8.15621
G1 X117.492 Y103.491 E8.17222
G1 X118.26 Y103.961 E8.19901
G1 X118.983 Y104.497 E8.22578
G1 X119.392 Y104.846 E8.24177
G1 X119.782 Y105.215 E8.25774
G1 X120.427 Y105.925 E8.28628
G1 X120.726 Y106.301 E8.30057
G1 X121.039 Y106.74 E8.31661
G1 X121.329 Y107.195 E8.33266
G1 X121.594 Y107.664 E8.34869
G1 X121.835 Y108.147 E8.36475
G1 X122.049 Y108.64 E8.38074
G1 X122.35 Y109.49 E8.40757
G1 X122.494 Y110.008 E8.42356
G1 X122.61 Y110.533 E8.43955
G1 X122.744 Y111.425 E8.46638
G1 X122.786 Y111.961 E8.48237
G1 X122.8 Y112.498 E8.49835
G1 X122.761 Y113.399 E8.52518
G1 X122.7 Y113.933 E8.54117
G1 X122.611 Y114.465 E8.55722
G1 X122.494 Y114.992 E8.57328
G1 X122.35 Y115.51 E8.58927
G1 X122.05 Y116.358 E8.61603
G1 X121.676 Y117.178 E8.64284
G1 X121.42 Y117.65 E8.65881
G1 X121.138 Y118.11 E8.67486
G1 X120.833 Y118.554 E8.69088
G1 X120.505 Y118.982 E8.70692
G1 X120.154 Y119.392 E8.72298
G1 X119.783 Y119.783 E8.73901
G1 X119.392 Y120.154 E8.75504
G1 X118.982 Y120.505 E8.7711
G1 X118.554 Y120.833 E8.78714
G1 X118.111 Y121.137 E8.80312
G1 X117.334 Y121.595 E8.82995
G1 X116.853 Y121.835 E8.84594
G1 X116.36 Y122.049 E8.86193
G1 X115.51 Y122.35 E8.88876
G1 X114.992 Y122.494 E8.90475
G1 X114.467 Y122.61 E8.92074
G1 X113.575 Y122.744 E8.94757
G1 X113.039 Y122.786 E8.96356
G1 X112.5 Y122.8 E8.9796
G1 X111.961 Y122.786 E8.99564
G1 X111.425 Y122.744 E9.01163
G1 X110.533 Y122.61 E9.03846
G1 X110.008 Y122.494 E9.05445
G1 X109.49 Y122.35 E9.07044
G1 X108.642 Y122.05 E9.0972
G1 X107.822 Y121.676 E9.12401
G1 X107.35 Y121.42 E9.13998
G1 X106.89 Y121.138 E9.15603
G1 X106.446 Y120.833 E9.17205
G1 X106.018 Y120.505 E9.18809
G1 X105.608 Y120.154 E9.20415
G1 X105.218 Y119.784 E9.22014
G1 X104.609 Y119.119 E9.24697
G1 X104.274 Y118.699 E9.26295
G1 X103.961 Y118.26 E9.27899
G1 X103.671 Y117.805 E9.29504
G1 X103.407 Y117.337 E9.31102
G1 X102.996 Y116.47 E9.33956
G1 X102.821 Y116.023 E9.35384
G1 X102.65 Y115.511 E9.3699
G1 X102.506 Y114.992 E9.38592
G1 X102.39 Y114.467 E9.40191
G1 X102.256 Y113.575 E9.42874
G1 X102.214 Y113.039 E9.44473
G1 X102.2 Y112.502 E9.46071
G1 X102.245 Y111.544 E9.48924
G1 X102.3 Y111.067 E9.50352
G1 X102.389 Y110.535 E9.51957
G1 X102.506 Y110.008 E9.53563
G1 X102.65 Y109.49 E9.55162
G1 X102.95 Y108.642 E9.57838
G1 X102.953 Y108.636 E9.57858
G1 X103.12 Y108.273 F12000
;LAYER_CHANGE
;Z:6.5
;HEIGHT:0.21
G1 Z6.5 F12000
G1 E7.57858 F2400
G92 E0
G1 Z6.9 F12000
G1 X103.712 Y114.317
G1 Z6.5
G1 E2 F2400
G92 E0
;TYPE:Internal infill
;WIDTH:0.42
G1 F6000
G1 X110.683 Y121.287 E.30978
G1 E-1.69022 F2400
G92 E0
G1 X110.683 Y121.287 Z6.9 F12000
G1 X120.913 Y115.611
G1 Z6.5
G1 E2 F2400
G1 F6000
G1 X116.833 Y111.53 E2.18135
G1 X116.941 Y112.422 E2.20959
G1 X116.925 Y112.887 E2.22421
G1 X116.75 Y113.792 E2.25318
G1 X116.615 Y114.171 E2.26582
G1 X116.221 Y114.925 E2.29255
G1 X115.639 Y115.639 E2.3215
G1 X118.729 Y118.729 E2.45883
G1 X118.044 Y119.346 E2.4878
G1 X117.302 Y119.886 E2.51664
G1 X116.508 Y120.345 E2.54546
G1 X115.479 Y120.781 E2.58058
G1 X111.527 Y116.829 E2.75621
G1 X110.829 Y116.615 E2.77915
G1 X110.421 Y116.425 E2.79329
G1 X109.711 Y115.956 E2.82003
G1 X109.409 Y115.69 E2.83268
G1 X108.857 Y115.042 E2.85943
G1 X108.619 Y114.66 E2.87357
G1 X108.275 Y113.873 E2.90056
G1 X108.167 Y113.47 E2.91367
G1 X104.219 Y109.521 E3.08915
G1 X104.678 Y108.449 E3.1258
G1 X105.114 Y107.698 E3.15309
G1 X105.651 Y106.96 E3.18177
G1 X106.271 Y106.271 E3.2109
G1 X109.361 Y109.361 E3.34823
G1 X110.016 Y108.817 E3.37499
G1 X110.408 Y108.582 E3.38935
G1 X111.152 Y108.268 E3.41473
G1 X111.578 Y108.155 E3.42858
G1 X112.448 Y108.059 E3.45609
G1 X113.473 Y108.171 E3.48849
G1 X109.521 Y104.219 E3.66412
G1 X109.934 Y104.073 E3.67789
G1 X111.274 Y103.776 E3.72102
G1 X112.959 Y103.702 E3.77402
G1 X113.878 Y103.799 E3.80306
G1 X114.543 Y103.939 E3.82442
G1 X121.288 Y110.683 E4.12416
G1 E2.12416 F2400
G92 E0
G1 X121.288 Y110.683 Z6.9 F12000
G1 X115.642 Y109.921
G1 Z6.5
G1 E2 F2400
;TYPE:Perimeter
G1 F3600
G1 X115.834 Y110.172 E2.00993
G1 X116.055 Y110.525 E2.02302
G1 X116.224 Y110.867 E2.03501
G1 X116.368 Y111.245 E2.04772
G1 X116.476 Y111.649 E2.06086
G1 X116.537 Y112.01 E2.07237
G1 X116.566 Y112.429 E2.08557
G1 X116.551 Y112.854 E2.09893
G1 X116.492 Y113.276 E2.11232
G1 X116.39 Y113.683 E2.12551
G1 X116.268 Y114.029 E2.13704
G1 X116.093 Y114.404 E2.15004
G1 X115.907 Y114.72 E2.16156
G1 X115.664 Y115.055 E2.17457
G1 X115.421 Y115.329 E2.18608
G1 X115.118 Y115.611 E2.19909
G1 X114.828 Y115.834 E2.21059
G1 X114.475 Y116.055 E2.22368
G1 X114.133 Y116.224 E2.23567
G1 X113.755 Y116.368 E2.24838
G1 X113.351 Y116.476 E2.26152
G1 X112.99 Y116.537 E2.27303
G1 X112.571 Y116.566 E2.28623
G1 X112.146 Y116.551 E2.29959
G1 X111.724 Y116.492 E2.31298
G1 X111.317 Y116.39 E2.32617
G1 X110.971 Y116.268 E2.3377
G1 X110.596 Y116.093 E2.3507
G1 X110.281 Y115.907 E2.3622
G1 X109.945 Y115.664 E2.37523
G1 X109.671 Y115.421 E2.38674
G1 X109.389 Y115.118 E2.39975
G1 X109.166 Y114.828 E2.41125
G1 X108.946 Y114.476 E2.42429
G1 X108.783 Y114.149 E2.43577
G1 X108.632 Y113.757 E2.44897
G1 X108.522 Y113.346 E2.46234
G1 X108.457 Y112.931 E2.47554
G1 X108.434 Y112.565 E2.48706
G1 X108.449 Y112.146 E2.50024
G1 X108.508 Y111.724 E2.51363
G1 X108.61 Y111.317 E2.52682
G1 X108.732 Y110.971 E2.53835
G1 X108.907 Y110.596 E2.55135
G1 X109.093 Y110.281 E2.56285
G1 X109.336 Y109.945 E2.57588
G1 X109.579 Y109.671 E2.58739
G1 X109.886 Y109.385 E2.60058
G1 X110.226 Y109.129 E2.61395
G1 X110.586 Y108.912 E2.62716
G1 X110.913 Y108.756 E2.63855
G1 X111.265 Y108.626 E2.65034
G1 X111.656 Y108.522 E2.66305
G1 X112.071 Y108.456 E2.67626
G1 X112.452 Y108.434 E2.68825
G1 X112.856 Y108.449 E2.70095
G1 X113.276 Y108.508 E2.71428
G1 X113.683 Y108.61 E2.72747
G1 X114.029 Y108.732 E2.739
G1 X114.404 Y108.907 E2.752
G1 X114.719 Y109.093 E2.7635
G1 X115.055 Y109.336 E2.77653
G1 X115.329 Y109.579 E2.78804
G1 X115.604 Y109.874 E2.80071
G1 X115.604 Y109.874 F12000
G1 X115.345 Y110.151
G1 F3600
G1 X115.526 Y110.386 E2.81003
G1 X115.727 Y110.708 E2.82196
G1 X115.88 Y111.017 E2.8328
G1 X116.011 Y111.36 E2.84434
G1 X116.109 Y111.729 E2.85634
G1 X116.164 Y112.054 E2.8667
G1 X116.191 Y112.436 E2.87873
G1 X116.177 Y112.822 E2.89087
G1 X116.123 Y113.204 E2.90299
G1 X116.031 Y113.575 E2.915
G1 X115.921 Y113.886 E2.92537
G1 X115.761 Y114.229 E2.93726
G1 X115.593 Y114.514 E2.94766
G1 X115.371 Y114.82 E2.95954
G1 X115.152 Y115.067 E2.96991
G1 X114.876 Y115.325 E2.98178
G1 X114.614 Y115.526 E2.99216
G1 X114.292 Y115.727 E3.00409
G1 X113.983 Y115.88 E3.01493
G1 X113.64 Y116.011 E3.02647
G1 X113.271 Y116.109 E3.03847
G1 X112.946 Y116.164 E3.04883
G1 X112.564 Y116.191 E3.06086
G1 X112.178 Y116.177 E3.073
G1 X111.796 Y116.123 E3.08512
G1 X111.425 Y116.031 E3.09713
G1 X111.114 Y115.921 E3.1075
G1 X110.771 Y115.761 E3.11939
G1 X110.486 Y115.593 E3.12979
G1 X110.18 Y115.371 E3.14167
G1 X109.933 Y115.152 E3.15204
G1 X109.675 Y114.876 E3.16391
G1 X109.474 Y114.614 E3.17429
G1 X109.274 Y114.293 E3.18618
G1 X109.126 Y113.997 E3.19658
G1 X108.99 Y113.641 E3.20856
G1 X108.89 Y113.267 E3.22073
G1 X108.83 Y112.89 E3.23273
G1 X108.81 Y112.56 E3.24312
G1 X108.823 Y112.178 E3.25513
G1 X108.877 Y111.796 E3.26725
G1 X108.969 Y111.425 E3.27926
G1 X109.079 Y111.114 E3.28963
G1 X109.239 Y110.771 E3.30152
G1 X109.407 Y110.486 E3.31192
G1 X109.629 Y110.18 E3.3238
G1 X109.848 Y109.933 E3.33417
G1 X110.127 Y109.672 E3.34618
G1 X110.436 Y109.44 E3.35832
G1 X110.764 Y109.243 E3.37034
G1 X111.059 Y109.102 E3.38061
G1 X111.379 Y108.984 E3.39133
G1 X111.734 Y108.889 E3.40288
G1 X112.111 Y108.83 E3.41487
G1 X112.456 Y108.809 E3.42573
G1 X112.823 Y108.823 E3.43727
G1 X113.204 Y108.877 E3.44936
G1 X113.575 Y108.969 E3.46137
G1 X113.886 Y109.079 E3.47174
G1 X114.229 Y109.239 E3.48363
G1 X114.514 Y109.407 E3.49403
G1 X114.82 Y109.629 E3.50591
G1 X115.067 Y109.848 E3.51628
G1 X115.306 Y110.105 E3.52731
G1 X115.306 Y110.105 F12000
G1 X115.048 Y110.38
G1 F3600
G1 X115.217 Y110.6 E3.53603
G1 X115.399 Y110.891 E3.54682
G1 X115.536 Y111.168 E3.55653
G1 X115.654 Y111.476 E3.5669
G1 X115.743 Y111.808 E3.5777
G1 X115.791 Y112.098 E3.58694
G1 X115.815 Y112.442 E3.59778
G1 X115.803 Y112.789 E3.60869
G1 X115.755 Y113.133 E3.61961
G1 X115.671 Y113.467 E3.63043
G1 X115.573 Y113.744 E3.63966
G1 X115.429 Y114.054 E3.6504
G1 X115.279 Y114.308 E3.65967
G1 X115.078 Y114.585 E3.67043
G1 X114.883 Y114.805 E3.67967
G1 X114.633 Y115.038 E3.69041
G1 X114.4 Y115.217 E3.69964
G1 X114.109 Y115.399 E3.71043
G1 X113.832 Y115.536 E3.72014
G1 X113.524 Y115.654 E3.73051
G1 X113.192 Y115.743 E3.74131
G1 X112.902 Y115.791 E3.75055
G1 X112.558 Y115.815 E3.76139
G1 X112.211 Y115.803 E3.7723
G1 X111.867 Y115.755 E3.78322
G1 X111.533 Y115.671 E3.79404
G1 X111.256 Y115.573 E3.80327
G1 X110.946 Y115.429 E3.81401
G1 X110.692 Y115.279 E3.82328
G1 X110.415 Y115.078 E3.83404
G1 X110.195 Y114.883 E3.84328
G1 X109.962 Y114.633 E3.85402
G1 X109.783 Y114.4 E3.86325
G1 X109.601 Y114.11 E3.87401
G1 X109.47 Y113.846 E3.88327
G1 X109.347 Y113.525 E3.89407
G1 X109.257 Y113.189 E3.905
G1 X109.203 Y112.849 E3.91582
G1 X109.185 Y112.555 E3.92508
G1 X109.197 Y112.211 E3.9359
G1 X109.245 Y111.867 E3.94682
G1 X109.329 Y111.533 E3.95764
G1 X109.427 Y111.256 E3.96687
G1 X109.571 Y110.946 E3.97761
G1 X109.721 Y110.692 E3.98688
G1 X109.922 Y110.415 E3.99764
G1 X110.117 Y110.195 E4.00688
G1 X110.369 Y109.96 E4.01771
G1 X110.646 Y109.751 E4.02861
G1 X110.941 Y109.574 E4.03942
G1 X111.205 Y109.448 E4.04861
G1 X111.492 Y109.341 E4.05824
G1 X111.811 Y109.257 E4.06861
G1 X112.152 Y109.203 E4.07946
G1 X112.46 Y109.185 E4.08916
G1 X112.79 Y109.197 E4.09954
G1 X113.133 Y109.245 E4.11042
G1 X113.467 Y109.329 E4.12124
G1 X113.744 Y109.427 E4.13047
G1 X114.054 Y109.571 E4.14121
G1 X114.308 Y109.721 E4.15048
G1 X114.585 Y109.922 E4.16124
G1 X114.805 Y110.117 E4.17048
G1 X115.009 Y110.335 E4.17986
G1 X115.009 Y110.335 F12000
G1 X114.759 Y110.603
;TYPE:External perimeter
;WIDTH:0.4
G1 F3600
G1 X114.917 Y110.809 E4.18758
G1 X115.08 Y111.069 E4.19671
G1 X115.201 Y111.314 E4.20484
G1 X115.306 Y111.589 E4.2136
G1 X115.386 Y111.886 E4.22275
G1 X115.428 Y112.141 E4.23044
G1 X115.45 Y112.449 E4.23963
G1 X115.439 Y112.757 E4.2488
G1 X115.396 Y113.063 E4.25799
G1 X115.322 Y113.362 E4.26715
G1 X115.235 Y113.606 E4.27486
G1 X115.105 Y113.884 E4.28399
G1 X114.974 Y114.108 E4.29171
G1 X114.793 Y114.356 E4.30084
G1 X114.622 Y114.55 E4.30853
G1 X114.397 Y114.759 E4.31767
G1 X114.191 Y114.917 E4.32539
G1 X113.931 Y115.08 E4.33452
G1 X113.686 Y115.201 E4.34265
G1 X113.411 Y115.306 E4.35141
G1 X113.114 Y115.386 E4.36056
G1 X112.859 Y115.428 E4.36825
G1 X112.551 Y115.45 E4.37744
G1 X112.243 Y115.439 E4.38661
G1 X111.937 Y115.396 E4.3958
G1 X111.638 Y115.322 E4.40496
G1 X111.394 Y115.235 E4.41267
G1 X111.116 Y115.105 E4.4218
G1 X110.892 Y114.974 E4.42952
G1 X110.644 Y114.793 E4.43865
G1 X110.45 Y114.622 E4.44634
G1 X110.241 Y114.397 E4.45548
G1 X110.083 Y114.191 E4.4632
G1 X109.92 Y113.931 E4.47233
G1 X109.804 Y113.699 E4.48005
G1 X109.694 Y113.412 E4.48919
G1 X109.614 Y113.113 E4.4984
G1 X109.566 Y112.809 E4.50756
G1 X109.55 Y112.551 E4.51525
G1 X109.561 Y112.243 E4.52442
G1 X109.604 Y111.937 E4.53361
G1 X109.678 Y111.638 E4.54277
G1 X109.765 Y111.394 E4.55048
G1 X109.895 Y111.116 E4.55961
G1 X110.026 Y110.892 E4.56733
G1 X110.207 Y110.644 E4.57646
G1 X110.378 Y110.45 E4.58415
G1 X110.604 Y110.24 E4.59333
G1 X110.85 Y110.054 E4.6025
G1 X111.114 Y109.896 E4.61165
G1 X111.603 Y109.69 E4.62744
G1 X111.887 Y109.614 E4.63619
G1 X112.191 Y109.566 E4.64535
G1 X112.464 Y109.55 E4.65349
G1 X112.757 Y109.561 E4.66221
G1 X113.063 Y109.604 E4.6714
G1 X113.362 Y109.678 E4.68056
G1 X113.606 Y109.765 E4.68827
G1 X113.884 Y109.895 E4.6974
G1 X114.108 Y110.026 E4.70512
G1 X114.356 Y110.207 E4.71425
G1 X114.55 Y110.378 E4.72194
G1 X114.719 Y110.559 E4.72931
G1 X114.957 Y110.88 F12000
G1 E2.72931 F2400
G92 E0
G1 Z6.9 F12000
G1 X103.987 Y109.055
G1 Z6.5
G1 E2 F2400
;TYPE:Perimeter
;WIDTH:0.42
G1 F4800
G1 X104.345 Y108.276 E2.02694
G1 X104.797 Y107.498 E2.05522
G1 X105.069 Y107.101 E2.07034
G1 X105.362 Y106.72 E2.08544
G1 X105.998 Y106.014 E2.1153
G1 X106.605 Y105.457 E2.14119
G1 X107.364 Y104.885 E2.17106
G1 X107.769 Y104.627 E2.18615
G1 X108.188 Y104.39 E2.20128
G1 X109.049 Y103.989 E2.23113
G1 X109.826 Y103.714 E2.25703
G1 X110.747 Y103.484 E2.28686
G1 X111.222 Y103.405 E2.30199
G1 X111.686 Y103.352 E2.31667
G1 X112.561 Y103.316 E2.34419
G1 X112.979 Y103.328 E2.35733
G1 X113.46 Y103.366 E2.37249
G1 X113.937 Y103.428 E2.38761
G1 X114.398 Y103.514 E2.40235
G1 X115.196 Y103.72 E2.42825
G1 X116.076 Y104.04 E2.45768
G1 X116.866 Y104.42 E2.48523
G1 X117.636 Y104.886 E2.51351
G1 X118.395 Y105.457 E2.54336
G1 X118.993 Y106.005 E2.56885
G1 X119.575 Y106.644 E2.59601
G1 X120.115 Y107.364 E2.62429
G1 X120.373 Y107.769 E2.63938
G1 X120.61 Y108.188 E2.65451
G1 X121.011 Y109.049 E2.68436
G1 X121.286 Y109.826 E2.71026
G1 X121.514 Y110.736 E2.73974
G1 X121.635 Y111.551 E2.76563
G1 X121.684 Y112.489 E2.79515
G1 X121.648 Y113.312 E2.82104
G1 X121.516 Y114.253 E2.8509
G1 X121.286 Y115.174 E2.88073
G1 X121.015 Y115.94 E2.90626
G1 X120.678 Y116.68 E2.93181
G1 X120.203 Y117.502 E2.96164
G1 X119.931 Y117.899 E2.97676
G1 X119.638 Y118.28 E2.99186
G1 X119.326 Y118.646 E3.00697
G1 X118.995 Y118.995 E3.02209
G1 X118.646 Y119.326 E3.03721
G1 X118.28 Y119.638 E3.05232
G1 X117.899 Y119.931 E3.06742
G1 X117.502 Y120.203 E3.08254
G1 X116.68 Y120.678 E3.11237
G1 X115.94 Y121.015 E3.13792
G1 X115.174 Y121.286 E3.16345
G1 X114.264 Y121.514 E3.19293
G1 X113.449 Y121.635 E3.21882
G1 X112.511 Y121.684 E3.24834
G1 X111.688 Y121.648 E3.27423
G1 X110.748 Y121.516 E3.30406
G1 X109.826 Y121.286 E3.33392
G1 X109.049 Y121.011 E3.35982
G1 X108.2 Y120.616 E3.38925
G1 X107.447 Y120.169 E3.41677
G1 X106.72 Y119.638 E3.44506
G1 X106.354 Y119.326 E3.46017
G1 X106.005 Y118.995 E3.47529
G1 X105.37 Y118.289 E3.50513
G1 X104.879 Y117.626 E3.53106
G1 X104.397 Y116.824 E3.56046
G1 X104.022 Y116.032 E3.588
G1 X103.717 Y115.185 E3.61629
G1 X103.486 Y114.264 E3.64613
G1 X103.365 Y113.449 E3.67202
G1 X103.316 Y112.513 E3.70147
G1 X103.356 Y111.638 E3.729
G1 X103.484 Y110.747 E3.75729
G1 X103.714 Y109.826 E3.78712
G1 X103.967 Y109.111 E3.81095
G1 X103.967 Y109.111 F12000
G1 X103.646 Y108.898
G1 F4800
G1 X104.01 Y108.108 E3.83828
G1 X104.482 Y107.293 E3.86788
G1 X104.766 Y106.881 E3.88361
G1 X105.071 Y106.484 E3.89934
G1 X105.396 Y106.103 E3.91508
G1 X105.735 Y105.746 E3.93055
G1 X106.361 Y105.172 E3.95724
G1 X106.747 Y104.865 E3.97274
G1 X107.154 Y104.575 E3.98844
G1 X107.576 Y104.306 E4.00417
G1 X108.012 Y104.059 E4.01992
G1 X108.46 Y103.836 E4.03565
G1 X108.911 Y103.64 E4.0511
G1 X109.713 Y103.356 E4.07784
G1 X110.187 Y103.224 E4.0933
G1 X110.676 Y103.116 E4.10904
G1 X111.17 Y103.033 E4.12478
G1 X111.657 Y102.978 E4.14018
G1 X112.559 Y102.941 E4.16855
G1 X112.999 Y102.953 E4.18238
G1 X113.499 Y102.993 E4.19814
G1 X113.996 Y103.058 E4.21389
G1 X114.479 Y103.148 E4.22933
G1 X115.303 Y103.361 E4.25608
G1 X115.77 Y103.517 E4.27155
G1 X116.226 Y103.697 E4.28696
G1 X117.04 Y104.088 E4.31534
G1 X117.846 Y104.575 E4.34493
G1 X118.253 Y104.865 E4.36063
G1 X118.639 Y105.172 E4.37613
G1 X119.258 Y105.74 E4.40253
G1 X119.861 Y106.401 E4.43065
G1 X120.425 Y107.154 E4.46021
G1 X120.694 Y107.576 E4.47594
G1 X120.941 Y108.012 E4.49169
G1 X121.164 Y108.46 E4.50742
G1 X121.36 Y108.911 E4.52287
G1 X121.644 Y109.713 E4.54961
G1 X121.776 Y110.187 E4.56507
G1 X121.882 Y110.668 E4.58055
G1 X122.008 Y111.509 E4.60727
G1 X122.047 Y112 E4.62275
G1 X122.06 Y112.492 E4.63822
G1 X122.023 Y113.341 E4.66493
G1 X121.967 Y113.83 E4.6804
G1 X121.884 Y114.324 E4.69614
G1 X121.776 Y114.813 E4.71188
G1 X121.644 Y115.287 E4.72734
G1 X121.363 Y116.081 E4.75381
G1 X121.014 Y116.847 E4.78026
G1 X120.779 Y117.28 E4.79574
G1 X120.518 Y117.707 E4.81147
G1 X120.234 Y118.119 E4.8272
G1 X119.929 Y118.516 E4.84293
G1 X119.604 Y118.897 E4.85867
G1 X119.26 Y119.26 E4.87439
G1 X118.897 Y119.604 E4.89011
G1 X118.516 Y119.929 E4.90585
G1 X118.119 Y120.234 E4.92158
G1 X117.707 Y120.518 E4.93731
G1 X117.28 Y120.779 E4.95304
G1 X116.847 Y121.014 E4.96852
G1 X116.081 Y121.363 E4.99497
G1 X115.287 Y121.644 E5.02144
G1 X114.813 Y121.776 E5.0369
G1 X114.332 Y121.882 E5.05238
G1 X113.491 Y122.008 E5.0791
G1 X113 Y122.047 E5.09458
G1 X112.508 Y122.06 E5.11005
G1 X111.659 Y122.023 E5.13676
G1 X111.17 Y121.967 E5.15223
G1 X110.676 Y121.884 E5.16797
G1 X110.187 Y121.776 E5.18371
G1 X109.713 Y121.644 E5.19917
G1 X108.911 Y121.36 E5.22591
G1 X108.46 Y121.164 E5.24136
G1 X108.021 Y120.945 E5.25678
G1 X107.244 Y120.485 E5.28516
G1 X106.484 Y119.929 E5.31475
G1 X106.103 Y119.604 E5.33049
G1 X105.74 Y119.26 E5.34621
G1 X105.396 Y118.897 E5.36193
G1 X105.076 Y118.522 E5.37742
G1 X104.57 Y117.839 E5.40413
G1 X104.306 Y117.424 E5.41959
G1 X104.064 Y116.996 E5.43504
G1 X103.678 Y116.181 E5.46338
G1 X103.358 Y115.295 E5.49298
G1 X103.224 Y114.813 E5.5087
G1 X103.118 Y114.332 E5.52418
G1 X102.992 Y113.491 E5.5509
G1 X102.953 Y113 E5.56638
G1 X102.94 Y112.51 E5.58178
G1 X102.982 Y111.608 E5.61016
G1 X103.116 Y110.676 E5.63975
G1 X103.224 Y110.187 E5.65549
G1 X103.356 Y109.713 E5.67095
G1 X103.624 Y108.954 E5.69624
G1 X103.624 Y108.954 F12000
G1 X103.306 Y108.742
G1 F4800
G1 X103.674 Y107.939 E5.724
G1 X104.168 Y107.089 E5.75489
G1 X104.463 Y106.66 E5.77125
G1 X104.779 Y106.248 E5.78757
G1 X105.117 Y105.852 E5.80393
G1 X105.472 Y105.479 E5.82011
G1 X106.118 Y104.886 E5.84767
G1 X106.521 Y104.566 E5.86384
G1 X106.945 Y104.264 E5.8802
G1 X107.383 Y103.984 E5.89654
G1 X107.836 Y103.728 E5.91289
G1 X108.301 Y103.496 E5.92922
G1 X108.774 Y103.291 E5.94542
G1 X109.6 Y102.998 E5.97296
G1 X110.097 Y102.86 E5.98917
G1 X110.604 Y102.748 E6.00549
G1 X111.117 Y102.662 E6.02184
G1 X111.628 Y102.604 E6.038
G1 X112.557 Y102.566 E6.06722
G1 X113.019 Y102.579 E6.08174
G1 X113.538 Y102.62 E6.0981
G1 X114.054 Y102.687 E6.11445
G1 X114.561 Y102.781 E6.13065
G1 X115.409 Y103.001 E6.15818
G1 X115.898 Y103.164 E6.17438
G1 X116.377 Y103.353 E6.19056
G1 X117.214 Y103.755 E6.21974
G1 X118.056 Y104.264 E6.25066
G1 X118.479 Y104.566 E6.26699
G1 X118.882 Y104.886 E6.28316
G1 X119.524 Y105.475 E6.31054
G1 X120.147 Y106.158 E6.33959
G1 X120.736 Y106.945 E6.37048
G1 X121.016 Y107.383 E6.38682
G1 X121.272 Y107.836 E6.40317
G1 X121.504 Y108.301 E6.4195
G1 X121.709 Y108.774 E6.4357
G1 X122.002 Y109.6 E6.46324
G1 X122.14 Y110.097 E6.47945
G1 X122.251 Y110.599 E6.49561
G1 X122.381 Y111.466 E6.52316
G1 X122.421 Y111.98 E6.53936
G1 X122.435 Y112.495 E6.55555
G1 X122.397 Y113.371 E6.5831
G1 X122.338 Y113.883 E6.5993
G1 X122.252 Y114.396 E6.61565
G1 X122.14 Y114.903 E6.63197
G1 X122.002 Y115.4 E6.64818
G1 X121.711 Y116.222 E6.67558
G1 X121.35 Y117.015 E6.70296
G1 X121.104 Y117.467 E6.71913
G1 X120.832 Y117.911 E6.73549
G1 X120.537 Y118.34 E6.75185
G1 X120.221 Y118.752 E6.76817
G1 X119.883 Y119.148 E6.78453
G1 X119.525 Y119.525 E6.80087
G1 X119.148 Y119.883 E6.81721
G1 X118.752 Y120.221 E6.83357
G1 X118.34 Y120.537 E6.84989
G1 X117.911 Y120.832 E6.86625
G1 X117.467 Y121.104 E6.88261
G1 X117.015 Y121.35 E6.89878
G1 X116.222 Y121.711 E6.92616
G1 X115.4 Y122.002 E6.95356
G1 X114.903 Y122.14 E6.96977
G1 X114.401 Y122.251 E6.98593
G1 X113.534 Y122.381 E7.01348
G1 X113.02 Y122.421 E7.02968
G1 X112.505 Y122.435 E7.04587
G1 X111.629 Y122.397 E7.07342
G1 X111.117 Y122.338 E7.08962
G1 X110.604 Y122.252 E7.10597
G1 X110.097 Y122.14 E7.12229
G1 X109.6 Y122.002 E7.1385
G1 X108.774 Y121.709 E7.16604
G1 X108.301 Y121.504 E7.18224
G1 X107.841 Y121.275 E7.19839
G1 X107.042 Y120.801 E7.22758
G1 X106.248 Y120.221 E7.25848
G1 X105.852 Y119.883 E7.27484
G1 X105.475 Y119.525 E7.29118
G1 X105.117 Y119.148 E7.30752
G1 X104.782 Y118.756 E7.32372
G1 X104.261 Y118.051 E7.35127
G1 X103.984 Y117.617 E7.36745
G1 X103.731 Y117.169 E7.38362
G1 X103.333 Y116.33 E7.4128
G1 X102.999 Y115.405 E7.44371
G1 X102.86 Y114.903 E7.46008
G1 X102.749 Y114.401 E7.47624
G1 X102.619 Y113.534 E7.50379
G1 X102.579 Y113.02 E7.51999
G1 X102.565 Y112.506 E7.53615
G1 X102.608 Y111.578 E7.56534
G1 X102.748 Y110.604 E7.59626
G1 X102.86 Y110.097 E7.61258
G1 X102.998 Y109.6 E7.62879
G1 X103.282 Y108.797 E7.65556
G1 X103.282 Y108.797 F12000
G1 X102.974 Y108.59
;TYPE:External perimeter
;WIDTH:0.4
G1 F2400
G1 X103.348 Y107.776 E7.68221
G1 X103.58 Y107.35 E7.69664
G1 X103.862 Y106.89 E7.71269
G1 X104.167 Y106.446 E7.72871
G1 X104.495 Y106.018 E7.74475
G1 X104.846 Y105.608 E7.76081
G1 X105.216 Y105.218 E7.7768
G1 X105.881 Y104.609 E7.80363
G1 X106.301 Y104.274 E7.81961
G1 X106.74 Y103.961 E7.83565
G1 X107.195 Y103.671 E7.8517
G1 X107.664 Y103.406 E7.86773
G1 X108.147 Y103.165 E7.88379
G1 X108.64 Y102.951 E7.89978
G1 X109.49 Y102.65 E7.92661
G1 X110.008 Y102.506 E7.9426
G1 X110.535 Y102.389 E7.95866
G1 X111.067 Y102.3 E7.97471
G1 X111.6 Y102.239 E7.99067
G1 X112.554 Y102.201 E8.01907
G1 X113.039 Y102.214 E8.0335
G1 X113.577 Y102.256 E8.04955
G1 X114.111 Y102.327 E8.06558
G1 X114.64 Y102.425 E8.08158
G1 X115.513 Y102.651 E8.10841
G1 X116.023 Y102.821 E8.1244
G1 X116.523 Y103.018 E8.14039
G1 X117.383 Y103.432 E8.16878
G1 X117.805 Y103.671 E8.18321
G1 X118.26 Y103.961 E8.19926
G1 X118.699 Y104.274 E8.2153
G1 X119.119 Y104.609 E8.23128
G1 X119.783 Y105.217 E8.25806
G1 X120.425 Y105.921 E8.2864
G1 X120.726 Y106.301 E8.30082
G1 X121.039 Y106.74 E8.31686
G1 X121.329 Y107.195 E8.33291
G1 X121.594 Y107.664 E8.34894
G1 X121.835 Y108.147 E8.365
G1 X122.049 Y108.64 E8.38099
G1 X122.35 Y109.49 E8.40782
G1 X122.494 Y110.008 E8.42381
G1 X122.61 Y110.533 E8.4398
G1 X122.744 Y111.425 E8.46663
G1 X122.786 Y111.961 E8.48262
G1 X122.8 Y112.498 E8.4986
G1 X122.761 Y113.399 E8.52543
G1 X122.7 Y113.933 E8.54142
G1 X122.611 Y114.465 E8.55747
G1 X122.494 Y114.992 E8.57353
G1 X122.35 Y115.51 E8.58952
G1 X122.05 Y116.358 E8.61628
G1 X121.676 Y117.178 E8.64309
G1 X121.42 Y117.65 E8.65906
G1 X121.138 Y118.11 E8.67511
G1 X120.833 Y118.554 E8.69113
G1 X120.505 Y118.982 E8.70717
G1 X120.154 Y119.392 E8.72323
G1 X119.783 Y119.783 E8.73926
G1 X119.392 Y120.154 E8.75529
G1 X118.982 Y120.505 E8.77135
G1 X118.554 Y120.833 E8.78739
G1 X118.11 Y121.138 E8.80341
G1 X117.65 Y121.42 E8.81946
G1 X117.178 Y121.676 E8.83543
G1 X116.358 Y122.05 E8.86224
G1 X115.51 Y122.35 E8.889
G1 X114.992 Y122.494 E8.90499
G1 X114.467 Y122.61 E8.92098
G1 X113.575 Y122.744 E8.94781
G1 X113.039 Y122.786 E8.9638
G1 X112.502 Y122.8 E8.97978
G1 X111.601 Y122.761 E9.00661
G1 X111.067 Y122.7 E9.0226
G1 X110.535 Y122.611 E9.03865
G1 X110.008 Y122.494 E9.05471
G1 X109.49 Y122.35 E9.0707
G1 X108.64 Y122.049 E9.09753
G1 X108.147 Y121.835 E9.11352
G1 X107.666 Y121.595 E9.12951
G1 X106.845 Y121.108 E9.15791
G1 X106.446 Y120.833 E9.17233
G1 X106.018 Y120.505 E9.18837
G1 X105.608 Y120.154 E9.20443
G1 X105.217 Y119.783 E9.22046
G1 X104.846 Y119.392 E9.23649
G1 X104.497 Y118.983 E9.25248
G1 X103.96 Y118.258 E9.27932
G1 X103.671 Y117.805 E9.29531
G1 X103.407 Y117.337 E9.31129
G1 X102.998 Y116.474 E9.3397
G1 X102.821 Y116.023 E9.35411
G1 X102.65 Y115.511 E9.37017
G1 X102.506 Y114.992 E9.38619
G1 X102.39 Y114.467 E9.40218
G1 X102.256 Y113.575 E9.42901
G1 X102.214 Y113.039 E9.445
G1 X102.2 Y112.502 E9.46098
G1 X102.245 Y111.548 E9.48939
G1 X102.3 Y111.067 E9.50379
G1 X102.389 Y110.535 E9.51984
G1 X102.506 Y110.008 E9.5359
G1 X102.65 Y109.49 E9.55189
G1 X102.949 Y108.644 E9.57858
G1 X103.116 Y108.281 F12000
;LAYER_CHANGE
;Z:6.71
;HEIGHT:0.21
G1 Z6.71 F12000
G1 E7.57858 F2400
G92 E0
G1 Z7.11 F12000
G1 X103.713 Y110.683
G1 Z6.71
G1 E2 F2400
G92 E0
;TYPE:Internal infill
;WIDTH:0.42
G1 F6000
G1 X110.683 Y103.713 E.30976
G1 E-1.69024 F2400
G92 E0
G1 X110.683 Y103.713 Z7.11 F12000
G1 X109.389 Y120.913
G1 Z6.71
G1 E2 F2400
G1 F6000
G1 X113.47 Y116.833 E2.18135
G1 X112.578 Y116.941 E2.20959
G1 X112.113 Y116.925 E2.22421
G1 X111.208 Y116.75 E2.25318
G1 X110.462 Y116.446 E2.2785
G1 X110.079 Y116.224 E2.29241
G1 X109.361 Y115.639 E2.32151
G1 X106.271 Y118.729 E2.45884
G1 X105.746 Y118.155 E2.48329
G1 X105.197 Y117.426 E2.51197
G1 X104.728 Y116.646 E2.54057
G1 X104.221 Y115.477 E2.58061
G1 X108.171 Y111.527 E2.75616
G1 X108.554 Y110.462 E2.79173
G1 X108.776 Y110.079 E2.80564
G1 X109.31 Y109.409 E2.83256
G1 X109.641 Y109.101 E2.84677
G1 X110.348 Y108.614 E2.87375
G1 X110.764 Y108.411 E2.8883
G1 X111.53 Y108.168 E2.91355
G1 X115.476 Y104.221 E3.08894
G1 X116.644 Y104.727 E3.12894
G1 X117.418 Y105.191 E3.1573
G1 X118.051 Y105.66 E3.18206
G1 X118.729 Y106.271 E3.21074
G1 X115.639 Y109.361 E3.34807
G1 X116.143 Y109.958 E3.37262
G1 X116.381 Y110.34 E3.38676
G1 X116.725 Y111.127 E3.41375
G1 X116.909 Y111.966 E3.44074
G1 X116.941 Y112.422 E3.45511
G1 X116.829 Y113.473 E3.48832
G1 X120.788 Y109.515 E3.66424
G1 X121.145 Y110.81 E3.70645
G1 X121.262 Y111.589 E3.7312
G1 X121.309 Y112.488 E3.75949
G1 X121.27 Y113.322 E3.78573
G1 X121.056 Y114.549 E3.82487
G1 X114.317 Y121.288 E4.12436
G1 E2.12436 F2400
G92 E0
G1 X114.317 Y121.288 Z7.11 F12000
G1 X115.642 Y109.921
G1 Z6.71
G1 E2 F2400
;TYPE:Perimeter
G1 F3600
G1 X115.834 Y110.172 E2.00993
G1 X116.054 Y110.524 E2.02297
G1 X116.217 Y110.851 E2.03445
G1 X116.368 Y111.243 E2.04765
G1 X116.476 Y111.649 E2.06085
G1 X116.537 Y112.01 E2.07236
G1 X116.566 Y112.429 E2.08556
G1 X116.551 Y112.854 E2.09892
G1 X116.492 Y113.276 E2.11231
G1 X116.39 Y113.683 E2.1255
G1 X116.268 Y114.029 E2.13703
G1 X116.093 Y114.404 E2.15003
G1 X115.907 Y114.719 E2.16153
G1 X115.664 Y115.055 E2.17456
G1 X115.421 Y115.329 E2.18607
G1 X115.118 Y115.611 E2.19908
G1 X114.828 Y115.834 E2.21058
G1 X114.476 Y116.054 E2.22362
G1 X114.149 Y116.217 E2.2351
G1 X113.757 Y116.368 E2.2483
G1 X113.351 Y116.476 E2.2615
G1 X112.99 Y116.537 E2.27301
G1 X112.571 Y116.566 E2.28621
G1 X112.146 Y116.551 E2.29957
G1 X111.724 Y116.492 E2.31296
G1 X111.317 Y116.39 E2.32615
G1 X110.975 Y116.269 E2.33755
G1 X110.635 Y116.113 E2.34931
G1 X110.284 Y115.91 E2.36205
G1 X109.945 Y115.664 E2.37521
G1 X109.671 Y115.421 E2.38672
G1 X109.388 Y115.117 E2.39977
G1 X109.157 Y114.815 E2.41172
G1 X108.943 Y114.47 E2.42448
G1 X108.757 Y114.089 E2.4378
G1 X108.613 Y113.694 E2.45101
G1 X108.521 Y113.34 E2.4625
G1 X108.457 Y112.931 E2.47551
G1 X108.434 Y112.565 E2.48703
G1 X108.449 Y112.146 E2.50021
G1 X108.508 Y111.724 E2.5136
G1 X108.61 Y111.317 E2.52679
G1 X108.731 Y110.975 E2.53819
G1 X108.887 Y110.635 E2.54995
G1 X109.09 Y110.284 E2.56269
G1 X109.336 Y109.945 E2.57585
G1 X109.579 Y109.671 E2.58736
G1 X109.883 Y109.388 E2.60041
G1 X110.185 Y109.157 E2.61236
G1 X110.53 Y108.943 E2.62512
G1 X110.911 Y108.757 E2.63844
G1 X111.306 Y108.613 E2.65165
G1 X111.66 Y108.521 E2.66314
G1 X112.071 Y108.456 E2.67622
G1 X112.451 Y108.434 E2.68818
G1 X112.856 Y108.449 E2.70092
G1 X113.276 Y108.508 E2.71425
G1 X113.683 Y108.61 E2.72744
G1 X114.027 Y108.732 E2.73891
G1 X114.39 Y108.9 E2.75148
G1 X114.718 Y109.092 E2.76342
G1 X115.055 Y109.336 E2.77649
G1 X115.329 Y109.579 E2.788
G1 X115.604 Y109.874 E2.80067
G1 X115.604 Y109.874 F12000
G1 X115.345 Y110.151
G1 F3600
G1 X115.526 Y110.386 E2.80999
G1 X115.726 Y110.707 E2.82188
G1 X115.874 Y111.003 E2.83228
G1 X116.01 Y111.359 E2.84426
G1 X116.109 Y111.729 E2.8563
G1 X116.164 Y112.054 E2.86666
G1 X116.191 Y112.436 E2.87869
G1 X116.177 Y112.822 E2.89083
G1 X116.123 Y113.204 E2.90295
G1 X116.031 Y113.575 E2.91496
G1 X115.921 Y113.886 E2.92533
G1 X115.761 Y114.229 E2.93722
G1 X115.593 Y114.514 E2.94762
G1 X115.371 Y114.82 E2.9595
G1 X115.152 Y115.067 E2.96987
G1 X114.876 Y115.325 E2.98174
G1 X114.614 Y115.526 E2.99212
G1 X114.293 Y115.726 E3.00401
G1 X113.997 Y115.874 E3.01441
G1 X113.641 Y116.01 E3.02639
G1 X113.271 Y116.109 E3.03843
G1 X112.946 Y116.164 E3.04879
G1 X112.564 Y116.191 E3.06082
G1 X112.178 Y116.177 E3.07296
G1 X111.796 Y116.123 E3.08508
G1 X111.425 Y116.031 E3.09709
G1 X111.116 Y115.922 E3.10739
G1 X110.807 Y115.78 E3.11808
G1 X110.489 Y115.595 E3.12964
G1 X110.18 Y115.371 E3.14163
G1 X109.933 Y115.152 E3.152
G1 X109.674 Y114.875 E3.16392
G1 X109.466 Y114.601 E3.17473
G1 X109.271 Y114.289 E3.18629
G1 X109.102 Y113.942 E3.19842
G1 X108.972 Y113.583 E3.21042
G1 X108.889 Y113.263 E3.22081
G1 X108.83 Y112.89 E3.23268
G1 X108.81 Y112.56 E3.24307
G1 X108.823 Y112.178 E3.25508
G1 X108.877 Y111.796 E3.2672
G1 X108.969 Y111.425 E3.27921
G1 X109.078 Y111.116 E3.28951
G1 X109.22 Y110.807 E3.3002
G1 X109.405 Y110.489 E3.31176
G1 X109.629 Y110.18 E3.32375
G1 X109.848 Y109.933 E3.33412
G1 X110.125 Y109.674 E3.34604
G1 X110.399 Y109.466 E3.35685
G1 X110.711 Y109.271 E3.36841
G1 X111.058 Y109.102 E3.38054
G1 X111.417 Y108.972 E3.39254
G1 X111.737 Y108.889 E3.40293
G1 X112.111 Y108.83 E3.41483
G1 X112.455 Y108.809 E3.42566
G1 X112.823 Y108.823 E3.43723
G1 X113.204 Y108.877 E3.44932
G1 X113.575 Y108.969 E3.46133
G1 X113.886 Y109.079 E3.4717
G1 X114.216 Y109.232 E3.48313
G1 X114.513 Y109.406 E3.49395
G1 X114.82 Y109.629 E3.50587
G1 X115.067 Y109.848 E3.51624
G1 X115.306 Y110.105 E3.52727
G1 X115.306 Y110.105 F12000
G1 X115.048 Y110.38
G1 F3600
G1 X115.217 Y110.6 E3.53599
G1 X115.399 Y110.89 E3.54675
G1 X115.53 Y111.154 E3.55601
G1 X115.653 Y111.475 E3.56681
G1 X115.743 Y111.808 E3.57765
G1 X115.791 Y112.098 E3.58689
G1 X115.815 Y112.442 E3.59773
G1 X115.803 Y112.789 E3.60864
G1 X115.755 Y113.133 E3.61956
G1 X115.671 Y113.467 E3.63038
G1 X115.573 Y113.744 E3.63961
G1 X115.429 Y114.054 E3.65035
G1 X115.279 Y114.308 E3.65962
G1 X115.078 Y114.585 E3.67038
G1 X114.883 Y114.805 E3.67962
G1 X114.633 Y115.038 E3.69036
G1 X114.4 Y115.217 E3.69959
G1 X114.11 Y115.399 E3.71035
G1 X113.846 Y115.53 E3.71961
G1 X113.525 Y115.653 E3.73041
G1 X113.192 Y115.743 E3.74125
G1 X112.902 Y115.791 E3.75049
G1 X112.558 Y115.815 E3.76133
G1 X112.211 Y115.803 E3.77224
G1 X111.867 Y115.755 E3.78316
G1 X111.533 Y115.671 E3.79398
G1 X111.257 Y115.574 E3.80317
G1 X110.98 Y115.447 E3.81275
G1 X110.694 Y115.28 E3.82316
G1 X110.415 Y115.078 E3.83398
G1 X110.195 Y114.883 E3.84322
G1 X109.961 Y114.633 E3.85398
G1 X109.775 Y114.388 E3.86365
G1 X109.6 Y114.107 E3.87405
G1 X109.448 Y113.796 E3.88493
G1 X109.33 Y113.472 E3.89577
G1 X109.256 Y113.187 E3.90502
G1 X109.203 Y112.849 E3.91577
G1 X109.185 Y112.555 E3.92503
G1 X109.197 Y112.211 E3.93585
G1 X109.245 Y111.867 E3.94677
G1 X109.329 Y111.533 E3.95759
G1 X109.426 Y111.257 E3.96678
G1 X109.553 Y110.98 E3.97636
G1 X109.72 Y110.694 E3.98677
G1 X109.922 Y110.415 E3.99759
G1 X110.117 Y110.195 E4.00683
G1 X110.367 Y109.961 E4.01759
G1 X110.612 Y109.775 E4.02726
G1 X110.893 Y109.6 E4.03766
G1 X111.204 Y109.448 E4.04854
G1 X111.528 Y109.33 E4.05938
G1 X111.813 Y109.256 E4.06863
G1 X112.152 Y109.203 E4.07941
G1 X112.459 Y109.185 E4.08907
G1 X112.79 Y109.197 E4.09948
G1 X113.133 Y109.245 E4.11036
G1 X113.467 Y109.329 E4.12118
G1 X113.744 Y109.427 E4.13041
G1 X114.042 Y109.565 E4.14073
G1 X114.307 Y109.72 E4.15038
G1 X114.585 Y109.922 E4.16118
G1 X114.805 Y110.117 E4.17042
G1 X115.009 Y110.335 E4.1798
G1 X115.009 Y110.335 F12000
G1 X114.759 Y110.603
;TYPE:External perimeter
;WIDTH:0.4
G1 F3600
G1 X114.917 Y110.809 E4.18752
G1 X115.08 Y111.069 E4.19665
G1 X115.196 Y111.301 E4.20437
G1 X115.306 Y111.588 E4.21351
G1 X115.386 Y111.886 E4.22269
G1 X115.428 Y112.141 E4.23038
G1 X115.45 Y112.449 E4.23957
G1 X115.439 Y112.757 E4.24874
G1 X115.396 Y113.063 E4.25793
G1 X115.322 Y113.362 E4.26709
G1 X115.235 Y113.606 E4.2748
G1 X115.105 Y113.884 E4.28393
G1 X114.974 Y114.108 E4.29165
G1 X114.793 Y114.356 E4.30078
G1 X114.622 Y114.55 E4.30847
G1 X114.397 Y114.759 E4.31761
G1 X114.191 Y114.917 E4.32533
G1 X113.931 Y115.08 E4.33446
G1 X113.699 Y115.196 E4.34218
G1 X113.412 Y115.306 E4.35132
G1 X113.114 Y115.386 E4.3605
G1 X112.859 Y115.428 E4.36819
G1 X112.551 Y115.45 E4.37738
G1 X112.243 Y115.439 E4.38655
G1 X111.937 Y115.396 E4.39574
G1 X111.638 Y115.322 E4.4049
G1 X111.148 Y115.122 E4.42064
G1 X110.893 Y114.974 E4.42941
G1 X110.644 Y114.793 E4.43857
G1 X110.45 Y114.622 E4.44626
G1 X110.24 Y114.397 E4.45542
G1 X110.075 Y114.181 E4.46351
G1 X109.92 Y113.93 E4.47229
G1 X109.784 Y113.653 E4.48147
G1 X109.679 Y113.363 E4.49065
G1 X109.614 Y113.113 E4.49833
G1 X109.566 Y112.809 E4.50749
G1 X109.55 Y112.551 E4.51518
G1 X109.561 Y112.243 E4.52435
G1 X109.604 Y111.937 E4.53354
G1 X109.678 Y111.638 E4.5427
G1 X109.878 Y111.148 E4.55844
G1 X110.026 Y110.893 E4.56721
G1 X110.207 Y110.644 E4.57637
G1 X110.378 Y110.45 E4.58406
G1 X110.603 Y110.24 E4.59322
G1 X110.819 Y110.075 E4.60131
G1 X111.07 Y109.92 E4.61009
G1 X111.347 Y109.784 E4.61927
G1 X111.637 Y109.679 E4.62845
G1 X111.887 Y109.614 E4.63613
G1 X112.191 Y109.566 E4.64529
G1 X112.463 Y109.55 E4.6534
G1 X112.757 Y109.561 E4.66215
G1 X113.063 Y109.604 E4.67134
G1 X113.362 Y109.678 E4.6805
G1 X113.606 Y109.765 E4.68821
G1 X113.873 Y109.889 E4.69697
G1 X114.107 Y110.026 E4.70504
G1 X114.356 Y110.207 E4.7142
G1 X114.55 Y110.378 E4.72189
G1 X114.719 Y110.559 E4.72926
G1 X114.957 Y110.881 F12000
G1 E2.72926 F2400
G92 E0
G1 Z7.11 F12000
G1 X103.985 Y109.06
G1 Z6.71
G1 E2 F2400
;TYPE:Perimeter
;WIDTH:0.42
G1 F4800
G1 X104.322 Y108.32 E2.02555
G1 X104.797 Y107.498 E2.05538
G1 X105.069 Y107.101 E2.0705
G1 X105.362 Y106.72 E2.0856
G1 X105.996 Y106.015 E2.1154
G1 X106.641 Y105.428 E2.14281
G1 X107.364 Y104.886 E2.17121
G1 X107.769 Y104.627 E2.18632
G1 X108.188 Y104.39 E2.20145
G1 X109.049 Y103.989 E2.2313
G1 X109.826 Y103.714 E2.2572
G1 X110.747 Y103.484 E2.28703
G1 X111.222 Y103.405 E2.30216
G1 X111.686 Y103.352 E2.31684
G1 X112.557 Y103.316 E2.34423
G1 X112.98 Y103.328 E2.35753
G1 X113.46 Y103.366 E2.37266
G1 X113.937 Y103.428 E2.38778
G1 X114.398 Y103.514 E2.40252
G1 X115.196 Y103.72 E2.42842
G1 X116.078 Y104.041 E2.45792
G1 X116.822 Y104.396 E2.48383
G1 X117.626 Y104.879 E2.5133
G1 X118.289 Y105.37 E2.53923
G1 X118.985 Y105.996 E2.56865
G1 X119.572 Y106.641 E2.59606
G1 X120.108 Y107.355 E2.62412
G1 X120.538 Y108.057 E2.64999
G1 X120.955 Y108.911 E2.67986
G1 X121.131 Y109.359 E2.69499
G1 X121.283 Y109.815 E2.7101
G1 X121.514 Y110.736 E2.73994
G1 X121.635 Y111.551 E2.76583
G1 X121.684 Y112.487 E2.79528
G1 X121.644 Y113.358 E2.82268
G1 X121.516 Y114.253 E2.85109
G1 X121.286 Y115.174 E2.88092
G1 X121.015 Y115.94 E2.90645
G1 X120.678 Y116.68 E2.932
G1 X120.203 Y117.502 E2.96183
G1 X119.931 Y117.899 E2.97695
G1 X119.638 Y118.28 E2.99205
G1 X119.326 Y118.646 E3.00716
G1 X118.995 Y118.995 E3.02228
G1 X118.29 Y119.629 E3.05208
G1 X117.588 Y120.146 E3.07948
G1 X116.812 Y120.61 E3.10789
G1 X115.951 Y121.011 E3.13774
G1 X115.174 Y121.286 E3.16364
G1 X114.264 Y121.514 E3.19312
G1 X113.449 Y121.635 E3.21901
G1 X112.513 Y121.684 E3.24846
G1 X111.642 Y121.644 E3.27586
G1 X110.747 Y121.516 E3.30427
G1 X109.826 Y121.286 E3.3341
G1 X109.06 Y121.015 E3.35963
G1 X108.32 Y120.678 E3.38518
G1 X107.498 Y120.203 E3.41501
G1 X107.101 Y119.931 E3.43013
G1 X106.72 Y119.638 E3.44523
G1 X106.014 Y119.003 E3.47507
G1 X105.457 Y118.395 E3.50098
G1 X104.885 Y117.636 E3.53085
G1 X104.397 Y116.823 E3.56065
G1 X104.024 Y116.036 E3.58802
G1 X103.717 Y115.185 E3.61645
G1 X103.486 Y114.264 E3.64629
G1 X103.365 Y113.449 E3.67218
G1 X103.316 Y112.513 E3.70163
G1 X103.356 Y111.642 E3.72903
G1 X103.484 Y110.748 E3.75741
G1 X103.714 Y109.826 E3.78727
G1 X103.965 Y109.116 E3.81094
G1 X103.965 Y109.116 F12000
G1 X103.644 Y108.904
G1 F4800
G1 X103.986 Y108.153 E3.83687
G1 X104.221 Y107.72 E3.85235
G1 X104.482 Y107.293 E3.86808
G1 X104.766 Y106.881 E3.88381
G1 X105.071 Y106.484 E3.89954
G1 X105.396 Y106.103 E3.91528
G1 X105.734 Y105.747 E3.93071
G1 X106.398 Y105.142 E3.95894
G1 X107.154 Y104.575 E3.98864
G1 X107.576 Y104.306 E4.00437
G1 X108.012 Y104.059 E4.02012
G1 X108.46 Y103.836 E4.03585
G1 X108.911 Y103.64 E4.0513
G1 X109.713 Y103.356 E4.07804
G1 X110.187 Y103.224 E4.0935
G1 X110.676 Y103.116 E4.10924
G1 X111.17 Y103.033 E4.12498
G1 X111.657 Y102.978 E4.14038
G1 X112.555 Y102.941 E4.16862
G1 X112.999 Y102.953 E4.18258
G1 X113.499 Y102.993 E4.19834
G1 X113.996 Y103.058 E4.21409
G1 X114.479 Y103.148 E4.22953
G1 X115.303 Y103.361 E4.25628
G1 X115.77 Y103.517 E4.27175
G1 X116.228 Y103.697 E4.28721
G1 X116.995 Y104.063 E4.31392
G1 X117.424 Y104.306 E4.32941
G1 X117.839 Y104.57 E4.34487
G1 X118.522 Y105.076 E4.37158
G1 X118.897 Y105.396 E4.38707
G1 X119.253 Y105.734 E4.4025
G1 X119.858 Y106.398 E4.43073
G1 X120.421 Y107.148 E4.4602
G1 X120.865 Y107.873 E4.48692
G1 X121.092 Y108.309 E4.50237
G1 X121.3 Y108.765 E4.51812
G1 X121.483 Y109.23 E4.53382
G1 X121.642 Y109.705 E4.54956
G1 X121.776 Y110.187 E4.56528
G1 X121.882 Y110.668 E4.58076
G1 X122.008 Y111.509 E4.60748
G1 X122.047 Y112 E4.62296
G1 X122.06 Y112.491 E4.6384
G1 X122.018 Y113.388 E4.66662
G1 X121.884 Y114.324 E4.69633
G1 X121.776 Y114.813 E4.71207
G1 X121.644 Y115.287 E4.72753
G1 X121.363 Y116.081 E4.754
G1 X121.014 Y116.847 E4.78045
G1 X120.779 Y117.28 E4.79593
G1 X120.518 Y117.707 E4.81166
G1 X120.234 Y118.119 E4.82739
G1 X119.929 Y118.516 E4.84312
G1 X119.604 Y118.897 E4.85886
G1 X119.26 Y119.26 E4.87458
G1 X118.897 Y119.604 E4.8903
G1 X118.523 Y119.923 E4.90575
G1 X117.8 Y120.456 E4.93398
G1 X116.988 Y120.941 E4.9637
G1 X116.54 Y121.164 E4.97943
G1 X116.089 Y121.36 E4.99488
G1 X115.287 Y121.644 E5.02162
G1 X114.813 Y121.776 E5.03708
G1 X114.332 Y121.882 E5.05256
G1 X113.491 Y122.008 E5.07928
G1 X113 Y122.047 E5.09476
G1 X112.509 Y122.06 E5.1102
G1 X111.612 Y122.018 E5.13842
G1 X110.676 Y121.884 E5.16813
G1 X110.187 Y121.776 E5.18387
G1 X109.713 Y121.644 E5.19933
G1 X108.919 Y121.363 E5.2258
G1 X108.153 Y121.014 E5.25225
G1 X107.72 Y120.779 E5.26773
G1 X107.293 Y120.518 E5.28346
G1 X106.881 Y120.234 E5.29919
G1 X106.484 Y119.929 E5.31492
G1 X106.103 Y119.604 E5.33066
G1 X105.746 Y119.265 E5.34613
G1 X105.172 Y118.638 E5.37284
G1 X104.865 Y118.253 E5.38831
G1 X104.575 Y117.846 E5.40401
G1 X104.306 Y117.424 E5.41974
G1 X104.064 Y116.996 E5.43519
G1 X103.679 Y116.185 E5.4634
G1 X103.358 Y115.295 E5.49313
G1 X103.224 Y114.813 E5.50885
G1 X103.118 Y114.332 E5.52433
G1 X102.992 Y113.491 E5.55105
G1 X102.953 Y113 E5.56653
G1 X102.94 Y112.509 E5.58197
G1 X102.982 Y111.612 E5.61019
G1 X103.116 Y110.676 E5.6399
G1 X103.224 Y110.187 E5.65564
G1 X103.356 Y109.713 E5.6711
G1 X103.622 Y108.96 E5.6962
G1 X103.622 Y108.96 F12000
G1 X103.302 Y108.749
G1 F4800
G1 X103.65 Y107.985 E5.72258
G1 X103.896 Y107.533 E5.73875
G1 X104.168 Y107.089 E5.75511
G1 X104.463 Y106.66 E5.77147
G1 X104.779 Y106.248 E5.78779
G1 X105.117 Y105.852 E5.80415
G1 X105.471 Y105.479 E5.82031
G1 X106.155 Y104.856 E5.84938
G1 X106.944 Y104.264 E5.88038
G1 X107.383 Y103.984 E5.89674
G1 X107.836 Y103.728 E5.91309
G1 X108.301 Y103.496 E5.92942
G1 X108.774 Y103.291 E5.94562
G1 X109.6 Y102.998 E5.97316
G1 X110.097 Y102.86 E5.98937
G1 X110.604 Y102.748 E6.00569
G1 X111.117 Y102.662 E6.02204
G1 X111.628 Y102.604 E6.0382
G1 X112.552 Y102.566 E6.06726
G1 X113.019 Y102.579 E6.08194
G1 X113.538 Y102.62 E6.0983
G1 X114.054 Y102.687 E6.11465
G1 X114.561 Y102.781 E6.13085
G1 X115.409 Y103.001 E6.15838
G1 X115.898 Y103.164 E6.17458
G1 X116.377 Y103.353 E6.19076
G1 X117.168 Y103.73 E6.2183
G1 X117.617 Y103.984 E6.23451
G1 X118.051 Y104.261 E6.25069
G1 X118.756 Y104.782 E6.27824
G1 X119.148 Y105.117 E6.29444
G1 X119.521 Y105.471 E6.3106
G1 X120.144 Y106.155 E6.33967
G1 X120.734 Y106.94 E6.37053
G1 X121.192 Y107.688 E6.39809
G1 X121.429 Y108.145 E6.41427
G1 X121.645 Y108.618 E6.43061
G1 X121.836 Y109.102 E6.44696
G1 X122.001 Y109.595 E6.4633
G1 X122.14 Y110.097 E6.47967
G1 X122.251 Y110.599 E6.49583
G1 X122.381 Y111.466 E6.52338
G1 X122.421 Y111.98 E6.53958
G1 X122.435 Y112.494 E6.55574
G1 X122.392 Y113.418 E6.58481
G1 X122.252 Y114.396 E6.61586
G1 X122.14 Y114.903 E6.63218
G1 X122.002 Y115.4 E6.64839
G1 X121.711 Y116.222 E6.67579
G1 X121.35 Y117.015 E6.70317
G1 X121.104 Y117.467 E6.71934
G1 X120.832 Y117.911 E6.7357
G1 X120.537 Y118.34 E6.75206
G1 X120.221 Y118.752 E6.76838
G1 X119.883 Y119.148 E6.78474
G1 X119.525 Y119.525 E6.80108
G1 X119.148 Y119.883 E6.81742
G1 X118.757 Y120.217 E6.83358
G1 X118.012 Y120.765 E6.86264
G1 X117.164 Y121.272 E6.89369
G1 X116.699 Y121.504 E6.91002
G1 X116.226 Y121.709 E6.92622
G1 X115.4 Y122.002 E6.95376
G1 X114.903 Y122.14 E6.96997
G1 X114.401 Y122.251 E6.98613
G1 X113.534 Y122.381 E7.01368
G1 X113.02 Y122.421 E7.02988
G1 X112.506 Y122.435 E7.04604
G1 X111.582 Y122.392 E7.07511
G1 X110.604 Y122.252 E7.10616
G1 X110.097 Y122.14 E7.12248
G1 X109.6 Y122.002 E7.13869
G1 X108.778 Y121.711 E7.16609
G1 X107.985 Y121.35 E7.19347
G1 X107.533 Y121.104 E7.20964
G1 X107.089 Y120.832 E7.226
G1 X106.66 Y120.537 E7.24236
G1 X106.248 Y120.221 E7.25868
G1 X105.852 Y119.883 E7.27504
G1 X105.479 Y119.528 E7.29122
G1 X104.886 Y118.882 E7.31878
G1 X104.566 Y118.479 E7.33495
G1 X104.264 Y118.056 E7.35128
G1 X103.984 Y117.617 E7.36764
G1 X103.731 Y117.169 E7.38381
G1 X103.335 Y116.333 E7.41288
G1 X102.999 Y115.405 E7.4439
G1 X102.86 Y114.903 E7.46027
G1 X102.749 Y114.4 E7.47646
G1 X102.619 Y113.534 E7.50398
G1 X102.579 Y113.02 E7.52018
G1 X102.565 Y112.506 E7.53634
G1 X102.608 Y111.582 E7.56541
G1 X102.748 Y110.604 E7.59646
G1 X102.86 Y110.097 E7.61278
G1 X102.998 Y109.6 E7.62899
G1 X103.28 Y108.804 E7.65553
G1 X103.28 Y108.804 F12000
G1 X102.97 Y108.597
;TYPE:External perimeter
;WIDTH:0.4
G1 F2400
G1 X103.324 Y107.822 E7.68088
G1 X103.58 Y107.35 E7.69685
G1 X103.862 Y106.89 E7.7129
G1 X104.167 Y106.446 E7.72892
G1 X104.495 Y106.018 E7.74496
G1 X104.846 Y105.608 E7.76102
G1 X105.215 Y105.218 E7.77699
G1 X105.918 Y104.578 E7.80527
G1 X106.301 Y104.274 E7.81982
G1 X106.74 Y103.961 E7.83586
G1 X107.195 Y103.671 E7.85191
G1 X107.664 Y103.406 E7.86794
G1 X108.147 Y103.165 E7.884
G1 X108.64 Y102.951 E7.89999
G1 X109.49 Y102.65 E7.92682
G1 X110.008 Y102.506 E7.94281
G1 X110.535 Y102.389 E7.95887
G1 X111.067 Y102.3 E7.97492
G1 X111.6 Y102.239 E7.99088
G1 X112.55 Y102.201 E8.01916
G1 X113.039 Y102.214 E8.03371
G1 X113.577 Y102.256 E8.04976
G1 X114.111 Y102.327 E8.06579
G1 X114.64 Y102.425 E8.08179
G1 X115.513 Y102.651 E8.10862
G1 X116.023 Y102.821 E8.12461
G1 X116.523 Y103.018 E8.1406
G1 X117.337 Y103.407 E8.16744
G1 X117.805 Y103.671 E8.18342
G1 X118.258 Y103.96 E8.19941
G1 X118.983 Y104.497 E8.22625
G1 X119.392 Y104.846 E8.24224
G1 X119.782 Y105.215 E8.25821
G1 X120.422 Y105.918 E8.28649
G1 X120.726 Y106.301 E8.30104
G1 X121.038 Y106.739 E8.31704
G1 X121.509 Y107.508 E8.34387
G1 X121.758 Y107.985 E8.35988
G1 X121.981 Y108.476 E8.37592
G1 X122.179 Y108.977 E8.39195
G1 X122.35 Y109.489 E8.40801
G1 X122.494 Y110.008 E8.42403
G1 X122.61 Y110.533 E8.44002
G1 X122.744 Y111.425 E8.46685
G1 X122.786 Y111.961 E8.48284
G1 X122.8 Y112.498 E8.49882
G1 X122.756 Y113.448 E8.52711
G1 X122.7 Y113.933 E8.54163
G1 X122.611 Y114.465 E8.55768
G1 X122.494 Y114.992 E8.57374
G1 X122.35 Y115.51 E8.58973
G1 X122.05 Y116.358 E8.61649
G1 X121.676 Y117.178 E8.6433
G1 X121.42 Y117.65 E8.65927
G1 X121.138 Y118.11 E8.67532
G1 X120.833 Y118.554 E8.69134
G1 X120.505 Y118.982 E8.70738
G1 X120.154 Y119.392 E8.72344
G1 X119.783 Y119.783 E8.73947
G1 X119.392 Y120.154 E8.7555
G1 X118.983 Y120.503 E8.77149
G1 X118.218 Y121.067 E8.79976
G1 X117.805 Y121.329 E8.81431
G1 X117.336 Y121.594 E8.83034
G1 X116.853 Y121.835 E8.8464
G1 X116.36 Y122.049 E8.86239
G1 X115.51 Y122.35 E8.88922
G1 X114.992 Y122.494 E8.90521
G1 X114.467 Y122.61 E8.9212
G1 X113.575 Y122.744 E8.94803
G1 X113.039 Y122.786 E8.96402
G1 X112.502 Y122.8 E8.98
G1 X111.552 Y122.756 E9.00829
G1 X111.067 Y122.7 E9.02281
G1 X110.535 Y122.611 E9.03886
G1 X110.008 Y122.494 E9.05492
G1 X109.49 Y122.35 E9.07091
G1 X108.642 Y122.05 E9.09767
G1 X107.822 Y121.676 E9.12448
G1 X107.35 Y121.42 E9.14045
G1 X106.89 Y121.138 E9.1565
G1 X106.446 Y120.833 E9.17252
G1 X106.018 Y120.505 E9.18856
G1 X105.608 Y120.154 E9.20462
G1 X105.218 Y119.784 E9.22061
G1 X104.609 Y119.119 E9.24744
G1 X104.274 Y118.699 E9.26342
G1 X103.961 Y118.26 E9.27946
G1 X103.671 Y117.805 E9.29551
G1 X103.407 Y117.337 E9.31149
G1 X103 Y116.478 E9.33977
G1 X102.821 Y116.023 E9.35432
G1 X102.65 Y115.511 E9.37038
G1 X102.506 Y114.992 E9.3864
G1 X102.39 Y114.467 E9.40239
G1 X102.256 Y113.575 E9.42922
G1 X102.214 Y113.039 E9.44521
G1 X102.2 Y112.502 E9.46119
G1 X102.244 Y111.552 E9.48948
G1 X102.3 Y111.067 E9.504
G1 X102.389 Y110.535 E9.52005
G1 X102.506 Y110.008 E9.53611
G1 X102.65 Y109.49 E9.5521
G1 X102.946 Y108.652 E9.57854
G1 X103.111 Y108.288 F12000
;LAYER_CHANGE
;Z:6.92
;HEIGHT:0.21
G1 Z6.92 F12000
G1 E7.57854 F2400
G92 E0
G1 Z7.32 F12000
G1 X103.712 Y114.317
G1 Z6.92
G1 E2 F2400
G92 E0
;TYPE:Internal infill
;WIDTH:0.42
G1 F6000
G1 X110.683 Y121.287 E.30978
G1 E-1.69022 F2400
G92 E0
G1 X110.683 Y121.287 Z7.32 F12000
G1 X120.913 Y115.611
G1 Z6.92
G1 E2 F2400
G1 F6000
G1 X116.832 Y111.53 E2.18137
G1 X116.941 Y112.422 E2.20961
G1 X116.925 Y112.887 E2.22423
G1 X116.75 Y113.792 E2.2532
G1 X116.454 Y114.523 E2.27798
G1 X116.225 Y114.919 E2.29236
G1 X115.639 Y115.639 E2.32153
G1 X118.729 Y118.729 E2.45886
G1 X118.155 Y119.254 E2.48331
G1 X117.434 Y119.798 E2.51169
G1 X116.762 Y120.209 E2.53644
G1 X115.485 Y120.788 E2.5805
G1 X111.525 Y116.828 E2.75649
G1 X110.477 Y116.454 E2.79146
G1 X110.081 Y116.225 E2.80584
G1 X109.409 Y115.69 E2.83283
G1 X109.097 Y115.355 E2.84722
G1 X108.604 Y114.633 E2.87469
G1 X108.413 Y114.239 E2.88845
G1 X108.168 Y113.47 E2.91381
G1 X104.221 Y109.523 E3.08922
G1 X104.717 Y108.375 E3.12852
G1 X105.14 Y107.66 E3.15463
G1 X105.656 Y106.952 E3.18216
G1 X106.271 Y106.271 E3.211
G1 X109.361 Y109.361 E3.34833
G1 X110.012 Y108.821 E3.37491
G1 X110.761 Y108.413 E3.40171
G1 X111.149 Y108.269 E3.41472
G1 X111.578 Y108.155 E3.42867
G1 X112.445 Y108.059 E3.45608
G1 X113.473 Y108.171 E3.48858
G1 X109.521 Y104.219 E3.66421
G1 X110.819 Y103.853 E3.70659
G1 X111.72 Y103.726 E3.73518
G1 X112.96 Y103.702 E3.77415
G1 X113.878 Y103.799 E3.80316
G1 X114.543 Y103.939 E3.82452
G1 X121.288 Y110.683 E4.12426
G1 E2.12426 F2400
G92 E0
G1 X121.288 Y110.683 Z7.32 F12000
G1 X115.648 Y109.929
G1 Z6.92
G1 E2 F2400
;TYPE:Perimeter
G1 F3600
G1 X115.868 Y110.221 E2.01149
G1 X116.059 Y110.534 E2.02301
G1 X116.243 Y110.911 E2.03619
G1 X116.387 Y111.306 E2.0494
G1 X116.477 Y111.655 E2.06073
G1 X116.537 Y112.01 E2.07204
G1 X116.566 Y112.429 E2.08524
G1 X116.551 Y112.854 E2.0986
G1 X116.492 Y113.276 E2.11199
G1 X116.39 Y113.683 E2.12518
G1 X116.27 Y114.023 E2.13651
G1 X116.121 Y114.351 E2.14783
G1 X115.911 Y114.715 E2.16104
G1 X115.664 Y115.055 E2.17425
G1 X115.421 Y115.329 E2.18576
G1 X115.114 Y115.615 E2.19895
G1 X114.777 Y115.869 E2.21221
G1 X114.454 Y116.066 E2.2241
G1 X114.088 Y116.244 E2.23689
G1 X113.694 Y116.387 E2.25006
G1 X113.345 Y116.477 E2.26139
G1 X112.99 Y116.537 E2.2727
G1 X112.571 Y116.566 E2.2859
G1 X112.151 Y116.551 E2.29911
G1 X111.788 Y116.504 E2.31061
G1 X111.379 Y116.409 E2.32381
G1 X110.982 Y116.272 E2.33701
G1 X110.649 Y116.121 E2.3485
G1 X110.285 Y115.911 E2.36171
G1 X109.945 Y115.664 E2.37492
G1 X109.671 Y115.421 E2.38643
G1 X109.385 Y115.114 E2.39962
G1 X109.131 Y114.777 E2.41288
G1 X108.934 Y114.454 E2.42477
G1 X108.758 Y114.092 E2.43742
G1 X108.627 Y113.737 E2.44931
G1 X108.522 Y113.344 E2.46209
G1 X108.457 Y112.931 E2.47523
G1 X108.434 Y112.565 E2.48675
G1 X108.449 Y112.15 E2.4998
G1 X108.499 Y111.774 E2.51172
G1 X108.591 Y111.378 E2.5245
G1 X108.73 Y110.977 E2.53784
G1 X108.907 Y110.596 E2.55104
G1 X109.093 Y110.28 E2.56256
G1 X109.336 Y109.945 E2.57557
G1 X109.579 Y109.671 E2.58708
G1 X109.886 Y109.385 E2.60027
G1 X110.223 Y109.131 E2.61353
G1 X110.546 Y108.934 E2.62542
G1 X110.908 Y108.758 E2.63807
G1 X111.263 Y108.627 E2.64996
G1 X111.656 Y108.522 E2.66274
G1 X112.071 Y108.456 E2.67595
G1 X112.449 Y108.434 E2.68785
G1 X112.856 Y108.449 E2.70065
G1 X113.272 Y108.508 E2.71385
G1 X113.64 Y108.597 E2.72575
G1 X114.024 Y108.73 E2.73852
G1 X114.404 Y108.907 E2.75169
G1 X114.72 Y109.093 E2.76321
G1 X115.055 Y109.336 E2.77622
G1 X115.329 Y109.579 E2.78773
G1 X115.611 Y109.882 E2.80074
G1 X115.611 Y109.882 F12000
G1 X115.349 Y110.156
G1 F3600
G1 X115.558 Y110.433 E2.81164
G1 X115.73 Y110.714 E2.82199
G1 X115.898 Y111.058 E2.83402
G1 X116.028 Y111.417 E2.84602
G1 X116.11 Y111.733 E2.85628
G1 X116.164 Y112.054 E2.86651
G1 X116.191 Y112.436 E2.87854
G1 X116.177 Y112.822 E2.89068
G1 X116.123 Y113.204 E2.9028
G1 X116.031 Y113.575 E2.91481
G1 X115.922 Y113.883 E2.92508
G1 X115.787 Y114.179 E2.9353
G1 X115.596 Y114.51 E2.94731
G1 X115.371 Y114.82 E2.95935
G1 X115.152 Y115.067 E2.96972
G1 X114.873 Y115.328 E2.98173
G1 X114.566 Y115.558 E2.99378
G1 X114.274 Y115.737 E3.00454
G1 X113.941 Y115.898 E3.01616
G1 X113.583 Y116.028 E3.02813
G1 X113.267 Y116.11 E3.03839
G1 X112.946 Y116.164 E3.04862
G1 X112.564 Y116.191 E3.06065
G1 X112.182 Y116.177 E3.07266
G1 X111.855 Y116.134 E3.08302
G1 X111.483 Y116.048 E3.09502
G1 X111.121 Y115.924 E3.10704
G1 X110.821 Y115.787 E3.1174
G1 X110.49 Y115.596 E3.12941
G1 X110.18 Y115.371 E3.14145
G1 X109.933 Y115.152 E3.15182
G1 X109.672 Y114.873 E3.16383
G1 X109.442 Y114.566 E3.17588
G1 X109.263 Y114.274 E3.18664
G1 X109.103 Y113.944 E3.19816
G1 X108.984 Y113.624 E3.20889
G1 X108.889 Y113.267 E3.2205
G1 X108.83 Y112.89 E3.23249
G1 X108.81 Y112.56 E3.24288
G1 X108.823 Y112.181 E3.2548
G1 X108.868 Y111.842 E3.26555
G1 X108.952 Y111.482 E3.27717
G1 X109.078 Y111.117 E3.2893
G1 X109.239 Y110.771 E3.30129
G1 X109.407 Y110.486 E3.31169
G1 X109.629 Y110.18 E3.32357
G1 X109.848 Y109.933 E3.33394
G1 X110.127 Y109.672 E3.34595
G1 X110.434 Y109.442 E3.358
G1 X110.726 Y109.263 E3.36876
G1 X111.056 Y109.103 E3.38028
G1 X111.376 Y108.984 E3.39101
G1 X111.733 Y108.889 E3.40262
G1 X112.111 Y108.83 E3.41464
G1 X112.453 Y108.809 E3.42541
G1 X112.823 Y108.823 E3.43705
G1 X113.201 Y108.876 E3.44904
G1 X113.534 Y108.957 E3.45981
G1 X113.884 Y109.078 E3.47145
G1 X114.229 Y109.239 E3.48341
G1 X114.514 Y109.407 E3.49381
G1 X114.82 Y109.629 E3.50569
G1 X115.067 Y109.848 E3.51606
G1 X115.311 Y110.11 E3.52731
G1 X115.311 Y110.11 F12000
G1 X115.051 Y110.383
G1 F3600
G1 X115.247 Y110.644 E3.53757
G1 X115.401 Y110.895 E3.54682
G1 X115.552 Y111.204 E3.55763
G1 X115.67 Y111.528 E3.56847
G1 X115.743 Y111.811 E3.57765
G1 X115.791 Y112.098 E3.58679
G1 X115.815 Y112.442 E3.59763
G1 X115.803 Y112.789 E3.60854
G1 X115.755 Y113.133 E3.61946
G1 X115.671 Y113.467 E3.63028
G1 X115.574 Y113.742 E3.63944
G1 X115.453 Y114.007 E3.64859
G1 X115.281 Y114.306 E3.65943
G1 X115.078 Y114.585 E3.67027
G1 X114.883 Y114.805 E3.67951
G1 X114.631 Y115.04 E3.69034
G1 X114.356 Y115.248 E3.70118
G1 X114.094 Y115.407 E3.71081
G1 X113.795 Y115.552 E3.72125
G1 X113.472 Y115.67 E3.73206
G1 X113.189 Y115.743 E3.74124
G1 X112.902 Y115.791 E3.75038
G1 X112.558 Y115.815 E3.76122
G1 X112.213 Y115.803 E3.77207
G1 X111.922 Y115.765 E3.78129
G1 X111.586 Y115.687 E3.79213
G1 X111.26 Y115.575 E3.80296
G1 X110.993 Y115.453 E3.81218
G1 X110.694 Y115.281 E3.82302
G1 X110.415 Y115.078 E3.83386
G1 X110.195 Y114.883 E3.8431
G1 X109.96 Y114.631 E3.85393
G1 X109.752 Y114.356 E3.86477
G1 X109.593 Y114.094 E3.8744
G1 X109.448 Y113.797 E3.88479
G1 X109.342 Y113.51 E3.8944
G1 X109.257 Y113.189 E3.90484
G1 X109.203 Y112.849 E3.91566
G1 X109.185 Y112.555 E3.92492
G1 X109.197 Y112.213 E3.93567
G1 X109.238 Y111.909 E3.94531
G1 X109.313 Y111.586 E3.95573
G1 X109.426 Y111.258 E3.96663
G1 X109.571 Y110.946 E3.97744
G1 X109.721 Y110.692 E3.98671
G1 X109.922 Y110.415 E3.99747
G1 X110.117 Y110.195 E4.00671
G1 X110.369 Y109.96 E4.01754
G1 X110.644 Y109.752 E4.02838
G1 X110.906 Y109.593 E4.03801
G1 X111.203 Y109.448 E4.0484
G1 X111.49 Y109.342 E4.05801
G1 X111.811 Y109.257 E4.06845
G1 X112.152 Y109.203 E4.0793
G1 X112.457 Y109.185 E4.0889
G1 X112.79 Y109.197 E4.09937
G1 X113.131 Y109.245 E4.11019
G1 X113.429 Y109.317 E4.11982
G1 X113.743 Y109.426 E4.13027
G1 X114.054 Y109.571 E4.14105
G1 X114.308 Y109.721 E4.15032
G1 X114.585 Y109.922 E4.16108
G1 X114.805 Y110.117 E4.17032
G1 X115.011 Y110.338 E4.17981
G1 X115.011 Y110.338 F12000
G1 X114.758 Y110.601
;TYPE:External perimeter
;WIDTH:0.4
G1 F3600
G1 X114.76 Y110.604 E4.17992
G1 X114.945 Y110.85 E4.18908
G1 X115.081 Y111.07 E4.19677
G1 X115.216 Y111.347 E4.20594
G1 X115.321 Y111.637 E4.21512
G1 X115.428 Y112.141 E4.23045
G1 X115.45 Y112.449 E4.23964
G1 X115.439 Y112.757 E4.24881
G1 X115.396 Y113.063 E4.258
G1 X115.322 Y113.362 E4.26716
G1 X115.128 Y113.84 E4.28251
G1 X114.974 Y114.107 E4.29168
G1 X114.793 Y114.356 E4.30084
G1 X114.622 Y114.55 E4.30853
G1 X114.396 Y114.76 E4.31771
G1 X114.15 Y114.946 E4.32688
G1 X113.919 Y115.087 E4.33493
G1 X113.653 Y115.216 E4.34372
G1 X113.363 Y115.321 E4.3529
G1 X112.859 Y115.428 E4.36823
G1 X112.551 Y115.45 E4.37742
G1 X112.244 Y115.439 E4.38656
G1 X111.987 Y115.405 E4.39427
G1 X111.687 Y115.336 E4.40343
G1 X111.396 Y115.236 E4.41258
G1 X111.16 Y115.128 E4.4203
G1 X110.893 Y114.974 E4.42947
G1 X110.644 Y114.793 E4.43863
G1 X110.45 Y114.622 E4.44632
G1 X110.24 Y114.396 E4.4555
G1 X110.054 Y114.15 E4.46467
G1 X109.913 Y113.919 E4.47272
G1 X109.784 Y113.653 E4.48151
G1 X109.69 Y113.399 E4.48957
G1 X109.614 Y113.113 E4.49837
G1 X109.566 Y112.809 E4.50753
G1 X109.55 Y112.551 E4.51522
G1 X109.561 Y112.243 E4.52439
G1 X109.597 Y111.975 E4.53243
G1 X109.664 Y111.687 E4.54123
G1 X109.765 Y111.395 E4.55042
G1 X109.895 Y111.116 E4.55958
G1 X110.026 Y110.892 E4.5673
G1 X110.207 Y110.644 E4.57643
G1 X110.378 Y110.45 E4.58412
G1 X110.604 Y110.24 E4.5933
G1 X110.85 Y110.054 E4.60247
G1 X111.081 Y109.913 E4.61052
G1 X111.347 Y109.784 E4.61931
G1 X111.601 Y109.69 E4.62737
G1 X111.887 Y109.614 E4.63617
G1 X112.191 Y109.566 E4.64533
G1 X112.461 Y109.55 E4.65338
G1 X112.757 Y109.561 E4.66219
G1 X113.062 Y109.604 E4.67135
G1 X113.326 Y109.668 E4.67943
G1 X113.605 Y109.765 E4.68822
G1 X113.884 Y109.895 E4.69738
G1 X114.108 Y110.026 E4.7051
G1 X114.356 Y110.207 E4.71423
G1 X114.55 Y110.378 E4.72192
G1 X114.717 Y110.557 E4.7292
G1 X114.956 Y110.878 F12000
G1 E2.7292 F2400
G92 E0
G1 Z7.32 F12000
G1 X103.989 Y109.049
G1 Z6.92
G1 E2 F2400
;TYPE:Perimeter
;WIDTH:0.42
G1 F4800
G1 X104.385 Y108.2 E2.02944
G1 X104.827 Y107.453 E2.05672
G1 X105.362 Y106.72 E2.08524
G1 X105.674 Y106.354 E2.10035
G1 X106.005 Y106.005 E2.11547
G1 X106.354 Y105.674 E2.13059
G1 X106.71 Y105.371 E2.14528
G1 X107.409 Y104.856 E2.17256
G1 X107.769 Y104.628 E2.18595
G1 X108.188 Y104.39 E2.20109
G1 X109.049 Y103.989 E2.23094
G1 X109.826 Y103.714 E2.25684
G1 X110.747 Y103.484 E2.28667
G1 X111.686 Y103.352 E2.31647
G1 X112.553 Y103.316 E2.34374
G1 X112.98 Y103.328 E2.35716
G1 X113.46 Y103.366 E2.37229
G1 X113.937 Y103.428 E2.38741
G1 X114.398 Y103.514 E2.40215
G1 X115.196 Y103.72 E2.42805
G1 X116.077 Y104.041 E2.45752
G1 X116.859 Y104.416 E2.48477
G1 X117.636 Y104.885 E2.51329
G1 X118.395 Y105.457 E2.54316
G1 X118.994 Y106.006 E2.56869
G1 X119.543 Y106.605 E2.59422
G1 X120.114 Y107.364 E2.62407
G1 X120.373 Y107.77 E2.6392
G1 X120.61 Y108.188 E2.6543
G1 X121.011 Y109.049 E2.68415
G1 X121.286 Y109.826 E2.71005
G1 X121.514 Y110.736 E2.73953
G1 X121.635 Y111.551 E2.76542
G1 X121.684 Y112.489 E2.79494
G1 X121.648 Y113.312 E2.82083
G1 X121.516 Y114.253 E2.85069
G1 X121.287 Y115.174 E2.88051
G1 X121.015 Y115.94 E2.90605
G1 X120.678 Y116.68 E2.9316
G1 X120.203 Y117.502 E2.96143
G1 X119.931 Y117.899 E2.97655
G1 X119.638 Y118.28 E2.99165
G1 X119.003 Y118.986 E3.02149
G1 X118.395 Y119.543 E3.0474
G1 X117.645 Y120.108 E3.07691
G1 X116.943 Y120.538 E3.10278
G1 X116.089 Y120.955 E3.13265
G1 X115.641 Y121.131 E3.14778
G1 X115.185 Y121.283 E3.16289
G1 X114.264 Y121.514 E3.19273
G1 X113.449 Y121.635 E3.21862
G1 X112.511 Y121.684 E3.24814
G1 X111.688 Y121.648 E3.27403
G1 X110.747 Y121.516 E3.30389
G1 X109.826 Y121.286 E3.33372
G1 X109.06 Y121.015 E3.35925
G1 X108.32 Y120.678 E3.3848
G1 X107.498 Y120.203 E3.41463
G1 X107.101 Y119.931 E3.42975
G1 X106.72 Y119.638 E3.44485
G1 X106.014 Y119.003 E3.47469
G1 X105.457 Y118.395 E3.5006
G1 X104.886 Y117.636 E3.53045
G1 X104.397 Y116.823 E3.56026
G1 X104.025 Y116.039 E3.58753
G1 X103.717 Y115.185 E3.61606
G1 X103.486 Y114.264 E3.6459
G1 X103.365 Y113.449 E3.67179
G1 X103.316 Y112.513 E3.70124
G1 X103.356 Y111.646 E3.72851
G1 X103.482 Y110.759 E3.75666
G1 X103.675 Y109.957 E3.78258
G1 X103.968 Y109.106 E3.81086
G1 X103.968 Y109.106 F12000
G1 X103.645 Y108.9
G1 F4800
G1 X103.836 Y108.46 E3.82593
G1 X104.055 Y108.02 E3.84138
G1 X104.511 Y107.251 E3.86948
G1 X105.071 Y106.484 E3.89932
G1 X105.396 Y106.103 E3.91506
G1 X105.74 Y105.74 E3.93078
G1 X106.103 Y105.396 E3.9465
G1 X106.477 Y105.077 E3.96195
G1 X107.197 Y104.547 E3.99005
G1 X107.576 Y104.306 E4.00416
G1 X108.012 Y104.059 E4.01991
G1 X108.46 Y103.836 E4.03564
G1 X108.911 Y103.64 E4.05109
G1 X109.713 Y103.356 E4.07783
G1 X110.187 Y103.224 E4.09329
G1 X110.676 Y103.116 E4.10903
G1 X111.17 Y103.033 E4.12477
G1 X111.657 Y102.978 E4.14017
G1 X112.551 Y102.941 E4.16829
G1 X113 Y102.953 E4.1824
G1 X113.499 Y102.993 E4.19813
G1 X113.995 Y103.058 E4.21385
G1 X114.479 Y103.148 E4.22932
G1 X115.303 Y103.361 E4.25607
G1 X115.77 Y103.517 E4.27154
G1 X116.227 Y103.697 E4.28698
G1 X117.033 Y104.084 E4.31508
G1 X117.846 Y104.575 E4.34493
G1 X118.253 Y104.865 E4.36063
G1 X118.638 Y105.172 E4.3761
G1 X119.259 Y105.741 E4.40257
G1 X119.828 Y106.361 E4.42902
G1 X120.135 Y106.747 E4.44452
G1 X120.425 Y107.154 E4.46022
G1 X120.694 Y107.576 E4.47595
G1 X120.941 Y108.012 E4.4917
G1 X121.164 Y108.46 E4.50743
G1 X121.36 Y108.911 E4.52288
G1 X121.644 Y109.713 E4.54962
G1 X121.776 Y110.187 E4.56508
G1 X121.882 Y110.668 E4.58056
G1 X122.008 Y111.509 E4.60728
G1 X122.047 Y112 E4.62276
G1 X122.06 Y112.492 E4.63823
G1 X122.023 Y113.341 E4.66494
G1 X121.967 Y113.83 E4.68041
G1 X121.884 Y114.324 E4.69615
G1 X121.776 Y114.813 E4.71189
G1 X121.644 Y115.287 E4.72735
G1 X121.363 Y116.081 E4.75382
G1 X121.014 Y116.847 E4.78027
G1 X120.779 Y117.28 E4.79575
G1 X120.518 Y117.707 E4.81148
G1 X120.234 Y118.119 E4.82721
G1 X119.929 Y118.516 E4.84294
G1 X119.604 Y118.897 E4.85868
G1 X119.265 Y119.254 E4.87415
G1 X118.639 Y119.828 E4.90084
G1 X118.253 Y120.135 E4.91634
G1 X117.852 Y120.421 E4.93182
G1 X117.127 Y120.865 E4.95854
G1 X116.691 Y121.092 E4.97399
G1 X116.235 Y121.3 E4.98974
G1 X115.77 Y121.483 E5.00544
G1 X115.295 Y121.642 E5.02118
G1 X114.813 Y121.776 E5.0369
G1 X114.332 Y121.882 E5.05238
G1 X113.491 Y122.008 E5.0791
G1 X113 Y122.047 E5.09458
G1 X112.508 Y122.06 E5.11005
G1 X111.659 Y122.023 E5.13676
G1 X111.17 Y121.967 E5.15223
G1 X110.676 Y121.884 E5.16797
G1 X110.187 Y121.776 E5.18371
G1 X109.713 Y121.644 E5.19917
G1 X108.919 Y121.363 E5.22564
G1 X108.153 Y121.014 E5.25209
G1 X107.72 Y120.779 E5.26757
G1 X107.293 Y120.518 E5.2833
G1 X106.881 Y120.234 E5.29903
G1 X106.484 Y119.929 E5.31476
G1 X106.103 Y119.604 E5.3305
G1 X105.746 Y119.265 E5.34597
G1 X105.172 Y118.639 E5.37266
G1 X104.865 Y118.253 E5.38816
G1 X104.575 Y117.846 E5.40386
G1 X104.306 Y117.424 E5.41959
G1 X104.064 Y116.996 E5.43504
G1 X103.681 Y116.188 E5.46314
G1 X103.358 Y115.295 E5.49298
G1 X103.224 Y114.813 E5.5087
G1 X103.118 Y114.332 E5.52418
G1 X102.992 Y113.491 E5.5509
G1 X102.953 Y113 E5.56638
G1 X102.94 Y112.509 E5.58182
G1 X102.982 Y111.616 E5.60991
G1 X103.114 Y110.684 E5.63949
G1 X103.313 Y109.857 E5.66622
G1 X103.461 Y109.388 E5.68167
G1 X103.623 Y108.956 E5.69617
G1 X103.623 Y108.956 F12000
G1 X103.301 Y108.75
G1 F4800
G1 X103.496 Y108.301 E5.71155
G1 X103.726 Y107.841 E5.72771
G1 X104.195 Y107.049 E5.75664
G1 X104.462 Y106.661 E5.77144
G1 X104.779 Y106.248 E5.7878
G1 X105.117 Y105.852 E5.80416
G1 X105.475 Y105.475 E5.8205
G1 X105.852 Y105.117 E5.83684
G1 X106.244 Y104.783 E5.85302
G1 X106.985 Y104.237 E5.88194
G1 X107.383 Y103.984 E5.89676
G1 X107.836 Y103.728 E5.91311
G1 X108.301 Y103.496 E5.92944
G1 X108.774 Y103.291 E5.94564
G1 X109.6 Y102.998 E5.97318
G1 X110.097 Y102.86 E5.98939
G1 X110.604 Y102.748 E6.00571
G1 X111.117 Y102.662 E6.02206
G1 X111.629 Y102.604 E6.03825
G1 X112.548 Y102.566 E6.06715
G1 X113.019 Y102.579 E6.08196
G1 X113.538 Y102.62 E6.09832
G1 X114.054 Y102.687 E6.11467
G1 X114.561 Y102.781 E6.13087
G1 X115.409 Y103.001 E6.1584
G1 X115.898 Y103.164 E6.1746
G1 X116.377 Y103.353 E6.19078
G1 X117.207 Y103.751 E6.21971
G1 X117.616 Y103.984 E6.2345
G1 X118.056 Y104.264 E6.25089
G1 X118.479 Y104.566 E6.26722
G1 X118.882 Y104.886 E6.28339
G1 X119.525 Y105.475 E6.31079
G1 X120.114 Y106.118 E6.33819
G1 X120.434 Y106.521 E6.35436
G1 X120.736 Y106.944 E6.37069
G1 X121.016 Y107.383 E6.38705
G1 X121.272 Y107.836 E6.4034
G1 X121.504 Y108.301 E6.41973
G1 X121.709 Y108.774 E6.43593
G1 X122.002 Y109.6 E6.46347
G1 X122.14 Y110.097 E6.47968
G1 X122.251 Y110.599 E6.49584
G1 X122.381 Y111.466 E6.52339
G1 X122.421 Y111.98 E6.53959
G1 X122.435 Y112.495 E6.55578
G1 X122.397 Y113.371 E6.58333
G1 X122.338 Y113.883 E6.59953
G1 X122.252 Y114.396 E6.61588
G1 X122.14 Y114.903 E6.6322
G1 X122.002 Y115.4 E6.64841
G1 X121.711 Y116.222 E6.67581
G1 X121.35 Y117.015 E6.70319
G1 X121.104 Y117.467 E6.71936
G1 X120.832 Y117.911 E6.73572
G1 X120.537 Y118.34 E6.75208
G1 X120.221 Y118.752 E6.7684
G1 X119.883 Y119.148 E6.78476
G1 X119.528 Y119.521 E6.80094
G1 X118.882 Y120.114 E6.8285
G1 X118.479 Y120.434 E6.84467
G1 X118.06 Y120.734 E6.86086
G1 X117.312 Y121.191 E6.88841
G1 X116.855 Y121.429 E6.9046
G1 X116.382 Y121.645 E6.92094
G1 X115.898 Y121.836 E6.93729
G1 X115.405 Y122.001 E6.95363
G1 X114.903 Y122.14 E6.97
G1 X114.401 Y122.251 E6.98616
G1 X113.534 Y122.381 E7.01371
G1 X113.02 Y122.421 E7.02991
G1 X112.505 Y122.435 E7.0461
G1 X111.629 Y122.397 E7.07365
G1 X111.117 Y122.338 E7.08985
G1 X110.604 Y122.252 E7.1062
G1 X110.097 Y122.14 E7.12252
G1 X109.6 Y122.002 E7.13873
G1 X108.778 Y121.711 E7.16613
G1 X107.985 Y121.35 E7.19351
G1 X107.533 Y121.104 E7.20968
G1 X107.089 Y120.832 E7.22604
G1 X106.66 Y120.537 E7.2424
G1 X106.248 Y120.221 E7.25872
G1 X105.852 Y119.883 E7.27508
G1 X105.479 Y119.528 E7.29126
G1 X104.886 Y118.882 E7.31882
G1 X104.566 Y118.479 E7.33499
G1 X104.264 Y118.056 E7.35132
G1 X103.984 Y117.617 E7.36768
G1 X103.731 Y117.169 E7.38385
G1 X103.337 Y116.337 E7.41278
G1 X103.164 Y115.898 E7.42761
G1 X102.999 Y115.405 E7.44395
G1 X102.86 Y114.903 E7.46032
G1 X102.749 Y114.4 E7.47651
G1 X102.619 Y113.534 E7.50403
G1 X102.579 Y113.02 E7.52023
G1 X102.565 Y112.506 E7.53639
G1 X102.608 Y111.586 E7.56533
G1 X102.662 Y111.118 E7.58013
G1 X102.747 Y110.609 E7.59635
G1 X102.951 Y109.757 E7.62388
G1 X103.106 Y109.266 E7.64006
G1 X103.278 Y108.806 E7.65549
G1 X103.278 Y108.806 F12000
G1 X102.966 Y108.605
;TYPE:External perimeter
;WIDTH:0.4
G1 F2400
G1 X103.165 Y108.147 E7.67035
G1 X103.405 Y107.666 E7.68634
G1 X103.887 Y106.852 E7.71448
G1 X104.167 Y106.446 E7.72915
G1 X104.495 Y106.018 E7.74519
G1 X104.846 Y105.608 E7.76125
G1 X105.217 Y105.217 E7.77728
G1 X105.608 Y104.846 E7.79331
G1 X106.017 Y104.497 E7.8093
G1 X106.779 Y103.936 E7.83745
G1 X107.195 Y103.671 E7.85212
G1 X107.664 Y103.406 E7.86815
G1 X108.147 Y103.165 E7.88421
G1 X108.64 Y102.951 E7.9002
G1 X109.49 Y102.65 E7.92703
G1 X110.008 Y102.506 E7.94302
G1 X110.535 Y102.389 E7.95908
G1 X111.067 Y102.3 E7.97513
G1 X111.6 Y102.239 E7.99109
G1 X112.546 Y102.201 E8.01926
G1 X113.039 Y102.214 E8.03393
G1 X113.577 Y102.256 E8.04998
G1 X114.111 Y102.327 E8.06601
G1 X114.64 Y102.425 E8.08201
G1 X115.513 Y102.651 E8.10884
G1 X116.023 Y102.821 E8.12483
G1 X116.523 Y103.018 E8.14082
G1 X117.376 Y103.428 E8.16897
G1 X117.805 Y103.671 E8.18364
G1 X118.26 Y103.961 E8.19969
G1 X118.699 Y104.274 E8.21573
G1 X119.119 Y104.609 E8.23171
G1 X119.783 Y105.217 E8.25849
G1 X120.391 Y105.881 E8.28527
G1 X120.726 Y106.301 E8.30125
G1 X121.039 Y106.74 E8.31729
G1 X121.329 Y107.195 E8.33334
G1 X121.594 Y107.664 E8.34937
G1 X121.835 Y108.147 E8.36543
G1 X122.049 Y108.64 E8.38142
G1 X122.35 Y109.49 E8.40825
G1 X122.494 Y110.008 E8.42424
G1 X122.61 Y110.533 E8.44023
G1 X122.744 Y111.425 E8.46706
G1 X122.786 Y111.961 E8.48305
G1 X122.8 Y112.498 E8.49903
G1 X122.761 Y113.399 E8.52586
G1 X122.7 Y113.933 E8.54185
G1 X122.611 Y114.465 E8.5579
G1 X122.494 Y114.992 E8.57396
G1 X122.35 Y115.51 E8.58995
G1 X122.05 Y116.358 E8.61671
G1 X121.676 Y117.178 E8.64352
G1 X121.42 Y117.65 E8.65949
G1 X121.138 Y118.11 E8.67554
G1 X120.833 Y118.554 E8.69156
G1 X120.505 Y118.982 E8.7076
G1 X120.154 Y119.392 E8.72366
G1 X119.784 Y119.782 E8.73965
G1 X119.119 Y120.391 E8.76648
G1 X118.699 Y120.726 E8.78246
G1 X118.261 Y121.038 E8.79846
G1 X117.492 Y121.509 E8.82529
G1 X117.015 Y121.758 E8.8413
G1 X116.524 Y121.981 E8.85734
G1 X116.023 Y122.179 E8.87337
G1 X115.511 Y122.35 E8.88943
G1 X114.992 Y122.494 E8.90545
G1 X114.467 Y122.61 E8.92144
G1 X113.575 Y122.744 E8.94827
G1 X113.039 Y122.786 E8.96426
G1 X112.502 Y122.8 E8.98024
G1 X111.601 Y122.761 E9.00707
G1 X111.067 Y122.7 E9.02306
G1 X110.535 Y122.611 E9.03911
G1 X110.008 Y122.494 E9.05517
G1 X109.49 Y122.35 E9.07116
G1 X108.642 Y122.05 E9.09792
G1 X107.822 Y121.676 E9.12473
G1 X107.35 Y121.42 E9.1407
G1 X106.89 Y121.138 E9.15675
G1 X106.446 Y120.833 E9.17277
G1 X106.018 Y120.505 E9.18881
G1 X105.608 Y120.154 E9.20487
G1 X105.218 Y119.784 E9.22086
G1 X104.609 Y119.119 E9.24769
G1 X104.274 Y118.699 E9.26367
G1 X103.961 Y118.26 E9.27971
G1 X103.671 Y117.805 E9.29576
G1 X103.407 Y117.337 E9.31174
G1 X103.001 Y116.482 E9.3399
G1 X102.821 Y116.023 E9.35457
G1 X102.65 Y115.511 E9.37063
G1 X102.506 Y114.992 E9.38665
G1 X102.39 Y114.467 E9.40264
G1 X102.256 Y113.575 E9.42947
G1 X102.214 Y113.039 E9.44546
G1 X102.2 Y112.502 E9.46144
G1 X102.244 Y111.557 E9.48958
G1 X102.3 Y111.067 E9.50425
G1 X102.389 Y110.536 E9.52027
G1 X102.6 Y109.659 E9.5471
G1 X102.761 Y109.147 E9.56307
G1 X102.943 Y108.66 E9.57854
G1 X103.102 Y108.293 F12000
;LAYER_CHANGE
;Z:7.13
;HEIGHT:0.21
G1 Z7.13 F12000
G1 E7.57854 F2400
G92 E0
G1 Z7.53 F12000
G1 X103.712 Y110.683
G1 Z7.13
G1 E2 F2400
G92 E0
;TYPE:Internal infill
;WIDTH:0.42
G1 F6000
G1 X110.683 Y103.713 E.30978
G1 E-1.69022 F2400
G92 E0
G1 X110.683 Y103.713 Z7.53 F12000
G1 X109.389 Y120.913
G1 Z7.13
G1 E2 F2400
G1 F6000
G1 X113.47 Y116.833 E2.18135
G1 X112.57 Y116.941 E2.20984
G1 X112.118 Y116.925 E2.22405
G1 X111.274 Y116.77 E2.25102
G1 X110.477 Y116.454 E2.27796
G1 X110.081 Y116.225 E2.29234
G1 X109.361 Y115.639 E2.32151
G1 X106.271 Y118.729 E2.45884
G1 X105.746 Y118.155 E2.48329
G1 X105.197 Y117.426 E2.51197
G1 X104.728 Y116.646 E2.54057
G1 X104.221 Y115.477 E2.58061
G1 X108.172 Y111.526 E2.7562
G1 X108.552 Y110.465 E2.79162
G1 X108.775 Y110.08 E2.8056
G1 X109.31 Y109.409 E2.83257
G1 X109.645 Y109.097 E2.84696
G1 X110.353 Y108.612 E2.87393
G1 X110.758 Y108.414 E2.8881
G1 X111.53 Y108.167 E2.91357
G1 X115.479 Y104.219 E3.08905
G1 X116.362 Y104.582 E3.11905
G1 X117.438 Y105.205 E3.15812
G1 X118.151 Y105.742 E3.18617
G1 X118.729 Y106.271 E3.21079
G1 X115.639 Y109.361 E3.34812
G1 X116.143 Y109.958 E3.37267
G1 X116.381 Y110.34 E3.38681
G1 X116.725 Y111.127 E3.4138
G1 X116.845 Y111.576 E3.42841
G1 X116.941 Y112.43 E3.45542
G1 X116.828 Y113.474 E3.48842
G1 X120.781 Y109.521 E3.6641
G1 X121.145 Y110.809 E3.70616
G1 X121.262 Y111.589 E3.73095
G1 X121.309 Y112.49 E3.7593
G1 X121.275 Y113.278 E3.78409
G1 X121.056 Y114.549 E3.82462
G1 X114.317 Y121.288 E4.12411
G1 E2.12411 F2400
G92 E0
G1 X114.317 Y121.288 Z7.53 F12000
G1 X115.642 Y109.921
G1 Z7.13
G1 E2 F2400
;TYPE:Perimeter
G1 F3600
G1 X115.834 Y110.172 E2.00993
G1 X116.054 Y110.524 E2.02297
G1 X116.217 Y110.851 E2.03445
G1 X116.368 Y111.243 E2.04765
G1 X116.478 Y111.654 E2.06102
G1 X116.543 Y112.069 E2.07422
G1 X116.566 Y112.435 E2.08574
G1 X116.551 Y112.85 E2.09879
G1 X116.501 Y113.225 E2.11068
G1 X116.409 Y113.622 E2.12349
G1 X116.272 Y114.019 E2.13669
G1 X116.114 Y114.363 E2.14859
G1 X115.913 Y114.711 E2.16122
G1 X115.701 Y115.008 E2.17269
G1 X115.425 Y115.325 E2.1859
G1 X115.118 Y115.611 E2.19909
G1 X114.828 Y115.834 E2.21059
G1 X114.476 Y116.054 E2.22363
G1 X114.149 Y116.217 E2.23511
G1 X113.757 Y116.368 E2.24831
G1 X113.346 Y116.478 E2.26168
G1 X112.931 Y116.543 E2.27488
G1 X112.565 Y116.566 E2.2864
G1 X112.15 Y116.551 E2.29945
G1 X111.775 Y116.501 E2.31134
G1 X111.378 Y116.409 E2.32415
G1 X110.982 Y116.272 E2.33732
G1 X110.649 Y116.12 E2.34882
G1 X110.285 Y115.911 E2.36201
G1 X109.945 Y115.664 E2.37522
G1 X109.671 Y115.421 E2.38673
G1 X109.385 Y115.114 E2.39992
G1 X109.129 Y114.774 E2.41329
G1 X108.912 Y114.414 E2.4265
G1 X108.757 Y114.089 E2.43782
G1 X108.631 Y113.751 E2.44916
G1 X108.522 Y113.345 E2.46237
G1 X108.457 Y112.931 E2.47554
G1 X108.434 Y112.565 E2.48706
G1 X108.449 Y112.15 E2.50011
G1 X108.499 Y111.775 E2.512
G1 X108.591 Y111.378 E2.52481
G1 X108.728 Y110.981 E2.53801
G1 X108.886 Y110.637 E2.54991
G1 X109.09 Y110.284 E2.56272
G1 X109.336 Y109.945 E2.57588
G1 X109.579 Y109.671 E2.58739
G1 X109.886 Y109.385 E2.60058
G1 X110.221 Y109.132 E2.61377
G1 X110.534 Y108.941 E2.62529
G1 X110.906 Y108.759 E2.6383
G1 X111.249 Y108.631 E2.6498
G1 X111.655 Y108.522 E2.66301
G1 X112.071 Y108.456 E2.67625
G1 X112.448 Y108.434 E2.68812
G1 X112.856 Y108.449 E2.70095
G1 X113.276 Y108.508 E2.71428
G1 X113.683 Y108.61 E2.72747
G1 X114.029 Y108.732 E2.739
G1 X114.404 Y108.907 E2.752
G1 X114.719 Y109.093 E2.7635
G1 X115.055 Y109.336 E2.77653
G1 X115.329 Y109.579 E2.78804
G1 X115.604 Y109.874 E2.80071
G1 X115.604 Y109.874 F12000
G1 X115.345 Y110.151
G1 F3600
G1 X115.526 Y110.386 E2.81003
G1 X115.726 Y110.707 E2.82192
G1 X115.874 Y111.003 E2.83232
G1 X116.011 Y111.359 E2.84431
G1 X116.11 Y111.733 E2.85647
G1 X116.17 Y112.11 E2.86847
G1 X116.19 Y112.44 E2.87886
G1 X116.177 Y112.819 E2.89078
G1 X116.132 Y113.157 E2.9015
G1 X116.048 Y113.518 E2.91315
G1 X115.923 Y113.88 E2.92519
G1 X115.781 Y114.19 E2.93591
G1 X115.597 Y114.507 E2.94743
G1 X115.406 Y114.776 E2.9578
G1 X115.155 Y115.064 E2.96981
G1 X114.876 Y115.325 E2.98182
G1 X114.614 Y115.526 E2.9922
G1 X114.293 Y115.726 E3.00409
G1 X113.997 Y115.874 E3.01449
G1 X113.641 Y116.011 E3.02648
G1 X113.267 Y116.11 E3.03864
G1 X112.89 Y116.17 E3.05064
G1 X112.56 Y116.19 E3.06103
G1 X112.181 Y116.177 E3.07295
G1 X111.843 Y116.132 E3.08367
G1 X111.482 Y116.048 E3.09532
G1 X111.121 Y115.924 E3.10732
G1 X110.821 Y115.787 E3.11768
G1 X110.49 Y115.596 E3.12969
G1 X110.18 Y115.371 E3.14173
G1 X109.933 Y115.152 E3.1521
G1 X109.672 Y114.873 E3.16411
G1 X109.44 Y114.564 E3.17625
G1 X109.243 Y114.236 E3.18827
G1 X109.103 Y113.942 E3.1985
G1 X108.988 Y113.637 E3.20874
G1 X108.89 Y113.267 E3.22077
G1 X108.83 Y112.89 E3.23277
G1 X108.81 Y112.56 E3.24316
G1 X108.823 Y112.181 E3.25508
G1 X108.868 Y111.843 E3.2658
G1 X108.952 Y111.482 E3.27745
G1 X109.077 Y111.12 E3.28949
G1 X109.219 Y110.81 E3.30021
G1 X109.405 Y110.489 E3.31187
G1 X109.629 Y110.18 E3.32386
G1 X109.848 Y109.933 E3.33423
G1 X110.127 Y109.672 E3.34624
G1 X110.433 Y109.442 E3.35827
G1 X110.714 Y109.27 E3.36862
G1 X111.054 Y109.104 E3.38051
G1 X111.363 Y108.988 E3.39088
G1 X111.733 Y108.89 E3.40291
G1 X112.111 Y108.83 E3.41494
G1 X112.452 Y108.809 E3.42568
G1 X112.822 Y108.823 E3.43732
G1 X113.204 Y108.877 E3.44944
G1 X113.575 Y108.969 E3.46145
G1 X113.886 Y109.079 E3.47182
G1 X114.229 Y109.239 E3.48371
G1 X114.514 Y109.407 E3.49411
G1 X114.82 Y109.629 E3.50599
G1 X115.067 Y109.848 E3.51636
G1 X115.306 Y110.105 E3.52739
G1 X115.306 Y110.105 F12000
G1 X115.048 Y110.38
G1 F3600
G1 X115.217 Y110.6 E3.53611
G1 X115.399 Y110.89 E3.54687
G1 X115.53 Y111.154 E3.55613
G1 X115.653 Y111.475 E3.56693
G1 X115.743 Y111.811 E3.57786
G1 X115.797 Y112.151 E3.58868
G1 X115.815 Y112.445 E3.59794
G1 X115.803 Y112.787 E3.60869
G1 X115.763 Y113.09 E3.61829
G1 X115.687 Y113.414 E3.62875
G1 X115.575 Y113.74 E3.63958
G1 X115.448 Y114.018 E3.64918
G1 X115.282 Y114.304 E3.65957
G1 X115.111 Y114.543 E3.66881
G1 X114.885 Y114.803 E3.67964
G1 X114.633 Y115.038 E3.69047
G1 X114.4 Y115.217 E3.6997
G1 X114.11 Y115.399 E3.71046
G1 X113.846 Y115.53 E3.71972
G1 X113.525 Y115.653 E3.73052
G1 X113.189 Y115.743 E3.74145
G1 X112.849 Y115.797 E3.75227
G1 X112.555 Y115.815 E3.76153
G1 X112.213 Y115.803 E3.77228
G1 X111.91 Y115.763 E3.78188
G1 X111.586 Y115.687 E3.79234
G1 X111.26 Y115.575 E3.80317
G1 X110.993 Y115.453 E3.81239
G1 X110.694 Y115.281 E3.82323
G1 X110.415 Y115.078 E3.83407
G1 X110.195 Y114.883 E3.84331
G1 X109.96 Y114.631 E3.85414
G1 X109.751 Y114.354 E3.86504
G1 X109.574 Y114.059 E3.87585
G1 X109.448 Y113.795 E3.88504
G1 X109.346 Y113.522 E3.8942
G1 X109.257 Y113.189 E3.90503
G1 X109.203 Y112.849 E3.91585
G1 X109.185 Y112.555 E3.92511
G1 X109.197 Y112.213 E3.93586
G1 X109.237 Y111.91 E3.94546
G1 X109.313 Y111.586 E3.95592
G1 X109.425 Y111.26 E3.96675
G1 X109.552 Y110.982 E3.97635
G1 X109.719 Y110.694 E3.98681
G1 X109.922 Y110.415 E3.99765
G1 X110.117 Y110.195 E4.00689
G1 X110.369 Y109.96 E4.01772
G1 X110.644 Y109.753 E4.02854
G1 X110.895 Y109.599 E4.03779
G1 X111.202 Y109.449 E4.04853
G1 X111.478 Y109.346 E4.05779
G1 X111.811 Y109.257 E4.06862
G1 X112.152 Y109.203 E4.07947
G1 X112.456 Y109.185 E4.08904
G1 X112.789 Y109.197 E4.09951
G1 X113.133 Y109.245 E4.11043
G1 X113.467 Y109.329 E4.12125
G1 X113.744 Y109.427 E4.13048
G1 X114.054 Y109.571 E4.14122
G1 X114.308 Y109.721 E4.15049
G1 X114.585 Y109.922 E4.16125
G1 X114.805 Y110.117 E4.17049
G1 X115.009 Y110.335 E4.17987
G1 X115.009 Y110.335 F12000
G1 X114.757 Y110.6
;TYPE:External perimeter
;WIDTH:0.4
G1 F3600
G1 X114.759 Y110.603 E4.17998
G1 X114.917 Y110.809 E4.1877
G1 X115.08 Y111.069 E4.19683
G1 X115.196 Y111.301 E4.20455
G1 X115.306 Y111.588 E4.21369
G1 X115.386 Y111.887 E4.2229
G1 X115.434 Y112.191 E4.23206
G1 X115.45 Y112.449 E4.23975
G1 X115.439 Y112.756 E4.24889
G1 X115.403 Y113.024 E4.25693
G1 X115.336 Y113.313 E4.26576
G1 X115.236 Y113.605 E4.27494
G1 X115.123 Y113.85 E4.28297
G1 X114.975 Y114.106 E4.29177
G1 X114.824 Y114.317 E4.29949
G1 X114.622 Y114.549 E4.30864
G1 X114.397 Y114.759 E4.3178
G1 X114.191 Y114.917 E4.32552
G1 X113.931 Y115.08 E4.33465
G1 X113.699 Y115.196 E4.34237
G1 X113.412 Y115.306 E4.35151
G1 X113.113 Y115.386 E4.36072
G1 X112.809 Y115.434 E4.36988
G1 X112.551 Y115.45 E4.37757
G1 X112.244 Y115.439 E4.38671
G1 X111.976 Y115.403 E4.39475
G1 X111.687 Y115.336 E4.40358
G1 X111.396 Y115.236 E4.41273
G1 X111.16 Y115.128 E4.42045
G1 X110.893 Y114.974 E4.42962
G1 X110.644 Y114.793 E4.43878
G1 X110.45 Y114.622 E4.44647
G1 X110.24 Y114.396 E4.45565
G1 X110.054 Y114.15 E4.46482
G1 X109.896 Y113.886 E4.47397
G1 X109.694 Y113.411 E4.48933
G1 X109.614 Y113.113 E4.49851
G1 X109.566 Y112.809 E4.50767
G1 X109.55 Y112.551 E4.51536
G1 X109.561 Y112.244 E4.5245
G1 X109.597 Y111.976 E4.53254
G1 X109.664 Y111.687 E4.54137
G1 X109.764 Y111.395 E4.55055
G1 X109.877 Y111.15 E4.55858
G1 X110.026 Y110.893 E4.56742
G1 X110.207 Y110.644 E4.57658
G1 X110.378 Y110.45 E4.58427
G1 X110.604 Y110.24 E4.59345
G1 X110.85 Y110.055 E4.60261
G1 X111.07 Y109.919 E4.6103
G1 X111.346 Y109.785 E4.61943
G1 X111.589 Y109.694 E4.62715
G1 X111.887 Y109.614 E4.63633
G1 X112.191 Y109.566 E4.64549
G1 X112.46 Y109.55 E4.65351
G1 X112.757 Y109.561 E4.66235
G1 X113.063 Y109.604 E4.67154
G1 X113.362 Y109.678 E4.6807
G1 X113.606 Y109.765 E4.68841
G1 X113.884 Y109.895 E4.69754
G1 X114.108 Y110.026 E4.70526
G1 X114.356 Y110.207 E4.71439
G1 X114.55 Y110.378 E4.72208
G1 X114.716 Y110.556 E4.72932
G1 X114.954 Y110.877 F12000
G1 E2.72932 F2400
G92 E0
G1 Z7.53 F12000
G1 X103.985 Y109.057
G1 Z7.13
G1 E2 F2400
;TYPE:Perimeter
;WIDTH:0.42
G1 F4800
G1 X104.176 Y108.618 E2.01504
G1 X104.385 Y108.2 E2.02973
G1 X104.824 Y107.457 E2.05685
G1 X105.069 Y107.102 E2.0704
G1 X105.362 Y106.72 E2.08553
G1 X105.674 Y106.354 E2.10064
G1 X106.005 Y106.005 E2.11576
G1 X106.354 Y105.674 E2.13088
G1 X106.71 Y105.371 E2.14557
G1 X107.405 Y104.858 E2.17272
G1 X107.769 Y104.628 E2.18625
G1 X108.188 Y104.39 E2.20139
G1 X109.049 Y103.989 E2.23124
G1 X109.826 Y103.714 E2.25714
G1 X110.747 Y103.484 E2.28697
G1 X111.687 Y103.352 E2.3168
G1 X112.549 Y103.316 E2.34391
G1 X112.98 Y103.328 E2.35746
G1 X113.46 Y103.366 E2.37259
G1 X113.937 Y103.428 E2.38771
G1 X114.41 Y103.516 E2.40283
G1 X114.877 Y103.628 E2.41792
G1 X115.327 Y103.762 E2.43268
G1 X116.099 Y104.05 E2.45857
G1 X116.526 Y104.245 E2.47332
G1 X116.943 Y104.462 E2.48809
G1 X117.645 Y104.892 E2.51396
G1 X118.027 Y105.165 E2.52871
G1 X118.395 Y105.457 E2.54347
G1 X119.002 Y106.014 E2.56936
G1 X119.326 Y106.354 E2.58412
G1 X119.629 Y106.71 E2.59881
G1 X120.142 Y107.405 E2.62596
G1 X120.61 Y108.188 E2.65463
G1 X121.011 Y109.049 E2.68448
G1 X121.286 Y109.826 E2.71038
G1 X121.514 Y110.736 E2.73986
G1 X121.635 Y111.551 E2.76575
G1 X121.684 Y112.489 E2.79527
G1 X121.648 Y113.312 E2.82116
G1 X121.516 Y114.253 E2.85102
G1 X121.286 Y115.174 E2.88085
G1 X121.015 Y115.94 E2.90638
G1 X120.678 Y116.68 E2.93193
G1 X120.203 Y117.502 E2.96176
G1 X119.931 Y117.899 E2.97688
G1 X119.638 Y118.28 E2.99198
G1 X119.326 Y118.646 E3.00709
G1 X118.995 Y118.995 E3.02221
G1 X118.646 Y119.326 E3.03733
G1 X118.28 Y119.638 E3.05244
G1 X117.512 Y120.196 E3.08227
G1 X116.802 Y120.615 E3.10818
G1 X115.951 Y121.011 E3.13768
G1 X115.174 Y121.286 E3.16358
G1 X114.264 Y121.514 E3.19306
G1 X113.449 Y121.635 E3.21895
G1 X112.511 Y121.684 E3.24847
G1 X111.688 Y121.648 E3.27436
G1 X110.747 Y121.516 E3.30422
G1 X109.826 Y121.287 E3.33404
G1 X109.06 Y121.015 E3.35958
G1 X108.32 Y120.678 E3.38513
G1 X107.498 Y120.203 E3.41496
G1 X107.101 Y119.931 E3.43008
G1 X106.72 Y119.638 E3.44518
G1 X106.014 Y119.003 E3.47502
G1 X105.457 Y118.395 E3.50093
G1 X104.886 Y117.636 E3.53078
G1 X104.397 Y116.823 E3.56059
G1 X104.027 Y116.043 E3.58772
G1 X103.717 Y115.185 E3.61639
G1 X103.486 Y114.264 E3.64623
G1 X103.365 Y113.449 E3.67212
G1 X103.315 Y112.5 E3.70198
G1 X103.328 Y112.019 E3.7171
G1 X103.365 Y111.551 E3.73185
G1 X103.485 Y110.748 E3.75736
G1 X103.675 Y109.957 E3.78292
G1 X103.965 Y109.113 E3.81096
G1 X103.965 Y109.113 F12000
G1 X103.641 Y108.907
G1 F4800
G1 X103.836 Y108.46 E3.82629
G1 X104.055 Y108.02 E3.84174
G1 X104.508 Y107.254 E3.86971
G1 X104.766 Y106.881 E3.88396
G1 X105.071 Y106.484 E3.89969
G1 X105.396 Y106.103 E3.91543
G1 X105.74 Y105.74 E3.93115
G1 X106.103 Y105.396 E3.94687
G1 X106.477 Y105.077 E3.96232
G1 X107.193 Y104.549 E3.99028
G1 X107.576 Y104.306 E4.00453
G1 X108.012 Y104.059 E4.02028
G1 X108.46 Y103.836 E4.03601
G1 X108.911 Y103.64 E4.05146
G1 X109.713 Y103.356 E4.0782
G1 X110.187 Y103.224 E4.09366
G1 X110.676 Y103.116 E4.1094
G1 X111.17 Y103.033 E4.12514
G1 X111.658 Y102.978 E4.14057
G1 X112.547 Y102.941 E4.16853
G1 X113 Y102.953 E4.18277
G1 X113.499 Y102.993 E4.1985
G1 X113.996 Y103.058 E4.21425
G1 X114.488 Y103.149 E4.22997
G1 X114.974 Y103.266 E4.24568
G1 X115.446 Y103.406 E4.26115
G1 X116.243 Y103.704 E4.28789
G1 X116.691 Y103.908 E4.30336
G1 X117.127 Y104.135 E4.31881
G1 X117.852 Y104.579 E4.34553
G1 X118.253 Y104.865 E4.36101
G1 X118.639 Y105.172 E4.37651
G1 X119.265 Y105.746 E4.4032
G1 X119.604 Y106.103 E4.41867
G1 X119.923 Y106.477 E4.43412
G1 X120.451 Y107.193 E4.46208
G1 X120.941 Y108.012 E4.49207
G1 X121.164 Y108.46 E4.5078
G1 X121.36 Y108.911 E4.52325
G1 X121.644 Y109.713 E4.54999
G1 X121.776 Y110.187 E4.56545
G1 X121.882 Y110.668 E4.58093
G1 X122.008 Y111.509 E4.60765
G1 X122.047 Y112 E4.62313
G1 X122.06 Y112.492 E4.6386
G1 X122.023 Y113.341 E4.66531
G1 X121.967 Y113.83 E4.68078
G1 X121.884 Y114.324 E4.69652
G1 X121.776 Y114.813 E4.71226
G1 X121.644 Y115.287 E4.72772
G1 X121.363 Y116.081 E4.75419
G1 X121.014 Y116.847 E4.78064
G1 X120.779 Y117.28 E4.79612
G1 X120.518 Y117.707 E4.81185
G1 X120.234 Y118.119 E4.82758
G1 X119.929 Y118.516 E4.84331
G1 X119.604 Y118.897 E4.85905
G1 X119.26 Y119.26 E4.87477
G1 X118.897 Y119.604 E4.89049
G1 X118.516 Y119.929 E4.90623
G1 X118.119 Y120.234 E4.92196
G1 X117.713 Y120.513 E4.93744
G1 X116.981 Y120.944 E4.96413
G1 X116.54 Y121.164 E4.97962
G1 X116.089 Y121.36 E4.99507
G1 X115.287 Y121.644 E5.02181
G1 X114.813 Y121.776 E5.03727
G1 X114.332 Y121.882 E5.05275
G1 X113.491 Y122.008 E5.07947
G1 X113 Y122.047 E5.09495
G1 X112.508 Y122.06 E5.11042
G1 X111.659 Y122.023 E5.13713
G1 X111.17 Y121.967 E5.1526
G1 X110.676 Y121.884 E5.16834
G1 X110.187 Y121.776 E5.18408
G1 X109.713 Y121.644 E5.19954
G1 X108.919 Y121.363 E5.22601
G1 X108.153 Y121.014 E5.25246
G1 X107.72 Y120.779 E5.26794
G1 X107.293 Y120.518 E5.28367
G1 X106.881 Y120.234 E5.2994
G1 X106.484 Y119.929 E5.31513
G1 X106.103 Y119.604 E5.33087
G1 X105.746 Y119.265 E5.34634
G1 X105.172 Y118.639 E5.37303
G1 X104.865 Y118.253 E5.38853
G1 X104.575 Y117.846 E5.40423
G1 X104.306 Y117.424 E5.41996
G1 X104.064 Y116.996 E5.43541
G1 X103.682 Y116.192 E5.46338
G1 X103.358 Y115.295 E5.49335
G1 X103.224 Y114.813 E5.50907
G1 X103.118 Y114.332 E5.52455
G1 X102.992 Y113.491 E5.55127
G1 X102.953 Y113 E5.56675
G1 X102.94 Y112.5 E5.58247
G1 X102.953 Y112 E5.59819
G1 X102.992 Y111.509 E5.61367
G1 X103.116 Y110.676 E5.64014
G1 X103.313 Y109.857 E5.66661
G1 X103.461 Y109.388 E5.68206
G1 X103.62 Y108.963 E5.69632
G1 X103.62 Y108.963 F12000
G1 X103.297 Y108.758
G1 F4800
G1 X103.496 Y108.301 E5.71198
G1 X103.726 Y107.841 E5.72814
G1 X104.192 Y107.052 E5.75694
G1 X104.462 Y106.661 E5.77187
G1 X104.779 Y106.248 E5.78823
G1 X105.117 Y105.852 E5.80459
G1 X105.475 Y105.475 E5.82093
G1 X105.852 Y105.117 E5.83727
G1 X106.244 Y104.783 E5.85345
G1 X106.981 Y104.239 E5.88224
G1 X107.383 Y103.984 E5.8972
G1 X107.836 Y103.728 E5.91355
G1 X108.301 Y103.496 E5.92988
G1 X108.774 Y103.291 E5.94608
G1 X109.6 Y102.998 E5.97362
G1 X110.097 Y102.86 E5.98983
G1 X110.604 Y102.748 E6.00615
G1 X111.117 Y102.662 E6.0225
G1 X111.629 Y102.604 E6.03869
G1 X112.544 Y102.566 E6.06747
G1 X113.02 Y102.579 E6.08243
G1 X113.538 Y102.62 E6.09876
G1 X114.054 Y102.687 E6.11511
G1 X114.566 Y102.782 E6.13147
G1 X115.071 Y102.904 E6.1478
G1 X115.565 Y103.05 E6.16399
G1 X116.386 Y103.357 E6.19153
G1 X116.855 Y103.571 E6.20773
G1 X117.312 Y103.808 E6.22391
G1 X118.06 Y104.266 E6.25147
G1 X118.479 Y104.566 E6.26766
G1 X118.882 Y104.886 E6.28383
G1 X119.528 Y105.479 E6.31139
G1 X119.883 Y105.852 E6.32757
G1 X120.217 Y106.244 E6.34375
G1 X120.761 Y106.981 E6.37254
G1 X121.016 Y107.383 E6.3875
G1 X121.272 Y107.836 E6.40385
G1 X121.504 Y108.301 E6.42018
G1 X121.709 Y108.774 E6.43638
G1 X122.002 Y109.6 E6.46392
G1 X122.14 Y110.097 E6.48013
G1 X122.251 Y110.599 E6.49629
G1 X122.381 Y111.466 E6.52384
G1 X122.421 Y111.98 E6.54004
G1 X122.435 Y112.495 E6.55623
G1 X122.397 Y113.371 E6.58378
G1 X122.338 Y113.883 E6.59998
G1 X122.252 Y114.396 E6.61633
G1 X122.14 Y114.903 E6.63265
G1 X122.002 Y115.4 E6.64886
G1 X121.711 Y116.222 E6.67626
G1 X121.35 Y117.015 E6.70364
G1 X121.104 Y117.467 E6.71981
G1 X120.832 Y117.911 E6.73617
G1 X120.537 Y118.34 E6.75253
G1 X120.221 Y118.752 E6.76885
G1 X119.883 Y119.148 E6.78521
G1 X119.525 Y119.525 E6.80155
G1 X119.148 Y119.883 E6.81789
G1 X118.752 Y120.221 E6.83425
G1 X118.34 Y120.537 E6.85057
G1 X117.915 Y120.829 E6.86677
G1 X117.16 Y121.274 E6.89431
G1 X116.699 Y121.504 E6.9105
G1 X116.226 Y121.709 E6.9267
G1 X115.4 Y122.002 E6.95424
G1 X114.903 Y122.14 E6.97045
G1 X114.401 Y122.251 E6.98661
G1 X113.534 Y122.381 E7.01416
G1 X113.02 Y122.421 E7.03036
G1 X112.505 Y122.435 E7.04655
G1 X111.629 Y122.397 E7.0741
G1 X111.117 Y122.338 E7.0903
G1 X110.604 Y122.252 E7.10665
G1 X110.097 Y122.14 E7.12297
G1 X109.6 Y122.002 E7.13918
G1 X108.778 Y121.711 E7.16658
G1 X107.985 Y121.35 E7.19396
G1 X107.533 Y121.104 E7.21013
G1 X107.089 Y120.832 E7.22649
G1 X106.66 Y120.537 E7.24285
G1 X106.248 Y120.221 E7.25917
G1 X105.852 Y119.883 E7.27553
G1 X105.479 Y119.528 E7.29171
G1 X104.886 Y118.882 E7.31927
G1 X104.566 Y118.479 E7.33544
G1 X104.264 Y118.056 E7.35177
G1 X103.984 Y117.617 E7.36813
G1 X103.731 Y117.169 E7.3843
G1 X103.338 Y116.341 E7.4131
G1 X103.164 Y115.898 E7.42806
G1 X102.999 Y115.405 E7.4444
G1 X102.86 Y114.903 E7.46077
G1 X102.749 Y114.401 E7.47693
G1 X102.619 Y113.534 E7.50448
G1 X102.579 Y113.02 E7.52068
G1 X102.565 Y112.5 E7.53703
G1 X102.579 Y111.98 E7.55338
G1 X102.619 Y111.466 E7.56958
G1 X102.748 Y110.604 E7.59697
G1 X102.951 Y109.757 E7.62434
G1 X103.106 Y109.266 E7.64052
G1 X103.275 Y108.814 E7.65568
G1 X103.275 Y108.814 F12000
G1 X102.963 Y108.612
;TYPE:External perimeter
;WIDTH:0.4
G1 F2400
G1 X103.165 Y108.147 E7.67076
G1 X103.405 Y107.666 E7.68675
G1 X103.885 Y106.856 E7.71476
G1 X104.167 Y106.446 E7.72956
G1 X104.495 Y106.018 E7.7456
G1 X104.846 Y105.608 E7.76166
G1 X105.217 Y105.217 E7.77769
G1 X105.608 Y104.846 E7.79372
G1 X106.017 Y104.497 E7.80971
G1 X106.775 Y103.938 E7.83773
G1 X107.195 Y103.671 E7.85254
G1 X107.664 Y103.406 E7.86857
G1 X108.147 Y103.165 E7.88463
G1 X108.64 Y102.951 E7.90062
G1 X109.49 Y102.65 E7.92745
G1 X110.008 Y102.506 E7.94344
G1 X110.535 Y102.389 E7.9595
G1 X111.067 Y102.3 E7.97555
G1 X111.6 Y102.239 E7.99151
G1 X112.542 Y102.2 E8.01956
G1 X113.039 Y102.214 E8.03435
G1 X113.577 Y102.256 E8.0504
G1 X114.111 Y102.327 E8.06643
G1 X114.641 Y102.425 E8.08246
G1 X115.166 Y102.551 E8.09852
G1 X115.681 Y102.704 E8.1145
G1 X116.526 Y103.02 E8.14134
G1 X117.015 Y103.242 E8.15732
G1 X117.492 Y103.491 E8.17333
G1 X118.261 Y103.962 E8.20016
G1 X118.699 Y104.274 E8.21616
G1 X119.119 Y104.609 E8.23214
G1 X119.784 Y105.218 E8.25897
G1 X120.154 Y105.608 E8.27496
G1 X120.503 Y106.017 E8.29095
G1 X121.062 Y106.775 E8.31897
G1 X121.329 Y107.195 E8.33378
G1 X121.594 Y107.664 E8.34981
G1 X121.835 Y108.147 E8.36587
G1 X122.049 Y108.64 E8.38186
G1 X122.35 Y109.49 E8.40869
G1 X122.494 Y110.008 E8.42468
G1 X122.61 Y110.533 E8.44067
G1 X122.744 Y111.425 E8.4675
G1 X122.786 Y111.961 E8.48349
G1 X122.8 Y112.498 E8.49947
G1 X122.761 Y113.399 E8.5263
G1 X122.7 Y113.933 E8.54229
G1 X122.611 Y114.465 E8.55834
G1 X122.494 Y114.992 E8.5744
G1 X122.35 Y115.51 E8.59039
G1 X122.05 Y116.358 E8.61715
G1 X121.676 Y117.178 E8.64396
G1 X121.42 Y117.65 E8.65993
G1 X121.138 Y118.11 E8.67598
G1 X120.833 Y118.554 E8.692
G1 X120.505 Y118.982 E8.70804
G1 X120.154 Y119.392 E8.7241
G1 X119.783 Y119.783 E8.74013
G1 X119.392 Y120.154 E8.75616
G1 X118.982 Y120.505 E8.77222
G1 X118.554 Y120.833 E8.78826
G1 X118.111 Y121.137 E8.80424
G1 X117.334 Y121.595 E8.83107
G1 X116.853 Y121.835 E8.84706
G1 X116.36 Y122.049 E8.86305
G1 X115.51 Y122.35 E8.88988
G1 X114.992 Y122.494 E8.90587
G1 X114.467 Y122.61 E8.92186
G1 X113.575 Y122.744 E8.94869
G1 X113.039 Y122.786 E8.96468
G1 X112.502 Y122.8 E8.98066
G1 X111.601 Y122.761 E9.00749
G1 X111.067 Y122.7 E9.02348
G1 X110.535 Y122.611 E9.03953
G1 X110.008 Y122.494 E9.05559
G1 X109.49 Y122.35 E9.07158
G1 X108.642 Y122.05 E9.09834
G1 X107.822 Y121.676 E9.12515
G1 X107.35 Y121.42 E9.14112
G1 X106.89 Y121.138 E9.15717
G1 X106.446 Y120.833 E9.17319
G1 X106.018 Y120.505 E9.18923
G1 X105.608 Y120.154 E9.20529
G1 X105.218 Y119.784 E9.22128
G1 X104.609 Y119.119 E9.24811
G1 X104.274 Y118.699 E9.26409
G1 X103.961 Y118.26 E9.28013
G1 X103.671 Y117.805 E9.29618
G1 X103.407 Y117.337 E9.31216
G1 X103.003 Y116.486 E9.34018
G1 X102.821 Y116.023 E9.35498
G1 X102.65 Y115.511 E9.37104
G1 X102.506 Y114.992 E9.38706
G1 X102.39 Y114.467 E9.40305
G1 X102.256 Y113.575 E9.42988
G1 X102.214 Y113.039 E9.44587
G1 X102.2 Y112.5 E9.46191
G1 X102.214 Y111.961 E9.47795
G1 X102.256 Y111.425 E9.49394
G1 X102.389 Y110.535 E9.52071
G1 X102.6 Y109.659 E9.54752
G1 X102.761 Y109.147 E9.56349
G1 X102.94 Y108.668 E9.5787
G1 X103.099 Y108.301 F12000
;LAYER_CHANGE
;Z:7.34
;HEIGHT:0.21
G1 Z7.34 F12000
G1 E7.5787 F2400
G92 E0
G1 Z7.74 F12000
G1 X103.712 Y114.317
G1 Z7.34
G1 E2 F2400
G92 E0
;TYPE:Internal infill
;WIDTH:0.42
G1 F6000
G1 X110.687 Y121.291 E.30996
G1 E-1.69004 F2400
G92 E0
G1 X110.687 Y121.291 Z7.74 F12000
G1 X120.913 Y115.611
G1 Z7.34
G1 E2 F2400
G1 F6000
G1 X116.833 Y111.53 E2.18135
G1 X116.941 Y112.424 E2.20965
G1 X116.925 Y112.881 E2.22402
G1 X116.77 Y113.726 E2.25102
G1 X116.621 Y114.157 E2.26535
G1 X116.229 Y114.913 E2.29211
G1 X115.639 Y115.639 E2.32151
G1 X118.729 Y118.729 E2.45884
G1 X118.044 Y119.346 E2.48781
G1 X117.302 Y119.886 E2.51665
G1 X116.508 Y120.345 E2.54547
G1 X115.479 Y120.781 E2.58059
G1 X111.526 Y116.828 E2.75627
G1 X110.836 Y116.619 E2.77893
G1 X110.421 Y116.425 E2.79333
G1 X109.76 Y115.996 E2.81809
G1 X109.414 Y115.695 E2.8325
G1 X109.097 Y115.355 E2.84711
G1 X108.582 Y114.592 E2.87604
G1 X108.168 Y113.47 E2.91362
G1 X104.22 Y109.523 E3.08905
G1 X104.717 Y108.375 E3.12836
G1 X105.136 Y107.666 E3.15424
G1 X105.657 Y106.952 E3.18202
G1 X106.271 Y106.271 E3.21083
G1 X109.361 Y109.361 E3.34816
G1 X110.016 Y108.817 E3.37492
G1 X110.408 Y108.582 E3.38928
G1 X111.194 Y108.255 E3.41603
G1 X112.03 Y108.083 E3.44285
G1 X112.442 Y108.059 E3.45582
G1 X113.473 Y108.17 E3.48841
G1 X109.521 Y104.219 E3.66402
G1 X110.819 Y103.853 E3.7064
G1 X111.721 Y103.725 E3.73503
G1 X112.96 Y103.702 E3.77397
G1 X114.543 Y103.939 E3.82427
G1 X121.288 Y110.683 E4.12401
G1 E2.12401 F2400
G92 E0
G1 X121.288 Y110.683 Z7.74 F12000
G1 X115.642 Y109.921
G1 Z7.34
G1 E2 F2400
;TYPE:Perimeter
G1 F3600
G1 X115.834 Y110.172 E2.00993
G1 X116.054 Y110.525 E2.023
G1 X116.222 Y110.862 E2.03483
G1 X116.368 Y111.244 E2.04768
G1 X116.477 Y111.65 E2.06089
G1 X116.538 Y112.022 E2.07274
G1 X116.566 Y112.43 E2.08559
G1 X116.551 Y112.85 E2.0988
G1 X116.501 Y113.223 E2.11063
G1 X116.409 Y113.622 E2.1235
G1 X116.272 Y114.018 E2.13667
G1 X116.121 Y114.351 E2.14816
G1 X115.913 Y114.71 E2.1612
G1 X115.701 Y115.008 E2.17269
G1 X115.425 Y115.325 E2.1859
G1 X115.118 Y115.611 E2.19909
G1 X114.828 Y115.834 E2.21059
G1 X114.475 Y116.054 E2.22366
G1 X114.138 Y116.222 E2.23549
G1 X113.756 Y116.368 E2.24834
G1 X113.35 Y116.477 E2.26155
G1 X112.978 Y116.538 E2.2734
G1 X112.57 Y116.566 E2.28625
G1 X112.15 Y116.551 E2.29946
G1 X111.777 Y116.501 E2.31129
G1 X111.378 Y116.409 E2.32416
G1 X110.977 Y116.27 E2.3375
G1 X110.596 Y116.093 E2.3507
G1 X110.285 Y115.91 E2.36204
G1 X109.992 Y115.701 E2.37335
G1 X109.675 Y115.425 E2.38656
G1 X109.385 Y115.114 E2.39992
G1 X109.129 Y114.774 E2.41329
G1 X108.912 Y114.414 E2.4265
G1 X108.755 Y114.084 E2.43798
G1 X108.613 Y113.694 E2.45102
G1 X108.521 Y113.34 E2.46251
G1 X108.457 Y112.931 E2.47552
G1 X108.434 Y112.565 E2.48704
G1 X108.449 Y112.15 E2.50009
G1 X108.499 Y111.777 E2.51192
G1 X108.591 Y111.378 E2.52479
G1 X108.73 Y110.977 E2.53813
G1 X108.907 Y110.596 E2.55133
G1 X109.091 Y110.284 E2.56271
G1 X109.307 Y109.983 E2.57435
G1 X109.575 Y109.674 E2.5872
G1 X109.886 Y109.385 E2.60054
G1 X110.226 Y109.129 E2.61391
G1 X110.586 Y108.912 E2.62712
G1 X110.916 Y108.755 E2.6386
G1 X111.306 Y108.613 E2.65164
G1 X111.66 Y108.521 E2.66313
G1 X112.071 Y108.456 E2.67621
G1 X112.446 Y108.434 E2.68801
G1 X112.855 Y108.449 E2.70087
G1 X113.27 Y108.507 E2.71404
G1 X113.626 Y108.593 E2.72555
G1 X114.023 Y108.73 E2.73875
G1 X114.404 Y108.907 E2.75195
G1 X114.716 Y109.091 E2.76333
G1 X115.017 Y109.307 E2.77497
G1 X115.326 Y109.575 E2.78782
G1 X115.604 Y109.874 E2.80065
G1 X115.604 Y109.874 F12000
G1 X115.345 Y110.151
G1 F3600
G1 X115.526 Y110.386 E2.80997
G1 X115.727 Y110.708 E2.8219
G1 X115.878 Y111.013 E2.8326
G1 X116.011 Y111.36 E2.84428
G1 X116.11 Y111.729 E2.85629
G1 X116.165 Y112.065 E2.86699
G1 X116.191 Y112.436 E2.87868
G1 X116.177 Y112.819 E2.89072
G1 X116.132 Y113.156 E2.9014
G1 X116.048 Y113.518 E2.91308
G1 X115.924 Y113.879 E2.92508
G1 X115.787 Y114.179 E2.93544
G1 X115.598 Y114.507 E2.94734
G1 X115.406 Y114.776 E2.95773
G1 X115.155 Y115.064 E2.96974
G1 X114.876 Y115.325 E2.98175
G1 X114.614 Y115.526 E2.99213
G1 X114.292 Y115.727 E3.00406
G1 X113.987 Y115.878 E3.01476
G1 X113.64 Y116.011 E3.02644
G1 X113.271 Y116.11 E3.03845
G1 X112.935 Y116.165 E3.04915
G1 X112.564 Y116.191 E3.06084
G1 X112.181 Y116.177 E3.07288
G1 X111.844 Y116.132 E3.08356
G1 X111.482 Y116.048 E3.09524
G1 X111.117 Y115.922 E3.10737
G1 X110.771 Y115.761 E3.11936
G1 X110.49 Y115.595 E3.12962
G1 X110.224 Y115.406 E3.13987
G1 X109.936 Y115.155 E3.15188
G1 X109.672 Y114.873 E3.16402
G1 X109.44 Y114.564 E3.17616
G1 X109.243 Y114.236 E3.18818
G1 X109.101 Y113.938 E3.19855
G1 X108.972 Y113.583 E3.21042
G1 X108.889 Y113.263 E3.22081
G1 X108.83 Y112.89 E3.23268
G1 X108.81 Y112.56 E3.24307
G1 X108.823 Y112.181 E3.25499
G1 X108.868 Y111.844 E3.26567
G1 X108.952 Y111.482 E3.27735
G1 X109.078 Y111.117 E3.28948
G1 X109.239 Y110.771 E3.30147
G1 X109.405 Y110.489 E3.31175
G1 X109.601 Y110.216 E3.32231
G1 X109.845 Y109.935 E3.334
G1 X110.127 Y109.672 E3.34612
G1 X110.436 Y109.44 E3.35826
G1 X110.764 Y109.243 E3.37028
G1 X111.062 Y109.101 E3.38065
G1 X111.417 Y108.972 E3.39252
G1 X111.737 Y108.889 E3.40291
G1 X112.111 Y108.83 E3.41481
G1 X112.451 Y108.809 E3.42551
G1 X112.822 Y108.823 E3.43718
G1 X113.2 Y108.876 E3.44917
G1 X113.521 Y108.953 E3.45954
G1 X113.883 Y109.078 E3.47158
G1 X114.229 Y109.239 E3.48357
G1 X114.511 Y109.405 E3.49385
G1 X114.784 Y109.601 E3.50441
G1 X115.065 Y109.845 E3.5161
G1 X115.306 Y110.105 E3.52724
G1 X115.306 Y110.105 F12000
G1 X115.048 Y110.38
G1 F3600
G1 X115.217 Y110.6 E3.53596
G1 X115.399 Y110.891 E3.54675
G1 X115.534 Y111.163 E3.55629
G1 X115.654 Y111.476 E3.56682
G1 X115.743 Y111.809 E3.57765
G1 X115.792 Y112.109 E3.5872
G1 X115.815 Y112.443 E3.59772
G1 X115.803 Y112.787 E3.60854
G1 X115.763 Y113.088 E3.61808
G1 X115.687 Y113.414 E3.6286
G1 X115.575 Y113.74 E3.63943
G1 X115.453 Y114.007 E3.64865
G1 X115.282 Y114.304 E3.65942
G1 X115.111 Y114.543 E3.66866
G1 X114.885 Y114.803 E3.67949
G1 X114.633 Y115.038 E3.69032
G1 X114.4 Y115.217 E3.69955
G1 X114.109 Y115.399 E3.71034
G1 X113.837 Y115.534 E3.71988
G1 X113.524 Y115.654 E3.73041
G1 X113.191 Y115.743 E3.74124
G1 X112.891 Y115.792 E3.75079
G1 X112.557 Y115.815 E3.76131
G1 X112.213 Y115.803 E3.77213
G1 X111.912 Y115.763 E3.78167
G1 X111.586 Y115.687 E3.79219
G1 X111.258 Y115.574 E3.80309
G1 X110.946 Y115.429 E3.8139
G1 X110.694 Y115.281 E3.82308
G1 X110.457 Y115.111 E3.83225
G1 X110.197 Y114.885 E3.84308
G1 X109.96 Y114.631 E3.854
G1 X109.751 Y114.354 E3.8649
G1 X109.574 Y114.059 E3.87571
G1 X109.447 Y113.793 E3.88497
G1 X109.33 Y113.472 E3.89571
G1 X109.256 Y113.187 E3.90496
G1 X109.203 Y112.849 E3.91571
G1 X109.185 Y112.555 E3.92497
G1 X109.197 Y112.213 E3.93572
G1 X109.237 Y111.912 E3.94526
G1 X109.313 Y111.586 E3.95578
G1 X109.426 Y111.258 E3.96668
G1 X109.571 Y110.946 E3.97749
G1 X109.72 Y110.694 E3.98669
G1 X109.895 Y110.449 E3.99615
G1 X110.115 Y110.196 E4.00669
G1 X110.369 Y109.96 E4.01759
G1 X110.646 Y109.751 E4.02849
G1 X110.941 Y109.574 E4.0393
G1 X111.207 Y109.447 E4.04856
G1 X111.528 Y109.33 E4.0593
G1 X111.813 Y109.256 E4.06855
G1 X112.152 Y109.203 E4.07933
G1 X112.455 Y109.185 E4.08887
G1 X112.789 Y109.197 E4.09937
G1 X113.13 Y109.245 E4.11019
G1 X113.416 Y109.314 E4.11944
G1 X113.742 Y109.426 E4.13027
G1 X114.054 Y109.571 E4.14108
G1 X114.306 Y109.72 E4.15028
G1 X114.551 Y109.895 E4.15974
G1 X114.804 Y110.115 E4.17028
G1 X115.008 Y110.335 E4.17971
G1 X115.008 Y110.335 F12000
G1 X114.755 Y110.599
;TYPE:External perimeter
;WIDTH:0.4
G1 F3600
G1 X114.759 Y110.603 E4.17988
G1 X114.917 Y110.809 E4.1876
G1 X115.08 Y111.069 E4.19673
G1 X115.199 Y111.31 E4.20473
G1 X115.306 Y111.588 E4.21359
G1 X115.386 Y111.886 E4.22277
G1 X115.429 Y112.151 E4.23076
G1 X115.45 Y112.449 E4.23965
G1 X115.439 Y112.756 E4.24879
G1 X115.403 Y113.023 E4.2568
G1 X115.336 Y113.313 E4.26565
G1 X115.236 Y113.604 E4.2748
G1 X115.128 Y113.84 E4.28252
G1 X114.975 Y114.106 E4.29165
G1 X114.824 Y114.317 E4.29937
G1 X114.622 Y114.549 E4.30852
G1 X114.397 Y114.759 E4.31768
G1 X114.191 Y114.917 E4.3254
G1 X113.931 Y115.08 E4.33453
G1 X113.69 Y115.199 E4.34253
G1 X113.412 Y115.306 E4.35139
G1 X113.114 Y115.386 E4.36057
G1 X112.849 Y115.429 E4.36856
G1 X112.551 Y115.45 E4.37745
G1 X112.244 Y115.439 E4.38659
G1 X111.977 Y115.403 E4.3946
G1 X111.687 Y115.336 E4.40345
G1 X111.395 Y115.235 E4.41264
G1 X111.116 Y115.105 E4.4218
G1 X110.683 Y114.824 E4.43716
G1 X110.451 Y114.622 E4.44631
G1 X110.24 Y114.396 E4.45551
G1 X110.054 Y114.15 E4.46468
G1 X109.896 Y113.886 E4.47383
G1 X109.784 Y113.652 E4.48155
G1 X109.679 Y113.363 E4.4907
G1 X109.614 Y113.113 E4.49838
G1 X109.566 Y112.809 E4.50754
G1 X109.55 Y112.551 E4.51523
G1 X109.561 Y112.244 E4.52437
G1 X109.597 Y111.977 E4.53238
G1 X109.664 Y111.687 E4.54123
G1 X109.765 Y111.395 E4.55042
G1 X109.895 Y111.116 E4.55958
G1 X110.182 Y110.675 E4.57523
G1 X110.378 Y110.45 E4.58411
G1 X110.604 Y110.24 E4.59329
G1 X110.85 Y110.054 E4.60246
G1 X111.114 Y109.896 E4.61161
G1 X111.348 Y109.784 E4.61933
G1 X111.637 Y109.679 E4.62848
G1 X111.887 Y109.614 E4.63616
G1 X112.191 Y109.566 E4.64532
G1 X112.459 Y109.55 E4.65331
G1 X112.757 Y109.561 E4.66218
G1 X113.062 Y109.604 E4.67134
G1 X113.314 Y109.664 E4.67905
G1 X113.605 Y109.765 E4.68821
G1 X113.884 Y109.895 E4.69737
G1 X114.325 Y110.182 E4.71302
G1 X114.55 Y110.378 E4.7219
G1 X114.714 Y110.555 E4.72908
G1 X114.953 Y110.875 F12000
G1 E2.72908 F2400
G92 E0
G1 Z7.74 F12000
G1 X103.984 Y109.059
G1 Z7.34
G1 E2 F2400
;TYPE:Perimeter
;WIDTH:0.42
G1 F4800
G1 X104.385 Y108.199 E2.02982
G1 X104.822 Y107.46 E2.0568
G1 X105.362 Y106.72 E2.08559
G1 X105.674 Y106.354 E2.1007
G1 X106.005 Y106.005 E2.11582
G1 X106.354 Y105.674 E2.13094
G1 X106.71 Y105.37 E2.14565
G1 X107.402 Y104.861 E2.17265
G1 X107.769 Y104.628 E2.18631
G1 X108.188 Y104.39 E2.20145
G1 X109.049 Y103.989 E2.2313
G1 X109.826 Y103.714 E2.2572
G1 X110.747 Y103.484 E2.28703
G1 X111.687 Y103.352 E2.31686
G1 X112.545 Y103.316 E2.34385
G1 X112.98 Y103.328 E2.35753
G1 X113.46 Y103.366 E2.37266
G1 X114.398 Y103.514 E2.4025
G1 X115.196 Y103.72 E2.4284
G1 X116.077 Y104.041 E2.45787
G1 X116.852 Y104.412 E2.48487
G1 X117.626 Y104.879 E2.51328
G1 X118.289 Y105.37 E2.53921
G1 X118.646 Y105.674 E2.55395
G1 X118.995 Y106.005 E2.56907
G1 X119.326 Y106.354 E2.58419
G1 X119.638 Y106.72 E2.5993
G1 X119.931 Y107.101 E2.6144
G1 X120.203 Y107.498 E2.62952
G1 X120.678 Y108.32 E2.65935
G1 X121.015 Y109.06 E2.6849
G1 X121.286 Y109.826 E2.71043
G1 X121.514 Y110.736 E2.73991
G1 X121.635 Y111.551 E2.7658
G1 X121.672 Y112.019 E2.78055
G1 X121.685 Y112.5 E2.79567
G1 X121.672 Y112.981 E2.81079
G1 X121.635 Y113.449 E2.82554
G1 X121.514 Y114.264 E2.85143
G1 X121.412 Y114.722 E2.86618
G1 X121.286 Y115.174 E2.88093
G1 X121.015 Y115.94 E2.90646
G1 X120.678 Y116.68 E2.93201
G1 X120.203 Y117.502 E2.96184
G1 X119.931 Y117.899 E2.97696
G1 X119.638 Y118.28 E2.99206
G1 X119.326 Y118.646 E3.00717
G1 X118.995 Y118.995 E3.02229
G1 X118.646 Y119.326 E3.03741
G1 X118.28 Y119.638 E3.05252
G1 X117.899 Y119.931 E3.06762
G1 X117.502 Y120.203 E3.08274
G1 X116.68 Y120.678 E3.11257
G1 X115.94 Y121.015 E3.13812
G1 X115.174 Y121.286 E3.16365
G1 X114.264 Y121.514 E3.19313
G1 X113.449 Y121.635 E3.21902
G1 X112.981 Y121.672 E3.23377
G1 X112.5 Y121.685 E3.24889
G1 X112.019 Y121.672 E3.26401
G1 X111.551 Y121.635 E3.27876
G1 X110.736 Y121.514 E3.30465
G1 X110.278 Y121.412 E3.3194
G1 X109.826 Y121.286 E3.33415
G1 X109.061 Y121.016 E3.35964
G1 X108.29 Y120.663 E3.38629
G1 X107.498 Y120.203 E3.41507
G1 X107.101 Y119.931 E3.43019
G1 X106.72 Y119.638 E3.44529
G1 X106.354 Y119.326 E3.4604
G1 X106.005 Y118.995 E3.47552
G1 X105.674 Y118.646 E3.49064
G1 X105.37 Y118.29 E3.50535
G1 X104.861 Y117.598 E3.53235
G1 X104.39 Y116.812 E3.56115
G1 X103.989 Y115.951 E3.591
G1 X103.714 Y115.174 E3.6169
G1 X103.486 Y114.264 E3.64638
G1 X103.365 Y113.449 E3.67227
G1 X103.316 Y112.513 E3.70172
G1 X103.355 Y111.654 E3.72874
G1 X103.482 Y110.76 E3.75712
G1 X103.684 Y109.925 E3.78412
G1 X103.964 Y109.116 E3.81102
G1 X103.964 Y109.116 F12000
G1 X103.638 Y108.915
G1 F4800
G1 X103.836 Y108.46 E3.82661
G1 X104.055 Y108.02 E3.84206
G1 X104.506 Y107.258 E3.86989
G1 X105.071 Y106.484 E3.9
G1 X105.396 Y106.103 E3.91574
G1 X105.74 Y105.74 E3.93146
G1 X106.103 Y105.396 E3.94718
G1 X106.477 Y105.077 E3.96263
G1 X107.19 Y104.551 E3.99047
G1 X107.576 Y104.306 E4.00484
G1 X108.012 Y104.059 E4.02059
G1 X108.46 Y103.836 E4.03632
G1 X108.911 Y103.64 E4.05177
G1 X109.713 Y103.356 E4.07851
G1 X110.187 Y103.224 E4.09397
G1 X110.676 Y103.116 E4.10971
G1 X111.17 Y103.033 E4.12545
G1 X111.658 Y102.978 E4.14088
G1 X112.543 Y102.941 E4.16872
G1 X113 Y102.953 E4.18309
G1 X113.499 Y102.993 E4.19882
G1 X113.996 Y103.058 E4.21457
G1 X114.479 Y103.148 E4.23001
G1 X115.303 Y103.361 E4.25676
G1 X115.77 Y103.517 E4.27223
G1 X116.227 Y103.697 E4.28767
G1 X117.025 Y104.08 E4.31549
G1 X117.839 Y104.57 E4.34535
G1 X118.522 Y105.076 E4.37206
G1 X118.897 Y105.396 E4.38755
G1 X119.26 Y105.74 E4.40327
G1 X119.604 Y106.103 E4.41899
G1 X119.929 Y106.484 E4.43473
G1 X120.234 Y106.881 E4.45046
G1 X120.518 Y107.293 E4.46619
G1 X120.779 Y107.72 E4.48192
G1 X121.014 Y108.153 E4.4974
G1 X121.363 Y108.919 E4.52385
G1 X121.644 Y109.713 E4.55032
G1 X121.776 Y110.187 E4.56578
G1 X121.882 Y110.668 E4.58126
G1 X122.008 Y111.509 E4.60798
G1 X122.047 Y112 E4.62346
G1 X122.06 Y112.5 E4.63918
G1 X122.047 Y113 E4.6549
G1 X122.008 Y113.491 E4.67038
G1 X121.882 Y114.332 E4.6971
G1 X121.776 Y114.813 E4.71258
G1 X121.644 Y115.287 E4.72804
G1 X121.363 Y116.081 E4.75451
G1 X121.014 Y116.847 E4.78096
G1 X120.779 Y117.28 E4.79644
G1 X120.518 Y117.707 E4.81217
G1 X120.234 Y118.119 E4.8279
G1 X119.929 Y118.516 E4.84363
G1 X119.604 Y118.897 E4.85937
G1 X119.26 Y119.26 E4.87509
G1 X118.897 Y119.604 E4.89081
G1 X118.516 Y119.929 E4.90655
G1 X118.119 Y120.234 E4.92228
G1 X117.707 Y120.518 E4.93801
G1 X117.28 Y120.779 E4.95374
G1 X116.847 Y121.014 E4.96922
G1 X116.081 Y121.363 E4.99567
G1 X115.287 Y121.644 E5.02214
G1 X114.813 Y121.776 E5.0376
G1 X114.332 Y121.882 E5.05308
G1 X113.491 Y122.008 E5.0798
G1 X113 Y122.047 E5.09528
G1 X112.5 Y122.06 E5.111
G1 X112 Y122.047 E5.12672
G1 X111.509 Y122.008 E5.1422
G1 X110.668 Y121.882 E5.16892
G1 X110.187 Y121.776 E5.1844
G1 X109.713 Y121.644 E5.19986
G1 X108.92 Y121.363 E5.2263
G1 X108.122 Y120.998 E5.25388
G1 X107.293 Y120.518 E5.28398
G1 X106.881 Y120.234 E5.29971
G1 X106.484 Y119.929 E5.31544
G1 X106.103 Y119.604 E5.33118
G1 X105.74 Y119.26 E5.3469
G1 X105.396 Y118.897 E5.36262
G1 X105.077 Y118.523 E5.37807
G1 X104.551 Y117.81 E5.40591
G1 X104.059 Y116.988 E5.43602
G1 X103.836 Y116.54 E5.45175
G1 X103.64 Y116.089 E5.4672
G1 X103.356 Y115.287 E5.49394
G1 X103.224 Y114.813 E5.5094
G1 X103.118 Y114.332 E5.52488
G1 X102.992 Y113.491 E5.5516
G1 X102.953 Y113 E5.56708
G1 X102.94 Y112.509 E5.58252
G1 X102.981 Y111.624 E5.61036
G1 X103.114 Y110.685 E5.64016
G1 X103.323 Y109.824 E5.668
G1 X103.618 Y108.971 E5.69636
G1 X103.618 Y108.971 F12000
G1 X103.294 Y108.765
G1 F4800
G1 X103.496 Y108.301 E5.71226
G1 X103.726 Y107.841 E5.72842
G1 X104.19 Y107.056 E5.75708
G1 X104.462 Y106.661 E5.77215
G1 X104.779 Y106.248 E5.78851
G1 X105.117 Y105.852 E5.80487
G1 X105.475 Y105.475 E5.82121
G1 X105.852 Y105.117 E5.83755
G1 X106.244 Y104.783 E5.85373
G1 X106.978 Y104.242 E5.88238
G1 X107.383 Y103.984 E5.89747
G1 X107.836 Y103.728 E5.91382
G1 X108.301 Y103.496 E5.93015
G1 X108.774 Y103.291 E5.94635
G1 X109.6 Y102.998 E5.97389
G1 X110.097 Y102.86 E5.9901
G1 X110.604 Y102.748 E6.00642
G1 X111.117 Y102.662 E6.02277
G1 X111.629 Y102.604 E6.03896
G1 X112.54 Y102.566 E6.06761
G1 X113.02 Y102.579 E6.0827
G1 X113.538 Y102.62 E6.09903
G1 X114.054 Y102.687 E6.11538
G1 X114.561 Y102.781 E6.13158
G1 X115.409 Y103.001 E6.15911
G1 X115.898 Y103.164 E6.17531
G1 X116.377 Y103.353 E6.19149
G1 X117.199 Y103.747 E6.22014
G1 X117.617 Y103.984 E6.23524
G1 X118.051 Y104.261 E6.25142
G1 X118.756 Y104.782 E6.27897
G1 X119.148 Y105.117 E6.29517
G1 X119.525 Y105.475 E6.31151
G1 X119.883 Y105.852 E6.32785
G1 X120.221 Y106.248 E6.34421
G1 X120.537 Y106.66 E6.36053
G1 X120.832 Y107.089 E6.37689
G1 X121.104 Y107.533 E6.39325
G1 X121.35 Y107.985 E6.40942
G1 X121.711 Y108.778 E6.4368
G1 X122.002 Y109.6 E6.4642
G1 X122.14 Y110.097 E6.48041
G1 X122.251 Y110.599 E6.49657
G1 X122.381 Y111.466 E6.52412
G1 X122.421 Y111.98 E6.54032
G1 X122.435 Y112.5 E6.55667
G1 X122.421 Y113.02 E6.57302
G1 X122.381 Y113.534 E6.58922
G1 X122.251 Y114.4 E6.61674
G1 X122.14 Y114.903 E6.63293
G1 X122.002 Y115.4 E6.64914
G1 X121.711 Y116.222 E6.67654
G1 X121.35 Y117.015 E6.70392
G1 X121.104 Y117.467 E6.72009
G1 X120.832 Y117.911 E6.73645
G1 X120.537 Y118.34 E6.75281
G1 X120.221 Y118.752 E6.76913
G1 X119.883 Y119.148 E6.78549
G1 X119.525 Y119.525 E6.80183
G1 X119.148 Y119.883 E6.81817
G1 X118.752 Y120.221 E6.83453
G1 X118.34 Y120.537 E6.85085
G1 X117.911 Y120.832 E6.86721
G1 X117.467 Y121.104 E6.88357
G1 X117.015 Y121.35 E6.89974
G1 X116.222 Y121.711 E6.92712
G1 X115.4 Y122.002 E6.95452
G1 X114.903 Y122.14 E6.97073
G1 X114.401 Y122.251 E6.98689
G1 X113.534 Y122.381 E7.01444
G1 X113.02 Y122.421 E7.03064
G1 X112.5 Y122.435 E7.04699
G1 X111.98 Y122.421 E7.06334
G1 X111.466 Y122.381 E7.07954
G1 X110.6 Y122.251 E7.10706
G1 X110.097 Y122.14 E7.12325
G1 X109.6 Y122.002 E7.13946
G1 X108.779 Y121.711 E7.16683
G1 X107.954 Y121.334 E7.19533
G1 X107.533 Y121.104 E7.21041
G1 X107.089 Y120.832 E7.22677
G1 X106.66 Y120.537 E7.24313
G1 X106.248 Y120.221 E7.25945
G1 X105.852 Y119.883 E7.27581
G1 X105.475 Y119.525 E7.29215
G1 X105.117 Y119.148 E7.30849
G1 X104.783 Y118.756 E7.32467
G1 X104.242 Y118.022 E7.35332
G1 X103.984 Y117.617 E7.36841
G1 X103.728 Y117.164 E7.38476
G1 X103.496 Y116.699 E7.40109
G1 X103.291 Y116.226 E7.41729
G1 X102.998 Y115.4 E7.44483
G1 X102.86 Y114.903 E7.46104
G1 X102.749 Y114.4 E7.47723
G1 X102.619 Y113.534 E7.50475
G1 X102.579 Y113.02 E7.52095
G1 X102.565 Y112.505 E7.53714
G1 X102.607 Y111.594 E7.5658
G1 X102.662 Y111.118 E7.58086
G1 X102.747 Y110.61 E7.59705
G1 X102.961 Y109.723 E7.62572
G1 X103.106 Y109.266 E7.64079
G1 X103.273 Y108.821 E7.65573
G1 X103.273 Y108.821 F12000
G1 X102.96 Y108.62
;TYPE:External perimeter
;WIDTH:0.4
G1 F2400
G1 X103.165 Y108.147 E7.67107
G1 X103.405 Y107.666 E7.68706
G1 X103.882 Y106.859 E7.71495
G1 X104.167 Y106.446 E7.72988
G1 X104.495 Y106.018 E7.74592
G1 X104.846 Y105.608 E7.76198
G1 X105.217 Y105.217 E7.77801
G1 X105.608 Y104.846 E7.79404
G1 X106.017 Y104.497 E7.81003
G1 X106.772 Y103.94 E7.83794
G1 X107.195 Y103.671 E7.85285
G1 X107.664 Y103.406 E7.86888
G1 X108.147 Y103.165 E7.88494
G1 X108.64 Y102.951 E7.90093
G1 X109.49 Y102.65 E7.92776
G1 X110.008 Y102.506 E7.94375
G1 X110.535 Y102.389 E7.95981
G1 X111.067 Y102.3 E7.97586
G1 X111.6 Y102.239 E7.99182
G1 X112.537 Y102.2 E8.01972
G1 X113.039 Y102.214 E8.03466
G1 X113.577 Y102.256 E8.05071
G1 X114.111 Y102.327 E8.06674
G1 X114.64 Y102.425 E8.08274
G1 X115.513 Y102.651 E8.10957
G1 X116.023 Y102.821 E8.12556
G1 X116.523 Y103.018 E8.14155
G1 X117.368 Y103.424 E8.16944
G1 X117.805 Y103.671 E8.18437
G1 X118.258 Y103.96 E8.20036
G1 X118.983 Y104.497 E8.2272
G1 X119.392 Y104.846 E8.24319
G1 X119.783 Y105.217 E8.25922
G1 X120.154 Y105.608 E8.27525
G1 X120.505 Y106.018 E8.29131
G1 X120.833 Y106.446 E8.30735
G1 X121.138 Y106.89 E8.32337
G1 X121.42 Y107.35 E8.33942
G1 X121.676 Y107.822 E8.35539
G1 X122.05 Y108.642 E8.3822
G1 X122.35 Y109.49 E8.40896
G1 X122.494 Y110.008 E8.42495
G1 X122.61 Y110.533 E8.44094
G1 X122.744 Y111.425 E8.46777
G1 X122.786 Y111.961 E8.48376
G1 X122.8 Y112.5 E8.4998
G1 X122.786 Y113.039 E8.51584
G1 X122.744 Y113.575 E8.53183
G1 X122.61 Y114.467 E8.55866
G1 X122.494 Y114.992 E8.57465
G1 X122.35 Y115.51 E8.59064
G1 X122.05 Y116.358 E8.6174
G1 X121.676 Y117.178 E8.64421
G1 X121.42 Y117.65 E8.66018
G1 X121.138 Y118.11 E8.67623
G1 X120.833 Y118.554 E8.69225
G1 X120.505 Y118.982 E8.70829
G1 X120.154 Y119.392 E8.72435
G1 X119.783 Y119.783 E8.74038
G1 X119.392 Y120.154 E8.75641
G1 X118.982 Y120.505 E8.77247
G1 X118.554 Y120.833 E8.78851
G1 X118.11 Y121.138 E8.80453
G1 X117.65 Y121.42 E8.82058
G1 X117.178 Y121.676 E8.83655
G1 X116.358 Y122.05 E8.86336
G1 X115.51 Y122.35 E8.89012
G1 X114.992 Y122.494 E8.90611
G1 X114.467 Y122.61 E8.9221
G1 X113.575 Y122.744 E8.94893
G1 X113.039 Y122.786 E8.96492
G1 X112.5 Y122.8 E8.98096
G1 X111.961 Y122.786 E8.997
G1 X111.425 Y122.744 E9.01299
G1 X110.533 Y122.61 E9.03982
G1 X110.008 Y122.494 E9.05581
G1 X109.49 Y122.35 E9.0718
G1 X108.642 Y122.05 E9.09856
G1 X107.791 Y121.66 E9.12641
G1 X107.35 Y121.42 E9.14135
G1 X106.89 Y121.138 E9.1574
G1 X106.446 Y120.833 E9.17342
G1 X106.018 Y120.505 E9.18946
G1 X105.608 Y120.154 E9.20552
G1 X105.217 Y119.783 E9.22155
G1 X104.846 Y119.392 E9.23758
G1 X104.497 Y118.983 E9.25357
G1 X103.94 Y118.228 E9.28148
G1 X103.671 Y117.805 E9.29639
G1 X103.406 Y117.336 E9.31242
G1 X103.165 Y116.853 E9.32848
G1 X102.951 Y116.36 E9.34447
G1 X102.65 Y115.51 E9.3713
G1 X102.506 Y114.992 E9.38729
G1 X102.39 Y114.467 E9.40328
G1 X102.256 Y113.575 E9.43011
G1 X102.214 Y113.039 E9.4461
G1 X102.2 Y112.502 E9.46208
G1 X102.243 Y111.565 E9.48998
G1 X102.3 Y111.067 E9.50489
G1 X102.389 Y110.537 E9.52088
G1 X102.61 Y109.625 E9.5488
G1 X102.761 Y109.147 E9.56371
G1 X102.937 Y108.675 E9.5787
G1 X103.095 Y108.308 F12000
;LAYER_CHANGE
;Z:7.55
;HEIGHT:0.21
G1 Z7.55 F12000
G1 E7.5787 F2400
G92 E0
G1 Z7.95 F12000
G1 X103.709 Y110.687
G1 Z7.55
G1 E2 F2400
G92 E0
;TYPE:Internal infill
;WIDTH:0.42
G1 F6000
G1 X110.683 Y103.713 E.30994
G1 E-1.69006 F2400
G92 E0
G1 X110.683 Y103.713 Z7.95 F12000
G1 X109.389 Y120.913
G1 Z7.55
G1 E2 F2400
G1 F6000
G1 X113.47 Y116.832 E2.18137
G1 X113.034 Y116.909 E2.19528
G1 X112.183 Y116.93 E2.22203
G1 X111.283 Y116.772 E2.25075
G1 X110.483 Y116.458 E2.27776
G1 X110.081 Y116.225 E2.29236
G1 X109.361 Y115.639 E2.32153
G1 X106.271 Y118.729 E2.45886
G1 X105.727 Y118.132 E2.48424
G1 X105.197 Y117.426 E2.51198
G1 X104.727 Y116.646 E2.5406
G1 X104.221 Y115.477 E2.58063
G1 X108.171 Y111.527 E2.75618
G1 X108.539 Y110.49 E2.79076
G1 X109 Y109.765 E2.81776
G1 X109.305 Y109.414 E2.83237
G1 X109.64 Y109.101 E2.84678
G1 X110.347 Y108.614 E2.87376
G1 X110.764 Y108.411 E2.88833
G1 X111.53 Y108.168 E2.91358
G1 X115.476 Y104.221 E3.08897
G1 X116.644 Y104.727 E3.12897
G1 X117.418 Y105.191 E3.15733
G1 X118.051 Y105.66 E3.18209
G1 X118.729 Y106.271 E3.21077
G1 X115.639 Y109.361 E3.3481
G1 X116.183 Y110.016 E3.37486
G1 X116.418 Y110.408 E3.38922
G1 X116.727 Y111.135 E3.41404
G1 X116.909 Y111.966 E3.44077
G1 X116.941 Y112.422 E3.45514
G1 X116.828 Y113.475 E3.48842
G1 X120.781 Y109.521 E3.66412
G1 X121.145 Y110.809 E3.70618
G1 X121.262 Y111.589 E3.73097
G1 X121.309 Y112.49 E3.75932
G1 X121.275 Y113.278 E3.78411
G1 X121.056 Y114.549 E3.82464
G1 X114.317 Y121.288 E4.12413
G1 E2.12413 F2400
G92 E0
G1 X114.317 Y121.288 Z7.95 F12000
G1 X115.648 Y109.929
G1 Z7.55
G1 E2 F2400
;TYPE:Perimeter
G1 F3600
G1 X115.871 Y110.226 E2.01167
G1 X116.088 Y110.586 E2.02488
G1 X116.243 Y110.911 E2.0362
G1 X116.369 Y111.249 E2.04754
G1 X116.476 Y111.649 E2.06055
G1 X116.537 Y112.01 E2.07206
G1 X116.566 Y112.429 E2.08526
G1 X116.551 Y112.849 E2.09847
G1 X116.504 Y113.212 E2.10997
G1 X116.41 Y113.615 E2.12297
G1 X116.294 Y113.963 E2.1345
G1 X116.123 Y114.346 E2.14768
G1 X115.913 Y114.711 E2.16091
G1 X115.694 Y115.016 E2.17271
G1 X115.425 Y115.325 E2.18558
G1 X115.118 Y115.611 E2.19877
G1 X114.828 Y115.834 E2.21027
G1 X114.472 Y116.057 E2.22347
G1 X114.089 Y116.243 E2.23685
G1 X113.694 Y116.387 E2.25006
G1 X113.345 Y116.477 E2.26139
G1 X112.99 Y116.537 E2.2727
G1 X112.577 Y116.566 E2.28571
G1 X112.211 Y116.556 E2.29722
G1 X111.794 Y116.505 E2.31042
G1 X111.385 Y116.41 E2.32362
G1 X111.037 Y116.294 E2.33515
G1 X110.654 Y116.123 E2.34833
G1 X110.285 Y115.911 E2.3617
G1 X109.945 Y115.664 E2.37491
G1 X109.671 Y115.421 E2.38642
G1 X109.385 Y115.114 E2.39961
G1 X109.132 Y114.779 E2.4128
G1 X108.941 Y114.466 E2.42432
G1 X108.757 Y114.089 E2.4375
G1 X108.613 Y113.694 E2.45071
G1 X108.521 Y113.34 E2.4622
G1 X108.457 Y112.931 E2.47521
G1 X108.434 Y112.57 E2.48658
G1 X108.445 Y112.2 E2.49821
G1 X108.495 Y111.799 E2.51091
G1 X108.574 Y111.442 E2.5224
G1 X108.704 Y111.043 E2.53559
G1 X108.874 Y110.659 E2.54879
G1 X109.055 Y110.34 E2.56032
G1 X109.295 Y109.996 E2.5735
G1 X109.575 Y109.675 E2.58689
G1 X109.883 Y109.388 E2.60012
G1 X110.181 Y109.16 E2.61191
G1 X110.529 Y108.943 E2.6248
G1 X110.911 Y108.757 E2.63815
G1 X111.306 Y108.613 E2.65136
G1 X111.66 Y108.521 E2.66285
G1 X112.07 Y108.456 E2.6759
G1 X112.445 Y108.434 E2.6877
G1 X112.855 Y108.449 E2.70059
G1 X113.271 Y108.507 E2.71379
G1 X113.636 Y108.596 E2.7256
G1 X114.023 Y108.73 E2.73847
G1 X114.395 Y108.902 E2.75135
G1 X114.715 Y109.09 E2.76301
G1 X115.016 Y109.306 E2.77465
G1 X115.325 Y109.575 E2.78752
G1 X115.611 Y109.882 E2.80071
G1 X115.611 Y109.882 F12000
G1 X115.349 Y110.156
G1 F3600
G1 X115.56 Y110.436 E2.81173
G1 X115.757 Y110.764 E2.82375
G1 X115.897 Y111.058 E2.83398
G1 X116.012 Y111.363 E2.84422
G1 X116.109 Y111.729 E2.85612
G1 X116.164 Y112.054 E2.86648
G1 X116.191 Y112.436 E2.87851
G1 X116.177 Y112.818 E2.89052
G1 X116.134 Y113.145 E2.90088
G1 X116.049 Y113.513 E2.91275
G1 X115.944 Y113.827 E2.92315
G1 X115.789 Y114.176 E2.93515
G1 X115.597 Y114.507 E2.94718
G1 X115.4 Y114.783 E2.95784
G1 X115.155 Y115.064 E2.96956
G1 X114.876 Y115.325 E2.98157
G1 X114.614 Y115.526 E2.99195
G1 X114.289 Y115.728 E3.00398
G1 X113.942 Y115.898 E3.01612
G1 X113.583 Y116.028 E3.02812
G1 X113.267 Y116.11 E3.03838
G1 X112.946 Y116.164 E3.04861
G1 X112.569 Y116.19 E3.06049
G1 X112.238 Y116.182 E3.07089
G1 X111.859 Y116.135 E3.08289
G1 X111.487 Y116.049 E3.09489
G1 X111.173 Y115.944 E3.10529
G1 X110.824 Y115.789 E3.11729
G1 X110.49 Y115.596 E3.12941
G1 X110.18 Y115.371 E3.14145
G1 X109.933 Y115.152 E3.15182
G1 X109.672 Y114.873 E3.16383
G1 X109.442 Y114.567 E3.17586
G1 X109.27 Y114.286 E3.18621
G1 X109.102 Y113.942 E3.19824
G1 X108.972 Y113.583 E3.21024
G1 X108.889 Y113.263 E3.22063
G1 X108.83 Y112.89 E3.2325
G1 X108.81 Y112.564 E3.24276
G1 X108.819 Y112.229 E3.25329
G1 X108.865 Y111.863 E3.26488
G1 X108.936 Y111.541 E3.27524
G1 X109.054 Y111.177 E3.28726
G1 X109.21 Y110.828 E3.29927
G1 X109.372 Y110.541 E3.30963
G1 X109.591 Y110.228 E3.32163
G1 X109.845 Y109.936 E3.33379
G1 X110.125 Y109.675 E3.34582
G1 X110.394 Y109.469 E3.35647
G1 X110.711 Y109.271 E3.36822
G1 X111.058 Y109.102 E3.38035
G1 X111.417 Y108.972 E3.39235
G1 X111.737 Y108.889 E3.40274
G1 X112.111 Y108.83 E3.41464
G1 X112.449 Y108.809 E3.42528
G1 X112.822 Y108.823 E3.43701
G1 X113.201 Y108.876 E3.44904
G1 X113.531 Y108.956 E3.45971
G1 X113.883 Y109.078 E3.47142
G1 X114.221 Y109.235 E3.48313
G1 X114.51 Y109.405 E3.49367
G1 X114.783 Y109.6 E3.50421
G1 X115.064 Y109.845 E3.51593
G1 X115.311 Y110.11 E3.52731
G1 X115.311 Y110.11 F12000
G1 X115.051 Y110.383
G1 F3600
G1 X115.249 Y110.646 E3.53766
G1 X115.426 Y110.941 E3.54847
G1 X115.552 Y111.205 E3.55766
G1 X115.654 Y111.478 E3.56682
G1 X115.743 Y111.808 E3.57756
G1 X115.791 Y112.098 E3.5868
G1 X115.815 Y112.442 E3.59764
G1 X115.803 Y112.787 E3.60849
G1 X115.765 Y113.078 E3.61771
G1 X115.688 Y113.412 E3.62848
G1 X115.594 Y113.691 E3.63773
G1 X115.454 Y114.005 E3.64853
G1 X115.282 Y114.304 E3.65937
G1 X115.105 Y114.55 E3.66889
G1 X114.885 Y114.804 E3.67945
G1 X114.633 Y115.038 E3.69026
G1 X114.4 Y115.217 E3.69949
G1 X114.107 Y115.4 E3.71035
G1 X113.796 Y115.552 E3.72123
G1 X113.472 Y115.67 E3.73207
G1 X113.189 Y115.743 E3.74125
G1 X112.902 Y115.791 E3.75039
G1 X112.56 Y115.815 E3.76116
G1 X112.266 Y115.807 E3.7704
G1 X111.924 Y115.765 E3.78123
G1 X111.588 Y115.688 E3.79206
G1 X111.309 Y115.594 E3.80131
G1 X110.995 Y115.454 E3.81211
G1 X110.694 Y115.281 E3.82302
G1 X110.415 Y115.078 E3.83386
G1 X110.195 Y114.883 E3.8431
G1 X109.96 Y114.631 E3.85393
G1 X109.753 Y114.356 E3.86475
G1 X109.599 Y114.105 E3.874
G1 X109.448 Y113.796 E3.88481
G1 X109.33 Y113.472 E3.89565
G1 X109.256 Y113.187 E3.9049
G1 X109.203 Y112.849 E3.91565
G1 X109.185 Y112.557 E3.92484
G1 X109.193 Y112.257 E3.93427
G1 X109.234 Y111.926 E3.94475
G1 X109.298 Y111.639 E3.95399
G1 X109.405 Y111.312 E3.9648
G1 X109.545 Y110.997 E3.97563
G1 X109.69 Y110.741 E3.98488
G1 X109.887 Y110.459 E3.99569
G1 X110.115 Y110.197 E4.0066
G1 X110.367 Y109.961 E4.01745
G1 X110.608 Y109.777 E4.02698
G1 X110.893 Y109.6 E4.03752
G1 X111.204 Y109.448 E4.0484
G1 X111.528 Y109.33 E4.05924
G1 X111.813 Y109.256 E4.06849
G1 X112.151 Y109.203 E4.07924
G1 X112.454 Y109.185 E4.08878
G1 X112.789 Y109.197 E4.09931
G1 X113.131 Y109.245 E4.11016
G1 X113.425 Y109.316 E4.11966
G1 X113.742 Y109.426 E4.1302
G1 X114.046 Y109.567 E4.14073
G1 X114.306 Y109.719 E4.15019
G1 X114.55 Y109.895 E4.15964
G1 X114.804 Y110.115 E4.1702
G1 X115.011 Y110.338 E4.17976
G1 X115.011 Y110.338 F12000
G1 X114.754 Y110.597
;TYPE:External perimeter
;WIDTH:0.4
G1 F3600
G1 X114.76 Y110.604 E4.18003
G1 X114.946 Y110.85 E4.1892
G1 X115.104 Y111.114 E4.19835
G1 X115.306 Y111.589 E4.21371
G1 X115.386 Y111.886 E4.22286
G1 X115.428 Y112.141 E4.23055
G1 X115.45 Y112.449 E4.23974
G1 X115.439 Y112.756 E4.24888
G1 X115.405 Y113.013 E4.25659
G1 X115.336 Y113.312 E4.26572
G1 X115.254 Y113.558 E4.27343
G1 X115.129 Y113.839 E4.28258
G1 X114.975 Y114.106 E4.29175
G1 X114.819 Y114.324 E4.29972
G1 X114.622 Y114.549 E4.30862
G1 X114.397 Y114.759 E4.31778
G1 X114.191 Y114.917 E4.3255
G1 X113.93 Y115.08 E4.33465
G1 X113.653 Y115.216 E4.34383
G1 X113.363 Y115.321 E4.35301
G1 X112.859 Y115.428 E4.36834
G1 X112.552 Y115.45 E4.3775
G1 X112.293 Y115.443 E4.38521
G1 X111.988 Y115.405 E4.39435
G1 X111.688 Y115.336 E4.40351
G1 X111.442 Y115.254 E4.41122
G1 X111.161 Y115.129 E4.42037
G1 X110.893 Y114.974 E4.42958
G1 X110.644 Y114.793 E4.43874
G1 X110.45 Y114.622 E4.44643
G1 X110.24 Y114.396 E4.45561
G1 X110.055 Y114.15 E4.46477
G1 X109.919 Y113.93 E4.47246
G1 X109.784 Y113.653 E4.48163
G1 X109.679 Y113.363 E4.49081
G1 X109.614 Y113.113 E4.49849
G1 X109.566 Y112.809 E4.50765
G1 X109.558 Y112.285 E4.52324
G1 X109.594 Y111.988 E4.53214
G1 X109.651 Y111.736 E4.53983
G1 X109.746 Y111.443 E4.54899
G1 X109.871 Y111.161 E4.55817
G1 X109.999 Y110.936 E4.56587
G1 X110.175 Y110.684 E4.57501
G1 X110.378 Y110.451 E4.5842
G1 X110.603 Y110.24 E4.59338
G1 X110.816 Y110.078 E4.60134
G1 X111.07 Y109.92 E4.61024
G1 X111.347 Y109.784 E4.61942
G1 X111.637 Y109.679 E4.6286
G1 X111.887 Y109.614 E4.63628
G1 X112.191 Y109.566 E4.64544
G1 X112.458 Y109.55 E4.6534
G1 X112.757 Y109.561 E4.6623
G1 X113.062 Y109.604 E4.67146
G1 X113.322 Y109.667 E4.67942
G1 X113.605 Y109.765 E4.68833
G1 X113.877 Y109.891 E4.69725
G1 X114.324 Y110.181 E4.7131
G1 X114.549 Y110.378 E4.722
G1 X114.713 Y110.553 E4.72913
G1 X114.953 Y110.874 F12000
G1 E2.72913 F2400
G92 E0
G1 Z7.95 F12000
G1 X103.999 Y109.038
G1 Z7.55
G1 E2 F2400
;TYPE:Perimeter
;WIDTH:0.42
G1 F4800
G1 X104.041 Y108.922 E2.00388
G1 X104.396 Y108.178 E2.02979
G1 X104.879 Y107.375 E2.05924
G1 X105.389 Y106.688 E2.08613
G1 X106.005 Y106.005 E2.11503
G1 X106.354 Y105.674 E2.13015
G1 X106.711 Y105.37 E2.14489
G1 X107.374 Y104.879 E2.17082
G1 X107.77 Y104.627 E2.18557
G1 X108.188 Y104.39 E2.20067
G1 X109.049 Y103.989 E2.23052
G1 X109.826 Y103.714 E2.25642
G1 X110.747 Y103.484 E2.28625
G1 X111.687 Y103.352 E2.31608
G1 X112.541 Y103.316 E2.34294
G1 X112.98 Y103.328 E2.35674
G1 X113.46 Y103.366 E2.37187
G1 X113.937 Y103.428 E2.38699
G1 X114.398 Y103.514 E2.40173
G1 X115.196 Y103.72 E2.42763
G1 X116.078 Y104.041 E2.45713
G1 X116.822 Y104.396 E2.48304
G1 X117.626 Y104.879 E2.51251
G1 X118.289 Y105.37 E2.53844
G1 X118.986 Y105.997 E2.5679
G1 X119.543 Y106.605 E2.59381
G1 X120.115 Y107.364 E2.62368
G1 X120.373 Y107.769 E2.63877
G1 X120.61 Y108.188 E2.6539
G1 X121.011 Y109.049 E2.68375
G1 X121.286 Y109.826 E2.70965
G1 X121.514 Y110.736 E2.73913
G1 X121.635 Y111.551 E2.76502
G1 X121.684 Y112.489 E2.79454
G1 X121.648 Y113.312 E2.82043
G1 X121.516 Y114.253 E2.85029
G1 X121.286 Y115.174 E2.88012
G1 X121.015 Y115.94 E2.90565
G1 X120.678 Y116.68 E2.9312
G1 X120.203 Y117.502 E2.96103
G1 X119.931 Y117.899 E2.97615
G1 X119.638 Y118.28 E2.99125
G1 X119.326 Y118.646 E3.00636
G1 X118.995 Y118.995 E3.02148
G1 X118.646 Y119.326 E3.0366
G1 X118.28 Y119.638 E3.05171
G1 X117.899 Y119.931 E3.06681
G1 X117.502 Y120.203 E3.08193
G1 X116.68 Y120.678 E3.11176
G1 X115.94 Y121.015 E3.13731
G1 X115.174 Y121.286 E3.16284
G1 X114.264 Y121.514 E3.19232
G1 X113.449 Y121.635 E3.21821
G1 X112.511 Y121.684 E3.24773
G1 X111.688 Y121.648 E3.27362
G1 X110.747 Y121.516 E3.30348
G1 X109.826 Y121.287 E3.3333
G1 X109.06 Y121.015 E3.35884
G1 X108.32 Y120.678 E3.38439
G1 X107.498 Y120.203 E3.41422
G1 X107.101 Y119.931 E3.42934
G1 X106.72 Y119.638 E3.44444
G1 X106.015 Y119.003 E3.47426
G1 X105.438 Y118.372 E3.50113
G1 X104.885 Y117.636 E3.53006
G1 X104.397 Y116.823 E3.55986
G1 X104.03 Y116.051 E3.58672
G1 X103.717 Y115.185 E3.61566
G1 X103.486 Y114.264 E3.6455
G1 X103.365 Y113.449 E3.67139
G1 X103.316 Y112.513 E3.70084
G1 X103.354 Y111.658 E3.72774
G1 X103.484 Y110.747 E3.75666
G1 X103.588 Y110.278 E3.77176
G1 X103.717 Y109.815 E3.78686
G1 X103.979 Y109.094 E3.81097
G1 X103.979 Y109.094 F12000
G1 X103.647 Y108.899
G1 F4800
G1 X103.697 Y108.772 E3.81526
G1 X104.063 Y108.005 E3.84197
G1 X104.306 Y107.576 E3.85746
G1 X104.57 Y107.162 E3.87289
G1 X105.095 Y106.454 E3.90059
G1 X105.74 Y105.74 E3.93083
G1 X106.103 Y105.396 E3.94655
G1 X106.478 Y105.076 E3.96204
G1 X107.161 Y104.57 E3.98875
G1 X107.576 Y104.306 E4.00421
G1 X108.012 Y104.059 E4.01996
G1 X108.46 Y103.836 E4.03569
G1 X108.911 Y103.64 E4.05114
G1 X109.713 Y103.356 E4.07788
G1 X110.187 Y103.224 E4.09334
G1 X110.676 Y103.116 E4.10908
G1 X111.17 Y103.033 E4.12482
G1 X111.658 Y102.978 E4.14025
G1 X112.539 Y102.941 E4.16796
G1 X113 Y102.953 E4.18245
G1 X113.499 Y102.993 E4.19818
G1 X113.995 Y103.058 E4.2139
G1 X114.479 Y103.148 E4.22937
G1 X115.303 Y103.361 E4.25612
G1 X115.77 Y103.517 E4.27159
G1 X116.228 Y103.697 E4.28705
G1 X116.995 Y104.063 E4.31376
G1 X117.424 Y104.306 E4.32925
G1 X117.839 Y104.57 E4.34471
G1 X118.522 Y105.076 E4.37142
G1 X118.897 Y105.396 E4.38691
G1 X119.254 Y105.735 E4.40238
G1 X119.828 Y106.361 E4.42907
G1 X120.135 Y106.747 E4.44457
G1 X120.425 Y107.154 E4.46027
G1 X120.694 Y107.576 E4.476
G1 X120.941 Y108.012 E4.49175
G1 X121.164 Y108.46 E4.50748
G1 X121.36 Y108.911 E4.52293
G1 X121.644 Y109.713 E4.54967
G1 X121.776 Y110.187 E4.56513
G1 X121.882 Y110.668 E4.58061
G1 X122.008 Y111.509 E4.60733
G1 X122.047 Y112 E4.62281
G1 X122.06 Y112.492 E4.63828
G1 X122.023 Y113.341 E4.66499
G1 X121.967 Y113.83 E4.68046
G1 X121.884 Y114.324 E4.6962
G1 X121.776 Y114.813 E4.71194
G1 X121.644 Y115.287 E4.7274
G1 X121.363 Y116.081 E4.75387
G1 X121.014 Y116.847 E4.78032
G1 X120.779 Y117.28 E4.7958
G1 X120.518 Y117.707 E4.81153
G1 X120.234 Y118.119 E4.82726
G1 X119.929 Y118.516 E4.84299
G1 X119.604 Y118.897 E4.85873
G1 X119.26 Y119.26 E4.87445
G1 X118.897 Y119.604 E4.89017
G1 X118.516 Y119.929 E4.90591
G1 X118.119 Y120.234 E4.92164
G1 X117.707 Y120.518 E4.93737
G1 X117.28 Y120.779 E4.9531
G1 X116.847 Y121.014 E4.96858
G1 X116.081 Y121.363 E4.99503
G1 X115.287 Y121.644 E5.0215
G1 X114.813 Y121.776 E5.03696
G1 X114.332 Y121.882 E5.05244
G1 X113.491 Y122.008 E5.07916
G1 X113 Y122.047 E5.09464
G1 X112.508 Y122.06 E5.11011
G1 X111.659 Y122.023 E5.13682
G1 X111.17 Y121.967 E5.15229
G1 X110.676 Y121.884 E5.16803
G1 X110.187 Y121.776 E5.18377
G1 X109.713 Y121.644 E5.19923
G1 X108.919 Y121.363 E5.2257
G1 X108.153 Y121.014 E5.25215
G1 X107.72 Y120.779 E5.26763
G1 X107.293 Y120.518 E5.28336
G1 X106.881 Y120.234 E5.29909
G1 X106.484 Y119.929 E5.31482
G1 X106.103 Y119.604 E5.33056
G1 X105.747 Y119.266 E5.34599
G1 X105.152 Y118.615 E5.37371
G1 X104.575 Y117.846 E5.40392
G1 X104.306 Y117.424 E5.41965
G1 X104.064 Y116.996 E5.4351
G1 X103.686 Y116.2 E5.46279
G1 X103.358 Y115.295 E5.49304
G1 X103.224 Y114.813 E5.50876
G1 X103.118 Y114.332 E5.52424
G1 X102.992 Y113.491 E5.55096
G1 X102.953 Y113 E5.56644
G1 X102.94 Y112.509 E5.58188
G1 X102.98 Y111.628 E5.60959
G1 X103.116 Y110.676 E5.63981
G1 X103.224 Y110.187 E5.65555
G1 X103.358 Y109.705 E5.67127
G1 X103.517 Y109.23 E5.68701
G1 X103.625 Y108.955 E5.69629
G1 X103.625 Y108.955 F12000
G1 X103.298 Y108.762
G1 F4800
G1 X103.353 Y108.623 E5.70099
G1 X103.73 Y107.832 E5.72853
G1 X103.984 Y107.383 E5.74474
G1 X104.261 Y106.949 E5.76092
G1 X104.802 Y106.22 E5.78945
G1 X105.117 Y105.852 E5.80467
G1 X105.475 Y105.475 E5.82101
G1 X105.852 Y105.117 E5.83735
G1 X106.244 Y104.782 E5.85355
G1 X106.949 Y104.261 E5.8811
G1 X107.383 Y103.984 E5.89728
G1 X107.836 Y103.728 E5.91363
G1 X108.301 Y103.496 E5.92996
G1 X108.774 Y103.291 E5.94616
G1 X109.6 Y102.998 E5.9737
G1 X110.097 Y102.86 E5.98991
G1 X110.604 Y102.748 E6.00623
G1 X111.117 Y102.662 E6.02258
G1 X111.629 Y102.604 E6.03877
G1 X112.536 Y102.566 E6.0673
G1 X113.02 Y102.579 E6.08252
G1 X113.538 Y102.62 E6.09885
G1 X114.054 Y102.687 E6.1152
G1 X114.561 Y102.781 E6.1314
G1 X115.409 Y103.001 E6.15893
G1 X115.898 Y103.164 E6.17513
G1 X116.377 Y103.353 E6.19131
G1 X117.168 Y103.73 E6.21885
G1 X117.617 Y103.984 E6.23506
G1 X118.051 Y104.261 E6.25124
G1 X118.756 Y104.782 E6.27879
G1 X119.148 Y105.117 E6.29499
G1 X119.521 Y105.472 E6.31117
G1 X120.114 Y106.118 E6.33873
G1 X120.434 Y106.521 E6.3549
G1 X120.736 Y106.945 E6.37126
G1 X121.016 Y107.383 E6.3876
G1 X121.272 Y107.836 E6.40395
G1 X121.504 Y108.301 E6.42028
G1 X121.709 Y108.774 E6.43648
G1 X122.002 Y109.6 E6.46402
G1 X122.14 Y110.097 E6.48023
G1 X122.251 Y110.6 E6.49642
G1 X122.381 Y111.466 E6.52394
G1 X122.421 Y111.98 E6.54014
G1 X122.435 Y112.495 E6.55633
G1 X122.397 Y113.371 E6.58388
G1 X122.338 Y113.883 E6.60008
G1 X122.252 Y114.396 E6.61643
G1 X122.14 Y114.903 E6.63275
G1 X122.002 Y115.4 E6.64896
G1 X121.711 Y116.222 E6.67636
G1 X121.35 Y117.015 E6.70374
G1 X121.104 Y117.467 E6.71991
G1 X120.832 Y117.911 E6.73627
G1 X120.537 Y118.34 E6.75263
G1 X120.221 Y118.752 E6.76895
G1 X119.883 Y119.148 E6.78531
G1 X119.525 Y119.525 E6.80165
G1 X119.148 Y119.883 E6.81799
G1 X118.752 Y120.221 E6.83435
G1 X118.34 Y120.537 E6.85067
G1 X117.911 Y120.832 E6.86703
G1 X117.467 Y121.104 E6.88339
G1 X117.015 Y121.35 E6.89956
G1 X116.222 Y121.711 E6.92694
G1 X115.4 Y122.002 E6.95434
G1 X114.903 Y122.14 E6.97055
G1 X114.401 Y122.251 E6.98671
G1 X113.534 Y122.381 E7.01426
G1 X113.02 Y122.421 E7.03046
G1 X112.505 Y122.435 E7.04665
G1 X111.629 Y122.397 E7.0742
G1 X111.117 Y122.338 E7.0904
G1 X110.604 Y122.252 E7.10675
G1 X110.097 Y122.14 E7.12307
G1 X109.6 Y122.002 E7.13928
G1 X108.778 Y121.711 E7.16668
G1 X107.985 Y121.35 E7.19406
G1 X107.533 Y121.104 E7.21023
G1 X107.089 Y120.832 E7.22659
G1 X106.66 Y120.537 E7.24295
G1 X106.248 Y120.221 E7.25927
G1 X105.852 Y119.883 E7.27563
G1 X105.479 Y119.529 E7.29179
G1 X104.867 Y118.858 E7.32033
G1 X104.566 Y118.479 E7.33554
G1 X104.264 Y118.055 E7.3519
G1 X103.984 Y117.617 E7.36824
G1 X103.731 Y117.169 E7.38441
G1 X103.341 Y116.349 E7.41294
G1 X103.164 Y115.898 E7.42817
G1 X102.999 Y115.405 E7.44451
G1 X102.86 Y114.903 E7.46088
G1 X102.749 Y114.4 E7.47707
G1 X102.619 Y113.534 E7.50459
G1 X102.579 Y113.02 E7.52079
G1 X102.565 Y112.505 E7.53698
G1 X102.606 Y111.598 E7.56551
G1 X102.662 Y111.118 E7.5807
G1 X102.748 Y110.604 E7.59708
G1 X102.86 Y110.097 E7.6134
G1 X102.999 Y109.595 E7.62977
G1 X103.164 Y109.102 E7.64611
G1 X103.276 Y108.817 E7.65573
G1 X103.276 Y108.817 F12000
G1 X102.959 Y108.628
;TYPE:External perimeter
;WIDTH:0.4
G1 F2400
G1 X103.018 Y108.477 E7.66055
G1 X103.407 Y107.663 E7.68739
G1 X103.671 Y107.195 E7.70337
G1 X103.96 Y106.742 E7.71936
G1 X104.517 Y105.992 E7.74715
G1 X104.846 Y105.608 E7.76219
G1 X105.217 Y105.217 E7.77822
G1 X105.608 Y104.846 E7.79425
G1 X106.017 Y104.497 E7.81024
G1 X106.742 Y103.96 E7.83708
G1 X107.195 Y103.671 E7.85307
G1 X107.664 Y103.406 E7.8691
G1 X108.147 Y103.165 E7.88516
G1 X108.64 Y102.951 E7.90115
G1 X109.49 Y102.65 E7.92798
G1 X110.008 Y102.506 E7.94397
G1 X110.535 Y102.389 E7.96003
G1 X111.067 Y102.3 E7.97608
G1 X111.6 Y102.239 E7.99204
G1 X112.533 Y102.2 E8.01982
G1 X113.039 Y102.214 E8.03488
G1 X113.577 Y102.256 E8.05093
G1 X114.111 Y102.327 E8.06696
G1 X114.64 Y102.425 E8.08296
G1 X115.513 Y102.651 E8.10979
G1 X116.023 Y102.821 E8.12578
G1 X116.523 Y103.018 E8.14177
G1 X117.337 Y103.407 E8.16861
G1 X117.805 Y103.671 E8.18459
G1 X118.258 Y103.96 E8.20058
G1 X118.983 Y104.497 E8.22742
G1 X119.392 Y104.846 E8.24341
G1 X119.782 Y105.216 E8.2594
G1 X120.391 Y105.881 E8.28623
G1 X120.726 Y106.301 E8.30221
G1 X121.039 Y106.74 E8.31825
G1 X121.329 Y107.195 E8.3343
G1 X121.594 Y107.665 E8.35035
G1 X121.835 Y108.147 E8.36638
G1 X122.049 Y108.64 E8.38237
G1 X122.35 Y109.49 E8.4092
G1 X122.494 Y110.008 E8.42519
G1 X122.61 Y110.533 E8.44118
G1 X122.744 Y111.425 E8.46801
G1 X122.786 Y111.961 E8.484
G1 X122.8 Y112.498 E8.49998
G1 X122.761 Y113.399 E8.52681
G1 X122.7 Y113.933 E8.5428
G1 X122.611 Y114.465 E8.55885
G1 X122.494 Y114.992 E8.57491
G1 X122.35 Y115.51 E8.5909
G1 X122.05 Y116.358 E8.61766
G1 X121.676 Y117.178 E8.64447
G1 X121.42 Y117.65 E8.66044
G1 X121.138 Y118.11 E8.67649
G1 X120.833 Y118.554 E8.69251
G1 X120.505 Y118.982 E8.70855
G1 X120.154 Y119.392 E8.72461
G1 X119.783 Y119.783 E8.74064
G1 X119.392 Y120.154 E8.75667
G1 X118.982 Y120.505 E8.77273
G1 X118.554 Y120.833 E8.78877
G1 X118.11 Y121.138 E8.80479
G1 X117.65 Y121.42 E8.82084
G1 X117.178 Y121.676 E8.83681
G1 X116.358 Y122.05 E8.86362
G1 X115.51 Y122.35 E8.89038
G1 X114.992 Y122.494 E8.90637
G1 X114.467 Y122.61 E8.92236
G1 X113.575 Y122.744 E8.94919
G1 X113.039 Y122.786 E8.96518
G1 X112.502 Y122.8 E8.98116
G1 X111.601 Y122.761 E9.00799
G1 X111.067 Y122.7 E9.02398
G1 X110.535 Y122.611 E9.04003
G1 X110.008 Y122.494 E9.05609
G1 X109.49 Y122.35 E9.07208
G1 X108.642 Y122.05 E9.09884
G1 X107.822 Y121.676 E9.12565
G1 X107.35 Y121.42 E9.14162
G1 X106.89 Y121.138 E9.15767
G1 X106.446 Y120.833 E9.17369
G1 X106.018 Y120.505 E9.18973
G1 X105.608 Y120.154 E9.20579
G1 X105.218 Y119.784 E9.22178
G1 X104.589 Y119.095 E9.24953
G1 X104.274 Y118.699 E9.26458
G1 X103.961 Y118.26 E9.28062
G1 X103.671 Y117.805 E9.29667
G1 X103.407 Y117.337 E9.31265
G1 X103.006 Y116.494 E9.34042
G1 X102.821 Y116.023 E9.35547
G1 X102.65 Y115.511 E9.37153
G1 X102.506 Y114.992 E9.38755
G1 X102.39 Y114.467 E9.40354
G1 X102.256 Y113.575 E9.43037
G1 X102.214 Y113.039 E9.44636
G1 X102.2 Y112.502 E9.46234
G1 X102.242 Y111.569 E9.49012
G1 X102.3 Y111.067 E9.50515
G1 X102.389 Y110.535 E9.5212
G1 X102.506 Y110.008 E9.53726
G1 X102.65 Y109.489 E9.55328
G1 X102.821 Y108.977 E9.56934
G1 X102.937 Y108.684 E9.57871
G1 X103.097 Y108.317 F12000
;LAYER_CHANGE
;Z:7.76
;HEIGHT:0.21
G1 Z7.76 F12000
G1 E7.57871 F2400
G92 E0
G1 Z8.16 F12000
G1 X103.712 Y114.317
G1 Z7.76
G1 E2 F2400
G92 E0
;TYPE:Internal infill
;WIDTH:0.42
G1 F6000
G1 X110.683 Y121.287 E.30978
G1 E-1.69022 F2400
G92 E0
G1 X110.683 Y121.287 Z8.16 F12000
G1 X120.913 Y115.611
G1 Z7.76
G1 E2 F2400
G1 F6000
G1 X116.833 Y111.53 E2.18135
G1 X116.941 Y112.43 E2.20984
G1 X116.873 Y113.279 E2.23661
G1 X116.77 Y113.724 E2.25096
G1 X116.455 Y114.522 E2.27792
G1 X116.229 Y114.913 E2.29211
G1 X115.639 Y115.639 E2.32151
G1 X118.729 Y118.729 E2.45884
G1 X118.051 Y119.34 E2.48752
G1 X117.426 Y119.803 E2.51196
G1 X116.762 Y120.209 E2.53642
G1 X115.485 Y120.788 E2.58048
G1 X111.525 Y116.828 E2.75647
G1 X110.478 Y116.455 E2.7914
G1 X110.081 Y116.225 E2.80582
G1 X109.409 Y115.69 E2.83281
G1 X108.817 Y114.984 E2.86176
G1 X108.582 Y114.592 E2.87612
G1 X108.167 Y113.47 E2.91371
G1 X104.219 Y109.521 E3.08919
G1 X104.717 Y108.374 E3.12849
G1 X105.131 Y107.673 E3.15407
G1 X105.657 Y106.952 E3.18212
G1 X106.271 Y106.271 E3.21093
G1 X109.361 Y109.361 E3.34826
G1 X109.645 Y109.097 E3.36045
G1 X110.353 Y108.612 E3.38742
G1 X111.143 Y108.271 E3.41446
G1 X111.577 Y108.155 E3.42858
G1 X112.439 Y108.059 E3.45584
G1 X113.473 Y108.17 E3.48852
G1 X109.522 Y104.22 E3.66409
G1 X110.819 Y103.853 E3.70645
G1 X111.721 Y103.725 E3.73508
G1 X112.96 Y103.702 E3.77402
G1 X114.543 Y103.939 E3.82432
G1 X121.291 Y110.686 E4.12419
G1 E2.12419 F2400
G92 E0
G1 X121.291 Y110.686 Z8.16 F12000
G1 X115.648 Y109.929
G1 Z7.76
G1 E2 F2400
;TYPE:Perimeter
G1 F3600
G1 X115.871 Y110.226 E2.01167
G1 X116.088 Y110.586 E2.02488
G1 X116.243 Y110.912 E2.03622
G1 X116.372 Y111.257 E2.04779
G1 X116.478 Y111.655 E2.06073
G1 X116.543 Y112.069 E2.0739
G1 X116.566 Y112.435 E2.08542
G1 X116.551 Y112.849 E2.09844
G1 X116.504 Y113.212 E2.10994
G1 X116.409 Y113.62 E2.1231
G1 X116.276 Y114.01 E2.13605
G1 X116.121 Y114.35 E2.14779
G1 X115.913 Y114.71 E2.16086
G1 X115.701 Y115.008 E2.17235
G1 X115.425 Y115.325 E2.18556
G1 X115.114 Y115.615 E2.19892
G1 X114.774 Y115.871 E2.21229
G1 X114.414 Y116.088 E2.2255
G1 X114.084 Y116.245 E2.23698
G1 X113.703 Y116.384 E2.24972
G1 X113.341 Y116.478 E2.26147
G1 X112.931 Y116.543 E2.27452
G1 X112.571 Y116.565 E2.28585
G1 X112.211 Y116.556 E2.29717
G1 X111.794 Y116.505 E2.31037
G1 X111.38 Y116.409 E2.32373
G1 X110.99 Y116.276 E2.33668
G1 X110.65 Y116.121 E2.34842
G1 X110.285 Y115.911 E2.36165
G1 X109.945 Y115.664 E2.37486
G1 X109.671 Y115.421 E2.38637
G1 X109.385 Y115.114 E2.39956
G1 X109.129 Y114.774 E2.41293
G1 X108.912 Y114.414 E2.42614
G1 X108.757 Y114.088 E2.43748
G1 X108.628 Y113.743 E2.44905
G1 X108.522 Y113.345 E2.46199
G1 X108.457 Y112.931 E2.47516
G1 X108.434 Y112.565 E2.48668
G1 X108.449 Y112.15 E2.49973
G1 X108.498 Y111.78 E2.51146
G1 X108.591 Y111.378 E2.52443
G1 X108.73 Y110.977 E2.53777
G1 X108.907 Y110.596 E2.55097
G1 X109.093 Y110.281 E2.56247
G1 X109.336 Y109.945 E2.5755
G1 X109.579 Y109.671 E2.58701
G1 X109.886 Y109.385 E2.6002
G1 X110.221 Y109.132 E2.61339
G1 X110.534 Y108.941 E2.62491
G1 X110.907 Y108.759 E2.63795
G1 X111.257 Y108.628 E2.64969
G1 X111.655 Y108.522 E2.66263
G1 X112.07 Y108.456 E2.67584
G1 X112.444 Y108.434 E2.68761
G1 X112.855 Y108.449 E2.70053
G1 X113.27 Y108.507 E2.7137
G1 X113.626 Y108.593 E2.72521
G1 X114.023 Y108.73 E2.73841
G1 X114.404 Y108.907 E2.75161
G1 X114.719 Y109.093 E2.76311
G1 X115.055 Y109.336 E2.77614
G1 X115.329 Y109.579 E2.78765
G1 X115.611 Y109.882 E2.80066
G1 X115.611 Y109.882 F12000
G1 X115.349 Y110.156
G1 F3600
G1 X115.56 Y110.436 E2.81168
G1 X115.757 Y110.764 E2.8237
G1 X115.898 Y111.059 E2.83397
G1 X116.014 Y111.371 E2.84443
G1 X116.111 Y111.733 E2.85621
G1 X116.17 Y112.11 E2.8682
G1 X116.19 Y112.44 E2.87859
G1 X116.177 Y112.818 E2.89048
G1 X116.134 Y113.145 E2.90084
G1 X116.048 Y113.517 E2.91284
G1 X115.927 Y113.871 E2.9246
G1 X115.787 Y114.179 E2.93523
G1 X115.598 Y114.507 E2.94713
G1 X115.406 Y114.776 E2.95752
G1 X115.155 Y115.064 E2.96953
G1 X114.873 Y115.328 E2.98167
G1 X114.564 Y115.56 E2.99381
G1 X114.236 Y115.757 E3.00583
G1 X113.939 Y115.899 E3.01618
G1 X113.591 Y116.026 E3.02782
G1 X113.264 Y116.111 E3.03844
G1 X112.89 Y116.17 E3.05034
G1 X112.564 Y116.19 E3.0606
G1 X112.238 Y116.182 E3.07085
G1 X111.859 Y116.135 E3.08285
G1 X111.483 Y116.048 E3.09498
G1 X111.129 Y115.927 E3.10674
G1 X110.821 Y115.787 E3.11737
G1 X110.49 Y115.596 E3.12938
G1 X110.18 Y115.371 E3.14142
G1 X109.933 Y115.152 E3.15179
G1 X109.672 Y114.873 E3.1638
G1 X109.44 Y114.564 E3.17594
G1 X109.243 Y114.236 E3.18796
G1 X109.102 Y113.941 E3.19823
G1 X108.986 Y113.629 E3.20869
G1 X108.889 Y113.267 E3.22047
G1 X108.83 Y112.89 E3.23246
G1 X108.81 Y112.56 E3.24285
G1 X108.823 Y112.182 E3.25474
G1 X108.867 Y111.847 E3.26536
G1 X108.952 Y111.482 E3.27714
G1 X109.078 Y111.117 E3.28927
G1 X109.239 Y110.771 E3.30126
G1 X109.407 Y110.486 E3.31166
G1 X109.629 Y110.18 E3.32354
G1 X109.848 Y109.933 E3.33391
G1 X110.127 Y109.672 E3.34592
G1 X110.433 Y109.442 E3.35795
G1 X110.714 Y109.27 E3.3683
G1 X111.055 Y109.104 E3.38022
G1 X111.371 Y108.986 E3.39082
G1 X111.733 Y108.889 E3.4026
G1 X112.111 Y108.83 E3.41462
G1 X112.448 Y108.809 E3.42523
G1 X112.822 Y108.823 E3.43699
G1 X113.2 Y108.876 E3.44898
G1 X113.521 Y108.953 E3.45935
G1 X113.883 Y109.078 E3.47139
G1 X114.229 Y109.239 E3.48338
G1 X114.514 Y109.407 E3.49378
G1 X114.82 Y109.629 E3.50566
G1 X115.067 Y109.848 E3.51603
G1 X115.311 Y110.11 E3.52728
G1 X115.311 Y110.11 F12000
G1 X115.051 Y110.383
G1 F3600
G1 X115.249 Y110.646 E3.53763
G1 X115.426 Y110.941 E3.54844
G1 X115.552 Y111.205 E3.55763
G1 X115.656 Y111.485 E3.56702
G1 X115.743 Y111.811 E3.57762
G1 X115.797 Y112.151 E3.58844
G1 X115.815 Y112.445 E3.5977
G1 X115.803 Y112.787 E3.60845
G1 X115.765 Y113.078 E3.61767
G1 X115.687 Y113.414 E3.62851
G1 X115.578 Y113.732 E3.63907
G1 X115.453 Y114.007 E3.64856
G1 X115.282 Y114.304 E3.65933
G1 X115.111 Y114.543 E3.66857
G1 X114.885 Y114.803 E3.6794
G1 X114.631 Y115.04 E3.69032
G1 X114.354 Y115.249 E3.70122
G1 X114.059 Y115.426 E3.71203
G1 X113.793 Y115.553 E3.72129
G1 X113.479 Y115.668 E3.7318
G1 X113.187 Y115.744 E3.74128
G1 X112.849 Y115.797 E3.75203
G1 X112.558 Y115.815 E3.76119
G1 X112.266 Y115.807 E3.77037
G1 X111.924 Y115.765 E3.7812
G1 X111.586 Y115.687 E3.7921
G1 X111.268 Y115.578 E3.80266
G1 X110.993 Y115.453 E3.81215
G1 X110.694 Y115.281 E3.82299
G1 X110.415 Y115.078 E3.83383
G1 X110.195 Y114.883 E3.84307
G1 X109.96 Y114.631 E3.8539
G1 X109.751 Y114.354 E3.8648
G1 X109.574 Y114.059 E3.87561
G1 X109.448 Y113.795 E3.8848
G1 X109.344 Y113.515 E3.89419
G1 X109.257 Y113.189 E3.90479
G1 X109.203 Y112.849 E3.91561
G1 X109.185 Y112.555 E3.92487
G1 X109.197 Y112.213 E3.93562
G1 X109.237 Y111.914 E3.9451
G1 X109.313 Y111.586 E3.95568
G1 X109.426 Y111.258 E3.96658
G1 X109.571 Y110.946 E3.97739
G1 X109.721 Y110.692 E3.98666
G1 X109.922 Y110.415 E3.99742
G1 X110.117 Y110.195 E4.00666
G1 X110.369 Y109.96 E4.01749
G1 X110.644 Y109.753 E4.02831
G1 X110.895 Y109.599 E4.03756
G1 X111.203 Y109.449 E4.04833
G1 X111.485 Y109.344 E4.05779
G1 X111.811 Y109.257 E4.06839
G1 X112.151 Y109.203 E4.07921
G1 X112.453 Y109.185 E4.08872
G1 X112.789 Y109.197 E4.09929
G1 X113.13 Y109.245 E4.11011
G1 X113.416 Y109.314 E4.11936
G1 X113.742 Y109.426 E4.13019
G1 X114.054 Y109.571 E4.141
G1 X114.308 Y109.721 E4.15027
G1 X114.585 Y109.922 E4.16103
G1 X114.805 Y110.117 E4.17027
G1 X115.011 Y110.338 E4.17976
G1 X115.011 Y110.338 F12000
G1 X114.753 Y110.596
;TYPE:External perimeter
;WIDTH:0.4
G1 F3600
G1 X114.76 Y110.604 E4.18008
G1 X114.946 Y110.85 E4.18925
G1 X115.104 Y111.114 E4.1984
G1 X115.308 Y111.596 E4.21397
G1 X115.386 Y111.887 E4.22293
G1 X115.434 Y112.191 E4.23209
G1 X115.45 Y112.449 E4.23978
G1 X115.439 Y112.756 E4.24892
G1 X115.405 Y113.013 E4.25663
G1 X115.336 Y113.313 E4.26579
G1 X115.238 Y113.597 E4.27473
G1 X115.128 Y113.84 E4.28267
G1 X114.975 Y114.106 E4.2918
G1 X114.824 Y114.317 E4.29952
G1 X114.622 Y114.549 E4.30867
G1 X114.396 Y114.76 E4.31787
G1 X114.15 Y114.946 E4.32704
G1 X113.886 Y115.104 E4.33619
G1 X113.652 Y115.216 E4.34391
G1 X113.37 Y115.319 E4.35284
G1 X113.113 Y115.386 E4.36074
G1 X112.809 Y115.434 E4.3699
G1 X112.293 Y115.443 E4.38525
G1 X111.988 Y115.405 E4.39439
G1 X111.687 Y115.336 E4.40358
G1 X111.403 Y115.238 E4.41252
G1 X111.16 Y115.128 E4.42046
G1 X110.893 Y114.974 E4.42963
G1 X110.644 Y114.793 E4.43879
G1 X110.45 Y114.622 E4.44648
G1 X110.24 Y114.396 E4.45566
G1 X110.054 Y114.15 E4.46483
G1 X109.896 Y113.886 E4.47398
G1 X109.692 Y113.404 E4.48955
G1 X109.614 Y113.113 E4.49851
G1 X109.566 Y112.809 E4.50767
G1 X109.55 Y112.551 E4.51536
G1 X109.561 Y112.244 E4.5245
G1 X109.596 Y111.98 E4.53242
G1 X109.664 Y111.687 E4.54137
G1 X109.765 Y111.395 E4.55056
G1 X109.895 Y111.116 E4.55972
G1 X110.026 Y110.892 E4.56744
G1 X110.207 Y110.644 E4.57657
G1 X110.378 Y110.45 E4.58426
G1 X110.604 Y110.24 E4.59344
G1 X110.85 Y110.055 E4.6026
G1 X111.07 Y109.919 E4.61029
G1 X111.347 Y109.785 E4.61944
G1 X111.596 Y109.692 E4.62735
G1 X111.887 Y109.614 E4.63631
G1 X112.191 Y109.566 E4.64547
G1 X112.457 Y109.55 E4.6534
G1 X112.757 Y109.561 E4.66233
G1 X113.062 Y109.604 E4.67149
G1 X113.314 Y109.664 E4.6792
G1 X113.605 Y109.765 E4.68836
G1 X113.884 Y109.895 E4.69752
G1 X114.108 Y110.026 E4.70524
G1 X114.356 Y110.207 E4.71437
G1 X114.55 Y110.378 E4.72206
G1 X114.712 Y110.552 E4.72913
G1 X114.952 Y110.872 F12000
G1 E2.72913 F2400
G92 E0
G1 Z8.16 F12000
G1 X103.989 Y109.049
G1 Z7.76
G1 E2 F2400
;TYPE:Perimeter
;WIDTH:0.42
G1 F4800
G1 X104.385 Y108.199 E2.02947
G1 X104.818 Y107.467 E2.0562
G1 X105.362 Y106.72 E2.08524
G1 X105.674 Y106.354 E2.10035
G1 X106.005 Y106.005 E2.11547
G1 X106.354 Y105.674 E2.13059
G1 X106.71 Y105.37 E2.1453
G1 X107.395 Y104.865 E2.17204
G1 X107.769 Y104.627 E2.18597
G1 X108.188 Y104.39 E2.2011
G1 X109.048 Y103.989 E2.23092
G1 X109.85 Y103.706 E2.25765
G1 X110.747 Y103.484 E2.28669
G1 X111.687 Y103.352 E2.31652
G1 X112.537 Y103.316 E2.34326
G1 X112.98 Y103.328 E2.35719
G1 X113.46 Y103.366 E2.37232
G1 X114.398 Y103.514 E2.40216
G1 X115.196 Y103.72 E2.42806
G1 X115.641 Y103.869 E2.44281
G1 X116.089 Y104.045 E2.45794
G1 X116.526 Y104.245 E2.47304
G1 X116.943 Y104.462 E2.48781
G1 X117.645 Y104.892 E2.51368
G1 X118.028 Y105.165 E2.52846
G1 X118.395 Y105.457 E2.5432
G1 X118.994 Y106.006 E2.56873
G1 X119.543 Y106.605 E2.59426
G1 X120.108 Y107.355 E2.62377
G1 X120.538 Y108.057 E2.64964
G1 X120.955 Y108.911 E2.67951
G1 X121.28 Y109.804 E2.70937
G1 X121.486 Y110.602 E2.73527
G1 X121.634 Y111.54 E2.76511
G1 X121.684 Y112.489 E2.79497
G1 X121.648 Y113.312 E2.82086
G1 X121.516 Y114.252 E2.85069
G1 X121.286 Y115.174 E2.88055
G1 X121.015 Y115.94 E2.90608
G1 X120.678 Y116.68 E2.93163
G1 X120.203 Y117.502 E2.96146
G1 X119.931 Y117.899 E2.97658
G1 X119.638 Y118.28 E2.99168
G1 X119.326 Y118.646 E3.00679
G1 X118.995 Y118.995 E3.02191
G1 X118.289 Y119.63 E3.05175
G1 X117.636 Y120.114 E3.07729
G1 X116.943 Y120.538 E3.10282
G1 X116.089 Y120.955 E3.13269
G1 X115.641 Y121.131 E3.14782
G1 X115.185 Y121.283 E3.16293
G1 X114.264 Y121.514 E3.19277
G1 X113.449 Y121.635 E3.21866
G1 X112.511 Y121.684 E3.24818
G1 X111.688 Y121.648 E3.27407
G1 X110.748 Y121.516 E3.3039
G1 X109.826 Y121.287 E3.33375
G1 X109.049 Y121.011 E3.35966
G1 X108.199 Y120.615 E3.38913
G1 X107.467 Y120.182 E3.41586
G1 X106.72 Y119.638 E3.4449
G1 X106.014 Y119.003 E3.47474
G1 X105.457 Y118.395 E3.50065
G1 X104.886 Y117.636 E3.5305
G1 X104.396 Y116.823 E3.56033
G1 X104.031 Y116.054 E3.58708
G1 X103.717 Y115.185 E3.61612
G1 X103.486 Y114.264 E3.64596
G1 X103.365 Y113.449 E3.67185
G1 X103.316 Y112.512 E3.70134
G1 X103.354 Y111.662 E3.72808
G1 X103.484 Y110.747 E3.75712
G1 X103.714 Y109.826 E3.78695
G1 X103.969 Y109.105 E3.81098
G1 X103.969 Y109.105 F12000
G1 X103.64 Y108.911
G1 F4800
G1 X103.836 Y108.46 E3.82643
G1 X104.055 Y108.02 E3.84188
G1 X104.502 Y107.265 E3.86945
G1 X105.071 Y106.484 E3.89982
G1 X105.396 Y106.103 E3.91556
G1 X105.74 Y105.74 E3.93128
G1 X106.103 Y105.396 E3.947
G1 X106.477 Y105.076 E3.96247
G1 X107.183 Y104.556 E3.99002
G1 X107.576 Y104.306 E4.00466
G1 X108.012 Y104.059 E4.02041
G1 X108.46 Y103.836 E4.03614
G1 X108.911 Y103.64 E4.05159
G1 X109.738 Y103.348 E4.07915
G1 X110.676 Y103.116 E4.10952
G1 X111.17 Y103.033 E4.12526
G1 X111.658 Y102.978 E4.14069
G1 X112.534 Y102.941 E4.16824
G1 X113 Y102.953 E4.18289
G1 X113.499 Y102.993 E4.19862
G1 X113.995 Y103.058 E4.21434
G1 X114.479 Y103.148 E4.22981
G1 X115.303 Y103.361 E4.25656
G1 X115.77 Y103.517 E4.27203
G1 X116.235 Y103.7 E4.28773
G1 X116.691 Y103.908 E4.30348
G1 X117.127 Y104.135 E4.31893
G1 X117.852 Y104.579 E4.34565
G1 X118.253 Y104.865 E4.36113
G1 X118.639 Y105.172 E4.37663
G1 X119.259 Y105.741 E4.40308
G1 X119.828 Y106.362 E4.42955
G1 X120.135 Y106.747 E4.44502
G1 X120.421 Y107.148 E4.4605
G1 X120.865 Y107.873 E4.48722
G1 X121.092 Y108.309 E4.50267
G1 X121.3 Y108.765 E4.51842
G1 X121.483 Y109.23 E4.53412
G1 X121.639 Y109.697 E4.54959
G1 X121.852 Y110.521 E4.57634
G1 X121.942 Y111.005 E4.59181
G1 X122.007 Y111.501 E4.60753
G1 X122.047 Y112 E4.62326
G1 X122.06 Y112.492 E4.63873
G1 X122.023 Y113.341 E4.66544
G1 X121.967 Y113.83 E4.68091
G1 X121.884 Y114.324 E4.69665
G1 X121.776 Y114.813 E4.71239
G1 X121.644 Y115.287 E4.72785
G1 X121.363 Y116.081 E4.75432
G1 X121.014 Y116.847 E4.78077
G1 X120.779 Y117.28 E4.79625
G1 X120.518 Y117.707 E4.81198
G1 X120.234 Y118.119 E4.82771
G1 X119.929 Y118.516 E4.84344
G1 X119.604 Y118.897 E4.85918
G1 X119.26 Y119.26 E4.8749
G1 X118.897 Y119.604 E4.89062
G1 X118.522 Y119.924 E4.90611
G1 X117.845 Y120.425 E4.93258
G1 X117.127 Y120.865 E4.95904
G1 X116.691 Y121.092 E4.97449
G1 X116.235 Y121.3 E4.99024
G1 X115.77 Y121.483 E5.00594
G1 X115.295 Y121.642 E5.02168
G1 X114.813 Y121.776 E5.0374
G1 X114.332 Y121.882 E5.05288
G1 X113.491 Y122.008 E5.0796
G1 X113 Y122.047 E5.09508
G1 X112.508 Y122.06 E5.11055
G1 X111.659 Y122.023 E5.13726
G1 X111.17 Y121.967 E5.15273
G1 X110.676 Y121.884 E5.16847
G1 X110.187 Y121.776 E5.18421
G1 X109.713 Y121.644 E5.19967
G1 X108.911 Y121.36 E5.22641
G1 X108.46 Y121.164 E5.24186
G1 X108.02 Y120.945 E5.25731
G1 X107.265 Y120.498 E5.28488
G1 X106.484 Y119.929 E5.31525
G1 X106.103 Y119.604 E5.33099
G1 X105.746 Y119.265 E5.34646
G1 X105.172 Y118.639 E5.37315
G1 X104.865 Y118.253 E5.38865
G1 X104.575 Y117.846 E5.40435
G1 X104.306 Y117.424 E5.42008
G1 X104.064 Y116.996 E5.43553
G1 X103.687 Y116.203 E5.46312
G1 X103.358 Y115.295 E5.49347
G1 X103.224 Y114.813 E5.50919
G1 X103.118 Y114.332 E5.52467
G1 X102.992 Y113.491 E5.55139
G1 X102.953 Y113 E5.56687
G1 X102.94 Y112.509 E5.58231
G1 X102.98 Y111.633 E5.60987
G1 X103.116 Y110.676 E5.64025
G1 X103.224 Y110.187 E5.65599
G1 X103.356 Y109.713 E5.67145
G1 X103.62 Y108.968 E5.69629
G1 X103.62 Y108.968 F12000
G1 X103.291 Y108.774
G1 F4800
G1 X103.496 Y108.301 E5.71249
G1 X103.726 Y107.841 E5.72865
G1 X104.185 Y107.063 E5.75704
G1 X104.462 Y106.661 E5.77238
G1 X104.779 Y106.248 E5.78874
G1 X105.117 Y105.852 E5.8051
G1 X105.475 Y105.475 E5.82144
G1 X105.852 Y105.117 E5.83778
G1 X106.244 Y104.783 E5.85396
G1 X106.971 Y104.246 E5.88236
G1 X107.383 Y103.984 E5.8977
G1 X107.836 Y103.728 E5.91405
G1 X108.301 Y103.496 E5.93038
G1 X108.773 Y103.291 E5.94655
G1 X109.626 Y102.99 E5.97498
G1 X110.096 Y102.86 E5.9903
G1 X110.604 Y102.748 E6.00665
G1 X111.117 Y102.662 E6.023
G1 X111.629 Y102.604 E6.03919
G1 X112.532 Y102.565 E6.06759
G1 X113.02 Y102.579 E6.08293
G1 X113.538 Y102.62 E6.09926
G1 X114.054 Y102.687 E6.11561
G1 X114.561 Y102.781 E6.13181
G1 X115.409 Y103.001 E6.15934
G1 X115.898 Y103.164 E6.17554
G1 X116.382 Y103.355 E6.19189
G1 X116.855 Y103.571 E6.20823
G1 X117.312 Y103.808 E6.22441
G1 X118.06 Y104.266 E6.25197
G1 X118.479 Y104.566 E6.26816
G1 X118.882 Y104.886 E6.28433
G1 X119.525 Y105.475 E6.31173
G1 X120.114 Y106.118 E6.33913
G1 X120.434 Y106.521 E6.3553
G1 X120.734 Y106.94 E6.37149
G1 X121.192 Y107.688 E6.39905
G1 X121.429 Y108.145 E6.41523
G1 X121.645 Y108.618 E6.43157
G1 X121.836 Y109.102 E6.44792
G1 X121.999 Y109.591 E6.46412
G1 X122.219 Y110.439 E6.49165
G1 X122.313 Y110.946 E6.50785
G1 X122.38 Y111.461 E6.52417
G1 X122.421 Y111.98 E6.54053
G1 X122.435 Y112.495 E6.55672
G1 X122.397 Y113.371 E6.58427
G1 X122.338 Y113.883 E6.60047
G1 X122.252 Y114.396 E6.61682
G1 X122.14 Y114.903 E6.63314
G1 X122.002 Y115.4 E6.64935
G1 X121.711 Y116.222 E6.67675
G1 X121.35 Y117.015 E6.70413
G1 X121.104 Y117.467 E6.7203
G1 X120.832 Y117.911 E6.73666
G1 X120.537 Y118.34 E6.75302
G1 X120.221 Y118.752 E6.76934
G1 X119.883 Y119.148 E6.7857
G1 X119.525 Y119.525 E6.80204
G1 X119.148 Y119.883 E6.81838
G1 X118.756 Y120.218 E6.83458
G1 X118.055 Y120.736 E6.86197
G1 X117.312 Y121.192 E6.88937
G1 X116.855 Y121.429 E6.90555
G1 X116.382 Y121.645 E6.92189
G1 X115.898 Y121.836 E6.93824
G1 X115.405 Y122.001 E6.95458
G1 X114.903 Y122.14 E6.97095
G1 X114.4 Y122.251 E6.98714
G1 X113.534 Y122.381 E7.01466
G1 X113.02 Y122.421 E7.03086
G1 X112.505 Y122.435 E7.04705
G1 X111.629 Y122.397 E7.0746
G1 X111.117 Y122.338 E7.0908
G1 X110.604 Y122.252 E7.10715
G1 X110.097 Y122.14 E7.12347
G1 X109.6 Y122.002 E7.13968
G1 X108.774 Y121.709 E7.16722
G1 X108.301 Y121.504 E7.18342
G1 X107.841 Y121.274 E7.19958
G1 X107.063 Y120.815 E7.22797
G1 X106.661 Y120.538 E7.24331
G1 X106.248 Y120.221 E7.25967
G1 X105.852 Y119.883 E7.27603
G1 X105.479 Y119.528 E7.29221
G1 X104.886 Y118.882 E7.31977
G1 X104.566 Y118.479 E7.33594
G1 X104.264 Y118.056 E7.35227
G1 X103.984 Y117.617 E7.36863
G1 X103.731 Y117.169 E7.3848
G1 X103.343 Y116.353 E7.41319
G1 X103.164 Y115.898 E7.42856
G1 X102.999 Y115.405 E7.4449
G1 X102.86 Y114.903 E7.46127
G1 X102.749 Y114.401 E7.47743
G1 X102.619 Y113.534 E7.50498
G1 X102.579 Y113.02 E7.52118
G1 X102.565 Y112.505 E7.53737
G1 X102.606 Y111.603 E7.56574
G1 X102.662 Y111.118 E7.58108
G1 X102.748 Y110.604 E7.59746
G1 X102.86 Y110.097 E7.61378
G1 X102.998 Y109.6 E7.62999
G1 X103.27 Y108.83 E7.65565
G1 X103.27 Y108.83 F12000
G1 X102.953 Y108.634
;TYPE:External perimeter
;WIDTH:0.4
G1 F2400
G1 X103.165 Y108.147 E7.67145
G1 X103.405 Y107.666 E7.68744
G1 X103.878 Y106.866 E7.71509
G1 X104.167 Y106.446 E7.73026
G1 X104.495 Y106.018 E7.7463
G1 X104.846 Y105.608 E7.76236
G1 X105.217 Y105.217 E7.77839
G1 X105.608 Y104.846 E7.79442
G1 X106.017 Y104.497 E7.81041
G1 X106.764 Y103.945 E7.83804
G1 X107.195 Y103.671 E7.85323
G1 X107.664 Y103.406 E7.86926
G1 X108.147 Y103.165 E7.88532
G1 X108.64 Y102.951 E7.90131
G1 X109.516 Y102.642 E7.92894
G1 X110.008 Y102.506 E7.94413
G1 X110.535 Y102.389 E7.96019
G1 X111.067 Y102.3 E7.97624
G1 X111.6 Y102.239 E7.9922
G1 X112.529 Y102.2 E8.01986
G1 X113.039 Y102.214 E8.03504
G1 X113.577 Y102.256 E8.05109
G1 X114.111 Y102.327 E8.06712
G1 X114.64 Y102.425 E8.08312
G1 X115.513 Y102.651 E8.10995
G1 X116.023 Y102.821 E8.12594
G1 X116.524 Y103.019 E8.14197
G1 X117.015 Y103.242 E8.15801
G1 X117.492 Y103.491 E8.17402
G1 X118.261 Y103.962 E8.20085
G1 X118.699 Y104.274 E8.21685
G1 X119.119 Y104.609 E8.23283
G1 X119.783 Y105.217 E8.25961
G1 X120.391 Y105.881 E8.28639
G1 X120.726 Y106.301 E8.30237
G1 X121.038 Y106.739 E8.31837
G1 X121.509 Y107.508 E8.3452
G1 X121.758 Y107.985 E8.36121
G1 X121.981 Y108.475 E8.37723
G1 X122.179 Y108.977 E8.39328
G1 X122.349 Y109.487 E8.40927
G1 X122.575 Y110.36 E8.4361
G1 X122.673 Y110.889 E8.4521
G1 X122.744 Y111.423 E8.46813
G1 X122.786 Y111.961 E8.48418
G1 X122.8 Y112.498 E8.50016
G1 X122.761 Y113.399 E8.52699
G1 X122.7 Y113.933 E8.54298
G1 X122.611 Y114.465 E8.55903
G1 X122.494 Y114.992 E8.57509
G1 X122.35 Y115.51 E8.59108
G1 X122.05 Y116.358 E8.61784
G1 X121.676 Y117.178 E8.64465
G1 X121.42 Y117.65 E8.66062
G1 X121.138 Y118.11 E8.67667
G1 X120.833 Y118.554 E8.69269
G1 X120.505 Y118.982 E8.70873
G1 X120.154 Y119.392 E8.72479
G1 X119.783 Y119.783 E8.74082
G1 X119.392 Y120.154 E8.75685
G1 X118.983 Y120.503 E8.77284
G1 X118.26 Y121.039 E8.79961
G1 X117.492 Y121.509 E8.8264
G1 X117.015 Y121.758 E8.84241
G1 X116.524 Y121.981 E8.85845
G1 X116.023 Y122.179 E8.87448
G1 X115.511 Y122.35 E8.89054
G1 X114.992 Y122.494 E8.90656
G1 X114.467 Y122.61 E8.92255
G1 X113.575 Y122.744 E8.94938
G1 X113.039 Y122.786 E8.96537
G1 X112.502 Y122.8 E8.98135
G1 X111.601 Y122.761 E9.00818
G1 X111.067 Y122.7 E9.02417
G1 X110.535 Y122.611 E9.04022
G1 X110.008 Y122.494 E9.05628
G1 X109.49 Y122.35 E9.07227
G1 X108.64 Y122.049 E9.0991
G1 X108.147 Y121.835 E9.11509
G1 X107.666 Y121.595 E9.13108
G1 X106.866 Y121.122 E9.15873
G1 X106.446 Y120.833 E9.1739
G1 X106.018 Y120.505 E9.18994
G1 X105.608 Y120.154 E9.206
G1 X105.218 Y119.784 E9.22199
G1 X104.609 Y119.119 E9.24882
G1 X104.274 Y118.699 E9.2648
G1 X103.961 Y118.26 E9.28084
G1 X103.671 Y117.805 E9.29689
G1 X103.407 Y117.337 E9.31287
G1 X103.008 Y116.498 E9.34051
G1 X102.821 Y116.023 E9.3557
G1 X102.65 Y115.511 E9.37176
G1 X102.506 Y114.992 E9.38778
G1 X102.39 Y114.467 E9.40377
G1 X102.256 Y113.575 E9.4306
G1 X102.214 Y113.039 E9.44659
G1 X102.2 Y112.502 E9.46257
G1 X102.242 Y111.574 E9.49021
G1 X102.3 Y111.067 E9.50539
G1 X102.389 Y110.535 E9.52144
G1 X102.506 Y110.008 E9.5375
G1 X102.65 Y109.49 E9.55349
G1 X102.933 Y108.691 E9.57871
G1 X103.089 Y108.322 F12000
;LAYER_CHANGE
;Z:7.97
;HEIGHT:0.21
G1 Z7.97 F12000
G1 E7.57871 F2400
G92 E0
G1 Z8.37 F12000
G1 X103.713 Y110.683
G1 Z7.97
G1 E2 F2400
G92 E0
;TYPE:Internal infill
;WIDTH:0.42
G1 F6000
G1 X110.683 Y103.713 E.30976
G1 E-1.69024 F2400
G92 E0
G1 X110.683 Y103.713 Z8.37 F12000
G1 X109.389 Y120.913
G1 Z7.97
G1 E2 F2400
G1 F6000
G1 X113.47 Y116.833 E2.18135
G1 X112.578 Y116.941 E2.20959
G1 X112.12 Y116.925 E2.22399
G1 X111.276 Y116.77 E2.25096
G1 X110.478 Y116.455 E2.27792
G1 X110.081 Y116.225 E2.29234
G1 X109.361 Y115.639 E2.32151
G1 X106.271 Y118.729 E2.45884
G1 X105.663 Y118.055 E2.48737
G1 X104.949 Y117.037 E2.52645
G1 X104.379 Y115.913 E2.56605
G1 X104.221 Y115.477 E2.58062
G1 X108.172 Y111.525 E2.75623
G1 X108.381 Y110.836 E2.77886
G1 X108.575 Y110.421 E2.79326
G1 X109.044 Y109.71 E2.82003
G1 X109.31 Y109.409 E2.83265
G1 X110.016 Y108.817 E2.8616
G1 X110.408 Y108.582 E2.87596
G1 X111.53 Y108.167 E2.91355
G1 X115.485 Y104.212 E3.08932
G1 X116.362 Y104.582 E3.11923
G1 X117.438 Y105.205 E3.1583
G1 X118.151 Y105.742 E3.18635
G1 X118.729 Y106.271 E3.21097
G1 X115.639 Y109.361 E3.3483
G1 X116.354 Y110.292 E3.38519
G1 X116.725 Y111.127 E3.4139
G1 X116.843 Y111.57 E3.42831
G1 X116.941 Y112.423 E3.45529
G1 X116.83 Y113.473 E3.48847
G1 X120.781 Y109.521 E3.66408
G1 X121.118 Y110.673 E3.7018
G1 X121.261 Y111.574 E3.73047
G1 X121.309 Y112.49 E3.7593
G1 X121.275 Y113.278 E3.78409
G1 X121.056 Y114.549 E3.82462
G1 X114.313 Y121.292 E4.12429
G1 E2.12429 F2400
G92 E0
G1 X114.313 Y121.292 Z8.37 F12000
G1 X115.577 Y109.845
G1 Z7.97
G1 E2 F2400
;TYPE:Perimeter
G1 F3600
G1 X115.611 Y109.882 E2.00158
G1 X115.831 Y110.168 E2.01292
G1 X116.028 Y110.478 E2.02446
G1 X116.215 Y110.847 E2.03746
G1 X116.368 Y111.243 E2.0508
G1 X116.476 Y111.65 E2.06403
G1 X116.538 Y112.018 E2.07576
G1 X116.566 Y112.43 E2.08874
G1 X116.551 Y112.854 E2.10207
G1 X116.493 Y113.271 E2.1153
G1 X116.405 Y113.634 E2.12704
G1 X116.272 Y114.019 E2.13984
G1 X116.117 Y114.358 E2.15155
G1 X115.91 Y114.715 E2.16452
G1 X115.664 Y115.055 E2.17771
G1 X115.421 Y115.329 E2.18922
G1 X115.118 Y115.611 E2.20223
G1 X114.828 Y115.834 E2.21373
G1 X114.476 Y116.054 E2.22677
G1 X114.149 Y116.217 E2.23825
G1 X113.757 Y116.368 E2.25145
G1 X113.351 Y116.476 E2.26465
G1 X112.99 Y116.537 E2.27616
G1 X112.571 Y116.566 E2.28936
G1 X112.151 Y116.551 E2.30257
G1 X111.788 Y116.504 E2.31407
G1 X111.38 Y116.409 E2.32723
G1 X110.989 Y116.275 E2.34022
G1 X110.65 Y116.121 E2.35192
G1 X110.285 Y115.911 E2.36515
G1 X109.945 Y115.664 E2.37836
G1 X109.671 Y115.421 E2.38987
G1 X109.385 Y115.114 E2.40306
G1 X109.132 Y114.778 E2.41628
G1 X108.937 Y114.46 E2.428
G1 X108.756 Y114.088 E2.441
G1 X108.613 Y113.694 E2.45417
G1 X108.521 Y113.34 E2.46566
G1 X108.457 Y112.931 E2.47867
G1 X108.434 Y112.565 E2.49019
G1 X108.449 Y112.15 E2.50324
G1 X108.498 Y111.781 E2.51494
G1 X108.591 Y111.379 E2.52791
G1 X108.73 Y110.977 E2.54128
G1 X108.907 Y110.596 E2.55448
G1 X109.093 Y110.281 E2.56598
G1 X109.336 Y109.945 E2.57901
G1 X109.579 Y109.671 E2.59052
G1 X109.886 Y109.385 E2.60371
G1 X110.226 Y109.129 E2.61708
G1 X110.586 Y108.912 E2.63029
G1 X110.912 Y108.757 E2.64163
G1 X111.256 Y108.629 E2.65316
G1 X111.655 Y108.522 E2.66614
G1 X112.07 Y108.456 E2.67935
G1 X112.442 Y108.434 E2.69106
G1 X112.855 Y108.449 E2.70405
G1 X113.276 Y108.508 E2.71741
G1 X113.683 Y108.61 E2.7306
G1 X114.029 Y108.732 E2.74213
G1 X114.404 Y108.907 E2.75513
G1 X114.72 Y109.093 E2.76665
G1 X115.055 Y109.336 E2.77966
G1 X115.329 Y109.579 E2.79117
G1 X115.536 Y109.801 E2.80071
G1 X115.536 Y109.801 F12000
G1 X115.302 Y110.1
G1 F3600
G1 X115.325 Y110.124 E2.80175
G1 X115.524 Y110.384 E2.81204
G1 X115.702 Y110.664 E2.82247
G1 X115.872 Y110.999 E2.83428
G1 X116.01 Y111.359 E2.8464
G1 X116.11 Y111.729 E2.85844
G1 X116.165 Y112.061 E2.86902
G1 X116.191 Y112.436 E2.88083
G1 X116.177 Y112.822 E2.89297
G1 X116.124 Y113.201 E2.905
G1 X116.045 Y113.528 E2.91557
G1 X115.923 Y113.88 E2.92728
G1 X115.784 Y114.186 E2.93784
G1 X115.595 Y114.511 E2.94965
G1 X115.371 Y114.82 E2.96164
G1 X115.152 Y115.067 E2.97201
G1 X114.876 Y115.325 E2.98388
G1 X114.614 Y115.526 E2.99426
G1 X114.293 Y115.726 E3.00615
G1 X113.997 Y115.874 E3.01655
G1 X113.641 Y116.011 E3.02854
G1 X113.271 Y116.109 E3.04057
G1 X112.946 Y116.164 E3.05093
G1 X112.564 Y116.191 E3.06296
G1 X112.182 Y116.177 E3.07497
G1 X111.855 Y116.134 E3.08533
G1 X111.483 Y116.048 E3.09733
G1 X111.128 Y115.926 E3.10913
G1 X110.821 Y115.787 E3.11972
G1 X110.49 Y115.596 E3.13173
G1 X110.18 Y115.371 E3.14377
G1 X109.933 Y115.152 E3.15414
G1 X109.672 Y114.873 E3.16615
G1 X109.442 Y114.567 E3.17818
G1 X109.266 Y114.28 E3.18876
G1 X109.102 Y113.942 E3.20057
G1 X108.972 Y113.583 E3.21257
G1 X108.889 Y113.263 E3.22296
G1 X108.83 Y112.89 E3.23483
G1 X108.81 Y112.56 E3.24522
G1 X108.823 Y112.182 E3.25711
G1 X108.867 Y111.848 E3.2677
G1 X108.952 Y111.482 E3.27951
G1 X109.078 Y111.117 E3.29164
G1 X109.239 Y110.771 E3.30363
G1 X109.407 Y110.486 E3.31403
G1 X109.629 Y110.18 E3.32591
G1 X109.848 Y109.933 E3.33628
G1 X110.127 Y109.672 E3.34829
G1 X110.436 Y109.44 E3.36043
G1 X110.764 Y109.243 E3.37245
G1 X111.058 Y109.102 E3.3827
G1 X111.37 Y108.986 E3.39316
G1 X111.733 Y108.889 E3.40497
G1 X112.111 Y108.83 E3.41699
G1 X112.447 Y108.809 E3.42757
G1 X112.822 Y108.823 E3.43936
G1 X113.204 Y108.877 E3.45148
G1 X113.575 Y108.969 E3.46349
G1 X113.886 Y109.079 E3.47386
G1 X114.229 Y109.239 E3.48575
G1 X114.514 Y109.407 E3.49615
G1 X114.82 Y109.629 E3.50803
G1 X115.067 Y109.848 E3.5184
G1 X115.261 Y110.056 E3.52734
G1 X115.261 Y110.056 F12000
G1 X115.027 Y110.355
G1 F3600
G1 X115.038 Y110.367 E3.52785
G1 X115.216 Y110.599 E3.53704
G1 X115.376 Y110.85 E3.54639
G1 X115.529 Y111.152 E3.55703
G1 X115.653 Y111.475 E3.5679
G1 X115.743 Y111.809 E3.57877
G1 X115.792 Y112.105 E3.5882
G1 X115.815 Y112.442 E3.59881
G1 X115.803 Y112.789 E3.60972
G1 X115.755 Y113.131 E3.62057
G1 X115.685 Y113.423 E3.63001
G1 X115.575 Y113.74 E3.64055
G1 X115.45 Y114.013 E3.64999
G1 X115.281 Y114.306 E3.66062
G1 X115.078 Y114.585 E3.67146
G1 X114.883 Y114.805 E3.6807
G1 X114.633 Y115.038 E3.69144
G1 X114.4 Y115.217 E3.70067
G1 X114.11 Y115.399 E3.71143
G1 X113.846 Y115.53 E3.72069
G1 X113.525 Y115.653 E3.73149
G1 X113.192 Y115.743 E3.74233
G1 X112.902 Y115.791 E3.75157
G1 X112.558 Y115.815 E3.76241
G1 X112.214 Y115.803 E3.77323
G1 X111.922 Y115.765 E3.78248
G1 X111.586 Y115.687 E3.79332
G1 X111.266 Y115.578 E3.80394
G1 X110.993 Y115.453 E3.81338
G1 X110.694 Y115.281 E3.82422
G1 X110.415 Y115.078 E3.83506
G1 X110.195 Y114.883 E3.8443
G1 X109.96 Y114.631 E3.85513
G1 X109.752 Y114.356 E3.86597
G1 X109.596 Y114.099 E3.87542
G1 X109.448 Y113.795 E3.88605
G1 X109.33 Y113.472 E3.89686
G1 X109.256 Y113.187 E3.90611
G1 X109.203 Y112.849 E3.91686
G1 X109.185 Y112.555 E3.92612
G1 X109.197 Y112.213 E3.93687
G1 X109.236 Y111.915 E3.94631
G1 X109.313 Y111.586 E3.95693
G1 X109.426 Y111.258 E3.96783
G1 X109.571 Y110.946 E3.97864
G1 X109.721 Y110.692 E3.98791
G1 X109.922 Y110.415 E3.99867
G1 X110.117 Y110.195 E4.00791
G1 X110.369 Y109.96 E4.01874
G1 X110.646 Y109.751 E4.02964
G1 X110.941 Y109.574 E4.04045
G1 X111.205 Y109.448 E4.04964
G1 X111.484 Y109.344 E4.059
G1 X111.811 Y109.257 E4.06963
G1 X112.151 Y109.203 E4.08045
G1 X112.451 Y109.185 E4.08989
G1 X112.789 Y109.197 E4.10052
G1 X113.133 Y109.245 E4.11144
G1 X113.467 Y109.329 E4.12226
G1 X113.744 Y109.427 E4.13149
G1 X114.054 Y109.571 E4.14223
G1 X114.308 Y109.721 E4.1515
G1 X114.585 Y109.922 E4.16226
G1 X114.805 Y110.117 E4.1715
G1 X114.986 Y110.311 E4.17984
G1 X114.986 Y110.311 F12000
G1 X114.752 Y110.595
;TYPE:External perimeter
;WIDTH:0.4
G1 F3600
G1 X114.759 Y110.603 E4.18016
G1 X115.059 Y111.031 E4.19571
G1 X115.195 Y111.3 E4.20468
G1 X115.306 Y111.588 E4.21386
G1 X115.386 Y111.886 E4.22304
G1 X115.429 Y112.148 E4.23094
G1 X115.45 Y112.449 E4.23992
G1 X115.439 Y112.757 E4.24909
G1 X115.396 Y113.062 E4.25825
G1 X115.334 Y113.32 E4.26614
G1 X115.236 Y113.605 E4.27511
G1 X115.125 Y113.846 E4.283
G1 X114.974 Y114.107 E4.29197
G1 X114.793 Y114.356 E4.30113
G1 X114.622 Y114.55 E4.30882
G1 X114.397 Y114.759 E4.31796
G1 X114.191 Y114.917 E4.32568
G1 X113.931 Y115.08 E4.33481
G1 X113.699 Y115.196 E4.34253
G1 X113.412 Y115.306 E4.35167
G1 X113.114 Y115.386 E4.36085
G1 X112.859 Y115.428 E4.36854
G1 X112.551 Y115.45 E4.37773
G1 X112.244 Y115.439 E4.38687
G1 X111.987 Y115.405 E4.39458
G1 X111.687 Y115.336 E4.40374
G1 X111.401 Y115.238 E4.41273
G1 X111.16 Y115.128 E4.42061
G1 X110.893 Y114.974 E4.42978
G1 X110.644 Y114.793 E4.43894
G1 X110.45 Y114.622 E4.44663
G1 X110.24 Y114.396 E4.45581
G1 X110.055 Y114.15 E4.46497
G1 X109.916 Y113.924 E4.47286
G1 X109.784 Y113.653 E4.48183
G1 X109.679 Y113.363 E4.49101
G1 X109.614 Y113.113 E4.49869
G1 X109.566 Y112.809 E4.50785
G1 X109.55 Y112.551 E4.51554
G1 X109.561 Y112.244 E4.52468
G1 X109.596 Y111.981 E4.53257
G1 X109.664 Y111.687 E4.54155
G1 X109.765 Y111.395 E4.55074
G1 X109.895 Y111.116 E4.5599
G1 X110.026 Y110.892 E4.56762
G1 X110.207 Y110.644 E4.57675
G1 X110.378 Y110.45 E4.58444
G1 X110.604 Y110.24 E4.59362
G1 X110.85 Y110.054 E4.60279
G1 X111.114 Y109.896 E4.61194
G1 X111.595 Y109.692 E4.62748
G1 X111.887 Y109.614 E4.63647
G1 X112.191 Y109.566 E4.64563
G1 X112.456 Y109.55 E4.65353
G1 X112.757 Y109.561 E4.66249
G1 X113.063 Y109.604 E4.67168
G1 X113.362 Y109.678 E4.68084
G1 X113.606 Y109.765 E4.68855
G1 X113.884 Y109.895 E4.69768
G1 X114.108 Y110.026 E4.7054
G1 X114.356 Y110.207 E4.71453
G1 X114.55 Y110.378 E4.72222
G1 X114.711 Y110.551 E4.72925
G1 X114.947 Y110.874 F12000
G1 E2.72925 F2400
G92 E0
G1 Z8.37 F12000
G1 X103.985 Y109.06
G1 Z7.97
G1 E2 F2400
;TYPE:Perimeter
;WIDTH:0.42
G1 F4800
G1 X104.322 Y108.32 E2.02555
G1 X104.797 Y107.498 E2.05538
G1 X105.069 Y107.101 E2.0705
G1 X105.362 Y106.72 E2.0856
G1 X105.674 Y106.354 E2.10071
G1 X106.005 Y106.005 E2.11583
G1 X106.354 Y105.674 E2.13095
G1 X106.72 Y105.362 E2.14606
G1 X107.101 Y105.069 E2.16116
G1 X107.498 Y104.797 E2.17628
G1 X108.32 Y104.322 E2.20611
G1 X109.06 Y103.985 E2.23166
G1 X109.826 Y103.714 E2.25719
G1 X110.747 Y103.484 E2.28702
G1 X111.687 Y103.352 E2.31685
G1 X112.533 Y103.316 E2.34346
G1 X112.98 Y103.328 E2.35751
G1 X113.46 Y103.366 E2.37264
G1 X114.398 Y103.514 E2.40248
G1 X115.196 Y103.72 E2.42838
G1 X115.641 Y103.869 E2.44313
G1 X116.089 Y104.045 E2.45826
G1 X116.526 Y104.245 E2.47336
G1 X116.943 Y104.462 E2.48813
G1 X117.645 Y104.892 E2.514
G1 X118.028 Y105.165 E2.52878
G1 X118.395 Y105.457 E2.54352
G1 X118.993 Y106.005 E2.56901
G1 X119.557 Y106.622 E2.59528
G1 X120.107 Y107.354 E2.62405
G1 X120.549 Y108.076 E2.65065
G1 X120.95 Y108.901 E2.67948
G1 X121.238 Y109.673 E2.70537
G1 X121.484 Y110.59 E2.73521
G1 X121.572 Y111.063 E2.75033
G1 X121.634 Y111.54 E2.76545
G1 X121.684 Y112.489 E2.79531
G1 X121.648 Y113.312 E2.8212
G1 X121.516 Y114.253 E2.85106
G1 X121.287 Y115.174 E2.88088
G1 X121.015 Y115.94 E2.90642
G1 X120.678 Y116.68 E2.93197
G1 X120.203 Y117.502 E2.9618
G1 X119.931 Y117.899 E2.97692
G1 X119.638 Y118.28 E2.99202
G1 X119.003 Y118.986 E3.02186
G1 X118.395 Y119.543 E3.04777
G1 X117.645 Y120.108 E3.07728
G1 X116.943 Y120.538 E3.10315
G1 X116.089 Y120.955 E3.13302
G1 X115.197 Y121.279 E3.16284
G1 X114.377 Y121.49 E3.18945
G1 X113.46 Y121.634 E3.21862
G1 X112.981 Y121.672 E3.23372
G1 X112.5 Y121.685 E3.24884
G1 X112.019 Y121.672 E3.26396
G1 X111.551 Y121.635 E3.27871
G1 X110.736 Y121.514 E3.3046
G1 X110.278 Y121.412 E3.31935
G1 X109.826 Y121.287 E3.33409
G1 X109.06 Y121.015 E3.35963
G1 X108.32 Y120.678 E3.38518
G1 X107.498 Y120.203 E3.41501
G1 X107.101 Y119.931 E3.43013
G1 X106.72 Y119.638 E3.44523
G1 X106.354 Y119.326 E3.46034
G1 X106.005 Y118.995 E3.47546
G1 X105.674 Y118.646 E3.49058
G1 X105.37 Y118.289 E3.50532
G1 X104.879 Y117.626 E3.53125
G1 X104.627 Y117.23 E3.546
G1 X104.396 Y116.823 E3.56071
G1 X104.033 Y116.058 E3.58732
G1 X103.717 Y115.185 E3.6165
G1 X103.487 Y114.265 E3.6463
G1 X103.363 Y113.427 E3.67292
G1 X103.316 Y112.512 E3.70171
G1 X103.352 Y111.688 E3.72763
G1 X103.484 Y110.748 E3.75746
G1 X103.714 Y109.826 E3.78732
G1 X103.965 Y109.116 E3.81099
G1 X103.965 Y109.116 F12000
G1 X103.637 Y108.919
G1 F4800
G1 X103.986 Y108.153 E3.83744
G1 X104.221 Y107.72 E3.85292
G1 X104.482 Y107.293 E3.86865
G1 X104.766 Y106.881 E3.88438
G1 X105.071 Y106.484 E3.90011
G1 X105.396 Y106.103 E3.91585
G1 X105.74 Y105.74 E3.93157
G1 X106.103 Y105.396 E3.94729
G1 X106.484 Y105.071 E3.96303
G1 X106.881 Y104.766 E3.97876
G1 X107.293 Y104.482 E3.99449
G1 X107.72 Y104.221 E4.01022
G1 X108.153 Y103.986 E4.0257
G1 X108.919 Y103.637 E4.05215
G1 X109.713 Y103.356 E4.07862
G1 X110.187 Y103.224 E4.09408
G1 X110.676 Y103.116 E4.10982
G1 X111.17 Y103.033 E4.12556
G1 X111.658 Y102.978 E4.14099
G1 X112.53 Y102.941 E4.16842
G1 X113 Y102.953 E4.18319
G1 X113.499 Y102.993 E4.19892
G1 X113.995 Y103.058 E4.21464
G1 X114.479 Y103.148 E4.23011
G1 X115.303 Y103.361 E4.25686
G1 X115.77 Y103.517 E4.27233
G1 X116.235 Y103.7 E4.28803
G1 X116.691 Y103.908 E4.30378
G1 X117.127 Y104.135 E4.31923
G1 X117.852 Y104.579 E4.34595
G1 X118.253 Y104.865 E4.36143
G1 X118.638 Y105.172 E4.3769
G1 X119.259 Y105.74 E4.40335
G1 X119.842 Y106.379 E4.43053
G1 X120.42 Y107.147 E4.46074
G1 X120.876 Y107.892 E4.48819
G1 X121.296 Y108.757 E4.51841
G1 X121.594 Y109.554 E4.54515
G1 X121.734 Y110.026 E4.56062
G1 X121.851 Y110.512 E4.57633
G1 X121.942 Y111.005 E4.59208
G1 X122.007 Y111.501 E4.6078
G1 X122.047 Y112 E4.62353
G1 X122.06 Y112.492 E4.639
G1 X122.023 Y113.341 E4.66571
G1 X121.967 Y113.83 E4.68118
G1 X121.884 Y114.324 E4.69692
G1 X121.776 Y114.813 E4.71266
G1 X121.644 Y115.287 E4.72812
G1 X121.363 Y116.081 E4.75459
G1 X121.014 Y116.847 E4.78104
G1 X120.779 Y117.28 E4.79652
G1 X120.518 Y117.707 E4.81225
G1 X120.234 Y118.119 E4.82798
G1 X119.929 Y118.516 E4.84371
G1 X119.604 Y118.897 E4.85945
G1 X119.265 Y119.254 E4.87492
G1 X118.639 Y119.828 E4.90161
G1 X118.253 Y120.135 E4.91711
G1 X117.852 Y120.421 E4.93259
G1 X117.127 Y120.865 E4.95931
G1 X116.691 Y121.092 E4.97476
G1 X116.235 Y121.3 E4.99051
G1 X115.77 Y121.483 E5.00621
G1 X115.303 Y121.639 E5.02168
G1 X114.458 Y121.857 E5.0491
G1 X113.996 Y121.942 E5.06386
G1 X113.499 Y122.007 E5.07961
G1 X113 Y122.047 E5.09534
G1 X112.5 Y122.06 E5.11106
G1 X112 Y122.047 E5.12678
G1 X111.509 Y122.008 E5.14226
G1 X110.668 Y121.882 E5.16898
G1 X110.187 Y121.776 E5.18446
G1 X109.713 Y121.644 E5.19992
G1 X108.919 Y121.363 E5.22639
G1 X108.153 Y121.014 E5.25284
G1 X107.72 Y120.779 E5.26832
G1 X107.293 Y120.518 E5.28405
G1 X106.881 Y120.234 E5.29978
G1 X106.484 Y119.929 E5.31551
G1 X106.103 Y119.604 E5.33125
G1 X105.74 Y119.26 E5.34697
G1 X105.396 Y118.897 E5.36269
G1 X105.076 Y118.522 E5.37818
G1 X104.57 Y117.839 E5.40489
G1 X104.306 Y117.424 E5.42035
G1 X104.064 Y116.996 E5.4358
G1 X103.689 Y116.207 E5.46325
G1 X103.517 Y115.77 E5.47801
G1 X103.358 Y115.295 E5.49375
G1 X103.224 Y114.813 E5.50947
G1 X103.118 Y114.333 E5.52492
G1 X102.99 Y113.469 E5.55237
G1 X102.94 Y112.508 E5.58261
G1 X102.978 Y111.659 E5.60932
G1 X103.033 Y111.17 E5.62478
G1 X103.116 Y110.676 E5.64052
G1 X103.224 Y110.187 E5.65626
G1 X103.356 Y109.713 E5.67172
G1 X103.617 Y108.976 E5.69629
G1 X103.617 Y108.976 F12000
G1 X103.289 Y108.778
G1 F4800
G1 X103.65 Y107.985 E5.72367
G1 X103.896 Y107.533 E5.73984
G1 X104.168 Y107.089 E5.7562
G1 X104.462 Y106.66 E5.77254
G1 X104.779 Y106.248 E5.78888
G1 X105.117 Y105.852 E5.80524
G1 X105.475 Y105.475 E5.82158
G1 X105.852 Y105.117 E5.83792
G1 X106.248 Y104.779 E5.85428
G1 X106.66 Y104.463 E5.8706
G1 X107.089 Y104.168 E5.88696
G1 X107.533 Y103.896 E5.90332
G1 X107.985 Y103.65 E5.91949
G1 X108.778 Y103.289 E5.94687
G1 X109.6 Y102.998 E5.97427
G1 X110.096 Y102.86 E5.99045
G1 X110.604 Y102.748 E6.0068
G1 X111.117 Y102.662 E6.02315
G1 X111.629 Y102.604 E6.03934
G1 X112.527 Y102.565 E6.06759
G1 X113.02 Y102.579 E6.08309
G1 X113.538 Y102.62 E6.09942
G1 X114.054 Y102.687 E6.11577
G1 X114.561 Y102.781 E6.13197
G1 X115.409 Y103.001 E6.1595
G1 X115.898 Y103.164 E6.1757
G1 X116.382 Y103.355 E6.19205
G1 X116.855 Y103.571 E6.20839
G1 X117.312 Y103.808 E6.22457
G1 X118.06 Y104.266 E6.25213
G1 X118.479 Y104.566 E6.26832
G1 X118.882 Y104.886 E6.28449
G1 X119.524 Y105.475 E6.31187
G1 X120.128 Y106.135 E6.33998
G1 X120.434 Y106.521 E6.35546
G1 X120.733 Y106.94 E6.37164
G1 X121.202 Y107.708 E6.39992
G1 X121.429 Y108.145 E6.4154
G1 X121.643 Y108.614 E6.4316
G1 X121.95 Y109.435 E6.45914
G1 X122.096 Y109.929 E6.47533
G1 X122.218 Y110.434 E6.49166
G1 X122.313 Y110.946 E6.50802
G1 X122.38 Y111.462 E6.52437
G1 X122.421 Y111.98 E6.5407
G1 X122.435 Y112.495 E6.55689
G1 X122.397 Y113.371 E6.58444
G1 X122.338 Y113.883 E6.60064
G1 X122.252 Y114.396 E6.61699
G1 X122.14 Y114.903 E6.63331
G1 X122.002 Y115.4 E6.64952
G1 X121.711 Y116.222 E6.67692
G1 X121.35 Y117.015 E6.7043
G1 X121.104 Y117.468 E6.7205
G1 X120.832 Y117.911 E6.73684
G1 X120.537 Y118.34 E6.7532
G1 X120.221 Y118.752 E6.76952
G1 X119.883 Y119.148 E6.78588
G1 X119.528 Y119.521 E6.80206
G1 X118.882 Y120.114 E6.82962
G1 X118.479 Y120.434 E6.84579
G1 X118.06 Y120.734 E6.86198
G1 X117.312 Y121.192 E6.88954
G1 X116.855 Y121.429 E6.90572
G1 X116.382 Y121.645 E6.92206
G1 X115.898 Y121.836 E6.93841
G1 X115.41 Y121.999 E6.95458
G1 X114.539 Y122.223 E6.98284
G1 X114.054 Y122.313 E6.99834
G1 X113.538 Y122.38 E7.01469
G1 X113.02 Y122.421 E7.03102
G1 X112.5 Y122.435 E7.04737
G1 X111.98 Y122.421 E7.06372
G1 X111.466 Y122.381 E7.07992
G1 X110.6 Y122.251 E7.10744
G1 X110.097 Y122.14 E7.12363
G1 X109.6 Y122.002 E7.13984
G1 X108.778 Y121.711 E7.16724
G1 X107.985 Y121.35 E7.19462
G1 X107.533 Y121.104 E7.21079
G1 X107.089 Y120.832 E7.22715
G1 X106.66 Y120.537 E7.24351
G1 X106.248 Y120.221 E7.25983
G1 X105.852 Y119.883 E7.27619
G1 X105.475 Y119.525 E7.29253
G1 X105.117 Y119.148 E7.30887
G1 X104.782 Y118.756 E7.32507
G1 X104.261 Y118.051 E7.35262
G1 X103.984 Y117.617 E7.3688
G1 X103.731 Y117.169 E7.38497
G1 X103.344 Y116.356 E7.41327
G1 X103.164 Y115.898 E7.42873
G1 X102.999 Y115.405 E7.44507
G1 X102.86 Y114.904 E7.46141
G1 X102.749 Y114.401 E7.4776
G1 X102.617 Y113.511 E7.50587
G1 X102.579 Y113.02 E7.52135
G1 X102.565 Y112.505 E7.53754
G1 X102.603 Y111.629 E7.56509
G1 X102.662 Y111.117 E7.58129
G1 X102.748 Y110.604 E7.59764
G1 X102.86 Y110.097 E7.61396
G1 X102.998 Y109.6 E7.63017
G1 X103.269 Y108.835 E7.65567
G1 X103.269 Y108.835 F12000
G1 X102.95 Y108.642
;TYPE:External perimeter
;WIDTH:0.4
G1 F2400
G1 X103.324 Y107.822 E7.68248
G1 X103.58 Y107.35 E7.69845
G1 X103.862 Y106.89 E7.7145
G1 X104.167 Y106.446 E7.73052
G1 X104.495 Y106.018 E7.74656
G1 X104.846 Y105.608 E7.76262
G1 X105.217 Y105.217 E7.77865
G1 X105.608 Y104.846 E7.79468
G1 X106.018 Y104.495 E7.81074
G1 X106.446 Y104.167 E7.82678
G1 X106.89 Y103.862 E7.8428
G1 X107.35 Y103.58 E7.85885
G1 X107.822 Y103.324 E7.87482
G1 X108.642 Y102.95 E7.90163
G1 X109.49 Y102.65 E7.92839
G1 X110.008 Y102.506 E7.94438
G1 X110.535 Y102.389 E7.96044
G1 X111.067 Y102.3 E7.97649
G1 X111.6 Y102.239 E7.99245
G1 X112.525 Y102.2 E8.01999
G1 X113.039 Y102.214 E8.03529
G1 X113.577 Y102.256 E8.05134
G1 X114.111 Y102.327 E8.06737
G1 X114.64 Y102.425 E8.08337
G1 X115.513 Y102.651 E8.1102
G1 X116.023 Y102.821 E8.12619
G1 X116.525 Y103.019 E8.14224
G1 X117.015 Y103.242 E8.15826
G1 X117.492 Y103.491 E8.17427
G1 X118.261 Y103.962 E8.2011
G1 X118.699 Y104.274 E8.2171
G1 X119.119 Y104.609 E8.23308
G1 X119.783 Y105.217 E8.25986
G1 X120.406 Y105.898 E8.28732
G1 X120.726 Y106.301 E8.30263
G1 X121.038 Y106.739 E8.31863
G1 X121.52 Y107.528 E8.34614
G1 X121.757 Y107.985 E8.36145
G1 X121.98 Y108.474 E8.37744
G1 X122.296 Y109.319 E8.40428
G1 X122.449 Y109.834 E8.42026
G1 X122.575 Y110.359 E8.43632
G1 X122.673 Y110.889 E8.45235
G1 X122.744 Y111.423 E8.46838
G1 X122.786 Y111.961 E8.48443
G1 X122.8 Y112.498 E8.50041
G1 X122.761 Y113.399 E8.52724
G1 X122.7 Y113.933 E8.54323
G1 X122.611 Y114.465 E8.55928
G1 X122.494 Y114.992 E8.57534
G1 X122.35 Y115.51 E8.59133
G1 X122.05 Y116.358 E8.61809
G1 X121.676 Y117.178 E8.6449
G1 X121.42 Y117.65 E8.66087
G1 X121.138 Y118.11 E8.67692
G1 X120.833 Y118.554 E8.69294
G1 X120.505 Y118.982 E8.70898
G1 X120.154 Y119.392 E8.72504
G1 X119.784 Y119.782 E8.74103
G1 X119.119 Y120.391 E8.76786
G1 X118.699 Y120.726 E8.78384
G1 X118.261 Y121.038 E8.79984
G1 X117.492 Y121.509 E8.82667
G1 X117.015 Y121.758 E8.84268
G1 X116.525 Y121.981 E8.8587
G1 X116.023 Y122.179 E8.87475
G1 X115.513 Y122.349 E8.89074
G1 X114.617 Y122.58 E8.91827
G1 X114.111 Y122.673 E8.93358
G1 X113.577 Y122.744 E8.94961
G1 X113.039 Y122.786 E8.96566
G1 X112.5 Y122.8 E8.9817
G1 X111.961 Y122.786 E8.99774
G1 X111.425 Y122.744 E9.01373
G1 X110.533 Y122.61 E9.04056
G1 X110.008 Y122.494 E9.05655
G1 X109.49 Y122.35 E9.07254
G1 X108.642 Y122.05 E9.0993
G1 X107.822 Y121.676 E9.12611
G1 X107.35 Y121.42 E9.14208
G1 X106.89 Y121.138 E9.15813
G1 X106.446 Y120.833 E9.17415
G1 X106.018 Y120.505 E9.19019
G1 X105.608 Y120.154 E9.20625
G1 X105.217 Y119.783 E9.22228
G1 X104.846 Y119.392 E9.23831
G1 X104.497 Y118.983 E9.2543
G1 X103.96 Y118.258 E9.28114
G1 X103.671 Y117.805 E9.29713
G1 X103.407 Y117.337 E9.31311
G1 X103.009 Y116.502 E9.34063
G1 X102.821 Y116.023 E9.35594
G1 X102.65 Y115.511 E9.372
G1 X102.506 Y114.992 E9.38802
G1 X102.39 Y114.467 E9.40401
G1 X102.254 Y113.552 E9.43153
G1 X102.214 Y113.039 E9.44684
G1 X102.2 Y112.502 E9.46282
G1 X102.239 Y111.601 E9.48965
G1 X102.3 Y111.067 E9.50564
G1 X102.389 Y110.535 E9.52169
G1 X102.506 Y110.008 E9.53775
G1 X102.65 Y109.49 E9.55374
G1 X102.93 Y108.698 E9.57873
G1 X103.092 Y108.332 F12000
;LAYER_CHANGE
;Z:8.18
;HEIGHT:0.210001
G1 Z8.18 F12000
G1 E7.57873 F2400
G92 E0
G1 Z8.58 F12000
G1 X103.712 Y114.317
G1 Z8.18
G1 E2 F2400
G92 E0
;TYPE:Internal infill
;WIDTH:0.42
G1 F6000
G1 X110.687 Y121.291 E.30996
G1 E-1.69004 F2400
G92 E0
G1 X110.687 Y121.291 Z8.58 F12000
G1 X120.913 Y115.61
G1 Z8.18
G1 E2 F2400
G1 F6000
G1 X116.832 Y111.53 E2.18135
G1 X116.941 Y112.422 E2.20959
G1 X116.925 Y112.881 E2.22402
G1 X116.77 Y113.725 E2.25099
G1 X116.621 Y114.158 E2.26538
G1 X116.229 Y114.913 E2.29211
G1 X115.639 Y115.639 E2.32151
G1 X118.729 Y118.729 E2.45884
G1 X118.055 Y119.337 E2.48737
G1 X117.426 Y119.803 E2.51197
G1 X116.762 Y120.209 E2.53643
G1 X115.479 Y120.781 E2.58057
G1 X111.525 Y116.828 E2.75627
G1 X110.471 Y116.451 E2.79145
G1 X109.76 Y115.996 E2.81798
G1 X109.414 Y115.695 E2.83239
G1 X109.102 Y115.361 E2.84675
G1 X108.615 Y114.654 E2.87373
G1 X108.411 Y114.236 E2.88835
G1 X108.168 Y113.47 E2.9136
G1 X104.221 Y109.523 E3.08901
G1 X104.717 Y108.374 E3.12834
G1 X105.127 Y107.68 E3.15367
G1 X105.657 Y106.952 E3.18197
G1 X106.271 Y106.271 E3.21078
G1 X109.361 Y109.361 E3.34811
G1 X109.958 Y108.857 E3.37266
G1 X110.346 Y108.615 E3.38703
G1 X111.194 Y108.255 E3.41598
G1 X112.029 Y108.083 E3.44277
G1 X112.436 Y108.059 E3.45558
G1 X113.473 Y108.17 E3.48835
G1 X109.522 Y104.219 E3.66394
G1 X110.819 Y103.853 E3.70629
G1 X111.722 Y103.725 E3.73495
G1 X112.96 Y103.702 E3.77386
G1 X114.543 Y103.939 E3.82416
G1 X121.292 Y110.688 E4.1241
G1 E2.1241 F2400
G92 E0
G1 X121.292 Y110.688 Z8.58 F12000
G1 X115.642 Y109.922
G1 Z8.18
G1 E2 F2400
;TYPE:Perimeter
G1 F3600
G1 X115.838 Y110.177 E2.01011
G1 X116.057 Y110.529 E2.02314
G1 X116.243 Y110.911 E2.03649
G1 X116.387 Y111.306 E2.0497
G1 X116.477 Y111.655 E2.06103
G1 X116.537 Y112.01 E2.07234
G1 X116.566 Y112.429 E2.08554
G1 X116.551 Y112.849 E2.09875
G1 X116.502 Y113.218 E2.11045
G1 X116.409 Y113.621 E2.12345
G1 X116.272 Y114.019 E2.13668
G1 X116.118 Y114.357 E2.14835
G1 X115.913 Y114.71 E2.16118
G1 X115.701 Y115.008 E2.17267
G1 X115.425 Y115.325 E2.18588
G1 X115.114 Y115.615 E2.19924
G1 X114.778 Y115.868 E2.21246
G1 X114.461 Y116.062 E2.22414
G1 X114.088 Y116.244 E2.23718
G1 X113.694 Y116.387 E2.25035
G1 X113.345 Y116.477 E2.26168
G1 X112.99 Y116.537 E2.27299
G1 X112.571 Y116.566 E2.28619
G1 X112.151 Y116.551 E2.2994
G1 X111.782 Y116.502 E2.3111
G1 X111.379 Y116.409 E2.3241
G1 X110.981 Y116.272 E2.33733
G1 X110.643 Y116.118 E2.349
G1 X110.29 Y115.913 E2.36183
G1 X109.992 Y115.701 E2.37332
G1 X109.675 Y115.425 E2.38653
G1 X109.389 Y115.118 E2.39972
G1 X109.166 Y114.828 E2.41122
G1 X108.943 Y114.472 E2.42442
G1 X108.757 Y114.089 E2.4378
G1 X108.613 Y113.694 E2.45101
G1 X108.523 Y113.345 E2.46234
G1 X108.463 Y112.984 E2.47384
G1 X108.434 Y112.57 E2.48688
G1 X108.449 Y112.151 E2.50006
G1 X108.496 Y111.788 E2.51156
G1 X108.59 Y111.384 E2.52459
G1 X108.708 Y111.032 E2.53626
G1 X108.877 Y110.653 E2.5493
G1 X109.087 Y110.29 E2.56248
G1 X109.299 Y109.992 E2.57397
G1 X109.575 Y109.675 E2.58718
G1 X109.882 Y109.389 E2.60037
G1 X110.172 Y109.166 E2.61187
G1 X110.528 Y108.943 E2.62507
G1 X110.911 Y108.757 E2.63845
G1 X111.306 Y108.613 E2.65166
G1 X111.66 Y108.521 E2.66315
G1 X112.07 Y108.456 E2.6762
G1 X112.441 Y108.434 E2.68788
G1 X112.855 Y108.449 E2.7009
G1 X113.27 Y108.507 E2.71407
G1 X113.626 Y108.593 E2.72558
G1 X114.023 Y108.729 E2.73877
G1 X114.399 Y108.904 E2.7518
G1 X114.719 Y109.092 E2.76346
G1 X115.055 Y109.336 E2.77651
G1 X115.329 Y109.579 E2.78802
G1 X115.605 Y109.875 E2.80074
G1 X115.605 Y109.875 F12000
G1 X115.302 Y110.1
G1 F3600
G1 X115.325 Y110.125 E2.80181
G1 X115.529 Y110.391 E2.81234
G1 X115.729 Y110.711 E2.8242
G1 X115.898 Y111.058 E2.83633
G1 X116.028 Y111.417 E2.84833
G1 X116.11 Y111.733 E2.85859
G1 X116.164 Y112.054 E2.86882
G1 X116.191 Y112.436 E2.88085
G1 X116.177 Y112.818 E2.89286
G1 X116.133 Y113.151 E2.90342
G1 X116.048 Y113.518 E2.91526
G1 X115.924 Y113.879 E2.92726
G1 X115.784 Y114.184 E2.93781
G1 X115.598 Y114.507 E2.94952
G1 X115.406 Y114.776 E2.95991
G1 X115.155 Y115.064 E2.97192
G1 X114.873 Y115.328 E2.98406
G1 X114.567 Y115.558 E2.99609
G1 X114.281 Y115.733 E3.00663
G1 X113.942 Y115.898 E3.01848
G1 X113.583 Y116.028 E3.03048
G1 X113.267 Y116.11 E3.04074
G1 X112.946 Y116.164 E3.05097
G1 X112.564 Y116.191 E3.063
G1 X112.182 Y116.177 E3.07501
G1 X111.849 Y116.133 E3.08557
G1 X111.482 Y116.048 E3.09741
G1 X111.121 Y115.924 E3.10941
G1 X110.816 Y115.784 E3.11996
G1 X110.493 Y115.598 E3.13167
G1 X110.224 Y115.406 E3.14206
G1 X109.936 Y115.155 E3.15407
G1 X109.675 Y114.876 E3.16608
G1 X109.474 Y114.614 E3.17646
G1 X109.272 Y114.29 E3.18846
G1 X109.102 Y113.942 E3.20063
G1 X108.972 Y113.583 E3.21263
G1 X108.89 Y113.267 E3.22289
G1 X108.835 Y112.94 E3.23331
G1 X108.809 Y112.564 E3.24515
G1 X108.823 Y112.182 E3.25716
G1 X108.866 Y111.855 E3.26752
G1 X108.951 Y111.486 E3.27942
G1 X109.058 Y111.168 E3.28996
G1 X109.211 Y110.824 E3.30179
G1 X109.402 Y110.493 E3.3138
G1 X109.594 Y110.224 E3.32419
G1 X109.845 Y109.936 E3.3362
G1 X110.124 Y109.675 E3.34821
G1 X110.386 Y109.474 E3.35859
G1 X110.71 Y109.272 E3.37059
G1 X111.058 Y109.102 E3.38276
G1 X111.417 Y108.972 E3.39476
G1 X111.737 Y108.889 E3.40515
G1 X112.111 Y108.83 E3.41705
G1 X112.445 Y108.81 E3.42756
G1 X112.822 Y108.823 E3.43941
G1 X113.2 Y108.876 E3.4514
G1 X113.521 Y108.953 E3.46177
G1 X113.882 Y109.077 E3.47377
G1 X114.224 Y109.236 E3.48562
G1 X114.513 Y109.406 E3.49616
G1 X114.82 Y109.629 E3.50808
G1 X115.067 Y109.848 E3.51845
G1 X115.261 Y110.056 E3.52739
G1 X115.261 Y110.056 F12000
G1 X115.027 Y110.355
G1 F3600
G1 X115.038 Y110.367 E3.5279
G1 X115.22 Y110.605 E3.53732
G1 X115.4 Y110.893 E3.54799
G1 X115.552 Y111.204 E3.55887
G1 X115.67 Y111.528 E3.56971
G1 X115.743 Y111.811 E3.57889
G1 X115.791 Y112.098 E3.58803
G1 X115.815 Y112.442 E3.59887
G1 X115.803 Y112.787 E3.60972
G1 X115.764 Y113.084 E3.61913
G1 X115.687 Y113.414 E3.62978
G1 X115.575 Y113.74 E3.64061
G1 X115.451 Y114.012 E3.65
G1 X115.282 Y114.304 E3.6606
G1 X115.111 Y114.543 E3.66984
G1 X114.885 Y114.803 E3.68067
G1 X114.631 Y115.04 E3.69159
G1 X114.356 Y115.248 E3.70243
G1 X114.1 Y115.404 E3.71185
G1 X113.795 Y115.552 E3.7225
G1 X113.472 Y115.67 E3.73331
G1 X113.189 Y115.743 E3.74249
G1 X112.902 Y115.791 E3.75163
G1 X112.558 Y115.815 E3.76247
G1 X112.213 Y115.803 E3.77332
G1 X111.916 Y115.764 E3.78273
G1 X111.586 Y115.687 E3.79338
G1 X111.26 Y115.575 E3.80421
G1 X110.988 Y115.451 E3.8136
G1 X110.696 Y115.282 E3.8242
G1 X110.457 Y115.111 E3.83344
G1 X110.197 Y114.885 E3.84427
G1 X109.962 Y114.633 E3.8551
G1 X109.783 Y114.4 E3.86433
G1 X109.6 Y114.108 E3.87516
G1 X109.448 Y113.796 E3.88607
G1 X109.33 Y113.472 E3.89691
G1 X109.257 Y113.189 E3.90609
G1 X109.208 Y112.896 E3.91543
G1 X109.185 Y112.558 E3.92608
G1 X109.197 Y112.213 E3.93693
G1 X109.235 Y111.922 E3.94615
G1 X109.312 Y111.588 E3.95692
G1 X109.408 Y111.304 E3.96634
G1 X109.546 Y110.995 E3.97697
G1 X109.718 Y110.696 E3.98781
G1 X109.889 Y110.457 E3.99705
G1 X110.115 Y110.197 E4.00788
G1 X110.367 Y109.962 E4.01871
G1 X110.6 Y109.783 E4.02794
G1 X110.893 Y109.6 E4.0388
G1 X111.204 Y109.448 E4.04968
G1 X111.528 Y109.33 E4.06052
G1 X111.813 Y109.256 E4.06977
G1 X112.151 Y109.203 E4.08052
G1 X112.45 Y109.185 E4.08993
G1 X112.789 Y109.197 E4.10059
G1 X113.13 Y109.245 E4.11141
G1 X113.416 Y109.314 E4.12066
G1 X113.742 Y109.426 E4.13149
G1 X114.05 Y109.569 E4.14216
G1 X114.308 Y109.72 E4.15155
G1 X114.585 Y109.922 E4.16232
G1 X114.805 Y110.117 E4.17156
G1 X114.986 Y110.311 E4.1799
G1 X114.986 Y110.311 F12000
G1 X114.751 Y110.594
;TYPE:External perimeter
;WIDTH:0.4
G1 F3600
G1 X114.759 Y110.603 E4.18026
G1 X114.92 Y110.813 E4.18813
G1 X115.08 Y111.07 E4.19714
G1 X115.216 Y111.347 E4.20632
G1 X115.321 Y111.637 E4.2155
G1 X115.428 Y112.141 E4.23083
G1 X115.45 Y112.449 E4.24002
G1 X115.439 Y112.756 E4.24916
G1 X115.404 Y113.018 E4.25702
G1 X115.336 Y113.313 E4.26603
G1 X115.236 Y113.604 E4.27518
G1 X115.126 Y113.845 E4.28306
G1 X114.975 Y114.106 E4.29203
G1 X114.824 Y114.317 E4.29975
G1 X114.622 Y114.549 E4.3089
G1 X114.396 Y114.76 E4.3181
G1 X114.15 Y114.945 E4.32726
G1 X113.925 Y115.083 E4.33511
G1 X113.653 Y115.216 E4.34412
G1 X113.363 Y115.321 E4.3533
G1 X112.859 Y115.428 E4.36863
G1 X112.551 Y115.45 E4.37782
G1 X112.244 Y115.439 E4.38696
G1 X111.982 Y115.404 E4.39482
G1 X111.687 Y115.336 E4.40383
G1 X111.396 Y115.236 E4.41298
G1 X111.155 Y115.126 E4.42086
G1 X110.894 Y114.975 E4.42983
G1 X110.683 Y114.824 E4.43755
G1 X110.451 Y114.622 E4.4467
G1 X110.241 Y114.397 E4.45586
G1 X110.083 Y114.191 E4.46358
G1 X109.92 Y113.93 E4.47273
G1 X109.784 Y113.653 E4.48191
G1 X109.679 Y113.363 E4.49109
G1 X109.571 Y112.854 E4.50657
G1 X109.55 Y112.551 E4.51561
G1 X109.561 Y112.244 E4.52475
G1 X109.595 Y111.987 E4.53246
G1 X109.664 Y111.688 E4.54159
G1 X109.748 Y111.437 E4.54946
G1 X109.871 Y111.161 E4.55845
G1 X110.025 Y110.894 E4.56762
G1 X110.176 Y110.683 E4.57534
G1 X110.378 Y110.451 E4.58449
G1 X110.603 Y110.241 E4.59365
G1 X110.809 Y110.083 E4.60137
G1 X111.07 Y109.92 E4.61052
G1 X111.347 Y109.784 E4.6197
G1 X111.637 Y109.679 E4.62888
G1 X111.888 Y109.614 E4.63659
G1 X112.191 Y109.566 E4.64572
G1 X112.455 Y109.55 E4.65359
G1 X112.757 Y109.561 E4.66258
G1 X113.062 Y109.604 E4.67174
G1 X113.314 Y109.664 E4.67945
G1 X113.605 Y109.765 E4.68861
G1 X113.88 Y109.892 E4.69762
G1 X114.107 Y110.026 E4.70546
G1 X114.356 Y110.207 E4.71462
G1 X114.55 Y110.378 E4.72231
G1 X114.71 Y110.55 E4.7293
G1 X114.95 Y110.87 F12000
G1 E2.7293 F2400
G92 E0
G1 Z8.58 F12000
G1 X103.984 Y109.059
G1 Z8.18
G1 E2 F2400
;TYPE:Perimeter
;WIDTH:0.42
G1 F4800
G1 X104.385 Y108.199 E2.02982
G1 X104.813 Y107.473 E2.0563
G1 X105.362 Y106.72 E2.08558
G1 X105.674 Y106.354 E2.10069
G1 X106.005 Y106.005 E2.11581
G1 X106.354 Y105.674 E2.13093
G1 X106.711 Y105.37 E2.14567
G1 X107.388 Y104.87 E2.17212
G1 X107.769 Y104.627 E2.18632
G1 X108.188 Y104.39 E2.20145
G1 X109.048 Y103.989 E2.23127
G1 X109.843 Y103.708 E2.25777
G1 X110.747 Y103.484 E2.28704
G1 X111.687 Y103.352 E2.31687
G1 X112.529 Y103.316 E2.34335
G1 X112.98 Y103.328 E2.35753
G1 X113.46 Y103.366 E2.37266
G1 X114.398 Y103.514 E2.4025
G1 X115.196 Y103.72 E2.4284
G1 X115.641 Y103.869 E2.44315
G1 X116.089 Y104.045 E2.45828
G1 X116.526 Y104.245 E2.47338
G1 X116.943 Y104.462 E2.48815
G1 X117.636 Y104.886 E2.51368
G1 X118.289 Y105.37 E2.53922
G1 X118.986 Y105.997 E2.56868
G1 X119.543 Y106.605 E2.59459
G1 X120.108 Y107.355 E2.6241
G1 X120.538 Y108.057 E2.64997
G1 X120.95 Y108.901 E2.67948
G1 X121.238 Y109.673 E2.70537
G1 X121.484 Y110.59 E2.73521
G1 X121.572 Y111.063 E2.75033
G1 X121.634 Y111.54 E2.76545
G1 X121.684 Y112.489 E2.79531
G1 X121.648 Y113.312 E2.8212
G1 X121.516 Y114.252 E2.85103
G1 X121.287 Y115.174 E2.88088
G1 X121.005 Y115.968 E2.90736
G1 X120.61 Y116.812 E2.93664
G1 X120.121 Y117.626 E2.96648
G1 X119.63 Y118.289 E2.99241
G1 X118.995 Y118.995 E3.02225
G1 X118.646 Y119.326 E3.03737
G1 X118.289 Y119.63 E3.05211
G1 X117.636 Y120.114 E3.07765
G1 X116.943 Y120.538 E3.10318
G1 X116.099 Y120.95 E3.13269
G1 X115.327 Y121.238 E3.15858
G1 X114.41 Y121.484 E3.18842
G1 X113.937 Y121.572 E3.20354
G1 X113.46 Y121.634 E3.21866
G1 X112.981 Y121.672 E3.23376
G1 X112.5 Y121.685 E3.24888
G1 X112.019 Y121.672 E3.264
G1 X111.551 Y121.635 E3.27875
G1 X110.736 Y121.514 E3.30464
G1 X110.278 Y121.412 E3.31939
G1 X109.826 Y121.286 E3.33414
G1 X109.06 Y121.015 E3.35967
G1 X108.32 Y120.678 E3.38522
G1 X107.498 Y120.203 E3.41505
G1 X107.101 Y119.931 E3.43017
G1 X106.72 Y119.638 E3.44527
G1 X106.354 Y119.326 E3.46038
G1 X106.005 Y118.995 E3.4755
G1 X105.674 Y118.646 E3.49062
G1 X105.37 Y118.289 E3.50536
G1 X104.87 Y117.612 E3.53181
G1 X104.39 Y116.812 E3.56113
G1 X103.989 Y115.952 E3.59095
G1 X103.708 Y115.157 E3.61745
G1 X103.486 Y114.264 E3.64637
G1 X103.365 Y113.449 E3.67226
G1 X103.316 Y112.511 E3.70178
G1 X103.352 Y111.688 E3.72767
G1 X103.482 Y110.759 E3.75715
G1 X103.675 Y109.957 E3.78307
G1 X103.965 Y109.116 E3.81103
G1 X103.965 Y109.116 F12000
G1 X103.636 Y108.919
G1 F4800
G1 X103.836 Y108.46 E3.82676
G1 X104.055 Y108.02 E3.84221
G1 X104.497 Y107.272 E3.86951
G1 X104.766 Y106.881 E3.88442
G1 X105.071 Y106.484 E3.90015
G1 X105.396 Y106.103 E3.91589
G1 X105.74 Y105.74 E3.93161
G1 X106.103 Y105.396 E3.94733
G1 X106.477 Y105.076 E3.9628
G1 X107.176 Y104.56 E3.9901
G1 X107.576 Y104.306 E4.00499
G1 X108.012 Y104.059 E4.02074
G1 X108.46 Y103.836 E4.03647
G1 X108.911 Y103.64 E4.05192
G1 X109.73 Y103.351 E4.07921
G1 X110.187 Y103.224 E4.09412
G1 X110.676 Y103.116 E4.10986
G1 X111.17 Y103.033 E4.1256
G1 X111.658 Y102.978 E4.14103
G1 X112.526 Y102.941 E4.16833
G1 X113 Y102.953 E4.18323
G1 X113.499 Y102.993 E4.19896
G1 X113.996 Y103.058 E4.21471
G1 X114.479 Y103.148 E4.23015
G1 X115.303 Y103.361 E4.2569
G1 X115.77 Y103.517 E4.27237
G1 X116.235 Y103.7 E4.28807
G1 X116.691 Y103.908 E4.30382
G1 X117.127 Y104.135 E4.31927
G1 X117.845 Y104.575 E4.34573
G1 X118.522 Y105.076 E4.3722
G1 X118.897 Y105.396 E4.38769
G1 X119.254 Y105.735 E4.40316
G1 X119.828 Y106.361 E4.42985
G1 X120.135 Y106.747 E4.44535
G1 X120.421 Y107.148 E4.46083
G1 X120.865 Y107.873 E4.48755
G1 X121.092 Y108.309 E4.503
G1 X121.296 Y108.757 E4.51847
G1 X121.594 Y109.554 E4.54521
G1 X121.734 Y110.026 E4.56068
G1 X121.851 Y110.512 E4.57639
G1 X121.942 Y111.005 E4.59214
G1 X122.007 Y111.501 E4.60786
G1 X122.047 Y112 E4.62359
G1 X122.06 Y112.492 E4.63906
G1 X122.023 Y113.341 E4.66577
G1 X121.967 Y113.83 E4.68124
G1 X121.884 Y114.324 E4.69698
G1 X121.776 Y114.813 E4.71272
G1 X121.644 Y115.287 E4.72818
G1 X121.354 Y116.105 E4.75545
G1 X121.164 Y116.54 E4.77037
G1 X120.941 Y116.988 E4.7861
G1 X120.694 Y117.424 E4.80185
G1 X120.43 Y117.839 E4.81731
G1 X119.924 Y118.522 E4.84402
G1 X119.604 Y118.897 E4.85951
G1 X119.26 Y119.26 E4.87523
G1 X118.897 Y119.604 E4.89095
G1 X118.522 Y119.924 E4.90644
G1 X117.845 Y120.425 E4.93291
G1 X117.127 Y120.865 E4.95937
G1 X116.691 Y121.092 E4.97482
G1 X116.243 Y121.296 E4.99029
G1 X115.446 Y121.594 E5.01703
G1 X114.974 Y121.734 E5.0325
G1 X114.488 Y121.851 E5.04821
G1 X113.995 Y121.942 E5.06396
G1 X113.499 Y122.007 E5.07968
G1 X113 Y122.047 E5.09541
G1 X112.5 Y122.06 E5.11113
G1 X112 Y122.047 E5.12685
G1 X111.509 Y122.008 E5.14233
G1 X110.668 Y121.882 E5.16905
G1 X110.187 Y121.776 E5.18453
G1 X109.713 Y121.644 E5.19999
G1 X108.919 Y121.363 E5.22646
G1 X108.153 Y121.014 E5.25291
G1 X107.72 Y120.779 E5.26839
G1 X107.293 Y120.518 E5.28412
G1 X106.881 Y120.234 E5.29985
G1 X106.484 Y119.929 E5.31558
G1 X106.103 Y119.604 E5.33132
G1 X105.74 Y119.26 E5.34704
G1 X105.396 Y118.897 E5.36276
G1 X105.076 Y118.523 E5.37823
G1 X104.56 Y117.824 E5.40553
G1 X104.306 Y117.424 E5.42042
G1 X104.059 Y116.988 E5.43617
G1 X103.836 Y116.54 E5.4519
G1 X103.64 Y116.089 E5.46735
G1 X103.351 Y115.27 E5.49464
G1 X103.118 Y114.332 E5.52501
G1 X102.992 Y113.491 E5.55173
G1 X102.953 Y113 E5.56721
G1 X102.94 Y112.508 E5.58268
G1 X102.978 Y111.659 E5.60939
G1 X103.033 Y111.17 E5.62485
G1 X103.114 Y110.684 E5.64033
G1 X103.313 Y109.857 E5.66706
G1 X103.461 Y109.388 E5.68251
G1 X103.615 Y108.975 E5.69636
G1 X103.615 Y108.975 F12000
G1 X103.289 Y108.778
G1 F4800
G1 X103.496 Y108.301 E5.7127
G1 X103.726 Y107.841 E5.72886
G1 X104.181 Y107.07 E5.75699
G1 X104.462 Y106.661 E5.77258
G1 X104.779 Y106.248 E5.78894
G1 X105.117 Y105.852 E5.8053
G1 X105.475 Y105.475 E5.82164
G1 X105.852 Y105.117 E5.83798
G1 X106.244 Y104.783 E5.85416
G1 X106.964 Y104.251 E5.88229
G1 X107.383 Y103.984 E5.8979
G1 X107.836 Y103.728 E5.91425
G1 X108.301 Y103.496 E5.93058
G1 X108.774 Y103.291 E5.94678
G1 X109.618 Y102.993 E5.97491
G1 X110.096 Y102.86 E5.9905
G1 X110.604 Y102.748 E6.00685
G1 X111.117 Y102.662 E6.0232
G1 X111.629 Y102.604 E6.03939
G1 X112.523 Y102.565 E6.06751
G1 X113.02 Y102.579 E6.08313
G1 X113.538 Y102.62 E6.09946
G1 X114.054 Y102.687 E6.11581
G1 X114.561 Y102.781 E6.13201
G1 X115.409 Y103.001 E6.15954
G1 X115.898 Y103.164 E6.17574
G1 X116.382 Y103.355 E6.19209
G1 X116.855 Y103.571 E6.20843
G1 X117.312 Y103.808 E6.22461
G1 X118.055 Y104.264 E6.25201
G1 X118.756 Y104.782 E6.2794
G1 X119.148 Y105.117 E6.2956
G1 X119.521 Y105.472 E6.31178
G1 X120.114 Y106.118 E6.33934
G1 X120.434 Y106.521 E6.35551
G1 X120.734 Y106.94 E6.3717
G1 X121.192 Y107.688 E6.39926
G1 X121.429 Y108.145 E6.41544
G1 X121.643 Y108.614 E6.43164
G1 X121.95 Y109.435 E6.45918
G1 X122.096 Y109.929 E6.47537
G1 X122.218 Y110.434 E6.4917
G1 X122.313 Y110.946 E6.50806
G1 X122.38 Y111.462 E6.52441
G1 X122.421 Y111.98 E6.54074
G1 X122.435 Y112.495 E6.55693
G1 X122.397 Y113.371 E6.58448
G1 X122.338 Y113.883 E6.60068
G1 X122.252 Y114.396 E6.61703
G1 X122.14 Y114.903 E6.63335
G1 X122.002 Y115.4 E6.64956
G1 X121.702 Y116.243 E6.67768
G1 X121.504 Y116.698 E6.69327
G1 X121.272 Y117.164 E6.70963
G1 X121.016 Y117.617 E6.72598
G1 X120.739 Y118.051 E6.74216
G1 X120.218 Y118.756 E6.76971
G1 X119.883 Y119.148 E6.78591
G1 X119.525 Y119.525 E6.80225
G1 X119.148 Y119.883 E6.81859
G1 X118.756 Y120.218 E6.83479
G1 X118.055 Y120.736 E6.86218
G1 X117.312 Y121.192 E6.88958
G1 X116.855 Y121.429 E6.90576
G1 X116.386 Y121.643 E6.92196
G1 X115.565 Y121.95 E6.9495
G1 X115.071 Y122.096 E6.96569
G1 X114.566 Y122.218 E6.98202
G1 X114.054 Y122.313 E6.99838
G1 X113.538 Y122.38 E7.01473
G1 X113.02 Y122.421 E7.03106
G1 X112.5 Y122.435 E7.04741
G1 X111.98 Y122.421 E7.06376
G1 X111.466 Y122.381 E7.07996
G1 X110.6 Y122.251 E7.10748
G1 X110.097 Y122.14 E7.12367
G1 X109.6 Y122.002 E7.13988
G1 X108.778 Y121.711 E7.16728
G1 X107.985 Y121.35 E7.19466
G1 X107.533 Y121.104 E7.21083
G1 X107.089 Y120.832 E7.22719
G1 X106.66 Y120.537 E7.24355
G1 X106.248 Y120.221 E7.25987
G1 X105.852 Y119.883 E7.27623
G1 X105.475 Y119.525 E7.29257
G1 X105.117 Y119.148 E7.30891
G1 X104.783 Y118.756 E7.32509
G1 X104.251 Y118.036 E7.35322
G1 X103.984 Y117.617 E7.36883
G1 X103.728 Y117.164 E7.38518
G1 X103.496 Y116.699 E7.40151
G1 X103.291 Y116.226 E7.41771
G1 X102.993 Y115.382 E7.44584
G1 X102.86 Y114.904 E7.46143
G1 X102.749 Y114.4 E7.47765
G1 X102.619 Y113.534 E7.50517
G1 X102.579 Y113.02 E7.52137
G1 X102.565 Y112.505 E7.53756
G1 X102.603 Y111.629 E7.56511
G1 X102.662 Y111.117 E7.58131
G1 X102.747 Y110.609 E7.5975
G1 X102.951 Y109.757 E7.62503
G1 X103.106 Y109.265 E7.64124
G1 X103.268 Y108.835 E7.65568
G1 X103.268 Y108.835 F12000
G1 X102.948 Y108.648
;TYPE:External perimeter
;WIDTH:0.4
G1 F2400
G1 X102.95 Y108.642 E7.65587
G1 X103.165 Y108.147 E7.67192
G1 X103.405 Y107.666 E7.68791
G1 X103.873 Y106.873 E7.7153
G1 X104.167 Y106.446 E7.73072
G1 X104.495 Y106.018 E7.74676
G1 X104.846 Y105.608 E7.76282
G1 X105.217 Y105.217 E7.77885
G1 X105.608 Y104.846 E7.79488
G1 X106.017 Y104.497 E7.81087
G1 X106.757 Y103.95 E7.83825
G1 X107.195 Y103.671 E7.8537
G1 X107.664 Y103.406 E7.86973
G1 X108.147 Y103.165 E7.88579
G1 X108.64 Y102.951 E7.90178
G1 X109.508 Y102.644 E7.92917
G1 X110.008 Y102.506 E7.9446
G1 X110.535 Y102.389 E7.96066
G1 X111.067 Y102.3 E7.97671
G1 X111.6 Y102.239 E7.99267
G1 X112.52 Y102.2 E8.02006
G1 X113.039 Y102.214 E8.03551
G1 X113.577 Y102.256 E8.05156
G1 X114.111 Y102.327 E8.06759
G1 X114.64 Y102.425 E8.08359
G1 X115.513 Y102.651 E8.11042
G1 X116.023 Y102.821 E8.12641
G1 X116.525 Y103.019 E8.14246
G1 X117.015 Y103.242 E8.15848
G1 X117.492 Y103.491 E8.17449
G1 X118.26 Y103.961 E8.20128
G1 X118.983 Y104.497 E8.22805
G1 X119.392 Y104.846 E8.24404
G1 X119.782 Y105.216 E8.26003
G1 X120.391 Y105.881 E8.28686
G1 X120.726 Y106.301 E8.30284
G1 X121.038 Y106.739 E8.31884
G1 X121.509 Y107.508 E8.34567
G1 X121.758 Y107.985 E8.36168
G1 X121.98 Y108.474 E8.37766
G1 X122.296 Y109.319 E8.4045
G1 X122.449 Y109.834 E8.42048
G1 X122.575 Y110.359 E8.43654
G1 X122.673 Y110.889 E8.45257
G1 X122.744 Y111.423 E8.4686
G1 X122.786 Y111.961 E8.48465
G1 X122.8 Y112.498 E8.50063
G1 X122.761 Y113.399 E8.52746
G1 X122.7 Y113.933 E8.54345
G1 X122.611 Y114.465 E8.5595
G1 X122.494 Y114.992 E8.57556
G1 X122.35 Y115.51 E8.59155
G1 X122.042 Y116.377 E8.61892
G1 X121.835 Y116.853 E8.63436
G1 X121.594 Y117.336 E8.65042
G1 X121.329 Y117.805 E8.66645
G1 X121.04 Y118.258 E8.68244
G1 X120.503 Y118.983 E8.70928
G1 X120.154 Y119.392 E8.72527
G1 X119.783 Y119.783 E8.7413
G1 X119.392 Y120.154 E8.75733
G1 X118.983 Y120.503 E8.77332
G1 X118.26 Y121.039 E8.80009
G1 X117.492 Y121.509 E8.82688
G1 X117.015 Y121.758 E8.84289
G1 X116.526 Y121.98 E8.85887
G1 X115.681 Y122.296 E8.88571
G1 X115.166 Y122.449 E8.90169
G1 X114.641 Y122.575 E8.91775
G1 X114.111 Y122.673 E8.93378
G1 X113.577 Y122.744 E8.94981
G1 X113.039 Y122.786 E8.96586
G1 X112.5 Y122.8 E8.9819
G1 X111.961 Y122.786 E8.99794
G1 X111.425 Y122.744 E9.01393
G1 X110.533 Y122.61 E9.04076
G1 X110.008 Y122.494 E9.05675
G1 X109.49 Y122.35 E9.07274
G1 X108.642 Y122.05 E9.0995
G1 X107.822 Y121.676 E9.12631
G1 X107.35 Y121.42 E9.14228
G1 X106.89 Y121.138 E9.15833
G1 X106.446 Y120.833 E9.17435
G1 X106.018 Y120.505 E9.19039
G1 X105.608 Y120.154 E9.20645
G1 X105.217 Y119.783 E9.22248
G1 X104.846 Y119.392 E9.23851
G1 X104.497 Y118.983 E9.2545
G1 X103.95 Y118.243 E9.28188
G1 X103.671 Y117.805 E9.29733
G1 X103.406 Y117.336 E9.31336
G1 X103.165 Y116.853 E9.32942
G1 X102.951 Y116.36 E9.34541
G1 X102.644 Y115.492 E9.3728
G1 X102.506 Y114.992 E9.38823
G1 X102.39 Y114.467 E9.40422
G1 X102.256 Y113.575 E9.43105
G1 X102.214 Y113.039 E9.44704
G1 X102.2 Y112.502 E9.46302
G1 X102.239 Y111.601 E9.48985
G1 X102.3 Y111.067 E9.50584
G1 X102.389 Y110.536 E9.52186
G1 X102.6 Y109.659 E9.54869
G1 X102.761 Y109.147 E9.56466
G1 X102.927 Y108.704 E9.57873
G1 X103.083 Y108.336 F12000
;LAYER_CHANGE
;Z:8.39
;HEIGHT:0.21
G1 Z8.39 F12000
G1 E7.57873 F2400
G92 E0
G1 Z8.79 F12000
G1 X104.218 Y110.177
G1 Z8.39
G1 E2 F2400
G92 E0
;TYPE:Internal infill
;WIDTH:0.42
G1 F6000
G1 X110.169 Y104.227 E.26445
G1 E-1.73555 F2400
G92 E0
G1 X110.169 Y104.227 Z8.79 F12000
G1 X112.54 Y103.691
G1 Z8.39
G1 E2 F2400
;TYPE:Solid infill
;WIDTH:0.419992
G1 F4800
G1 X111.724 Y103.725 E2.02566
G1 X110.836 Y103.85 E2.05384
G1 X109.943 Y104.071 E2.08275
G1 X109.199 Y104.333 E2.10754
G1 X108.367 Y104.721 E2.13639
G1 X107.607 Y105.175 E2.16421
;WIDTH:0.41919
G1 X106.951 Y105.662 E2.18983
;WIDTH:0.418714
G1 X106.278 Y106.264 E2.21811
;WIDTH:0.419916
G1 X105.667 Y106.941 E2.24676
G1 X105.198 Y107.577 E2.27159
;WIDTH:0.414604
G1 X104.742 Y108.343 E2.2992
;WIDTH:0.40602
G1 X104.404 Y109.056 E2.32307
;WIDTH:0.410316
G1 X104.124 Y109.787 E2.34703
;WIDTH:0.412618
G1 X103.889 Y110.66 E2.37488
;WIDTH:0.413134
G1 X103.743 Y111.57 E2.40331
;WIDTH:0.418698
G1 X103.691 Y112.49 E2.43217
;WIDTH:0.41947
G1 X103.736 Y113.385 E2.46029
;WIDTH:0.42005
G1 X103.854 Y114.183 E2.48564
G1 X104.071 Y115.057 E2.51394
;WIDTH:0.42139
G1 X104.337 Y115.809 E2.5391
G1 X104.718 Y116.627 E2.56756
;WIDTH:0.419996
G1 X105.115 Y117.297 E2.59203
;WIDTH:0.419164
G1 X105.653 Y118.042 E2.62084
;WIDTH:0.419442
G1 X106.264 Y118.722 E2.64953
;WIDTH:0.419722
G1 X106.948 Y119.34 E2.67848
G1 X107.534 Y119.771 E2.70132
;WIDTH:0.419282
G1 X108.295 Y120.236 E2.72929
G1 X108.773 Y120.476 E2.74607
;WIDTH:0.420048
G1 X109.921 Y120.923 E2.78479
G1 X110.793 Y121.142 E2.81305
;WIDTH:0.419018
G1 X111.588 Y121.259 E2.83824
;WIDTH:0.418758
G1 X112.49 Y121.309 E2.86654
;WIDTH:0.41902
G1 X113.395 Y121.263 E2.89494
;WIDTH:0.419994
G1 X114.13 Y121.154 E2.91829
G1 X114.677 Y121.024 E2.93596
G1 X115.202 Y120.874 E2.95312
;WIDTH:0.405322
G1 X115.792 Y120.662 E2.97205
;WIDTH:0.410196
G1 X116.498 Y120.344 E2.99575
;WIDTH:0.414406
G1 X117.093 Y120.003 E3.01698
G1 X117.666 Y119.627 E3.0382
;WIDTH:0.419518
G1 X118.12 Y119.282 E3.0561
G1 X118.723 Y118.735 E3.08165
;WIDTH:0.419734
G1 X119.34 Y118.051 E3.11058
;WIDTH:0.419454
G1 X119.878 Y117.312 E3.13926
;WIDTH:0.419968
G1 X120.34 Y116.516 E3.16818
G1 X120.664 Y115.807 E3.19267
G1 X120.927 Y115.068 E3.21732
G1 X121.142 Y114.207 E3.24521
G1 X121.262 Y113.413 E3.27044
G1 X121.309 Y112.517 E3.29863
;WIDTH:0.419734
G1 X121.272 Y111.724 E3.32356
;WIDTH:0.418604
G1 X121.15 Y110.836 E3.35162
;WIDTH:0.419994
G1 X120.926 Y109.932 E3.38089
G1 X120.683 Y109.248 E3.4037
;WIDTH:0.417004
G1 X120.44 Y108.716 E3.42193
;WIDTH:0.417518
G1 X120.212 Y108.247 E3.43821
;WIDTH:0.418604
G1 X119.811 Y107.587 E3.46239
;WIDTH:0.419996
G1 X119.266 Y106.86 E3.49094
G1 X118.728 Y106.27 E3.51603
G1 X118.058 Y105.666 E3.54438
G1 X117.426 Y105.198 E3.56909
G1 X116.762 Y104.794 E3.59351
;WIDTH:0.418378
G1 X115.966 Y104.402 E3.62127
G1 X115.213 Y104.122 E3.64641
;WIDTH:0.418704
G1 X114.341 Y103.886 E3.6747
;WIDTH:0.41959
G1 X113.431 Y103.74 E3.70363
G1 X112.727 Y103.702 E3.72576
G1 E1.72576 F2400
G92 E0
G1 X112.727 Y103.702 Z8.79 F12000
G1 X112.449 Y108.067
G1 Z8.39
G1 E2 F2400
;WIDTH:0.419834
G1 F4800
G1 X111.601 Y108.151 E2.02677
G1 X110.782 Y108.406 E2.05371
;WIDTH:0.418768
G1 X110.274 Y108.662 E2.07153
G1 X109.718 Y109.045 E2.09268
;WIDTH:0.415346
G1 X109.326 Y109.409 E2.10928
;WIDTH:0.412904
G1 X108.792 Y110.063 E2.13531
;WIDTH:0.419584
G1 X108.421 Y110.752 E2.15987
G1 X108.237 Y111.257 E2.17674
G1 X108.106 Y111.927 E2.19817
;WIDTH:0.412696
G1 X108.063 Y112.557 E2.21763
;WIDTH:0.419572
G1 X108.141 Y113.331 E2.24205
;WIDTH:0.42009
G1 X108.265 Y113.833 E2.2583
;WIDTH:0.432646
G1 X108.455 Y114.311 E2.27501
G1 X108.72 Y114.82 E2.29365
;WIDTH:0.434918
G1 X109.052 Y115.283 E2.31227
G1 X109.398 Y115.677 E2.3294
;WIDTH:0.4197
G1 X110.066 Y116.214 E2.35631
;WIDTH:0.41873
G1 X110.542 Y116.483 E2.37343
;WIDTH:0.419334
G1 X111.085 Y116.704 E2.39182
;WIDTH:0.419704
G1 X111.626 Y116.851 E2.40942
G1 X112.132 Y116.925 E2.42548
;WIDTH:0.418726
G1 X112.641 Y116.926 E2.44142
;WIDTH:0.414176
G1 X113.332 Y116.856 E2.46291
G1 X113.858 Y116.718 E2.47973
;WIDTH:0.41228
G1 X114.433 Y116.49 E2.49877
G1 X114.968 Y116.185 E2.51772
;WIDTH:0.419732
G1 X115.687 Y115.593 E2.54697
G1 X116.214 Y114.934 E2.57347
;WIDTH:0.418728
G1 X116.483 Y114.458 E2.59059
G1 X116.738 Y113.81 E2.6124
;WIDTH:0.415086
G1 X116.867 Y113.289 E2.62905
;WIDTH:0.419558
G1 X116.937 Y112.537 E2.65276
G1 X116.913 Y112.011 E2.66929
;WIDTH:0.4342
G1 X116.816 Y111.499 E2.68629
G1 X116.57 Y110.727 E2.71272
;WIDTH:0.419678
G1 X116.147 Y109.98 E2.73967
G1 X115.602 Y109.323 E2.76647
G1 X114.932 Y108.797 E2.79322
;WIDTH:0.413896
G1 X114.247 Y108.424 E2.81733
G1 X113.739 Y108.245 E2.83398
;WIDTH:0.413754
G1 X113.103 Y108.109 E2.85408
G1 X112.637 Y108.079 E2.86851
G1 E.86851 F2400
G92 E0
G1 X112.637 Y108.079 Z8.79 F12000
G1 X114.831 Y120.773
G1 Z8.39
G1 E2 F2400
;TYPE:Internal infill
;WIDTH:0.42
G1 F6000
G1 X120.524 Y115.08 E2.25301
G1 X120.776 Y114.127 E2.28399
G1 X120.89 Y113.364 E2.30823
G1 X120.934 Y112.51 E2.3351
G1 X120.853 Y111.326 E2.37239
G1 X120.491 Y109.811 E2.42134
G1 X117.285 Y113.017 E2.56382
G1 X117.285 Y111.957 E2.59713
G1 X117.093 Y111.052 E2.6262
G1 X116.709 Y110.157 E2.65681
G1 X116.452 Y109.746 E2.67204
G1 X115.904 Y109.096 E2.69876
G1 X118.463 Y106.537 E2.81249
G1 X117.814 Y105.951 E2.83997
G1 X117.209 Y105.503 E2.86363
G1 X116.198 Y104.919 E2.90032
G1 X115.188 Y104.51 E2.93456
G1 X111.987 Y107.71 E3.0768
G1 X111.083 Y107.896 E3.1058
G1 X110.175 Y108.281 E3.13679
G1 X109.482 Y108.75 E3.16309
G1 X109.041 Y109.147 E3.18174
G1 X108.465 Y109.869 E3.21076
G1 X108.23 Y110.274 E3.22547
G1 X107.872 Y111.164 E3.25562
G1 X107.714 Y111.983 E3.28183
G1 X104.513 Y115.185 E3.42411
G1 X105.05 Y116.452 E3.46735
G1 X105.431 Y117.1 E3.49097
G1 X105.951 Y117.815 E3.51875
G1 X106.536 Y118.464 E3.54621
G1 X109.096 Y115.904 E3.65998
G1 X109.876 Y116.54 E3.69161
G1 X110.735 Y116.98 E3.72194
G1 X111.661 Y117.243 E3.75219
G1 X112.575 Y117.316 E3.781
G1 X113.016 Y117.287 E3.79489
G1 X109.683 Y120.619 E3.94299
G1 E1.94299 F2400
G92 E0
G1 X109.683 Y120.619 Z8.79 F12000
G1 X115.577 Y109.845
G1 Z8.39
G1 E2 F2400
;TYPE:Perimeter
G1 F3600
G1 X115.611 Y109.882 E2.00158
G1 X115.834 Y110.172 E2.01308
G1 X116.054 Y110.524 E2.02612
G1 X116.217 Y110.851 E2.0376
G1 X116.368 Y111.243 E2.0508
G1 X116.476 Y111.649 E2.064
G1 X116.537 Y112.015 E2.07566
G1 X116.566 Y112.429 E2.0887
G1 X116.552 Y112.844 E2.10175
G1 X116.504 Y113.211 E2.11338
G1 X116.41 Y113.615 E2.12641
G1 X116.294 Y113.963 E2.13794
G1 X116.123 Y114.346 E2.15112
G1 X115.911 Y114.715 E2.16449
G1 X115.664 Y115.055 E2.1777
G1 X115.421 Y115.329 E2.18921
G1 X115.118 Y115.611 E2.20222
G1 X114.828 Y115.834 E2.21372
G1 X114.476 Y116.054 E2.22676
G1 X114.149 Y116.217 E2.23824
G1 X113.757 Y116.368 E2.25144
G1 X113.351 Y116.476 E2.26464
G1 X112.985 Y116.537 E2.2763
G1 X112.571 Y116.566 E2.28934
G1 X112.151 Y116.551 E2.30255
G1 X111.793 Y116.504 E2.3139
G1 X111.437 Y116.425 E2.32536
G1 X111.042 Y116.296 E2.33842
G1 X110.654 Y116.123 E2.35177
G1 X110.285 Y115.911 E2.36514
G1 X109.945 Y115.664 E2.37835
G1 X109.671 Y115.421 E2.38986
G1 X109.385 Y115.114 E2.40305
G1 X109.129 Y114.774 E2.41642
G1 X108.912 Y114.414 E2.42963
G1 X108.755 Y114.083 E2.44114
G1 X108.613 Y113.694 E2.45415
G1 X108.523 Y113.345 E2.46548
G1 X108.463 Y112.985 E2.47695
G1 X108.434 Y112.571 E2.48999
G1 X108.449 Y112.146 E2.50335
G1 X108.507 Y111.73 E2.51655
G1 X108.593 Y111.374 E2.52806
G1 X108.728 Y110.982 E2.54109
G1 X108.882 Y110.645 E2.55273
G1 X109.09 Y110.285 E2.5658
G1 X109.336 Y109.945 E2.57899
G1 X109.579 Y109.671 E2.5905
G1 X109.886 Y109.385 E2.60369
G1 X110.222 Y109.132 E2.61691
G1 X110.538 Y108.938 E2.62856
G1 X110.911 Y108.757 E2.64159
G1 X111.306 Y108.613 E2.6548
G1 X111.66 Y108.521 E2.66629
G1 X112.07 Y108.456 E2.67934
G1 X112.44 Y108.434 E2.69099
G1 X112.855 Y108.449 E2.70404
G1 X113.276 Y108.508 E2.7174
G1 X113.683 Y108.61 E2.73059
G1 X114.029 Y108.732 E2.74212
G1 X114.404 Y108.907 E2.75512
G1 X114.72 Y109.093 E2.76664
G1 X115.055 Y109.336 E2.77965
G1 X115.329 Y109.579 E2.79116
G1 X115.536 Y109.801 E2.8007
G1 X115.536 Y109.801 F12000
G1 X115.302 Y110.1
G1 F3600
G1 X115.325 Y110.124 E2.80174
G1 X115.526 Y110.386 E2.81212
G1 X115.726 Y110.707 E2.82401
G1 X115.874 Y111.003 E2.83441
G1 X116.01 Y111.359 E2.84639
G1 X116.11 Y111.729 E2.85843
G1 X116.164 Y112.059 E2.86894
G1 X116.191 Y112.436 E2.88082
G1 X116.178 Y112.813 E2.89267
G1 X116.134 Y113.145 E2.90319
G1 X116.049 Y113.513 E2.91506
G1 X115.944 Y113.827 E2.92546
G1 X115.789 Y114.176 E2.93746
G1 X115.596 Y114.51 E2.94958
G1 X115.371 Y114.82 E2.96162
G1 X115.152 Y115.067 E2.97199
G1 X114.876 Y115.325 E2.98386
G1 X114.614 Y115.526 E2.99424
G1 X114.293 Y115.726 E3.00613
G1 X113.997 Y115.874 E3.01653
G1 X113.641 Y116.01 E3.02851
G1 X113.271 Y116.11 E3.04055
G1 X112.941 Y116.164 E3.05106
G1 X112.564 Y116.191 E3.06294
G1 X112.182 Y116.177 E3.07495
G1 X111.859 Y116.135 E3.08519
G1 X111.536 Y116.063 E3.09559
G1 X111.177 Y115.946 E3.10746
G1 X110.824 Y115.789 E3.1196
G1 X110.49 Y115.596 E3.13172
G1 X110.18 Y115.371 E3.14376
G1 X109.933 Y115.152 E3.15413
G1 X109.672 Y114.873 E3.16614
G1 X109.44 Y114.564 E3.17828
G1 X109.243 Y114.236 E3.1903
G1 X109.101 Y113.938 E3.20067
G1 X108.972 Y113.583 E3.21254
G1 X108.89 Y113.267 E3.2228
G1 X108.836 Y112.941 E3.23318
G1 X108.809 Y112.564 E3.24506
G1 X108.823 Y112.178 E3.2572
G1 X108.876 Y111.8 E3.26919
G1 X108.953 Y111.479 E3.27956
G1 X109.076 Y111.121 E3.29146
G1 X109.215 Y110.817 E3.30196
G1 X109.405 Y110.489 E3.31387
G1 X109.629 Y110.18 E3.32586
G1 X109.848 Y109.933 E3.33623
G1 X110.127 Y109.672 E3.34824
G1 X110.433 Y109.442 E3.36027
G1 X110.718 Y109.268 E3.37076
G1 X111.058 Y109.102 E3.38265
G1 X111.417 Y108.972 E3.39465
G1 X111.737 Y108.889 E3.40504
G1 X112.11 Y108.83 E3.41691
G1 X112.444 Y108.81 E3.42742
G1 X112.822 Y108.823 E3.43931
G1 X113.204 Y108.877 E3.45143
G1 X113.575 Y108.969 E3.46344
G1 X113.886 Y109.079 E3.47381
G1 X114.229 Y109.239 E3.4857
G1 X114.514 Y109.407 E3.4961
G1 X114.82 Y109.629 E3.50798
G1 X115.067 Y109.848 E3.51835
G1 X115.261 Y110.056 E3.52729
G1 X115.261 Y110.056 F12000
G1 X115.027 Y110.355
G1 F3600
G1 X115.038 Y110.367 E3.5278
G1 X115.217 Y110.6 E3.53703
G1 X115.399 Y110.89 E3.54779
G1 X115.53 Y111.154 E3.55705
G1 X115.653 Y111.475 E3.56785
G1 X115.743 Y111.808 E3.57869
G1 X115.792 Y112.103 E3.58809
G1 X115.815 Y112.442 E3.59877
G1 X115.804 Y112.782 E3.60946
G1 X115.765 Y113.078 E3.61884
G1 X115.688 Y113.412 E3.62961
G1 X115.594 Y113.691 E3.63886
G1 X115.454 Y114.005 E3.64966
G1 X115.281 Y114.306 E3.66057
G1 X115.078 Y114.585 E3.67141
G1 X114.883 Y114.805 E3.68065
G1 X114.633 Y115.038 E3.69139
G1 X114.4 Y115.217 E3.70062
G1 X114.11 Y115.399 E3.71138
G1 X113.846 Y115.53 E3.72064
G1 X113.525 Y115.653 E3.73144
G1 X113.192 Y115.743 E3.74228
G1 X112.897 Y115.792 E3.75168
G1 X112.558 Y115.815 E3.76236
G1 X112.213 Y115.803 E3.77321
G1 X111.924 Y115.765 E3.78237
G1 X111.635 Y115.701 E3.79167
G1 X111.312 Y115.595 E3.80235
G1 X110.995 Y115.454 E3.81325
G1 X110.694 Y115.281 E3.82416
G1 X110.415 Y115.078 E3.835
G1 X110.195 Y114.883 E3.84424
G1 X109.96 Y114.631 E3.85507
G1 X109.751 Y114.354 E3.86597
G1 X109.574 Y114.059 E3.87678
G1 X109.447 Y113.793 E3.88604
G1 X109.33 Y113.472 E3.89678
G1 X109.257 Y113.189 E3.90596
G1 X109.208 Y112.897 E3.91526
G1 X109.185 Y112.558 E3.92594
G1 X109.197 Y112.211 E3.93685
G1 X109.245 Y111.87 E3.94767
G1 X109.314 Y111.584 E3.95692
G1 X109.425 Y111.26 E3.96768
G1 X109.549 Y110.989 E3.97705
G1 X109.719 Y110.694 E3.98775
G1 X109.922 Y110.415 E3.99859
G1 X110.117 Y110.195 E4.00783
G1 X110.369 Y109.96 E4.01866
G1 X110.644 Y109.753 E4.02948
G1 X110.898 Y109.597 E4.03885
G1 X111.205 Y109.448 E4.04957
G1 X111.528 Y109.33 E4.06038
G1 X111.813 Y109.256 E4.06963
G1 X112.151 Y109.203 E4.08038
G1 X112.449 Y109.185 E4.08976
G1 X112.789 Y109.197 E4.10045
G1 X113.133 Y109.245 E4.11137
G1 X113.467 Y109.329 E4.12219
G1 X113.744 Y109.427 E4.13142
G1 X114.054 Y109.571 E4.14216
G1 X114.308 Y109.721 E4.15143
G1 X114.585 Y109.922 E4.16219
G1 X114.805 Y110.117 E4.17143
G1 X114.986 Y110.311 E4.17977
G1 X114.986 Y110.311 F12000
G1 X114.75 Y110.593
;TYPE:External perimeter
;WIDTH:0.4
G1 F3600
G1 X114.759 Y110.603 E4.18017
G1 X114.917 Y110.809 E4.18789
G1 X115.08 Y111.069 E4.19702
G1 X115.196 Y111.301 E4.20474
G1 X115.306 Y111.588 E4.21388
G1 X115.386 Y111.886 E4.22306
G1 X115.429 Y112.145 E4.23087
G1 X115.45 Y112.449 E4.23994
G1 X115.439 Y112.752 E4.24896
G1 X115.405 Y113.013 E4.25679
G1 X115.336 Y113.312 E4.26592
G1 X115.254 Y113.558 E4.27363
G1 X115.129 Y113.839 E4.28278
G1 X114.974 Y114.107 E4.29199
G1 X114.793 Y114.356 E4.30115
G1 X114.622 Y114.55 E4.30884
G1 X114.397 Y114.759 E4.31798
G1 X114.191 Y114.917 E4.3257
G1 X113.931 Y115.08 E4.33483
G1 X113.699 Y115.196 E4.34255
G1 X113.412 Y115.306 E4.35169
G1 X113.114 Y115.386 E4.36087
G1 X112.855 Y115.429 E4.36868
G1 X112.551 Y115.45 E4.37775
G1 X112.244 Y115.439 E4.38689
G1 X111.732 Y115.348 E4.40236
G1 X111.443 Y115.254 E4.4114
G1 X111.161 Y115.129 E4.42058
G1 X110.893 Y114.974 E4.42979
G1 X110.644 Y114.793 E4.43895
G1 X110.45 Y114.622 E4.44664
G1 X110.24 Y114.396 E4.45582
G1 X110.054 Y114.15 E4.46499
G1 X109.896 Y113.886 E4.47414
G1 X109.784 Y113.652 E4.48186
G1 X109.679 Y113.363 E4.49101
G1 X109.571 Y112.855 E4.50646
G1 X109.55 Y112.551 E4.51553
G1 X109.561 Y112.243 E4.5247
G1 X109.604 Y111.938 E4.53386
G1 X109.664 Y111.686 E4.54157
G1 X109.764 Y111.396 E4.5507
G1 X109.874 Y111.156 E4.55855
G1 X110.026 Y110.893 E4.56759
G1 X110.207 Y110.644 E4.57675
G1 X110.378 Y110.45 E4.58444
G1 X110.604 Y110.24 E4.59362
G1 X110.85 Y110.055 E4.60278
G1 X111.074 Y109.917 E4.61061
G1 X111.347 Y109.784 E4.61964
G1 X111.637 Y109.679 E4.62882
G1 X111.887 Y109.614 E4.6365
G1 X112.191 Y109.566 E4.64566
G1 X112.453 Y109.55 E4.65347
G1 X112.757 Y109.561 E4.66252
G1 X113.063 Y109.604 E4.67171
G1 X113.362 Y109.678 E4.68087
G1 X113.606 Y109.765 E4.68858
G1 X113.884 Y109.895 E4.69771
G1 X114.108 Y110.026 E4.70543
G1 X114.356 Y110.207 E4.71456
G1 X114.55 Y110.378 E4.72225
G1 X114.709 Y110.549 E4.7292
G1 X114.949 Y110.869 F12000
G1 E2.7292 F2400
G92 E0
G1 Z8.79 F12000
G1 X103.984 Y109.059
G1 Z8.39
G1 E2 F2400
;TYPE:Perimeter
;WIDTH:0.42
G1 F4800
G1 X104.385 Y108.199 E2.02982
G1 X104.811 Y107.477 E2.05616
G1 X105.362 Y106.72 E2.08558
G1 X105.674 Y106.354 E2.10069
G1 X106.005 Y106.005 E2.11581
G1 X106.354 Y105.674 E2.13093
G1 X106.711 Y105.37 E2.14567
G1 X107.385 Y104.872 E2.17201
G1 X107.769 Y104.627 E2.18632
G1 X108.188 Y104.39 E2.20145
G1 X109.049 Y103.989 E2.2313
G1 X109.826 Y103.714 E2.2572
G1 X110.747 Y103.484 E2.28703
G1 X111.687 Y103.352 E2.31686
G1 X112.525 Y103.316 E2.34322
G1 X112.98 Y103.328 E2.35752
G1 X113.46 Y103.366 E2.37265
G1 X113.937 Y103.428 E2.38777
G1 X114.41 Y103.516 E2.40289
G1 X114.877 Y103.628 E2.41798
G1 X115.327 Y103.762 E2.43274
G1 X116.099 Y104.05 E2.45863
G1 X116.526 Y104.245 E2.47338
G1 X116.943 Y104.462 E2.48815
G1 X117.636 Y104.886 E2.51368
G1 X118.289 Y105.37 E2.53922
G1 X118.986 Y105.997 E2.56868
G1 X119.552 Y106.616 E2.59504
G1 X120.108 Y107.355 E2.6241
G1 X120.538 Y108.057 E2.64997
G1 X120.955 Y108.911 E2.67984
G1 X121.131 Y109.359 E2.69497
G1 X121.283 Y109.815 E2.71008
G1 X121.514 Y110.736 E2.73992
G1 X121.635 Y111.551 E2.76581
G1 X121.685 Y112.5 E2.79567
G1 X121.672 Y112.981 E2.81079
G1 X121.635 Y113.449 E2.82554
G1 X121.514 Y114.264 E2.85143
G1 X121.412 Y114.722 E2.86618
G1 X121.286 Y115.174 E2.88093
G1 X121.015 Y115.94 E2.90646
G1 X120.678 Y116.68 E2.93201
G1 X120.203 Y117.502 E2.96184
G1 X119.931 Y117.899 E2.97696
G1 X119.638 Y118.28 E2.99206
G1 X119.003 Y118.986 E3.0219
G1 X118.384 Y119.552 E3.04826
G1 X117.645 Y120.108 E3.07732
G1 X116.943 Y120.538 E3.10319
G1 X116.099 Y120.95 E3.1327
G1 X115.327 Y121.238 E3.15859
G1 X114.41 Y121.484 E3.18843
G1 X113.937 Y121.572 E3.20355
G1 X113.46 Y121.634 E3.21867
G1 X112.512 Y121.684 E3.2485
G1 X111.688 Y121.648 E3.27442
G1 X110.747 Y121.516 E3.30428
G1 X109.826 Y121.287 E3.3341
G1 X109.049 Y121.011 E3.36001
G1 X108.188 Y120.61 E3.38986
G1 X107.374 Y120.121 E3.4197
G1 X106.711 Y119.63 E3.44563
G1 X106.005 Y118.995 E3.47547
G1 X105.37 Y118.289 E3.50531
G1 X104.872 Y117.615 E3.53165
G1 X104.39 Y116.812 E3.56108
G1 X103.989 Y115.951 E3.59093
G1 X103.714 Y115.174 E3.61683
G1 X103.487 Y114.264 E3.6463
G1 X103.363 Y113.435 E3.67264
G1 X103.316 Y112.512 E3.70168
G1 X103.353 Y111.674 E3.72804
G1 X103.482 Y110.759 E3.75708
G1 X103.678 Y109.944 E3.78342
G1 X103.964 Y109.116 E3.81095
G1 X103.964 Y109.116 F12000
G1 X103.636 Y108.919
G1 F4800
G1 X103.836 Y108.46 E3.82668
G1 X104.055 Y108.02 E3.84213
G1 X104.495 Y107.275 E3.86932
G1 X104.766 Y106.881 E3.88435
G1 X105.071 Y106.484 E3.90008
G1 X105.396 Y106.103 E3.91582
G1 X105.74 Y105.74 E3.93154
G1 X106.103 Y105.396 E3.94726
G1 X106.477 Y105.076 E3.96273
G1 X107.173 Y104.562 E3.98992
G1 X107.576 Y104.306 E4.00492
G1 X108.012 Y104.059 E4.02067
G1 X108.46 Y103.836 E4.0364
G1 X108.911 Y103.64 E4.05185
G1 X109.713 Y103.356 E4.07859
G1 X110.187 Y103.224 E4.09405
G1 X110.676 Y103.116 E4.10979
G1 X111.17 Y103.033 E4.12553
G1 X111.658 Y102.978 E4.14096
G1 X112.522 Y102.941 E4.16814
G1 X113 Y102.953 E4.18317
G1 X113.499 Y102.993 E4.1989
G1 X113.996 Y103.058 E4.21465
G1 X114.488 Y103.149 E4.23037
G1 X114.974 Y103.266 E4.24608
G1 X115.446 Y103.406 E4.26155
G1 X116.243 Y103.704 E4.28829
G1 X116.691 Y103.908 E4.30376
G1 X117.127 Y104.135 E4.31921
G1 X117.845 Y104.575 E4.34567
G1 X118.522 Y105.076 E4.37214
G1 X118.897 Y105.396 E4.38763
G1 X119.254 Y105.734 E4.40308
G1 X119.837 Y106.372 E4.43024
G1 X120.135 Y106.747 E4.44529
G1 X120.421 Y107.148 E4.46077
G1 X120.865 Y107.873 E4.48749
G1 X121.092 Y108.309 E4.50294
G1 X121.3 Y108.765 E4.51869
G1 X121.483 Y109.23 E4.53439
G1 X121.642 Y109.705 E4.55013
G1 X121.776 Y110.187 E4.56585
G1 X121.882 Y110.668 E4.58133
G1 X122.008 Y111.509 E4.60805
G1 X122.047 Y112 E4.62353
G1 X122.06 Y112.5 E4.63925
G1 X122.047 Y113 E4.65497
G1 X122.008 Y113.491 E4.67045
G1 X121.882 Y114.332 E4.69717
G1 X121.776 Y114.813 E4.71265
G1 X121.644 Y115.287 E4.72811
G1 X121.363 Y116.081 E4.75458
G1 X121.014 Y116.847 E4.78103
G1 X120.779 Y117.28 E4.79651
G1 X120.518 Y117.707 E4.81224
G1 X120.234 Y118.119 E4.82797
G1 X119.929 Y118.516 E4.8437
G1 X119.604 Y118.897 E4.85944
G1 X119.266 Y119.254 E4.87489
G1 X118.628 Y119.837 E4.90205
G1 X118.253 Y120.135 E4.9171
G1 X117.852 Y120.421 E4.93258
G1 X117.127 Y120.865 E4.9593
G1 X116.691 Y121.092 E4.97475
G1 X116.243 Y121.296 E4.99022
G1 X115.446 Y121.594 E5.01696
G1 X114.974 Y121.734 E5.03243
G1 X114.488 Y121.851 E5.04814
G1 X113.996 Y121.942 E5.06386
G1 X113.499 Y122.007 E5.07961
G1 X113 Y122.047 E5.09534
G1 X112.508 Y122.06 E5.11081
G1 X111.659 Y122.023 E5.13752
G1 X111.17 Y121.967 E5.15299
G1 X110.676 Y121.884 E5.16873
G1 X110.187 Y121.776 E5.18447
G1 X109.713 Y121.644 E5.19993
G1 X108.911 Y121.36 E5.22667
G1 X108.46 Y121.164 E5.24212
G1 X108.012 Y120.941 E5.25785
G1 X107.576 Y120.694 E5.2736
G1 X107.161 Y120.43 E5.28906
G1 X106.478 Y119.924 E5.31577
G1 X106.103 Y119.604 E5.33126
G1 X105.74 Y119.26 E5.34698
G1 X105.396 Y118.897 E5.3627
G1 X105.076 Y118.523 E5.37817
G1 X104.562 Y117.827 E5.40536
G1 X104.306 Y117.424 E5.42036
G1 X104.059 Y116.988 E5.43611
G1 X103.836 Y116.54 E5.45184
G1 X103.64 Y116.089 E5.46729
G1 X103.356 Y115.287 E5.49403
G1 X103.224 Y114.813 E5.50949
G1 X103.118 Y114.333 E5.52494
G1 X102.991 Y113.477 E5.55213
G1 X102.953 Y113.001 E5.56714
G1 X102.94 Y112.509 E5.58261
G1 X102.979 Y111.645 E5.60979
G1 X103.033 Y111.17 E5.62481
G1 X103.114 Y110.684 E5.64029
G1 X103.317 Y109.844 E5.66745
G1 X103.461 Y109.388 E5.68248
G1 X103.615 Y108.975 E5.69633
G1 X103.615 Y108.975 F12000
G1 X103.287 Y108.782
G1 F4800
G1 X103.289 Y108.778 E5.69647
G1 X103.496 Y108.301 E5.71281
G1 X103.726 Y107.841 E5.72897
G1 X104.179 Y107.073 E5.75699
G1 X104.462 Y106.661 E5.7727
G1 X104.779 Y106.248 E5.78906
G1 X105.117 Y105.852 E5.80542
G1 X105.475 Y105.475 E5.82176
G1 X105.852 Y105.117 E5.8381
G1 X106.244 Y104.783 E5.85428
G1 X106.96 Y104.253 E5.88227
G1 X107.383 Y103.984 E5.89802
G1 X107.836 Y103.728 E5.91437
G1 X108.301 Y103.496 E5.9307
G1 X108.774 Y103.291 E5.9469
G1 X109.6 Y102.998 E5.97444
G1 X110.097 Y102.86 E5.99065
G1 X110.604 Y102.748 E6.00697
G1 X111.117 Y102.662 E6.02332
G1 X111.629 Y102.604 E6.03951
G1 X112.519 Y102.565 E6.06751
G1 X113.02 Y102.579 E6.08326
G1 X113.538 Y102.62 E6.09959
G1 X114.054 Y102.687 E6.11594
G1 X114.566 Y102.782 E6.1323
G1 X115.071 Y102.904 E6.14863
G1 X115.565 Y103.05 E6.16482
G1 X116.386 Y103.357 E6.19236
G1 X116.855 Y103.571 E6.20856
G1 X117.312 Y103.808 E6.22474
G1 X118.055 Y104.264 E6.25214
G1 X118.756 Y104.782 E6.27953
G1 X119.148 Y105.117 E6.29573
G1 X119.521 Y105.471 E6.31189
G1 X120.123 Y106.129 E6.33992
G1 X120.434 Y106.521 E6.35564
G1 X120.734 Y106.94 E6.37183
G1 X121.192 Y107.688 E6.39939
G1 X121.429 Y108.145 E6.41557
G1 X121.645 Y108.618 E6.43191
G1 X121.836 Y109.102 E6.44826
G1 X122.001 Y109.595 E6.4646
G1 X122.14 Y110.097 E6.48097
G1 X122.251 Y110.599 E6.49713
G1 X122.381 Y111.466 E6.52468
G1 X122.421 Y111.98 E6.54088
G1 X122.435 Y112.5 E6.55723
G1 X122.421 Y113.02 E6.57358
G1 X122.381 Y113.534 E6.58978
G1 X122.251 Y114.4 E6.6173
G1 X122.14 Y114.903 E6.63349
G1 X122.002 Y115.4 E6.6497
G1 X121.711 Y116.222 E6.6771
G1 X121.35 Y117.015 E6.70448
G1 X121.104 Y117.467 E6.72065
G1 X120.832 Y117.911 E6.73701
G1 X120.537 Y118.34 E6.75337
G1 X120.221 Y118.752 E6.76969
G1 X119.883 Y119.148 E6.78605
G1 X119.529 Y119.521 E6.80221
G1 X118.871 Y120.123 E6.83024
G1 X118.479 Y120.434 E6.84596
G1 X118.06 Y120.734 E6.86215
G1 X117.312 Y121.192 E6.88971
G1 X116.855 Y121.429 E6.90589
G1 X116.386 Y121.643 E6.92209
G1 X115.565 Y121.95 E6.94963
G1 X115.071 Y122.096 E6.96582
G1 X114.566 Y122.218 E6.98215
G1 X114.054 Y122.313 E6.99851
G1 X113.539 Y122.38 E7.01483
G1 X113.02 Y122.421 E7.03119
G1 X112.505 Y122.435 E7.04738
G1 X111.629 Y122.397 E7.07493
G1 X111.117 Y122.338 E7.09113
G1 X110.604 Y122.252 E7.10748
G1 X110.097 Y122.14 E7.1238
G1 X109.6 Y122.002 E7.14001
G1 X108.774 Y121.709 E7.16755
G1 X108.301 Y121.504 E7.18375
G1 X107.836 Y121.272 E7.20008
G1 X107.383 Y121.016 E7.21643
G1 X106.949 Y120.739 E7.23261
G1 X106.244 Y120.218 E7.26016
G1 X105.852 Y119.883 E7.27636
G1 X105.475 Y119.525 E7.2927
G1 X105.117 Y119.148 E7.30904
G1 X104.783 Y118.756 E7.32522
G1 X104.253 Y118.04 E7.35321
G1 X103.984 Y117.617 E7.36896
G1 X103.728 Y117.164 E7.38531
G1 X103.496 Y116.699 E7.40164
G1 X103.291 Y116.226 E7.41784
G1 X102.998 Y115.4 E7.44538
G1 X102.86 Y114.903 E7.46159
G1 X102.749 Y114.401 E7.47775
G1 X102.618 Y113.519 E7.50577
G1 X102.579 Y113.02 E7.5215
G1 X102.565 Y112.505 E7.53769
G1 X102.605 Y111.615 E7.56569
G1 X102.662 Y111.117 E7.58144
G1 X102.747 Y110.609 E7.59763
G1 X102.956 Y109.743 E7.62563
G1 X103.106 Y109.266 E7.64134
G1 X103.266 Y108.838 E7.6557
G1 X103.266 Y108.838 F12000
G1 X102.945 Y108.654
;TYPE:External perimeter
;WIDTH:0.4
G1 F2400
G1 X102.95 Y108.642 E7.65609
G1 X103.165 Y108.147 E7.67214
G1 X103.405 Y107.666 E7.68813
G1 X103.871 Y106.877 E7.71539
G1 X104.167 Y106.446 E7.73094
G1 X104.495 Y106.018 E7.74698
G1 X104.846 Y105.608 E7.76304
G1 X105.217 Y105.217 E7.77907
G1 X105.608 Y104.846 E7.7951
G1 X106.017 Y104.497 E7.81109
G1 X106.754 Y103.952 E7.83836
G1 X107.195 Y103.671 E7.85392
G1 X107.664 Y103.406 E7.86995
G1 X108.147 Y103.165 E7.88601
G1 X108.64 Y102.951 E7.902
G1 X109.49 Y102.65 E7.92883
G1 X110.008 Y102.506 E7.94482
G1 X110.535 Y102.389 E7.96088
G1 X111.067 Y102.3 E7.97693
G1 X111.6 Y102.239 E7.99289
G1 X112.516 Y102.2 E8.02016
G1 X113.039 Y102.214 E8.03572
G1 X113.577 Y102.256 E8.05177
G1 X114.111 Y102.327 E8.0678
G1 X114.641 Y102.425 E8.08383
G1 X115.166 Y102.551 E8.09989
G1 X115.681 Y102.704 E8.11587
G1 X116.526 Y103.02 E8.14271
G1 X117.015 Y103.242 E8.15869
G1 X117.492 Y103.491 E8.1747
G1 X118.26 Y103.961 E8.20149
G1 X118.983 Y104.497 E8.22826
G1 X119.392 Y104.846 E8.24425
G1 X119.782 Y105.216 E8.26024
G1 X120.4 Y105.892 E8.28749
G1 X120.726 Y106.301 E8.30305
G1 X121.038 Y106.739 E8.31905
G1 X121.509 Y107.508 E8.34588
G1 X121.758 Y107.985 E8.36189
G1 X121.981 Y108.476 E8.37793
G1 X122.179 Y108.977 E8.39396
G1 X122.35 Y109.489 E8.41002
G1 X122.494 Y110.008 E8.42604
G1 X122.61 Y110.533 E8.44203
G1 X122.744 Y111.425 E8.46886
G1 X122.786 Y111.961 E8.48485
G1 X122.8 Y112.5 E8.50089
G1 X122.786 Y113.039 E8.51693
G1 X122.744 Y113.575 E8.53292
G1 X122.61 Y114.467 E8.55975
G1 X122.494 Y114.992 E8.57574
G1 X122.35 Y115.51 E8.59173
G1 X122.05 Y116.358 E8.61849
G1 X121.676 Y117.178 E8.6453
G1 X121.42 Y117.65 E8.66127
G1 X121.138 Y118.11 E8.67732
G1 X120.833 Y118.554 E8.69334
G1 X120.505 Y118.982 E8.70938
G1 X120.154 Y119.392 E8.72544
G1 X119.784 Y119.782 E8.74143
G1 X119.108 Y120.4 E8.76868
G1 X118.699 Y120.726 E8.78424
G1 X118.261 Y121.038 E8.80024
G1 X117.492 Y121.509 E8.82707
G1 X117.015 Y121.758 E8.84308
G1 X116.526 Y121.98 E8.85906
G1 X115.681 Y122.296 E8.8859
G1 X115.166 Y122.449 E8.90188
G1 X114.641 Y122.575 E8.91794
G1 X114.111 Y122.673 E8.93397
G1 X113.577 Y122.744 E8.95
G1 X113.039 Y122.786 E8.96605
G1 X112.502 Y122.8 E8.98203
G1 X111.601 Y122.761 E9.00886
G1 X111.067 Y122.7 E9.02485
G1 X110.535 Y122.611 E9.0409
G1 X110.008 Y122.494 E9.05696
G1 X109.49 Y122.35 E9.07295
G1 X108.64 Y122.049 E9.09978
G1 X108.147 Y121.835 E9.11577
G1 X107.664 Y121.594 E9.13183
G1 X107.195 Y121.329 E9.14786
G1 X106.742 Y121.04 E9.16385
G1 X106.017 Y120.503 E9.19069
G1 X105.608 Y120.154 E9.20668
G1 X105.217 Y119.783 E9.22271
G1 X104.846 Y119.392 E9.23874
G1 X104.497 Y118.983 E9.25473
G1 X103.952 Y118.246 E9.282
G1 X103.671 Y117.805 E9.29756
G1 X103.406 Y117.336 E9.31359
G1 X103.165 Y116.853 E9.32965
G1 X102.951 Y116.36 E9.34564
G1 X102.65 Y115.51 E9.37247
G1 X102.506 Y114.992 E9.38846
G1 X102.39 Y114.467 E9.40445
G1 X102.255 Y113.561 E9.4317
G1 X102.214 Y113.039 E9.44728
G1 X102.2 Y112.502 E9.46326
G1 X102.241 Y111.586 E9.49054
G1 X102.3 Y111.067 E9.50608
G1 X102.389 Y110.537 E9.52207
G1 X102.604 Y109.645 E9.54937
G1 X102.761 Y109.147 E9.5649
G1 X102.924 Y108.711 E9.57875
G1 X103.081 Y108.342 F12000
;LAYER_CHANGE
;Z:8.6
;HEIGHT:0.21
G1 Z8.6 F12000
G1 E7.57875 F2400
G92 E0
G1 Z9 F12000
G1 X107.651 Y120.049
G1 Z8.6
G1 E2 F2400
G92 E0
;TYPE:Bridge infill
;WIDTH:0.411383
;HEIGHT:0.4
M106 S89.25
G1 F3600
G1 X106.148 Y118.546 E.11276
G1 X105.686 Y118.025 E.1497
G1 X105.149 Y117.285 E.1982
G1 X104.751 Y116.609 E.23982
G1 X104.651 Y116.397 E.25226
G1 X108.618 Y120.363 E.54984
G1 X109.2 Y120.627 E.58374
G1 X109.718 Y120.811 E.6129
G1 X104.189 Y115.282 E1.02771
G1 X104.109 Y115.055 E1.04048
G1 X103.941 Y114.381 E1.07733
G1 X110.627 Y121.067 E1.57894
G1 X111.409 Y121.197 E1.62099
G1 X103.803 Y113.591 E2.19163
G1 X103.738 Y112.873 E2.22988
G1 X112.127 Y121.262 E2.85926
G1 X112.782 Y121.265 E2.89401
G1 X103.735 Y112.218 E3.57276
G1 X103.774 Y111.604 E3.6054
G1 X113.396 Y121.226 E4.32729
G1 X113.964 Y121.141 E4.35776
G1 X103.854 Y111.031 E5.11626
G1 X103.964 Y110.49 E5.14555
G1 X114.504 Y121.029 E5.93627
G1 X115.026 Y120.899 E5.96481
G1 X110.745 Y116.618 E6.28599
G1 X110.46 Y116.488 E6.30261
G1 X110.06 Y116.257 E6.32711
G1 X109.687 Y115.986 E6.35157
G1 X109.383 Y115.717 E6.3731
G1 X109.073 Y115.385 E6.3972
G1 X108.825 Y115.06 E6.41889
G1 X108.582 Y114.671 E6.44322
G1 X108.377 Y114.25 E6.46806
G1 X104.102 Y109.975 E6.78879
G1 X104.27 Y109.49 E6.81602
G1 X108.101 Y113.321 E7.10344
G1 X108.046 Y112.976 E7.12197
G1 X108.023 Y112.59 E7.14248
G1 X104.452 Y109.019 E7.41039
G1 X104.663 Y108.578 E7.43633
G1 X108.057 Y111.972 E7.69096
G1 X108.102 Y111.653 E7.70805
G1 X108.157 Y111.42 E7.72075
G1 X104.891 Y108.154 E7.96578
G1 X105.136 Y107.747 E7.99098
G1 X108.312 Y110.922 E8.22922
G1 X108.511 Y110.469 E8.25547
G1 X105.403 Y107.36 E8.48868
G1 X105.68 Y106.986 E8.51337
G1 X108.748 Y110.053 E8.74351
G1 X109.024 Y109.676 E8.7683
G1 X105.988 Y106.641 E8.99604
G1 X106.298 Y106.298 E9.02057
G1 X109.335 Y109.335 E9.24842
G1 X109.678 Y109.025 E9.27295
G1 X106.638 Y105.986 E9.50099
G1 X106.989 Y105.684 E9.52555
G1 X110.056 Y108.752 E9.75569
G1 X110.47 Y108.513 E9.78105
G1 X107.361 Y105.404 E10.0143
G1 X107.743 Y105.133 E10.03915
G1 X110.923 Y108.313 E10.27773
G1 X111.42 Y108.158 E10.30535
G1 X108.149 Y104.887 E10.55075
G1 X108.578 Y104.663 E10.57642
G1 X111.969 Y108.055 E10.83087
G1 X112.433 Y108.021 E10.85555
G1 X112.594 Y108.027 E10.8641
G1 X109.023 Y104.456 E11.13201
G1 X109.49 Y104.27 E11.15868
G1 X113.587 Y108.367 E11.46606
M106 S86.7
G1 E9.46606 F2400
G92 E0
G1 X113.587 Y108.367 Z9 F12000
G1 X111.412 Y116.632
G1 Z8.6
G1 E2 F2400
M106 S89.25
G1 F3600
G1 X115.51 Y120.73 E2.30745
G1 X115.977 Y120.545 E2.3341
G1 X112.405 Y116.973 E2.60209
G1 X112.571 Y116.979 E2.6109
G1 X113.03 Y116.945 E2.63532
G1 X116.426 Y120.341 E2.8901
G1 X116.844 Y120.107 E2.91551
G1 X113.58 Y116.843 E3.16039
G1 X114.077 Y116.687 E3.18802
G1 X117.258 Y119.868 E3.42667
G1 X117.646 Y119.604 E3.45157
G1 X114.531 Y116.489 E3.68527
G1 X114.945 Y116.25 E3.71063
G1 X118.016 Y119.321 E3.94103
G1 X118.368 Y119.021 E3.96557
G1 X115.322 Y115.975 E4.19409
G1 X115.665 Y115.665 E4.21862
G1 X118.703 Y118.703 E4.44654
G1 X119.02 Y118.368 E4.47101
G1 X115.976 Y115.324 E4.69938
G1 X116.252 Y114.947 E4.72417
G1 X119.321 Y118.016 E4.95442
G1 X119.604 Y117.646 E4.97913
G1 X116.491 Y114.533 E5.21268
G1 X116.688 Y114.078 E5.23898
G1 X119.868 Y117.258 E5.47756
G1 X120.107 Y116.845 E5.50287
G1 X116.842 Y113.58 E5.74782
G1 X116.91 Y113.285 E5.76388
G1 X116.944 Y113.029 E5.77758
G1 X120.341 Y116.426 E6.03244
G1 X120.545 Y115.978 E6.05855
G1 X116.978 Y112.41 E6.3262
G1 X116.954 Y112.024 E6.34672
G1 X116.899 Y111.68 E6.3652
G1 X120.73 Y115.51 E6.65258
G1 X120.899 Y115.027 E6.67973
G1 X116.624 Y110.752 E7.00046
G1 X116.418 Y110.329 E7.02542
G1 X116.176 Y109.94 E7.04972
G1 X115.927 Y109.615 E7.07144
G1 X115.617 Y109.283 E7.09554
G1 X115.313 Y109.014 E7.11707
G1 X114.946 Y108.747 E7.14115
G1 X114.593 Y108.54 E7.16286
G1 X114.254 Y108.382 E7.1827
G1 X109.974 Y104.101 E7.50384
G1 X110.496 Y103.971 E7.53238
G1 X121.036 Y114.511 E8.32314
G1 X121.141 Y113.964 E8.35269
G1 X111.032 Y103.855 E9.11111
G1 X111.606 Y103.776 E9.14185
G1 X121.226 Y113.396 E9.86359
G1 X121.265 Y112.783 E9.89618
G1 X112.223 Y103.741 E10.57455
G1 X112.872 Y103.738 E10.60898
G1 X121.254 Y112.12 E11.23783
G1 X121.202 Y111.415 E11.27533
G1 X113.585 Y103.798 E11.84679
G1 X114.373 Y103.933 E11.8892
G1 X121.059 Y110.619 E12.39081
G1 X120.891 Y109.945 E12.42766
G1 X120.811 Y109.719 E12.44038
G1 X115.283 Y104.191 E12.85512
G1 X115.918 Y104.422 E12.89097
G1 X116.394 Y104.649 E12.91895
G1 X120.349 Y108.604 E13.21567
G1 X120.243 Y108.377 E13.22896
G1 X120.019 Y107.982 E13.25305
G1 X119.775 Y107.599 E13.27714
G1 X119.232 Y106.876 E13.32511
G1 X118.778 Y106.381 E13.36074
G1 X117.363 Y104.966 E13.4669
M106 S86.7
G1 E11.4669 F2400
G92 E0
G1 X117.363 Y104.966 Z9 F12000
G1 X115.577 Y109.845
G1 Z8.6
G1 E2 F2400
;TYPE:Perimeter
;WIDTH:0.42
;HEIGHT:0.21
G1 F3600
G1 X115.612 Y109.882 E2.0016
G1 X115.836 Y110.175 E2.01319
G1 X116.057 Y110.529 E2.0263
G1 X116.243 Y110.911 E2.03965
G1 X116.387 Y111.306 E2.05286
G1 X116.479 Y111.66 E2.06435
G1 X116.543 Y112.069 E2.07736
G1 X116.566 Y112.435 E2.08888
G1 X116.551 Y112.849 E2.1019
G1 X116.504 Y113.212 E2.1134
G1 X116.409 Y113.621 E2.1266
G1 X116.272 Y114.018 E2.1398
G1 X116.121 Y114.351 E2.15129
G1 X115.911 Y114.715 E2.1645
G1 X115.664 Y115.055 E2.17771
G1 X115.421 Y115.329 E2.18922
G1 X115.114 Y115.615 E2.20241
G1 X114.774 Y115.871 E2.21578
G1 X114.414 Y116.088 E2.22899
G1 X114.084 Y116.245 E2.24047
G1 X113.694 Y116.387 E2.25351
G1 X113.34 Y116.479 E2.265
G1 X112.931 Y116.543 E2.27801
G1 X112.565 Y116.566 E2.28953
G1 X112.151 Y116.551 E2.30255
G1 X111.785 Y116.503 E2.31415
G1 X111.379 Y116.409 E2.32725
G1 X110.982 Y116.272 E2.34045
G1 X110.649 Y116.12 E2.35195
G1 X110.285 Y115.911 E2.36514
G1 X109.945 Y115.664 E2.37835
G1 X109.671 Y115.421 E2.38986
G1 X109.388 Y115.118 E2.40289
G1 X109.164 Y114.825 E2.41448
G1 X108.943 Y114.471 E2.42759
G1 X108.759 Y114.094 E2.44077
G1 X108.63 Y113.748 E2.45237
G1 X108.522 Y113.345 E2.46548
G1 X108.457 Y112.931 E2.47865
G1 X108.434 Y112.565 E2.49017
G1 X108.449 Y112.146 E2.50335
G1 X108.507 Y111.73 E2.51655
G1 X108.593 Y111.374 E2.52806
G1 X108.73 Y110.977 E2.54126
G1 X108.907 Y110.596 E2.55446
G1 X109.093 Y110.28 E2.56598
G1 X109.336 Y109.945 E2.57899
G1 X109.579 Y109.671 E2.5905
G1 X109.882 Y109.388 E2.60353
G1 X110.175 Y109.164 E2.61512
G1 X110.529 Y108.943 E2.62823
G1 X110.911 Y108.757 E2.64158
G1 X111.306 Y108.613 E2.65479
G1 X111.66 Y108.521 E2.66628
G1 X112.07 Y108.457 E2.67932
G1 X112.438 Y108.434 E2.69091
G1 X112.855 Y108.449 E2.70402
G1 X113.27 Y108.507 E2.71719
G1 X113.626 Y108.593 E2.7287
G1 X114.023 Y108.729 E2.74189
G1 X114.401 Y108.905 E2.75499
G1 X114.719 Y109.093 E2.7666
G1 X115.055 Y109.336 E2.77963
G1 X115.329 Y109.579 E2.79114
G1 X115.536 Y109.802 E2.8007
G1 X115.536 Y109.802 F12000
G1 X115.302 Y110.1
G1 F3600
G1 X115.325 Y110.125 E2.80177
G1 X115.528 Y110.389 E2.81224
G1 X115.728 Y110.711 E2.82415
G1 X115.898 Y111.058 E2.83629
G1 X116.028 Y111.417 E2.84829
G1 X116.111 Y111.737 E2.85868
G1 X116.17 Y112.11 E2.87055
G1 X116.19 Y112.44 E2.88094
G1 X116.177 Y112.818 E2.89283
G1 X116.134 Y113.145 E2.90319
G1 X116.048 Y113.517 E2.91519
G1 X115.924 Y113.879 E2.92721
G1 X115.787 Y114.179 E2.93757
G1 X115.596 Y114.51 E2.94958
G1 X115.371 Y114.82 E2.96162
G1 X115.152 Y115.067 E2.97199
G1 X114.873 Y115.328 E2.984
G1 X114.564 Y115.56 E2.99614
G1 X114.236 Y115.757 E3.00816
G1 X113.938 Y115.899 E3.01853
G1 X113.583 Y116.028 E3.0304
G1 X113.263 Y116.111 E3.04079
G1 X112.89 Y116.17 E3.05266
G1 X112.56 Y116.19 E3.06305
G1 X112.182 Y116.177 E3.07494
G1 X111.852 Y116.134 E3.0854
G1 X111.482 Y116.048 E3.09734
G1 X111.121 Y115.924 E3.10934
G1 X110.821 Y115.787 E3.1197
G1 X110.49 Y115.596 E3.13171
G1 X110.18 Y115.371 E3.14375
G1 X109.933 Y115.152 E3.15412
G1 X109.675 Y114.875 E3.16602
G1 X109.472 Y114.611 E3.17649
G1 X109.272 Y114.289 E3.1884
G1 X109.104 Y113.946 E3.2004
G1 X108.987 Y113.634 E3.21087
G1 X108.889 Y113.267 E3.22281
G1 X108.83 Y112.89 E3.2348
G1 X108.81 Y112.56 E3.24519
G1 X108.823 Y112.178 E3.2572
G1 X108.876 Y111.8 E3.26919
G1 X108.953 Y111.479 E3.27956
G1 X109.078 Y111.117 E3.2916
G1 X109.239 Y110.771 E3.30359
G1 X109.407 Y110.486 E3.31399
G1 X109.629 Y110.18 E3.32587
G1 X109.848 Y109.933 E3.33624
G1 X110.125 Y109.675 E3.34814
G1 X110.389 Y109.472 E3.35861
G1 X110.711 Y109.272 E3.37052
G1 X111.058 Y109.102 E3.38266
G1 X111.417 Y108.972 E3.39466
G1 X111.737 Y108.889 E3.40505
G1 X112.11 Y108.83 E3.41692
G1 X112.443 Y108.81 E3.4274
G1 X112.822 Y108.823 E3.43932
G1 X113.2 Y108.876 E3.45131
G1 X113.521 Y108.953 E3.46168
G1 X113.883 Y109.078 E3.47372
G1 X114.226 Y109.238 E3.48561
G1 X114.513 Y109.407 E3.49608
G1 X114.82 Y109.629 E3.50799
G1 X115.067 Y109.848 E3.51836
G1 X115.261 Y110.056 E3.5273
G1 X115.261 Y110.056 F12000
G1 X115.027 Y110.355
G1 F3600
G1 X115.038 Y110.367 E3.52781
G1 X115.219 Y110.603 E3.53716
G1 X115.4 Y110.893 E3.5479
G1 X115.552 Y111.204 E3.55878
G1 X115.67 Y111.528 E3.56962
G1 X115.744 Y111.813 E3.57887
G1 X115.797 Y112.151 E3.58962
G1 X115.815 Y112.445 E3.59888
G1 X115.803 Y112.786 E3.6096
G1 X115.765 Y113.078 E3.61885
G1 X115.687 Y113.414 E3.62969
G1 X115.575 Y113.74 E3.64052
G1 X115.453 Y114.007 E3.64974
G1 X115.281 Y114.306 E3.66058
G1 X115.078 Y114.585 E3.67142
G1 X114.883 Y114.805 E3.68066
G1 X114.631 Y115.04 E3.69149
G1 X114.354 Y115.249 E3.70239
G1 X114.059 Y115.426 E3.7132
G1 X113.793 Y115.553 E3.72246
G1 X113.472 Y115.67 E3.7332
G1 X113.187 Y115.744 E3.74245
G1 X112.849 Y115.797 E3.7532
G1 X112.555 Y115.815 E3.76246
G1 X112.213 Y115.803 E3.77321
G1 X111.919 Y115.764 E3.78253
G1 X111.586 Y115.687 E3.79327
G1 X111.26 Y115.575 E3.8041
G1 X110.993 Y115.453 E3.81332
G1 X110.694 Y115.281 E3.82416
G1 X110.415 Y115.078 E3.835
G1 X110.195 Y114.883 E3.84424
G1 X109.962 Y114.633 E3.85498
G1 X109.781 Y114.397 E3.86433
G1 X109.6 Y114.107 E3.87507
G1 X109.449 Y113.798 E3.88588
G1 X109.345 Y113.519 E3.89524
G1 X109.257 Y113.189 E3.90597
G1 X109.203 Y112.849 E3.91679
G1 X109.185 Y112.555 E3.92605
G1 X109.197 Y112.211 E3.93687
G1 X109.245 Y111.87 E3.94769
G1 X109.314 Y111.584 E3.95694
G1 X109.426 Y111.258 E3.96777
G1 X109.571 Y110.946 E3.97858
G1 X109.721 Y110.692 E3.98785
G1 X109.922 Y110.415 E3.99861
G1 X110.117 Y110.195 E4.00785
G1 X110.367 Y109.962 E4.01859
G1 X110.603 Y109.781 E4.02794
G1 X110.893 Y109.6 E4.03868
G1 X111.204 Y109.448 E4.04956
G1 X111.528 Y109.33 E4.0604
G1 X111.813 Y109.256 E4.06965
G1 X112.151 Y109.203 E4.0804
G1 X112.448 Y109.185 E4.08975
G1 X112.789 Y109.197 E4.10047
G1 X113.13 Y109.245 E4.11129
G1 X113.416 Y109.314 E4.12054
G1 X113.742 Y109.426 E4.13137
G1 X114.052 Y109.57 E4.14211
G1 X114.308 Y109.721 E4.15145
G1 X114.585 Y109.922 E4.16221
G1 X114.805 Y110.117 E4.17145
G1 X114.986 Y110.311 E4.17979
G1 X114.986 Y110.311 F12000
G1 X114.749 Y110.592
;TYPE:External perimeter
;WIDTH:0.4
G1 F3600
G1 X114.76 Y110.603 E4.18025
G1 X114.919 Y110.811 E4.18804
G1 X115.08 Y111.07 E4.19711
G1 X115.216 Y111.347 E4.20629
G1 X115.321 Y111.637 E4.21547
G1 X115.386 Y111.887 E4.22315
G1 X115.434 Y112.191 E4.23231
G1 X115.45 Y112.449 E4.24
G1 X115.439 Y112.756 E4.24914
G1 X115.405 Y113.013 E4.25685
G1 X115.336 Y113.313 E4.26601
G1 X115.236 Y113.604 E4.27516
G1 X115.128 Y113.84 E4.28288
G1 X114.974 Y114.107 E4.29205
G1 X114.793 Y114.356 E4.30121
G1 X114.622 Y114.55 E4.3089
G1 X114.396 Y114.76 E4.31808
G1 X114.15 Y114.946 E4.32725
G1 X113.886 Y115.104 E4.3364
G1 X113.652 Y115.216 E4.34412
G1 X113.363 Y115.321 E4.35327
G1 X113.113 Y115.386 E4.36095
G1 X112.809 Y115.434 E4.37011
G1 X112.551 Y115.45 E4.3778
G1 X112.244 Y115.439 E4.38694
G1 X111.984 Y115.405 E4.39474
G1 X111.687 Y115.336 E4.40381
G1 X111.396 Y115.236 E4.41296
G1 X111.16 Y115.128 E4.42068
G1 X110.893 Y114.974 E4.42985
G1 X110.644 Y114.793 E4.43901
G1 X110.45 Y114.622 E4.4467
G1 X110.241 Y114.397 E4.45584
G1 X110.081 Y114.189 E4.46365
G1 X109.92 Y113.93 E4.47272
G1 X109.785 Y113.654 E4.48186
G1 X109.693 Y113.408 E4.48967
G1 X109.614 Y113.113 E4.49876
G1 X109.566 Y112.809 E4.50792
G1 X109.55 Y112.551 E4.51561
G1 X109.561 Y112.243 E4.52478
G1 X109.604 Y111.938 E4.53394
G1 X109.664 Y111.686 E4.54165
G1 X109.765 Y111.395 E4.55081
G1 X109.895 Y111.116 E4.55997
G1 X110.026 Y110.892 E4.56769
G1 X110.207 Y110.644 E4.57682
G1 X110.378 Y110.45 E4.58451
G1 X110.603 Y110.24 E4.59367
G1 X110.811 Y110.081 E4.60146
G1 X111.07 Y109.92 E4.61053
G1 X111.347 Y109.784 E4.61971
G1 X111.637 Y109.679 E4.62889
G1 X111.887 Y109.614 E4.63657
G1 X112.191 Y109.566 E4.64573
G1 X112.452 Y109.55 E4.65351
G1 X112.757 Y109.561 E4.66259
G1 X113.062 Y109.604 E4.67175
G1 X113.314 Y109.664 E4.67946
G1 X113.605 Y109.765 E4.68862
G1 X113.882 Y109.893 E4.6977
G1 X114.108 Y110.026 E4.7055
G1 X114.356 Y110.207 E4.71463
G1 X114.55 Y110.378 E4.72232
G1 X114.708 Y110.548 E4.72922
G1 X114.948 Y110.867 F12000
G1 E2.72922 F2400
G92 E0
G1 Z9 F12000
G1 X103.993 Y109.053
G1 Z8.6
G1 E2 F2400
;TYPE:Perimeter
;WIDTH:0.42
G1 F4800
G1 X104.046 Y108.912 E2.00473
G1 X104.401 Y108.17 E2.03058
G1 X104.879 Y107.374 E2.05976
G1 X105.376 Y106.704 E2.08598
G1 X105.997 Y106.014 E2.11515
G1 X106.605 Y105.457 E2.14106
G1 X107.364 Y104.885 E2.17093
G1 X107.77 Y104.627 E2.18605
G1 X108.188 Y104.39 E2.20115
G1 X109.048 Y103.989 E2.23097
G1 X109.835 Y103.711 E2.2572
G1 X110.747 Y103.484 E2.28673
G1 X111.222 Y103.405 E2.30186
G1 X111.688 Y103.352 E2.3166
G1 X112.521 Y103.316 E2.3428
G1 X112.98 Y103.328 E2.35723
G1 X113.46 Y103.366 E2.37236
G1 X113.937 Y103.428 E2.38748
G1 X114.398 Y103.514 E2.40222
G1 X115.196 Y103.72 E2.42812
G1 X116.078 Y104.041 E2.45762
G1 X116.83 Y104.401 E2.48382
G1 X117.626 Y104.879 E2.513
G1 X118.289 Y105.37 E2.53893
G1 X118.986 Y105.997 E2.56839
G1 X119.549 Y106.613 E2.59462
G1 X120.115 Y107.364 E2.62417
G1 X120.373 Y107.77 E2.63929
G1 X120.61 Y108.188 E2.65439
G1 X121.011 Y109.049 E2.68424
G1 X121.286 Y109.826 E2.71014
G1 X121.516 Y110.747 E2.73997
G1 X121.595 Y111.222 E2.7551
G1 X121.648 Y111.688 E2.76984
G1 X121.684 Y112.512 E2.79576
G1 X121.672 Y112.981 E2.8105
G1 X121.635 Y113.449 E2.82525
G1 X121.514 Y114.264 E2.85114
G1 X121.412 Y114.722 E2.86589
G1 X121.286 Y115.174 E2.88064
G1 X121.015 Y115.94 E2.90617
G1 X120.678 Y116.68 E2.93172
G1 X120.203 Y117.502 E2.96155
G1 X119.931 Y117.899 E2.97667
G1 X119.638 Y118.28 E2.99177
G1 X119.326 Y118.646 E3.00688
G1 X118.995 Y118.995 E3.022
G1 X118.646 Y119.326 E3.03712
G1 X118.28 Y119.638 E3.05223
G1 X117.899 Y119.931 E3.06733
G1 X117.502 Y120.203 E3.08245
G1 X116.68 Y120.678 E3.11228
G1 X115.941 Y121.015 E3.1378
G1 X115.165 Y121.289 E3.16366
G1 X114.264 Y121.514 E3.19284
G1 X113.449 Y121.635 E3.21873
G1 X112.981 Y121.672 E3.23348
G1 X112.5 Y121.685 E3.2486
G1 X112.019 Y121.672 E3.26372
G1 X111.551 Y121.635 E3.27847
G1 X110.736 Y121.514 E3.30436
G1 X110.278 Y121.412 E3.31911
G1 X109.826 Y121.286 E3.33386
G1 X109.049 Y121.011 E3.35976
G1 X108.618 Y120.824 E3.37452
G1 X108.198 Y120.615 E3.38926
G1 X107.488 Y120.196 E3.41517
G1 X107.101 Y119.931 E3.42991
G1 X106.72 Y119.638 E3.44501
G1 X106.354 Y119.326 E3.46012
G1 X106.005 Y118.995 E3.47524
G1 X105.674 Y118.646 E3.49036
G1 X105.362 Y118.28 E3.50547
G1 X104.804 Y117.512 E3.5353
G1 X104.385 Y116.802 E3.56121
G1 X103.989 Y115.951 E3.59071
G1 X103.714 Y115.174 E3.61661
G1 X103.487 Y114.264 E3.64608
G1 X103.364 Y113.439 E3.67229
G1 X103.328 Y112.981 E3.68673
G1 X103.315 Y112.5 E3.70185
G1 X103.328 Y112.019 E3.71697
G1 X103.366 Y111.54 E3.73207
G1 X103.428 Y111.063 E3.74719
G1 X103.516 Y110.59 E3.76231
G1 X103.628 Y110.123 E3.7774
G1 X103.762 Y109.673 E3.79216
G1 X103.972 Y109.109 E3.81107
G1 X103.972 Y109.109 F12000
G1 X103.642 Y108.922
G1 F4800
G1 X103.701 Y108.765 E3.81634
G1 X104.068 Y107.996 E3.84312
G1 X104.306 Y107.576 E3.85829
G1 X104.57 Y107.161 E3.87375
G1 X105.082 Y106.47 E3.90078
G1 X105.396 Y106.103 E3.91596
G1 X105.735 Y105.746 E3.93143
G1 X106.362 Y105.172 E3.95814
G1 X106.747 Y104.865 E3.97361
G1 X107.154 Y104.575 E3.98931
G1 X107.576 Y104.306 E4.00504
G1 X108.012 Y104.059 E4.02079
G1 X108.46 Y103.836 E4.03652
G1 X108.911 Y103.64 E4.05197
G1 X109.722 Y103.353 E4.079
G1 X110.187 Y103.224 E4.09416
G1 X110.676 Y103.116 E4.1099
G1 X111.17 Y103.033 E4.12564
G1 X111.658 Y102.978 E4.14107
G1 X112.518 Y102.94 E4.16812
G1 X113 Y102.953 E4.18327
G1 X113.499 Y102.993 E4.199
G1 X113.995 Y103.058 E4.21472
G1 X114.479 Y103.148 E4.23019
G1 X115.303 Y103.361 E4.25694
G1 X115.77 Y103.517 E4.27241
G1 X116.227 Y103.697 E4.28785
G1 X117.004 Y104.068 E4.31491
G1 X117.424 Y104.306 E4.33008
G1 X117.839 Y104.57 E4.34554
G1 X118.522 Y105.076 E4.37225
G1 X118.897 Y105.396 E4.38774
G1 X119.254 Y105.734 E4.40319
G1 X119.835 Y106.369 E4.43024
G1 X120.135 Y106.747 E4.44541
G1 X120.425 Y107.154 E4.46111
G1 X120.694 Y107.576 E4.47684
G1 X120.941 Y108.012 E4.49259
G1 X121.164 Y108.46 E4.50832
G1 X121.36 Y108.911 E4.52377
G1 X121.644 Y109.713 E4.55051
G1 X121.776 Y110.187 E4.56597
G1 X121.884 Y110.676 E4.58171
G1 X121.967 Y111.17 E4.59745
G1 X122.023 Y111.659 E4.61292
G1 X122.06 Y112.508 E4.63963
G1 X122.047 Y113 E4.6551
G1 X122.008 Y113.491 E4.67058
G1 X121.882 Y114.332 E4.6973
G1 X121.776 Y114.813 E4.71278
G1 X121.644 Y115.287 E4.72824
G1 X121.363 Y116.081 E4.75471
G1 X121.014 Y116.847 E4.78116
G1 X120.779 Y117.28 E4.79664
G1 X120.518 Y117.707 E4.81237
G1 X120.234 Y118.119 E4.8281
G1 X119.929 Y118.516 E4.84383
G1 X119.604 Y118.897 E4.85957
G1 X119.26 Y119.26 E4.87529
G1 X118.897 Y119.604 E4.89101
G1 X118.516 Y119.929 E4.90675
G1 X118.119 Y120.234 E4.92248
G1 X117.707 Y120.518 E4.93821
G1 X117.28 Y120.779 E4.95394
G1 X116.847 Y121.014 E4.96942
G1 X116.081 Y121.363 E4.99587
G1 X115.278 Y121.647 E5.02264
G1 X114.813 Y121.776 E5.0378
G1 X114.332 Y121.882 E5.05328
G1 X113.491 Y122.008 E5.08
G1 X113 Y122.047 E5.09548
G1 X112.5 Y122.06 E5.1112
G1 X112 Y122.047 E5.12692
G1 X111.509 Y122.008 E5.1424
G1 X110.668 Y121.882 E5.16912
G1 X110.187 Y121.776 E5.1846
G1 X109.713 Y121.644 E5.20006
G1 X108.911 Y121.36 E5.2268
G1 X108.46 Y121.164 E5.24225
G1 X108.019 Y120.944 E5.25774
G1 X107.287 Y120.513 E5.28443
G1 X106.881 Y120.234 E5.29991
G1 X106.484 Y119.929 E5.31564
G1 X106.103 Y119.604 E5.33138
G1 X105.74 Y119.26 E5.3471
G1 X105.396 Y118.897 E5.36282
G1 X105.071 Y118.516 E5.37856
G1 X104.766 Y118.119 E5.39429
G1 X104.487 Y117.713 E5.40977
G1 X104.056 Y116.981 E5.43646
G1 X103.836 Y116.54 E5.45195
G1 X103.64 Y116.089 E5.4674
G1 X103.356 Y115.287 E5.49414
G1 X103.224 Y114.813 E5.5096
G1 X103.118 Y114.332 E5.52508
G1 X102.991 Y113.481 E5.55212
G1 X102.953 Y113 E5.56728
G1 X102.94 Y112.5 E5.583
G1 X102.953 Y112 E5.59872
G1 X102.993 Y111.501 E5.61445
G1 X103.058 Y111.005 E5.63017
G1 X103.149 Y110.512 E5.64592
G1 X103.266 Y110.026 E5.66163
G1 X103.406 Y109.554 E5.6771
G1 X103.621 Y108.978 E5.69642
G1 X103.621 Y108.978 F12000
G1 X103.291 Y108.791
G1 F4800
G1 X103.355 Y108.618 E5.70222
G1 X103.735 Y107.823 E5.72991
G1 X103.984 Y107.383 E5.7458
G1 X104.261 Y106.949 E5.76198
G1 X104.789 Y106.236 E5.78986
G1 X105.117 Y105.852 E5.80573
G1 X105.472 Y105.479 E5.82191
G1 X106.118 Y104.886 E5.84947
G1 X106.521 Y104.566 E5.86564
G1 X106.944 Y104.264 E5.88197
G1 X107.383 Y103.984 E5.89833
G1 X107.836 Y103.728 E5.91468
G1 X108.301 Y103.496 E5.93101
G1 X108.774 Y103.291 E5.94721
G1 X109.61 Y102.995 E5.97508
G1 X110.096 Y102.86 E5.99093
G1 X110.604 Y102.748 E6.00728
G1 X111.117 Y102.662 E6.02363
G1 X111.629 Y102.604 E6.03982
G1 X112.515 Y102.565 E6.06769
G1 X113.02 Y102.579 E6.08357
G1 X113.538 Y102.62 E6.0999
G1 X114.054 Y102.687 E6.11625
G1 X114.561 Y102.781 E6.13245
G1 X115.409 Y103.001 E6.15998
G1 X115.898 Y103.164 E6.17618
G1 X116.377 Y103.353 E6.19236
G1 X117.177 Y103.735 E6.22022
G1 X117.617 Y103.984 E6.23611
G1 X118.051 Y104.261 E6.25229
G1 X118.756 Y104.782 E6.27984
G1 X119.148 Y105.117 E6.29604
G1 X119.521 Y105.471 E6.3122
G1 X120.12 Y106.126 E6.34009
G1 X120.434 Y106.521 E6.35595
G1 X120.736 Y106.944 E6.37228
G1 X121.016 Y107.383 E6.38864
G1 X121.272 Y107.836 E6.40499
G1 X121.504 Y108.301 E6.42132
G1 X121.709 Y108.774 E6.43752
G1 X122.002 Y109.6 E6.46506
G1 X122.14 Y110.097 E6.48127
G1 X122.252 Y110.604 E6.49759
G1 X122.338 Y111.117 E6.51394
G1 X122.397 Y111.629 E6.53014
G1 X122.435 Y112.505 E6.55769
G1 X122.421 Y113.02 E6.57388
G1 X122.381 Y113.534 E6.59008
G1 X122.251 Y114.4 E6.6176
G1 X122.14 Y114.903 E6.63379
G1 X122.002 Y115.4 E6.65
G1 X121.711 Y116.222 E6.6774
G1 X121.35 Y117.015 E6.70478
G1 X121.104 Y117.467 E6.72095
G1 X120.832 Y117.911 E6.73731
G1 X120.537 Y118.34 E6.75367
G1 X120.221 Y118.752 E6.76999
G1 X119.883 Y119.148 E6.78635
G1 X119.525 Y119.525 E6.80269
G1 X119.148 Y119.883 E6.81903
G1 X118.752 Y120.221 E6.83539
G1 X118.34 Y120.537 E6.85171
G1 X117.911 Y120.832 E6.86807
G1 X117.467 Y121.104 E6.88443
G1 X117.015 Y121.35 E6.9006
G1 X116.222 Y121.711 E6.92798
G1 X115.39 Y122.005 E6.95571
G1 X114.904 Y122.14 E6.97156
G1 X114.4 Y122.251 E6.98778
G1 X113.534 Y122.381 E7.0153
G1 X113.02 Y122.421 E7.0315
G1 X112.5 Y122.435 E7.04785
G1 X111.98 Y122.421 E7.0642
G1 X111.466 Y122.381 E7.0804
G1 X110.6 Y122.251 E7.10792
G1 X110.097 Y122.14 E7.12411
G1 X109.6 Y122.002 E7.14032
G1 X108.774 Y121.709 E7.16786
G1 X108.301 Y121.504 E7.18406
G1 X107.84 Y121.274 E7.20025
G1 X107.085 Y120.829 E7.22779
G1 X106.66 Y120.537 E7.24399
G1 X106.248 Y120.221 E7.26031
G1 X105.852 Y119.883 E7.27667
G1 X105.475 Y119.525 E7.29301
G1 X105.117 Y119.148 E7.30935
G1 X104.779 Y118.752 E7.32571
G1 X104.463 Y118.34 E7.34203
G1 X104.171 Y117.915 E7.35823
G1 X103.726 Y117.16 E7.38577
G1 X103.496 Y116.699 E7.40196
G1 X103.291 Y116.226 E7.41816
G1 X102.998 Y115.4 E7.4457
G1 X102.86 Y114.904 E7.46188
G1 X102.749 Y114.401 E7.47807
G1 X102.618 Y113.524 E7.50594
G1 X102.579 Y113.02 E7.52183
G1 X102.565 Y112.5 E7.53818
G1 X102.579 Y111.98 E7.55453
G1 X102.62 Y111.462 E7.57086
G1 X102.687 Y110.946 E7.58721
G1 X102.782 Y110.434 E7.60357
G1 X102.904 Y109.929 E7.6199
G1 X103.05 Y109.435 E7.63609
G1 X103.27 Y108.847 E7.65582
G1 X103.27 Y108.847 F12000
G1 X102.949 Y108.663
;TYPE:External perimeter
;WIDTH:0.4
G1 F2400
G1 X103.019 Y108.476 E7.66176
G1 X103.411 Y107.654 E7.68885
G1 X103.671 Y107.195 E7.70454
G1 X103.96 Y106.742 E7.72053
G1 X104.503 Y106.009 E7.74767
G1 X104.846 Y105.608 E7.76337
G1 X105.216 Y105.218 E7.77936
G1 X105.881 Y104.609 E7.80619
G1 X106.301 Y104.274 E7.82217
G1 X106.74 Y103.961 E7.83821
G1 X107.195 Y103.671 E7.85426
G1 X107.665 Y103.406 E7.87031
G1 X108.147 Y103.165 E7.88634
G1 X108.64 Y102.951 E7.90233
G1 X109.5 Y102.647 E7.92947
G1 X110.008 Y102.506 E7.94515
G1 X110.535 Y102.389 E7.96121
G1 X111.067 Y102.3 E7.97726
G1 X111.6 Y102.239 E7.99322
G1 X112.512 Y102.2 E8.02038
G1 X113.039 Y102.214 E8.03606
G1 X113.577 Y102.256 E8.05211
G1 X114.111 Y102.327 E8.06814
G1 X114.64 Y102.425 E8.08414
G1 X115.513 Y102.651 E8.11097
G1 X116.023 Y102.821 E8.12696
G1 X116.523 Y103.018 E8.14295
G1 X117.346 Y103.411 E8.17008
G1 X117.805 Y103.671 E8.18577
G1 X118.258 Y103.96 E8.20176
G1 X118.983 Y104.497 E8.2286
G1 X119.392 Y104.846 E8.24459
G1 X119.782 Y105.216 E8.26058
G1 X120.398 Y105.889 E8.28772
G1 X120.726 Y106.301 E8.30339
G1 X121.039 Y106.74 E8.31943
G1 X121.329 Y107.195 E8.33548
G1 X121.594 Y107.665 E8.35153
G1 X121.835 Y108.147 E8.36756
G1 X122.049 Y108.64 E8.38355
G1 X122.35 Y109.49 E8.41038
G1 X122.494 Y110.008 E8.42637
G1 X122.611 Y110.535 E8.44243
G1 X122.7 Y111.067 E8.45848
G1 X122.761 Y111.601 E8.47447
G1 X122.8 Y112.502 E8.5013
G1 X122.786 Y113.039 E8.51728
G1 X122.744 Y113.575 E8.53327
G1 X122.61 Y114.467 E8.5601
G1 X122.494 Y114.992 E8.57609
G1 X122.35 Y115.51 E8.59208
G1 X122.05 Y116.358 E8.61884
G1 X121.676 Y117.178 E8.64565
G1 X121.42 Y117.65 E8.66162
G1 X121.138 Y118.11 E8.67767
G1 X120.833 Y118.554 E8.69369
G1 X120.505 Y118.982 E8.70973
G1 X120.154 Y119.392 E8.72579
G1 X119.783 Y119.783 E8.74182
G1 X119.392 Y120.154 E8.75785
G1 X118.982 Y120.505 E8.77391
G1 X118.554 Y120.833 E8.78995
G1 X118.11 Y121.138 E8.80597
G1 X117.65 Y121.42 E8.82202
G1 X117.178 Y121.676 E8.83799
G1 X116.358 Y122.05 E8.8648
G1 X115.5 Y122.353 E8.89187
G1 X114.992 Y122.494 E8.90755
G1 X114.467 Y122.61 E8.92354
G1 X113.575 Y122.744 E8.95037
G1 X113.039 Y122.786 E8.96636
G1 X112.5 Y122.8 E8.9824
G1 X111.961 Y122.786 E8.99844
G1 X111.425 Y122.744 E9.01443
G1 X110.533 Y122.61 E9.04126
G1 X110.008 Y122.494 E9.05725
G1 X109.49 Y122.35 E9.07324
G1 X108.64 Y122.049 E9.10007
G1 X108.147 Y121.835 E9.11606
G1 X107.666 Y121.595 E9.13205
G1 X106.889 Y121.137 E9.15888
G1 X106.446 Y120.833 E9.17486
G1 X106.018 Y120.505 E9.1909
G1 X105.608 Y120.154 E9.20696
G1 X105.217 Y119.783 E9.22299
G1 X104.846 Y119.392 E9.23902
G1 X104.495 Y118.982 E9.25508
G1 X104.167 Y118.554 E9.27112
G1 X103.863 Y118.111 E9.2871
G1 X103.405 Y117.334 E9.31393
G1 X103.165 Y116.853 E9.32992
G1 X102.951 Y116.36 E9.34591
G1 X102.65 Y115.51 E9.37274
G1 X102.506 Y114.992 E9.38873
G1 X102.39 Y114.467 E9.40472
G1 X102.255 Y113.565 E9.43185
G1 X102.214 Y113.039 E9.44755
G1 X102.2 Y112.5 E9.46359
G1 X102.214 Y111.961 E9.47963
G1 X102.256 Y111.423 E9.49568
G1 X102.327 Y110.889 E9.51171
G1 X102.425 Y110.359 E9.52774
G1 X102.551 Y109.834 E9.5438
G1 X102.704 Y109.319 E9.55978
G1 X102.928 Y108.719 E9.57883
G1 X103.082 Y108.35 F12000
;LAYER_CHANGE
;Z:8.81
;HEIGHT:0.21
G1 Z8.81 F12000
G1 E7.57883 F2400
G92 E0
G1 Z9.21 F12000
G1 X107.067 Y105.402
G1 Z8.81
G1 E2 F2400
G92 E0
;TYPE:Solid infill
;WIDTH:0.385066
G1 F4800
G1 X106.204 Y106.204 E.03357
G1 X105.564 Y106.879 E.06008
G1 X104.965 Y107.93 F12000
G1 F4800
G1 X104.894 Y107.911 E.06217
G1 X104.913 Y107.982 E.06426
G1 X104.954 Y107.971 E.06547
;WIDTH:0.419999
G1 X105.13 Y107.676 E.07626
G1 X107.673 Y105.133 E.18928
G1 X107.969 Y104.955 E.20013
;WIDTH:0.385066
G1 X107.928 Y104.966 E.20134
G1 X107.909 Y104.894 E.20346
G1 X107.98 Y104.913 E.20555
G1 X107.98 Y104.913 F12000
G1 X108.834 Y104.503
;WIDTH:0.419999
G1 F4800
G1 X104.503 Y108.834 E.39803
G1 X104.358 Y109.088 E.40722
;WIDTH:0.385066
G1 X104.287 Y109.069 E.40931
G1 X104.306 Y109.14 E.4114
G1 X104.347 Y109.129 E.41261
G1 X104.347 Y109.129 F12000
G1 X104.02 Y110.006
G1 F4800
G1 X103.979 Y110.017 E.41382
G1 X103.96 Y109.946 E.41591
G1 X104.031 Y109.965 E.418
;WIDTH:0.419999
G1 X104.156 Y109.711 E.4269
G1 X109.717 Y104.15 E.67404
G1 X110.009 Y104.021 E.68407
;WIDTH:0.385066
G1 X109.968 Y104.032 E.68528
G1 X109.949 Y103.96 E.6874
G1 X110.02 Y103.979 E.68949
;WIDTH:0.419999
G1 X110.453 Y103.944 E.70314
G1 X103.94 Y110.457 E.99259
G1 X103.81 Y111.117 E1.01373
G1 X111.117 Y103.811 E1.33845
G1 X111.733 Y103.725 E1.358
G1 X103.725 Y111.732 E1.71387
G1 X103.701 Y112.287 E1.73133
G1 X112.287 Y103.701 E2.11291
G1 X112.819 Y103.699 E2.12963
G1 X103.707 Y112.811 E2.53459
G1 X103.733 Y113.315 E2.55045
G1 X113.318 Y103.73 E2.97643
G1 X113.791 Y103.787 E2.9914
G1 X103.787 Y113.791 E3.436
G1 X103.866 Y114.242 E3.45039
G1 X114.242 Y103.866 E3.91152
G1 X114.674 Y103.965 E3.92545
G1 X103.973 Y114.666 E4.40102
G1 X103.943 Y114.92 E4.40906
;WIDTH:0.385066
G1 X103.872 Y114.901 E4.41115
G1 X103.891 Y114.972 E4.41324
G1 X103.932 Y114.961 E4.41445
;WIDTH:0.419999
G1 X104.085 Y115.084 E4.42062
G1 X108.424 Y110.745 E4.61345
G1 X108.616 Y110.48 E4.62373
;WIDTH:0.385066
G1 X108.878 Y110.131 E4.63617
G1 X108.878 Y110.131 F12000
G1 X108.367 Y111.253
G1 F4800
G1 X108.295 Y111.234 E4.63829
G1 X108.315 Y111.305 E4.64039
G1 X108.356 Y111.294 E4.6416
;WIDTH:0.419999
G1 X108.17 Y111.529 E4.65102
G1 X104.219 Y115.48 E4.82661
G1 X104.363 Y115.866 E4.83956
G1 X108.073 Y112.156 E5.00444
G1 X108.066 Y112.693 E5.02132
G1 X104.531 Y116.229 E5.17844
G1 X104.704 Y116.586 E5.19091
G1 X108.116 Y113.174 E5.34255
G1 X108.206 Y113.614 E5.35666
G1 X104.892 Y116.928 E5.50394
G1 X105.094 Y117.257 E5.51607
G1 X108.332 Y114.019 E5.65997
G1 X108.486 Y114.394 E5.67271
G1 X105.307 Y117.573 E5.81399
G1 X105.535 Y117.876 E5.82591
G1 X108.67 Y114.741 E5.96524
G1 X108.876 Y115.065 E5.97731
G1 X105.765 Y118.176 E6.11557
G1 X106.019 Y118.453 E6.12738
G1 X109.106 Y115.365 E6.26459
G1 X109.362 Y115.639 E6.27637
G1 X106.272 Y118.73 E6.41372
G1 X106.551 Y118.981 E6.42551
G1 X109.639 Y115.893 E6.56275
G1 X109.939 Y116.123 E6.57463
G1 X106.83 Y119.232 E6.7128
G1 X107.12 Y119.472 E6.72463
G1 X110.261 Y116.331 E6.86422
G1 X110.61 Y116.513 E6.87659
G1 X107.425 Y119.698 E7.01814
G1 X107.742 Y119.911 E7.03014
G1 X110.983 Y116.67 E7.17418
G1 X111.388 Y116.795 E7.1875
G1 X108.078 Y120.105 E7.3346
G1 X108.414 Y120.3 E7.34681
G1 X111.828 Y116.885 E7.49856
G1 X112.311 Y116.932 E7.51381
G1 X108.772 Y120.472 E7.67111
G1 X109.136 Y120.638 E7.68368
G1 X112.852 Y116.922 E7.84883
G1 X112.852 Y116.922 F12000
G1 X113.598 Y116.648
;WIDTH:0.385066
G1 F4800
G1 X113.735 Y116.67 E7.85278
;WIDTH:0.419999
G1 X113.472 Y116.832 E7.86249
G1 X109.524 Y120.78 E8.03795
G1 X110.099 Y121.133 E8.05915
;WIDTH:0.385066
G1 X110.058 Y121.144 E8.06036
G1 X110.039 Y121.073 E8.06245
G1 X110.11 Y121.092 E8.06454
;WIDTH:0.419999
G1 X109.919 Y120.916 E8.0727
G1 X114.255 Y116.58 E8.2654
G1 X114.52 Y116.384 E8.27576
;WIDTH:0.385066
G1 X114.928 Y116.075 E8.29035
G1 E6.29035 F2400
G92 E0
G1 X114.928 Y116.075 Z9.21 F12000
G1 X110.073 Y108.926
G1 Z8.81
G1 E2 F2400
G1 F4800
G1 X110.487 Y108.612 E2.01481
;WIDTH:0.419999
G1 X110.752 Y108.417 E2.02515
G1 X115.088 Y104.082 E2.21783
G1 X115.48 Y104.219 E2.23088
G1 X111.533 Y108.167 E2.40631
G1 X111.27 Y108.328 E2.416
;WIDTH:0.385066
G1 X111.407 Y108.35 E2.41995
G1 X111.407 Y108.35 F12000
G1 X112.154 Y108.076
;WIDTH:0.419999
G1 F4800
G1 X115.866 Y104.363 E2.58494
G1 X116.235 Y104.524 E2.59759
G1 X112.692 Y108.068 E2.75507
G1 X113.175 Y108.115 E2.77032
G1 X116.59 Y104.7 E2.92209
G1 X116.928 Y104.892 E2.93431
G1 X113.614 Y108.206 E3.08159
G1 X114.02 Y108.331 E3.09494
G1 X117.257 Y105.094 E3.2388
G1 X117.574 Y105.307 E3.2508
G1 X114.393 Y108.488 E3.39217
G1 X114.741 Y108.67 E3.40451
G1 X117.879 Y105.532 E3.54397
G1 X118.172 Y105.769 E3.55581
G1 X115.063 Y108.879 E3.694
G1 X115.363 Y109.109 E3.70588
G1 X118.451 Y106.02 E3.84314
G1 X118.729 Y106.272 E3.85493
G1 X115.639 Y109.362 E3.99226
G1 X115.895 Y109.637 E4.00407
G1 X118.983 Y106.549 E4.14131
G1 X119.237 Y106.826 E4.15312
G1 X116.124 Y109.938 E4.29145
G1 X116.33 Y110.262 E4.30352
G1 X119.466 Y107.126 E4.44289
G1 X119.694 Y107.429 E4.45481
G1 X116.514 Y110.609 E4.59614
G1 X116.669 Y110.984 E4.60889
G1 X119.908 Y107.745 E4.75284
G1 X120.109 Y108.074 E4.76496
G1 X116.795 Y111.388 E4.91224
G1 X116.886 Y111.827 E4.92633
G1 X120.297 Y108.417 E5.0779
G1 X120.47 Y108.773 E5.09034
G1 X116.934 Y112.31 E5.24751
G1 X116.927 Y112.847 E5.26439
G1 X120.638 Y109.136 E5.42931
G1 X120.782 Y109.522 E5.44226
G1 X116.827 Y113.477 E5.61803
G1 X116.645 Y113.605 E5.62502
;WIDTH:0.385066
G1 X116.671 Y113.742 E5.62899
G1 X116.671 Y113.742 F12000
G1 X116.127 Y114.864
G1 F4800
G1 X116.382 Y114.526 E5.64106
;WIDTH:0.419999
G1 X116.574 Y114.26 E5.65137
G1 X120.916 Y109.918 E5.84434
G1 X121.028 Y110.337 E5.85797
G1 X110.334 Y121.03 E6.33321
G1 X110.762 Y121.133 E6.34704
G1 X121.134 Y110.76 E6.80801
G1 X121.213 Y111.212 E6.82243
G1 X111.221 Y121.204 E7.26649
G1 X111.686 Y121.27 E7.28125
G1 X121.267 Y111.688 E7.70707
G1 X121.293 Y112.192 E7.72293
G1 X112.19 Y121.295 E8.12749
G1 X112.718 Y121.298 E8.14408
G1 X121.299 Y112.716 E8.52546
G1 X121.275 Y113.271 E8.54292
G1 X113.277 Y121.269 E8.89837
G1 X113.874 Y121.202 E8.91725
G1 X121.189 Y113.887 E9.24234
G1 X121.055 Y114.551 E9.26363
G1 X114.547 Y121.059 E9.55286
G1 X115.049 Y121.043 E9.56864
;WIDTH:0.385066
G1 X115.008 Y121.054 E9.56985
G1 X114.989 Y120.983 E9.57194
G1 X115.06 Y121.002 E9.57403
;WIDTH:0.419999
G1 X115.281 Y120.855 E9.58237
G1 X120.848 Y115.288 E9.82978
G1 X121.038 Y115.056 E9.8392
;WIDTH:0.385066
G1 X120.997 Y115.067 E9.84041
G1 X120.978 Y114.996 E9.8425
G1 X121.049 Y115.015 E9.84459
G1 X121.049 Y115.015 F12000
G1 X120.716 Y115.891
G1 F4800
G1 X120.644 Y115.872 E9.84671
G1 X120.663 Y115.943 E9.8488
G1 X120.705 Y115.932 E9.85004
;WIDTH:0.419999
G1 X120.5 Y116.167 E9.85984
G1 X116.167 Y120.499 E10.05238
G1 X115.935 Y120.71 E10.06223
;WIDTH:0.385066
G1 X115.894 Y120.721 E10.06344
G1 X115.875 Y120.649 E10.06556
G1 X115.946 Y120.669 E10.06766
G1 E8.06766 F2400
G92 E0
G1 X115.946 Y120.669 Z9.21 F12000
G1 X119.865 Y117.332
G1 Z8.81
G1 E2 F2400
;WIDTH:0.419999
G1 F4800
G1 X117.345 Y119.852 E2.11199
G1 X117.08 Y120.061 E2.1226
;WIDTH:0.385066
G1 X117.239 Y120.052 E2.12714
G1 X117.48 Y119.866 E2.13582
G1 X118.163 Y119.273 E2.1616
;WIDTH:0.416966
G1 X118.737 Y118.723 E2.18638
G1 X119.368 Y118.058 E2.21496
;WIDTH:0.385066
G1 X120.048 Y117.249 E2.24508
G1 X120.066 Y117.067 E2.25029
G1 E.25029 F2400
G92 E0
G1 X120.066 Y117.067 Z9.21 F12000
G1 X115.648 Y109.929
G1 Z8.81
G1 E2 F2400
;TYPE:Perimeter
;WIDTH:0.42
G1 F3600
G1 X115.871 Y110.226 E2.01167
G1 X116.088 Y110.586 E2.02488
G1 X116.245 Y110.917 E2.03639
G1 X116.387 Y111.306 E2.0494
G1 X116.477 Y111.655 E2.06073
G1 X116.537 Y112.01 E2.07204
G1 X116.566 Y112.429 E2.08524
G1 X116.551 Y112.849 E2.09845
G1 X116.504 Y113.212 E2.10995
G1 X116.409 Y113.621 E2.12315
G1 X116.273 Y114.016 E2.13628
G1 X116.121 Y114.351 E2.14784
G1 X115.911 Y114.715 E2.16105
G1 X115.664 Y115.055 E2.17426
G1 X115.421 Y115.329 E2.18577
G1 X115.114 Y115.615 E2.19896
G1 X114.779 Y115.868 E2.21215
G1 X114.466 Y116.059 E2.22367
G1 X114.089 Y116.243 E2.23685
G1 X113.694 Y116.387 E2.25006
G1 X113.345 Y116.477 E2.26139
G1 X112.988 Y116.537 E2.27277
G1 X112.571 Y116.566 E2.28591
G1 X112.146 Y116.551 E2.29927
G1 X111.724 Y116.492 E2.31266
G1 X111.317 Y116.39 E2.32585
G1 X110.971 Y116.268 E2.33738
G1 X110.596 Y116.093 E2.35038
G1 X110.281 Y115.907 E2.36188
G1 X109.945 Y115.664 E2.37491
G1 X109.671 Y115.421 E2.38642
G1 X109.389 Y115.118 E2.39943
G1 X109.166 Y114.828 E2.41093
G1 X108.946 Y114.476 E2.42397
G1 X108.782 Y114.147 E2.43552
G1 X108.632 Y113.757 E2.44865
G1 X108.522 Y113.346 E2.46202
G1 X108.457 Y112.931 E2.47522
G1 X108.434 Y112.565 E2.48674
G1 X108.449 Y112.146 E2.49992
G1 X108.508 Y111.724 E2.51331
G1 X108.61 Y111.317 E2.5265
G1 X108.732 Y110.971 E2.53803
G1 X108.907 Y110.596 E2.55103
G1 X109.093 Y110.28 E2.56255
G1 X109.336 Y109.945 E2.57556
G1 X109.579 Y109.671 E2.58707
G1 X109.886 Y109.385 E2.60026
G1 X110.221 Y109.132 E2.61345
G1 X110.534 Y108.941 E2.62497
G1 X110.906 Y108.759 E2.63798
G1 X111.251 Y108.63 E2.64955
G1 X111.655 Y108.522 E2.66269
G1 X112.069 Y108.457 E2.67586
G1 X112.437 Y108.434 E2.68745
G1 X112.855 Y108.449 E2.70059
G1 X113.276 Y108.508 E2.71395
G1 X113.683 Y108.61 E2.72714
G1 X114.029 Y108.732 E2.73867
G1 X114.404 Y108.907 E2.75167
G1 X114.72 Y109.093 E2.76319
G1 X115.055 Y109.336 E2.7762
G1 X115.329 Y109.579 E2.78771
G1 X115.611 Y109.882 E2.80072
G1 X115.611 Y109.882 F12000
G1 X115.349 Y110.156
G1 F3600
G1 X115.56 Y110.436 E2.81174
G1 X115.757 Y110.764 E2.82376
G1 X115.899 Y111.062 E2.83413
G1 X116.028 Y111.417 E2.846
G1 X116.11 Y111.733 E2.85626
G1 X116.164 Y112.054 E2.86649
G1 X116.191 Y112.436 E2.87852
G1 X116.177 Y112.818 E2.89053
G1 X116.134 Y113.145 E2.90089
G1 X116.048 Y113.517 E2.91289
G1 X115.924 Y113.877 E2.92486
G1 X115.787 Y114.179 E2.93528
G1 X115.596 Y114.51 E2.94729
G1 X115.371 Y114.82 E2.95933
G1 X115.152 Y115.067 E2.9697
G1 X114.873 Y115.328 E2.98171
G1 X114.567 Y115.558 E2.99374
G1 X114.286 Y115.73 E3.00409
G1 X113.942 Y115.898 E3.01612
G1 X113.583 Y116.028 E3.02812
G1 X113.267 Y116.11 E3.03838
G1 X112.944 Y116.164 E3.04867
G1 X112.564 Y116.191 E3.06064
G1 X112.178 Y116.177 E3.07278
G1 X111.796 Y116.123 E3.0849
G1 X111.425 Y116.031 E3.09691
G1 X111.114 Y115.921 E3.10728
G1 X110.771 Y115.761 E3.11917
G1 X110.486 Y115.593 E3.12957
G1 X110.18 Y115.371 E3.14145
G1 X109.933 Y115.152 E3.15182
G1 X109.675 Y114.876 E3.16369
G1 X109.474 Y114.614 E3.17407
G1 X109.274 Y114.293 E3.18596
G1 X109.126 Y113.996 E3.19639
G1 X108.989 Y113.641 E3.20835
G1 X108.89 Y113.267 E3.22051
G1 X108.83 Y112.89 E3.23251
G1 X108.81 Y112.56 E3.2429
G1 X108.823 Y112.178 E3.25491
G1 X108.877 Y111.796 E3.26703
G1 X108.969 Y111.425 E3.27904
G1 X109.079 Y111.113 E3.28944
G1 X109.239 Y110.771 E3.30131
G1 X109.407 Y110.486 E3.31171
G1 X109.629 Y110.18 E3.32359
G1 X109.848 Y109.933 E3.33396
G1 X110.127 Y109.672 E3.34597
G1 X110.433 Y109.442 E3.358
G1 X110.714 Y109.27 E3.36835
G1 X111.054 Y109.104 E3.38024
G1 X111.365 Y108.988 E3.39067
G1 X111.733 Y108.889 E3.40265
G1 X112.11 Y108.83 E3.41464
G1 X112.442 Y108.81 E3.42509
G1 X112.822 Y108.823 E3.43704
G1 X113.204 Y108.877 E3.44916
G1 X113.575 Y108.969 E3.46117
G1 X113.887 Y109.079 E3.47157
G1 X114.229 Y109.239 E3.48344
G1 X114.514 Y109.407 E3.49384
G1 X114.82 Y109.629 E3.50572
G1 X115.067 Y109.848 E3.51609
G1 X115.311 Y110.11 E3.52734
G1 X115.311 Y110.11 F12000
G1 X115.051 Y110.383
G1 F3600
G1 X115.249 Y110.646 E3.53769
G1 X115.426 Y110.941 E3.5485
G1 X115.553 Y111.207 E3.55776
G1 X115.67 Y111.528 E3.5685
G1 X115.743 Y111.811 E3.57768
G1 X115.791 Y112.098 E3.58682
G1 X115.815 Y112.442 E3.59766
G1 X115.803 Y112.787 E3.60851
G1 X115.765 Y113.078 E3.61773
G1 X115.687 Y113.414 E3.62857
G1 X115.576 Y113.738 E3.63933
G1 X115.453 Y114.007 E3.64863
G1 X115.281 Y114.306 E3.65947
G1 X115.078 Y114.585 E3.67031
G1 X114.883 Y114.805 E3.67955
G1 X114.631 Y115.04 E3.69038
G1 X114.356 Y115.247 E3.7012
G1 X114.105 Y115.401 E3.71045
G1 X113.795 Y115.552 E3.72129
G1 X113.472 Y115.67 E3.7321
G1 X113.189 Y115.743 E3.74128
G1 X112.9 Y115.791 E3.75049
G1 X112.558 Y115.815 E3.76126
G1 X112.211 Y115.803 E3.77217
G1 X111.867 Y115.755 E3.78309
G1 X111.533 Y115.671 E3.79391
G1 X111.256 Y115.573 E3.80314
G1 X110.946 Y115.429 E3.81388
G1 X110.692 Y115.279 E3.82315
G1 X110.415 Y115.078 E3.83391
G1 X110.195 Y114.883 E3.84315
G1 X109.962 Y114.633 E3.85389
G1 X109.783 Y114.4 E3.86312
G1 X109.601 Y114.11 E3.87388
G1 X109.469 Y113.845 E3.88318
G1 X109.347 Y113.525 E3.89394
G1 X109.257 Y113.189 E3.90487
G1 X109.203 Y112.849 E3.91569
G1 X109.185 Y112.555 E3.92495
G1 X109.197 Y112.211 E3.93577
G1 X109.245 Y111.867 E3.94669
G1 X109.329 Y111.533 E3.95751
G1 X109.427 Y111.256 E3.96674
G1 X109.571 Y110.946 E3.97748
G1 X109.721 Y110.692 E3.98675
G1 X109.922 Y110.415 E3.99751
G1 X110.117 Y110.195 E4.00675
G1 X110.369 Y109.96 E4.01758
G1 X110.644 Y109.753 E4.0284
G1 X110.895 Y109.599 E4.03765
G1 X111.202 Y109.449 E4.04839
G1 X111.479 Y109.345 E4.05769
G1 X111.811 Y109.257 E4.06848
G1 X112.151 Y109.203 E4.0793
G1 X112.446 Y109.185 E4.08859
G1 X112.789 Y109.197 E4.09938
G1 X113.133 Y109.245 E4.1103
G1 X113.467 Y109.329 E4.12112
G1 X113.744 Y109.427 E4.13035
G1 X114.054 Y109.571 E4.14109
G1 X114.308 Y109.721 E4.15036
G1 X114.585 Y109.922 E4.16112
G1 X114.805 Y110.117 E4.17036
G1 X115.011 Y110.338 E4.17985
G1 X115.011 Y110.338 F12000
G1 X114.748 Y110.59
;TYPE:External perimeter
;WIDTH:0.4
G1 F3600
G1 X114.76 Y110.604 E4.1804
G1 X114.946 Y110.85 E4.18957
G1 X115.104 Y111.114 E4.19872
G1 X115.216 Y111.348 E4.20644
G1 X115.321 Y111.637 E4.21559
G1 X115.428 Y112.141 E4.23092
G1 X115.45 Y112.449 E4.24011
G1 X115.439 Y112.756 E4.24925
G1 X115.405 Y113.013 E4.25696
G1 X115.336 Y113.313 E4.26612
G1 X115.236 Y113.603 E4.27525
G1 X115.128 Y113.84 E4.283
G1 X114.974 Y114.107 E4.29217
G1 X114.793 Y114.356 E4.30133
G1 X114.622 Y114.55 E4.30902
G1 X114.396 Y114.76 E4.3182
G1 X114.15 Y114.945 E4.32736
G1 X113.93 Y115.081 E4.33505
G1 X113.653 Y115.216 E4.34422
G1 X113.363 Y115.321 E4.3534
G1 X112.857 Y115.429 E4.36879
G1 X112.551 Y115.45 E4.37791
G1 X112.243 Y115.439 E4.38708
G1 X111.937 Y115.396 E4.39627
G1 X111.638 Y115.322 E4.40543
G1 X111.394 Y115.235 E4.41314
G1 X111.116 Y115.105 E4.42227
G1 X110.892 Y114.974 E4.42999
G1 X110.644 Y114.793 E4.43912
G1 X110.45 Y114.622 E4.44681
G1 X110.241 Y114.397 E4.45595
G1 X110.083 Y114.191 E4.46367
G1 X109.92 Y113.931 E4.4728
G1 X109.804 Y113.698 E4.48054
G1 X109.694 Y113.412 E4.48966
G1 X109.614 Y113.113 E4.49887
G1 X109.566 Y112.809 E4.50803
G1 X109.55 Y112.551 E4.51572
G1 X109.561 Y112.243 E4.52489
G1 X109.604 Y111.937 E4.53408
G1 X109.678 Y111.638 E4.54324
G1 X109.765 Y111.394 E4.55095
G1 X109.895 Y111.116 E4.56008
G1 X110.026 Y110.892 E4.5678
G1 X110.207 Y110.644 E4.57693
G1 X110.378 Y110.45 E4.58462
G1 X110.604 Y110.24 E4.5938
G1 X110.85 Y110.055 E4.60296
G1 X111.07 Y109.919 E4.61065
G1 X111.347 Y109.785 E4.6198
G1 X111.591 Y109.693 E4.62756
G1 X111.887 Y109.614 E4.63667
G1 X112.191 Y109.566 E4.64583
G1 X112.451 Y109.55 E4.65358
G1 X112.757 Y109.561 E4.66269
G1 X113.063 Y109.604 E4.67188
G1 X113.362 Y109.678 E4.68104
G1 X113.606 Y109.765 E4.68875
G1 X113.884 Y109.895 E4.69788
G1 X114.108 Y110.026 E4.7056
G1 X114.356 Y110.207 E4.71473
G1 X114.55 Y110.378 E4.72242
G1 X114.707 Y110.547 E4.72928
G1 X114.948 Y110.866 F12000
G1 E2.72928 F2400
G92 E0
G1 Z9.21 F12000
G1 X103.984 Y109.059
G1 Z8.81
G1 E2 F2400
;TYPE:Perimeter
;WIDTH:0.42
G1 F4800
G1 X104.385 Y108.199 E2.02982
G1 X104.807 Y107.483 E2.05594
G1 X105.362 Y106.72 E2.08559
G1 X105.674 Y106.354 E2.1007
G1 X106.005 Y106.005 E2.11582
G1 X106.354 Y105.674 E2.13094
G1 X106.711 Y105.37 E2.14568
G1 X107.378 Y104.876 E2.17176
G1 X107.769 Y104.627 E2.18633
G1 X108.188 Y104.39 E2.20146
G1 X109.049 Y103.989 E2.23131
G1 X109.826 Y103.714 E2.25721
G1 X110.747 Y103.484 E2.28704
G1 X111.688 Y103.352 E2.3169
G1 X112.517 Y103.316 E2.34298
G1 X112.981 Y103.328 E2.35757
G1 X113.46 Y103.366 E2.37267
G1 X113.937 Y103.428 E2.38779
G1 X114.41 Y103.516 E2.40291
G1 X114.877 Y103.628 E2.418
G1 X115.327 Y103.762 E2.43276
G1 X116.099 Y104.05 E2.45865
G1 X116.526 Y104.245 E2.4734
G1 X116.943 Y104.462 E2.48817
G1 X117.636 Y104.886 E2.5137
G1 X118.289 Y105.37 E2.53924
G1 X118.986 Y105.997 E2.5687
G1 X119.543 Y106.605 E2.59461
G1 X120.108 Y107.355 E2.62412
G1 X120.538 Y108.057 E2.64999
G1 X120.95 Y108.901 E2.6795
G1 X121.238 Y109.673 E2.70539
G1 X121.484 Y110.59 E2.73523
G1 X121.572 Y111.063 E2.75035
G1 X121.634 Y111.54 E2.76547
G1 X121.684 Y112.489 E2.79533
G1 X121.648 Y113.312 E2.82122
G1 X121.516 Y114.253 E2.85108
G1 X121.287 Y115.174 E2.8809
G1 X121.015 Y115.94 E2.90644
G1 X120.678 Y116.68 E2.93199
G1 X120.203 Y117.502 E2.96182
G1 X119.931 Y117.899 E2.97694
G1 X119.638 Y118.28 E2.99204
G1 X119.003 Y118.986 E3.02188
G1 X118.39 Y119.547 E3.04799
G1 X117.645 Y120.108 E3.0773
G1 X116.943 Y120.538 E3.10317
G1 X116.099 Y120.95 E3.13268
G1 X115.327 Y121.238 E3.15857
G1 X114.41 Y121.484 E3.18841
G1 X113.937 Y121.572 E3.20353
G1 X113.46 Y121.634 E3.21865
G1 X112.512 Y121.684 E3.24848
G1 X111.688 Y121.648 E3.2744
G1 X110.759 Y121.518 E3.30388
G1 X109.957 Y121.325 E3.3298
G1 X109.07 Y121.02 E3.35928
G1 X108.315 Y120.676 E3.38535
G1 X107.498 Y120.203 E3.41502
G1 X107.101 Y119.931 E3.43014
G1 X106.72 Y119.638 E3.44524
G1 X106.014 Y119.003 E3.47508
G1 X105.453 Y118.39 E3.50119
G1 X104.892 Y117.646 E3.53047
G1 X104.459 Y116.938 E3.55655
G1 X104.05 Y116.099 E3.58588
G1 X103.762 Y115.327 E3.61177
G1 X103.516 Y114.41 E3.64161
G1 X103.428 Y113.937 E3.65673
G1 X103.366 Y113.46 E3.67185
G1 X103.316 Y112.512 E3.70168
G1 X103.352 Y111.682 E3.72779
G1 X103.482 Y110.759 E3.75708
G1 X103.676 Y109.952 E3.78316
G1 X103.964 Y109.116 E3.81095
G1 X103.964 Y109.116 F12000
G1 X103.634 Y108.926
G1 F4800
G1 X103.636 Y108.919 E3.81118
G1 X103.836 Y108.46 E3.82691
G1 X104.055 Y108.019 E3.84238
G1 X104.49 Y107.282 E3.86927
G1 X104.766 Y106.881 E3.88457
G1 X105.071 Y106.484 E3.9003
G1 X105.396 Y106.103 E3.91604
G1 X105.74 Y105.74 E3.93176
G1 X106.103 Y105.396 E3.94748
G1 X106.477 Y105.076 E3.96295
G1 X107.166 Y104.567 E3.98987
G1 X107.576 Y104.306 E4.00514
G1 X108.012 Y104.059 E4.02089
G1 X108.46 Y103.836 E4.03662
G1 X108.911 Y103.64 E4.05207
G1 X109.713 Y103.356 E4.07881
G1 X110.187 Y103.224 E4.09427
G1 X110.676 Y103.116 E4.11001
G1 X111.17 Y103.033 E4.12575
G1 X111.658 Y102.978 E4.14118
G1 X112.514 Y102.94 E4.16811
G1 X113 Y102.953 E4.18339
G1 X113.499 Y102.993 E4.19912
G1 X113.995 Y103.058 E4.21484
G1 X114.488 Y103.149 E4.23059
G1 X114.974 Y103.266 E4.2463
G1 X115.446 Y103.406 E4.26177
G1 X116.243 Y103.704 E4.28851
G1 X116.691 Y103.908 E4.30398
G1 X117.127 Y104.135 E4.31943
G1 X117.845 Y104.575 E4.34589
G1 X118.522 Y105.076 E4.37236
G1 X118.897 Y105.396 E4.38785
G1 X119.254 Y105.735 E4.40332
G1 X119.828 Y106.362 E4.43003
G1 X120.135 Y106.747 E4.4455
G1 X120.421 Y107.148 E4.46098
G1 X120.865 Y107.873 E4.4877
G1 X121.092 Y108.309 E4.50315
G1 X121.296 Y108.757 E4.51862
G1 X121.594 Y109.554 E4.54536
G1 X121.734 Y110.026 E4.56083
G1 X121.851 Y110.512 E4.57654
G1 X121.942 Y111.005 E4.59229
G1 X122.007 Y111.501 E4.60801
G1 X122.047 Y112 E4.62374
G1 X122.06 Y112.492 E4.63921
G1 X122.023 Y113.341 E4.66592
G1 X121.967 Y113.83 E4.68139
G1 X121.884 Y114.324 E4.69713
G1 X121.776 Y114.813 E4.71287
G1 X121.644 Y115.287 E4.72833
G1 X121.363 Y116.081 E4.7548
G1 X121.014 Y116.847 E4.78125
G1 X120.779 Y117.28 E4.79673
G1 X120.518 Y117.707 E4.81246
G1 X120.234 Y118.119 E4.82819
G1 X119.929 Y118.516 E4.84392
G1 X119.604 Y118.897 E4.85966
G1 X119.266 Y119.254 E4.87511
G1 X118.634 Y119.832 E4.90202
G1 X118.253 Y120.135 E4.91732
G1 X117.852 Y120.421 E4.9328
G1 X117.127 Y120.865 E4.95952
G1 X116.691 Y121.092 E4.97497
G1 X116.243 Y121.296 E4.99044
G1 X115.446 Y121.594 E5.01718
G1 X114.974 Y121.734 E5.03265
G1 X114.488 Y121.851 E5.04836
G1 X113.995 Y121.942 E5.06411
G1 X113.499 Y122.007 E5.07983
G1 X113 Y122.047 E5.09556
G1 X112.508 Y122.06 E5.11103
G1 X111.659 Y122.023 E5.13774
G1 X111.17 Y121.967 E5.15321
G1 X110.684 Y121.886 E5.16869
G1 X109.857 Y121.687 E5.19542
G1 X109.388 Y121.539 E5.21087
G1 X108.927 Y121.367 E5.22633
G1 X108.148 Y121.011 E5.25325
G1 X107.72 Y120.779 E5.26855
G1 X107.293 Y120.518 E5.28428
G1 X106.881 Y120.234 E5.30001
G1 X106.484 Y119.929 E5.31574
G1 X106.103 Y119.604 E5.33148
G1 X105.746 Y119.266 E5.34693
G1 X105.168 Y118.634 E5.37384
G1 X104.865 Y118.253 E5.38914
G1 X104.579 Y117.853 E5.40459
G1 X104.132 Y117.122 E5.43152
G1 X103.908 Y116.691 E5.44678
G1 X103.704 Y116.243 E5.46225
G1 X103.406 Y115.446 E5.48899
G1 X103.266 Y114.974 E5.50446
G1 X103.149 Y114.488 E5.52017
G1 X103.058 Y113.996 E5.53589
G1 X102.993 Y113.499 E5.55164
G1 X102.953 Y113 E5.56737
G1 X102.94 Y112.508 E5.58284
G1 X102.978 Y111.653 E5.60974
G1 X103.033 Y111.17 E5.62502
G1 X103.114 Y110.684 E5.6405
G1 X103.315 Y109.852 E5.6674
G1 X103.461 Y109.388 E5.68269
G1 X103.613 Y108.982 E5.69631
G1 X103.613 Y108.982 F12000
G1 X103.282 Y108.795
G1 F4800
G1 X103.289 Y108.778 E5.69689
G1 X103.496 Y108.301 E5.71323
G1 X103.726 Y107.84 E5.72942
G1 X104.174 Y107.08 E5.75714
G1 X104.462 Y106.66 E5.77314
G1 X104.779 Y106.248 E5.78948
G1 X105.117 Y105.852 E5.80584
G1 X105.475 Y105.475 E5.82218
G1 X105.852 Y105.117 E5.83852
G1 X106.244 Y104.782 E5.85472
G1 X106.954 Y104.258 E5.88245
G1 X107.383 Y103.984 E5.89845
G1 X107.836 Y103.728 E5.9148
G1 X108.301 Y103.496 E5.93113
G1 X108.774 Y103.291 E5.94733
G1 X109.6 Y102.998 E5.97487
G1 X110.097 Y102.86 E5.99108
G1 X110.604 Y102.748 E6.0074
G1 X111.117 Y102.662 E6.02375
G1 X111.629 Y102.604 E6.03994
G1 X112.511 Y102.565 E6.06768
G1 X113.02 Y102.579 E6.08368
G1 X113.538 Y102.62 E6.10001
G1 X114.054 Y102.687 E6.11636
G1 X114.566 Y102.782 E6.13272
G1 X115.071 Y102.904 E6.14905
G1 X115.565 Y103.05 E6.16524
G1 X116.386 Y103.357 E6.19278
G1 X116.855 Y103.571 E6.20898
G1 X117.312 Y103.808 E6.22516
G1 X118.055 Y104.264 E6.25256
G1 X118.756 Y104.782 E6.27995
G1 X119.148 Y105.117 E6.29615
G1 X119.521 Y105.472 E6.31233
G1 X120.114 Y106.118 E6.33989
G1 X120.434 Y106.521 E6.35606
G1 X120.734 Y106.94 E6.37225
G1 X121.192 Y107.688 E6.39981
G1 X121.429 Y108.145 E6.41599
G1 X121.643 Y108.614 E6.43219
G1 X121.95 Y109.435 E6.45973
G1 X122.096 Y109.929 E6.47592
G1 X122.218 Y110.434 E6.49225
G1 X122.313 Y110.946 E6.50861
G1 X122.38 Y111.462 E6.52496
G1 X122.421 Y111.98 E6.54129
G1 X122.435 Y112.495 E6.55748
G1 X122.397 Y113.371 E6.58503
G1 X122.338 Y113.883 E6.60123
G1 X122.252 Y114.396 E6.61758
G1 X122.14 Y114.903 E6.6339
G1 X122.002 Y115.4 E6.65011
G1 X121.711 Y116.222 E6.67751
G1 X121.35 Y117.015 E6.70489
G1 X121.104 Y117.467 E6.72106
G1 X120.832 Y117.911 E6.73742
G1 X120.537 Y118.34 E6.75378
G1 X120.221 Y118.752 E6.7701
G1 X119.883 Y119.148 E6.78646
G1 X119.529 Y119.521 E6.80262
G1 X118.878 Y120.117 E6.83036
G1 X118.479 Y120.434 E6.84637
G1 X118.06 Y120.734 E6.86256
G1 X117.312 Y121.192 E6.89012
G1 X116.855 Y121.429 E6.9063
G1 X116.386 Y121.643 E6.9225
G1 X115.565 Y121.95 E6.95004
G1 X115.071 Y122.096 E6.96623
G1 X114.566 Y122.218 E6.98256
G1 X114.054 Y122.313 E6.99892
G1 X113.538 Y122.38 E7.01527
G1 X113.02 Y122.421 E7.0316
G1 X112.505 Y122.435 E7.04779
G1 X111.629 Y122.397 E7.07534
G1 X111.117 Y122.338 E7.09154
G1 X110.609 Y122.253 E7.10773
G1 X109.757 Y122.049 E7.13526
G1 X109.266 Y121.894 E7.15144
G1 X108.783 Y121.713 E7.16765
G1 X107.98 Y121.347 E7.19538
G1 X107.533 Y121.104 E7.21137
G1 X107.089 Y120.832 E7.22773
G1 X106.66 Y120.537 E7.24409
G1 X106.248 Y120.221 E7.26041
G1 X105.852 Y119.883 E7.27677
G1 X105.479 Y119.528 E7.29295
G1 X104.883 Y118.878 E7.32066
G1 X104.566 Y118.479 E7.33667
G1 X104.267 Y118.06 E7.35285
G1 X103.806 Y117.307 E7.3806
G1 X103.571 Y116.855 E7.39661
G1 X103.357 Y116.386 E7.41281
G1 X103.05 Y115.565 E7.44035
G1 X102.904 Y115.071 E7.45654
G1 X102.782 Y114.566 E7.47287
G1 X102.687 Y114.054 E7.48923
G1 X102.62 Y113.538 E7.50558
G1 X102.579 Y113.02 E7.52191
G1 X102.565 Y112.505 E7.5381
G1 X102.604 Y111.623 E7.56584
G1 X102.662 Y111.117 E7.58185
G1 X102.747 Y110.609 E7.59804
G1 X102.953 Y109.751 E7.62577
G1 X103.106 Y109.266 E7.64175
G1 X103.261 Y108.851 E7.65567
G1 X103.261 Y108.851 F12000
G1 X102.941 Y108.667
;TYPE:External perimeter
;WIDTH:0.4
G1 F2400
G1 X102.95 Y108.642 E7.65646
G1 X103.165 Y108.147 E7.67251
G1 X103.405 Y107.666 E7.6885
G1 X103.866 Y106.884 E7.71551
G1 X104.167 Y106.446 E7.73132
G1 X104.495 Y106.018 E7.74736
G1 X104.846 Y105.608 E7.76342
G1 X105.217 Y105.217 E7.77945
G1 X105.608 Y104.846 E7.79548
G1 X106.017 Y104.497 E7.81147
G1 X106.747 Y103.957 E7.83848
G1 X107.195 Y103.671 E7.85429
G1 X107.664 Y103.406 E7.87032
G1 X108.147 Y103.165 E7.88638
G1 X108.64 Y102.951 E7.90237
G1 X109.49 Y102.65 E7.9292
G1 X110.008 Y102.506 E7.94519
G1 X110.535 Y102.389 E7.96125
G1 X111.067 Y102.3 E7.9773
G1 X111.601 Y102.239 E7.99329
G1 X112.508 Y102.2 E8.0203
G1 X113.039 Y102.214 E8.0361
G1 X113.577 Y102.256 E8.05215
G1 X114.111 Y102.327 E8.06818
G1 X114.641 Y102.425 E8.08421
G1 X115.166 Y102.551 E8.10027
G1 X115.681 Y102.704 E8.11625
G1 X116.526 Y103.02 E8.14309
G1 X117.015 Y103.242 E8.15907
G1 X117.492 Y103.491 E8.17508
G1 X118.26 Y103.961 E8.20187
G1 X118.983 Y104.497 E8.22864
G1 X119.392 Y104.846 E8.24463
G1 X119.782 Y105.216 E8.26062
G1 X120.391 Y105.881 E8.28745
G1 X120.726 Y106.301 E8.30343
G1 X121.038 Y106.739 E8.31943
G1 X121.509 Y107.508 E8.34626
G1 X121.758 Y107.985 E8.36227
G1 X121.98 Y108.474 E8.37825
G1 X122.296 Y109.319 E8.40509
G1 X122.449 Y109.834 E8.42107
G1 X122.575 Y110.359 E8.43713
G1 X122.673 Y110.889 E8.45316
G1 X122.744 Y111.423 E8.46919
G1 X122.786 Y111.961 E8.48524
G1 X122.8 Y112.498 E8.50122
G1 X122.761 Y113.399 E8.52805
G1 X122.7 Y113.933 E8.54404
G1 X122.611 Y114.465 E8.56009
G1 X122.494 Y114.992 E8.57615
G1 X122.35 Y115.51 E8.59214
G1 X122.05 Y116.358 E8.6189
G1 X121.676 Y117.178 E8.64571
G1 X121.42 Y117.65 E8.66168
G1 X121.138 Y118.11 E8.67773
G1 X120.833 Y118.554 E8.69375
G1 X120.505 Y118.982 E8.70979
G1 X120.154 Y119.392 E8.72585
G1 X119.784 Y119.782 E8.74184
G1 X119.115 Y120.395 E8.76883
G1 X118.699 Y120.726 E8.78465
G1 X118.261 Y121.038 E8.80065
G1 X117.492 Y121.509 E8.82748
G1 X117.015 Y121.758 E8.84349
G1 X116.526 Y121.98 E8.85947
G1 X115.681 Y122.296 E8.88631
G1 X115.166 Y122.449 E8.90229
G1 X114.641 Y122.575 E8.91835
G1 X114.111 Y122.673 E8.93438
G1 X113.577 Y122.744 E8.95041
G1 X113.039 Y122.786 E8.96646
G1 X112.502 Y122.8 E8.98244
G1 X111.601 Y122.761 E9.00927
G1 X111.067 Y122.7 E9.02526
G1 X110.536 Y122.611 E9.04128
G1 X109.659 Y122.4 E9.06811
G1 X109.147 Y122.239 E9.08408
G1 X108.643 Y122.051 E9.10008
G1 X107.817 Y121.674 E9.12709
G1 X107.35 Y121.42 E9.1429
G1 X106.89 Y121.138 E9.15895
G1 X106.446 Y120.833 E9.17497
G1 X106.018 Y120.505 E9.19101
G1 X105.608 Y120.154 E9.20707
G1 X105.218 Y119.784 E9.22306
G1 X104.605 Y119.115 E9.25005
G1 X104.274 Y118.699 E9.26587
G1 X103.962 Y118.261 E9.28187
G1 X103.488 Y117.487 E9.30887
G1 X103.242 Y117.015 E9.3247
G1 X103.02 Y116.526 E9.34068
G1 X102.704 Y115.681 E9.36752
G1 X102.551 Y115.166 E9.3835
G1 X102.425 Y114.641 E9.39956
G1 X102.327 Y114.111 E9.41559
G1 X102.256 Y113.577 E9.43162
G1 X102.214 Y113.039 E9.44767
G1 X102.2 Y112.502 E9.46365
G1 X102.24 Y111.595 E9.49066
G1 X102.3 Y111.067 E9.50647
G1 X102.389 Y110.536 E9.52249
G1 X102.601 Y109.654 E9.54948
G1 X102.761 Y109.147 E9.5653
G1 X102.92 Y108.723 E9.57877
G1 X103.075 Y108.355 F12000
;LAYER_CHANGE
;Z:9.02
;HEIGHT:0.21
G1 Z9.02 F12000
G1 E7.57877 F2400
G92 E0
G1 Z9.42 F12000
G1 X119.957 Y107.504
G1 Z9.02
G1 E2 F2400
G92 E0
;TYPE:Top solid infill
;WIDTH:0.427916
G1 F4200
G1 X118.62 Y106.167 E.06067
G1 X118.055 Y105.663 E.08497
G1 X117.418 Y105.191 E.11041
G1 X116.633 Y104.721 E.13977
G1 X120.275 Y108.363 E.30505
G1 X120.667 Y109.2 E.33471
G1 X120.72 Y109.35 E.33981
G1 X115.657 Y104.287 E.56957
G1 X115.085 Y104.079 E.5891
G1 X114.846 Y104.017 E.59702
G1 X120.982 Y110.153 E.87547
G1 X121.154 Y110.866 E.89901
G1 X114.14 Y103.853 E1.21729
G1 X113.497 Y103.751 E1.23818
G1 X121.249 Y111.503 E1.58997
G1 X121.288 Y112.083 E1.60862
G1 X112.906 Y103.701 E1.989
G1 X112.361 Y103.697 E2.00649
G1 X121.303 Y112.639 E2.41228
G1 X121.28 Y113.158 E2.42895
G1 X111.842 Y103.72 E2.85725
G1 X111.357 Y103.777 E2.87292
G1 X121.223 Y113.643 E3.32064
G1 X121.156 Y114.118 E3.33603
G1 X110.883 Y103.844 E3.80225
G1 X110.444 Y103.946 E3.81671
G1 X121.063 Y114.565 E4.2986
G1 X120.948 Y114.992 E4.31279
G1 X116.466 Y110.51 E4.51618
G1 X116.381 Y110.34 E4.52228
G1 X116.139 Y109.952 E4.53695
G1 X115.857 Y109.592 E4.55162
G1 X115.585 Y109.305 E4.56431
G1 X115.29 Y109.044 E4.57695
G1 X114.925 Y108.779 E4.59142
G1 X114.489 Y108.533 E4.60748
G1 X110.01 Y104.054 E4.81074
G1 X109.604 Y104.19 E4.82448
G1 X113.623 Y108.208 E5.00684
G1 X113.348 Y108.14 E5.01593
G1 X112.958 Y108.085 E5.02857
G1 X109.204 Y104.331 E5.19893
G1 X108.834 Y104.503 E5.21202
G1 X112.392 Y108.061 E5.37348
G1 X111.893 Y108.103 E5.38955
G1 X108.465 Y104.675 E5.54511
G1 X108.36 Y104.724 E5.54883
G1 X108.113 Y104.864 E5.55794
G1 X111.44 Y108.191 E5.70892
G1 X111.023 Y108.315 E5.72288
G1 X107.775 Y105.068 E5.87025
G1 X107.453 Y105.287 E5.88275
G1 X110.638 Y108.472 E6.02729
G1 X110.282 Y108.658 E6.04018
G1 X107.142 Y105.517 E6.1827
G1 X106.838 Y105.755 E6.19509
G1 X109.95 Y108.867 E6.33631
G1 X109.642 Y109.1 E6.3487
G1 X106.549 Y106.007 E6.48906
G1 X106.271 Y106.271 E6.50136
G1 X109.362 Y109.361 E6.64161
G1 X109.103 Y109.644 E6.65392
G1 X106.014 Y106.556 E6.79408
G1 X105.758 Y106.84 E6.80635
G1 X108.869 Y109.951 E6.94753
G1 X108.658 Y110.282 E6.96013
G1 X105.518 Y107.142 E7.10262
G1 X105.287 Y107.453 E7.11505
G1 X108.472 Y110.638 E7.25959
G1 X108.316 Y111.023 E7.27292
G1 X105.073 Y107.78 E7.42009
G1 X104.87 Y108.118 E7.43274
G1 X108.192 Y111.441 E7.58352
G1 X108.105 Y111.895 E7.59835
G1 X104.675 Y108.465 E7.754
G1 X104.503 Y108.834 E7.76706
G1 X108.065 Y112.396 E7.9287
G1 X108.082 Y112.955 E7.94665
G1 X104.331 Y109.204 E8.11687
G1 X104.19 Y109.604 E8.13048
G1 X108.455 Y113.869 E8.32403
G1 E6.32403 F2400
G92 E0
G1 X108.455 Y113.869 Z9.42 F12000
G1 X116.545 Y111.131
G1 Z9.02
G1 E2 F2400
G1 F4200
G1 X120.816 Y115.401 E2.1938
G1 X120.668 Y115.794 E2.20728
G1 X116.915 Y112.042 E2.37757
G1 X116.936 Y112.604 E2.39562
G1 X120.499 Y116.167 E2.55731
G1 X120.322 Y116.531 E2.5703
G1 X116.895 Y113.105 E2.7258
G1 X116.808 Y113.559 E2.74063
G1 X120.134 Y116.885 E2.89157
G1 X119.928 Y117.221 E2.90422
G1 X116.685 Y113.977 E3.05141
G1 X116.527 Y114.361 E3.06473
G1 X119.713 Y117.547 E3.20931
G1 X119.483 Y117.858 E3.22172
G1 X116.342 Y114.717 E3.36426
G1 X116.132 Y115.048 E3.37684
G1 X119.243 Y118.159 E3.51802
G1 X118.986 Y118.444 E3.53033
G1 X115.898 Y115.356 E3.67046
G1 X115.639 Y115.638 E3.68275
G1 X118.729 Y118.729 E3.823
G1 X118.446 Y118.987 E3.83529
G1 X115.358 Y115.9 E3.9754
G1 X115.052 Y116.135 E3.98778
G1 X118.164 Y119.246 E4.12898
G1 X117.856 Y119.48 E4.14139
G1 X114.72 Y116.344 E4.2837
G1 X114.363 Y116.529 E4.2966
G1 X117.547 Y119.712 E4.44107
G1 X117.221 Y119.928 E4.45362
G1 X113.978 Y116.684 E4.60081
G1 X113.56 Y116.808 E4.6148
G1 X116.885 Y120.134 E4.76571
G1 X116.762 Y120.209 E4.77033
G1 X116.532 Y120.322 E4.77855
G1 X113.107 Y116.897 E4.93398
G1 X112.608 Y116.939 E4.95005
G1 X116.168 Y120.499 E5.1116
G1 X115.791 Y120.664 E5.12481
G1 X112.04 Y116.913 E5.29503
G1 X111.729 Y116.875 E5.30508
G1 X111.38 Y116.794 E5.31658
G1 X115.394 Y120.809 E5.49876
G1 X114.99 Y120.946 E5.51245
G1 X110.518 Y116.473 E5.71541
G1 X110.081 Y116.225 E5.73153
G1 X109.71 Y115.956 E5.74623
G1 X109.409 Y115.69 E5.75912
G1 X109.102 Y115.361 E5.77356
G1 X108.857 Y115.042 E5.78647
G1 X108.619 Y114.66 E5.80091
G1 X108.534 Y114.489 E5.80704
G1 X104.054 Y110.01 E6.01032
G1 X103.946 Y110.443 E6.02464
G1 X114.56 Y121.057 E6.50631
G1 X114.113 Y121.152 E6.52097
G1 X103.844 Y110.882 E6.987
G1 X103.777 Y111.357 E7.00239
G1 X113.646 Y121.226 E7.45025
G1 X113.421 Y121.261 E7.45756
G1 X113.154 Y121.275 E7.46614
G1 X103.72 Y111.841 E7.89426
G1 X103.697 Y112.36 E7.91093
G1 X112.64 Y121.302 E8.31674
G1 X112.087 Y121.291 E8.33449
G1 X103.712 Y112.916 E8.71455
G1 X103.751 Y113.496 E8.7332
G1 X111.498 Y121.243 E9.08476
G1 X110.867 Y121.154 E9.10521
G1 X103.846 Y114.133 E9.42383
G1 X104.019 Y114.847 E9.4474
G1 X110.153 Y120.982 E9.72579
G1 X109.934 Y120.927 E9.73304
G1 X109.351 Y120.72 E9.75289
G1 X104.287 Y115.657 E9.98267
G1 X104.387 Y115.932 E9.99206
G1 X104.721 Y116.632 E10.01695
G1 X108.369 Y120.28 E10.1825
G1 X107.582 Y119.809 E10.21193
G1 X106.947 Y119.339 E10.23728
G1 X106.331 Y118.784 E10.26389
G1 X105.04 Y117.492 E10.3225
G1 E8.3225 F2400
G92 E0
G1 X105.04 Y117.492 Z9.42 F12000
G1 X115.538 Y109.8
G1 Z9.02
G1 E2 F2400
;TYPE:Perimeter
;WIDTH:0.42
G1 F3600
G1 X115.573 Y109.837 E2.0016
G1 X115.831 Y110.167 E2.01476
G1 X116.054 Y110.524 E2.02799
G1 X116.217 Y110.851 E2.03947
G1 X116.368 Y111.243 E2.05267
G1 X116.476 Y111.649 E2.06587
G1 X116.537 Y112.01 E2.07738
G1 X116.566 Y112.423 E2.09039
G1 X116.556 Y112.789 E2.1019
G1 X116.505 Y113.206 E2.1151
G1 X116.41 Y113.615 E2.1283
G1 X116.294 Y113.963 E2.13983
G1 X116.123 Y114.346 E2.15301
G1 X115.911 Y114.715 E2.16638
G1 X115.664 Y115.055 E2.17959
G1 X115.421 Y115.329 E2.1911
G1 X115.118 Y115.611 E2.20411
G1 X114.828 Y115.834 E2.21561
G1 X114.476 Y116.054 E2.22865
G1 X114.149 Y116.217 E2.24013
G1 X113.757 Y116.368 E2.25333
G1 X113.351 Y116.476 E2.26653
G1 X112.99 Y116.537 E2.27804
G1 X112.577 Y116.566 E2.29105
G1 X112.211 Y116.556 E2.30256
G1 X111.794 Y116.505 E2.31576
G1 X111.385 Y116.41 E2.32896
G1 X111.037 Y116.294 E2.34049
G1 X110.654 Y116.123 E2.35367
G1 X110.285 Y115.911 E2.36704
G1 X109.945 Y115.664 E2.38025
G1 X109.671 Y115.421 E2.39176
G1 X109.389 Y115.118 E2.40477
G1 X109.166 Y114.828 E2.41627
G1 X108.946 Y114.476 E2.42931
G1 X108.783 Y114.149 E2.44079
G1 X108.632 Y113.757 E2.45399
G1 X108.522 Y113.345 E2.46739
G1 X108.457 Y112.931 E2.48056
G1 X108.434 Y112.565 E2.49208
G1 X108.449 Y112.146 E2.50526
G1 X108.508 Y111.724 E2.51865
G1 X108.61 Y111.317 E2.53184
G1 X108.73 Y110.977 E2.54317
G1 X108.88 Y110.649 E2.5545
G1 X109.089 Y110.285 E2.56769
G1 X109.336 Y109.945 E2.5809
G1 X109.579 Y109.671 E2.59241
G1 X109.886 Y109.385 E2.6056
G1 X110.226 Y109.129 E2.61897
G1 X110.586 Y108.912 E2.63218
G1 X110.911 Y108.757 E2.6435
G1 X111.249 Y108.631 E2.65484
G1 X111.649 Y108.524 E2.66785
G1 X112.01 Y108.463 E2.67936
G1 X112.429 Y108.434 E2.69256
G1 X112.854 Y108.449 E2.70592
G1 X113.276 Y108.508 E2.71931
G1 X113.683 Y108.61 E2.7325
G1 X114.029 Y108.732 E2.74403
G1 X114.404 Y108.907 E2.75703
G1 X114.719 Y109.093 E2.76853
G1 X115.055 Y109.336 E2.78156
G1 X115.325 Y109.575 E2.79289
G1 X115.497 Y109.757 E2.80076
G1 X115.266 Y110.058 F12000
G1 F3600
G1 X115.288 Y110.082 E2.80178
G1 X115.524 Y110.383 E2.8138
G1 X115.726 Y110.707 E2.8258
G1 X115.874 Y111.003 E2.8362
G1 X116.011 Y111.359 E2.84819
G1 X116.109 Y111.729 E2.86022
G1 X116.164 Y112.054 E2.87058
G1 X116.19 Y112.431 E2.88246
G1 X116.182 Y112.762 E2.89286
G1 X116.135 Y113.141 E2.90486
G1 X116.049 Y113.513 E2.91686
G1 X115.944 Y113.827 E2.92726
G1 X115.789 Y114.176 E2.93926
G1 X115.596 Y114.51 E2.95138
G1 X115.371 Y114.82 E2.96342
G1 X115.152 Y115.067 E2.97379
G1 X114.876 Y115.325 E2.98566
G1 X114.614 Y115.526 E2.99604
G1 X114.293 Y115.726 E3.00793
G1 X113.997 Y115.874 E3.01833
G1 X113.641 Y116.011 E3.03032
G1 X113.271 Y116.109 E3.04235
G1 X112.946 Y116.164 E3.05271
G1 X112.569 Y116.19 E3.06459
G1 X112.238 Y116.182 E3.07499
G1 X111.859 Y116.135 E3.08699
G1 X111.487 Y116.049 E3.09899
G1 X111.173 Y115.944 E3.10939
G1 X110.824 Y115.789 E3.12139
G1 X110.49 Y115.596 E3.13351
G1 X110.18 Y115.371 E3.14555
G1 X109.933 Y115.152 E3.15592
G1 X109.675 Y114.876 E3.16779
G1 X109.474 Y114.614 E3.17817
G1 X109.274 Y114.293 E3.19006
G1 X109.126 Y113.997 E3.20046
G1 X108.989 Y113.641 E3.21245
G1 X108.889 Y113.267 E3.22462
G1 X108.83 Y112.89 E3.23661
G1 X108.81 Y112.56 E3.247
G1 X108.823 Y112.178 E3.25901
G1 X108.877 Y111.796 E3.27113
G1 X108.969 Y111.425 E3.28314
G1 X109.078 Y111.117 E3.29341
G1 X109.213 Y110.821 E3.30363
G1 X109.404 Y110.49 E3.31564
G1 X109.629 Y110.18 E3.32768
G1 X109.848 Y109.933 E3.33805
G1 X110.127 Y109.672 E3.35006
G1 X110.436 Y109.44 E3.3622
G1 X110.764 Y109.243 E3.37422
G1 X111.058 Y109.103 E3.38445
G1 X111.363 Y108.988 E3.39469
G1 X111.729 Y108.891 E3.40659
G1 X112.054 Y108.836 E3.41695
G1 X112.436 Y108.809 E3.42898
G1 X112.822 Y108.823 E3.44112
G1 X113.204 Y108.877 E3.45324
G1 X113.575 Y108.969 E3.46525
G1 X113.886 Y109.079 E3.47562
G1 X114.229 Y109.239 E3.48751
G1 X114.514 Y109.407 E3.49791
G1 X114.82 Y109.629 E3.50979
G1 X115.064 Y109.845 E3.52003
G1 X115.224 Y110.014 E3.52734
G1 X115.224 Y110.014 F12000
G1 X114.993 Y110.315
G1 F3600
G1 X115.004 Y110.327 E3.52785
G1 X115.216 Y110.598 E3.53866
G1 X115.399 Y110.89 E3.54949
G1 X115.53 Y111.154 E3.55875
G1 X115.653 Y111.475 E3.56955
G1 X115.743 Y111.808 E3.58039
G1 X115.791 Y112.098 E3.58963
G1 X115.815 Y112.44 E3.6004
G1 X115.807 Y112.734 E3.60964
G1 X115.765 Y113.076 E3.62047
G1 X115.688 Y113.412 E3.6313
G1 X115.594 Y113.69 E3.64052
G1 X115.454 Y114.005 E3.65135
G1 X115.281 Y114.306 E3.66226
G1 X115.078 Y114.585 E3.6731
G1 X114.883 Y114.805 E3.68234
G1 X114.633 Y115.038 E3.69308
G1 X114.4 Y115.217 E3.70231
G1 X114.11 Y115.399 E3.71307
G1 X113.846 Y115.53 E3.72233
G1 X113.525 Y115.653 E3.73313
G1 X113.192 Y115.743 E3.74397
G1 X112.902 Y115.791 E3.75321
G1 X112.56 Y115.815 E3.76398
G1 X112.266 Y115.807 E3.77322
G1 X111.924 Y115.765 E3.78405
G1 X111.588 Y115.688 E3.79488
G1 X111.31 Y115.594 E3.8041
G1 X110.995 Y115.454 E3.81493
G1 X110.694 Y115.281 E3.82584
G1 X110.415 Y115.078 E3.83668
G1 X110.195 Y114.883 E3.84592
G1 X109.962 Y114.633 E3.85666
G1 X109.783 Y114.4 E3.86589
G1 X109.601 Y114.11 E3.87665
G1 X109.47 Y113.846 E3.88591
G1 X109.347 Y113.525 E3.89671
G1 X109.257 Y113.189 E3.90764
G1 X109.203 Y112.849 E3.91846
G1 X109.185 Y112.555 E3.92772
G1 X109.197 Y112.211 E3.93854
G1 X109.245 Y111.867 E3.94946
G1 X109.329 Y111.533 E3.96028
G1 X109.426 Y111.258 E3.96944
G1 X109.547 Y110.993 E3.97859
G1 X109.719 Y110.694 E3.98943
G1 X109.922 Y110.415 E4.00027
G1 X110.117 Y110.195 E4.00951
G1 X110.369 Y109.96 E4.02034
G1 X110.646 Y109.751 E4.03124
G1 X110.941 Y109.574 E4.04205
G1 X111.205 Y109.448 E4.05124
G1 X111.478 Y109.346 E4.0604
G1 X111.808 Y109.257 E4.07114
G1 X112.098 Y109.209 E4.08038
G1 X112.442 Y109.185 E4.09122
G1 X112.789 Y109.197 E4.10213
G1 X113.133 Y109.245 E4.11305
G1 X113.467 Y109.329 E4.12387
G1 X113.744 Y109.427 E4.1331
G1 X114.054 Y109.571 E4.14384
G1 X114.308 Y109.721 E4.15311
G1 X114.585 Y109.922 E4.16387
G1 X114.803 Y110.115 E4.17302
G1 X114.951 Y110.271 E4.17978
G1 X114.951 Y110.271 F12000
G1 X114.746 Y110.59
;TYPE:External perimeter
;WIDTH:0.4
G1 F3600
G1 X114.917 Y110.808 E4.18802
G1 X115.08 Y111.069 E4.19717
G1 X115.196 Y111.301 E4.20489
G1 X115.306 Y111.588 E4.21403
G1 X115.386 Y111.886 E4.22321
G1 X115.428 Y112.141 E4.2309
G1 X115.45 Y112.448 E4.24006
G1 X115.443 Y112.707 E4.24777
G1 X115.405 Y113.012 E4.25691
G1 X115.336 Y113.312 E4.26607
G1 X115.254 Y113.558 E4.27378
G1 X115.129 Y113.839 E4.28293
G1 X114.974 Y114.107 E4.29214
G1 X114.793 Y114.356 E4.3013
G1 X114.622 Y114.55 E4.30899
G1 X114.397 Y114.759 E4.31813
G1 X114.191 Y114.917 E4.32585
G1 X113.931 Y115.08 E4.33498
G1 X113.699 Y115.196 E4.3427
G1 X113.412 Y115.306 E4.35184
G1 X113.114 Y115.386 E4.36102
G1 X112.859 Y115.428 E4.36871
G1 X112.552 Y115.45 E4.37787
G1 X112.293 Y115.443 E4.38558
G1 X111.988 Y115.405 E4.39472
G1 X111.688 Y115.336 E4.40388
G1 X111.442 Y115.254 E4.41159
G1 X111.161 Y115.129 E4.42074
G1 X110.893 Y114.974 E4.42995
G1 X110.644 Y114.793 E4.43911
G1 X110.45 Y114.622 E4.4468
G1 X110.241 Y114.397 E4.45594
G1 X110.083 Y114.191 E4.46366
G1 X109.92 Y113.931 E4.47279
G1 X109.804 Y113.699 E4.48051
G1 X109.694 Y113.412 E4.48965
G1 X109.614 Y113.113 E4.49886
G1 X109.566 Y112.809 E4.50802
G1 X109.55 Y112.551 E4.51571
G1 X109.561 Y112.243 E4.52488
G1 X109.604 Y111.937 E4.53407
G1 X109.678 Y111.638 E4.54323
G1 X109.872 Y111.16 E4.55858
G1 X110.026 Y110.893 E4.56775
G1 X110.207 Y110.644 E4.57691
G1 X110.378 Y110.45 E4.5846
G1 X110.604 Y110.24 E4.59378
G1 X110.85 Y110.054 E4.60295
G1 X111.114 Y109.896 E4.6121
G1 X111.589 Y109.694 E4.62746
G1 X111.886 Y109.614 E4.63661
G1 X112.141 Y109.572 E4.6443
G1 X112.449 Y109.55 E4.65349
G1 X112.757 Y109.561 E4.66266
G1 X113.063 Y109.604 E4.67185
G1 X113.362 Y109.678 E4.68101
G1 X113.606 Y109.765 E4.68872
G1 X113.884 Y109.895 E4.69785
G1 X114.108 Y110.026 E4.70557
G1 X114.356 Y110.207 E4.7147
G1 X114.706 Y110.545 E4.72917
G1 X114.946 Y110.865 F12000
G1 E2.72917 F2400
G92 E0
G1 Z9.42 F12000
G1 X103.989 Y109.047
G1 Z9.02
G1 E2 F2400
;TYPE:Perimeter
;WIDTH:0.42
G1 F4800
G1 X104.39 Y108.188 E2.02979
G1 X104.879 Y107.374 E2.05963
G1 X105.371 Y106.71 E2.0856
G1 X106.005 Y106.005 E2.1154
G1 X106.354 Y105.674 E2.13052
G1 X106.711 Y105.37 E2.14526
G1 X107.375 Y104.878 E2.17123
G1 X107.769 Y104.627 E2.18591
G1 X108.188 Y104.39 E2.20104
G1 X109.049 Y103.989 E2.23089
G1 X109.826 Y103.714 E2.25679
G1 X110.747 Y103.484 E2.28662
G1 X111.688 Y103.352 E2.31648
G1 X112.513 Y103.316 E2.34243
G1 X112.981 Y103.328 E2.35714
G1 X113.46 Y103.366 E2.37224
G1 X114.398 Y103.514 E2.40208
G1 X115.196 Y103.72 E2.42798
G1 X116.078 Y104.041 E2.45748
G1 X116.823 Y104.397 E2.48343
G1 X117.626 Y104.879 E2.51286
G1 X118.289 Y105.37 E2.53879
G1 X118.646 Y105.674 E2.55353
G1 X118.995 Y106.005 E2.56865
G1 X119.326 Y106.354 E2.58377
G1 X119.638 Y106.72 E2.59888
G1 X119.931 Y107.101 E2.61398
G1 X120.203 Y107.498 E2.6291
G1 X120.454 Y107.908 E2.64421
G1 X120.678 Y108.32 E2.65895
G1 X121.015 Y109.06 E2.6845
G1 X121.287 Y109.827 E2.71007
G1 X121.514 Y110.736 E2.73951
G1 X121.635 Y111.551 E2.7654
G1 X121.684 Y112.488 E2.79489
G1 X121.648 Y113.314 E2.82087
G1 X121.516 Y114.253 E2.85067
G1 X121.412 Y114.722 E2.86577
G1 X121.283 Y115.185 E2.88087
G1 X121.131 Y115.641 E2.89598
G1 X120.955 Y116.089 E2.91111
G1 X120.538 Y116.943 E2.94098
G1 X120.114 Y117.636 E2.96651
G1 X119.63 Y118.289 E2.99205
G1 X119.003 Y118.986 E3.02151
G1 X118.395 Y119.543 E3.04742
G1 X117.645 Y120.108 E3.07693
G1 X116.943 Y120.538 E3.1028
G1 X116.089 Y120.955 E3.13267
G1 X115.196 Y121.28 E3.16253
G1 X114.397 Y121.486 E3.18846
G1 X113.46 Y121.634 E3.21827
G1 X112.512 Y121.684 E3.2481
G1 X111.688 Y121.648 E3.27402
G1 X110.748 Y121.516 E3.30385
G1 X109.826 Y121.287 E3.3337
G1 X109.047 Y121.011 E3.35967
G1 X108.188 Y120.61 E3.38946
G1 X107.374 Y120.121 E3.4193
G1 X106.71 Y119.629 E3.44527
G1 X106.014 Y119.003 E3.47469
G1 X105.457 Y118.395 E3.5006
G1 X104.886 Y117.636 E3.53045
G1 X104.396 Y116.822 E3.56031
G1 X104.041 Y116.077 E3.58624
G1 X103.717 Y115.185 E3.61606
G1 X103.487 Y114.264 E3.64589
G1 X103.365 Y113.447 E3.67185
G1 X103.316 Y112.512 E3.70127
G1 X103.352 Y111.686 E3.72725
G1 X103.484 Y110.747 E3.75705
G1 X103.713 Y109.826 E3.78687
G1 X103.969 Y109.104 E3.81094
G1 X103.969 Y109.104 F12000
G1 X103.637 Y108.92
G1 F4800
G1 X103.64 Y108.91 E3.81127
G1 X103.836 Y108.46 E3.82669
G1 X104.059 Y108.012 E3.84242
G1 X104.306 Y107.576 E3.85817
G1 X104.57 Y107.161 E3.87363
G1 X105.077 Y106.476 E3.90041
G1 X105.396 Y106.103 E3.91583
G1 X105.74 Y105.74 E3.93155
G1 X106.103 Y105.396 E3.94727
G1 X106.478 Y105.076 E3.96276
G1 X107.163 Y104.569 E3.98954
G1 X107.576 Y104.306 E4.00493
G1 X108.012 Y104.059 E4.02068
G1 X108.46 Y103.836 E4.03641
G1 X108.911 Y103.64 E4.05186
G1 X109.713 Y103.356 E4.0786
G1 X110.187 Y103.224 E4.09406
G1 X110.676 Y103.116 E4.1098
G1 X111.17 Y103.033 E4.12554
G1 X111.659 Y102.978 E4.141
G1 X112.51 Y102.94 E4.16777
G1 X113 Y102.953 E4.18317
G1 X113.499 Y102.993 E4.1989
G1 X113.995 Y103.058 E4.21462
G1 X114.479 Y103.148 E4.23009
G1 X115.303 Y103.361 E4.25684
G1 X115.77 Y103.517 E4.27231
G1 X116.228 Y103.697 E4.28777
G1 X116.997 Y104.064 E4.31455
G1 X117.424 Y104.306 E4.32997
G1 X117.839 Y104.57 E4.34543
G1 X118.522 Y105.076 E4.37214
G1 X118.897 Y105.396 E4.38763
G1 X119.26 Y105.74 E4.40335
G1 X119.604 Y106.103 E4.41907
G1 X119.929 Y106.484 E4.43481
G1 X120.234 Y106.881 E4.45054
G1 X120.518 Y107.293 E4.46627
G1 X120.779 Y107.72 E4.482
G1 X121.014 Y108.153 E4.49748
G1 X121.363 Y108.919 E4.52393
G1 X121.645 Y109.715 E4.55047
G1 X121.776 Y110.187 E4.56586
G1 X121.882 Y110.668 E4.58134
G1 X122.008 Y111.509 E4.60806
G1 X122.047 Y112 E4.62354
G1 X122.06 Y112.492 E4.63901
G1 X122.022 Y113.343 E4.66578
G1 X121.967 Y113.83 E4.68118
G1 X121.884 Y114.324 E4.69692
G1 X121.776 Y114.813 E4.71266
G1 X121.642 Y115.295 E4.72838
G1 X121.483 Y115.77 E4.74412
G1 X121.3 Y116.235 E4.75982
G1 X121.092 Y116.691 E4.77557
G1 X120.865 Y117.127 E4.79102
G1 X120.425 Y117.845 E4.81748
G1 X119.924 Y118.522 E4.84395
G1 X119.604 Y118.897 E4.85944
G1 X119.265 Y119.254 E4.87491
G1 X118.639 Y119.828 E4.9016
G1 X118.253 Y120.135 E4.9171
G1 X117.852 Y120.421 E4.93258
G1 X117.127 Y120.865 E4.9593
G1 X116.691 Y121.092 E4.97475
G1 X116.235 Y121.3 E4.9905
G1 X115.77 Y121.483 E5.0062
G1 X115.303 Y121.639 E5.02167
G1 X114.478 Y121.853 E5.04845
G1 X113.995 Y121.942 E5.06388
G1 X113.499 Y122.007 E5.0796
G1 X113 Y122.047 E5.09533
G1 X112.508 Y122.06 E5.1108
G1 X111.659 Y122.023 E5.13751
G1 X111.17 Y121.967 E5.15298
G1 X110.676 Y121.884 E5.16872
G1 X110.187 Y121.776 E5.18446
G1 X109.713 Y121.644 E5.19992
G1 X108.91 Y121.36 E5.22669
G1 X108.46 Y121.164 E5.24211
G1 X108.012 Y120.941 E5.25784
G1 X107.576 Y120.694 E5.27359
G1 X107.161 Y120.43 E5.28905
G1 X106.476 Y119.923 E5.31583
G1 X106.103 Y119.604 E5.33125
G1 X105.746 Y119.265 E5.34672
G1 X105.172 Y118.639 E5.37341
G1 X104.865 Y118.253 E5.38891
G1 X104.575 Y117.846 E5.40461
G1 X104.306 Y117.424 E5.42034
G1 X104.063 Y116.995 E5.43583
G1 X103.696 Y116.226 E5.46261
G1 X103.517 Y115.77 E5.478
G1 X103.358 Y115.295 E5.49374
G1 X103.224 Y114.813 E5.50946
G1 X103.118 Y114.332 E5.52494
G1 X102.992 Y113.489 E5.55173
G1 X102.953 Y113 E5.56715
G1 X102.94 Y112.508 E5.58262
G1 X102.978 Y111.657 E5.60939
G1 X103.033 Y111.17 E5.62479
G1 X103.116 Y110.676 E5.64053
G1 X103.224 Y110.187 E5.65627
G1 X103.356 Y109.713 E5.67173
G1 X103.617 Y108.977 E5.69627
G1 X103.617 Y108.977 F12000
G1 X103.283 Y108.795
G1 F4800
G1 X103.291 Y108.772 E5.69704
G1 X103.496 Y108.301 E5.71318
G1 X103.728 Y107.836 E5.72951
G1 X103.984 Y107.383 E5.74586
G1 X104.261 Y106.949 E5.76204
G1 X104.783 Y106.243 E5.78963
G1 X105.117 Y105.852 E5.80579
G1 X105.475 Y105.475 E5.82213
G1 X105.852 Y105.117 E5.83847
G1 X106.244 Y104.782 E5.85467
G1 X106.95 Y104.26 E5.88226
G1 X107.383 Y103.984 E5.8984
G1 X107.836 Y103.728 E5.91475
G1 X108.301 Y103.496 E5.93108
G1 X108.774 Y103.291 E5.94728
G1 X109.6 Y102.998 E5.97482
G1 X110.097 Y102.86 E5.99103
G1 X110.604 Y102.748 E6.00735
G1 X111.117 Y102.662 E6.0237
G1 X111.629 Y102.603 E6.0399
G1 X112.507 Y102.565 E6.06752
G1 X113.02 Y102.579 E6.08365
G1 X113.538 Y102.62 E6.09998
G1 X114.054 Y102.687 E6.11633
G1 X114.561 Y102.781 E6.13253
G1 X115.409 Y103.001 E6.16006
G1 X115.898 Y103.164 E6.17626
G1 X116.377 Y103.353 E6.19244
G1 X117.17 Y103.731 E6.22005
G1 X117.617 Y103.984 E6.23619
G1 X118.051 Y104.261 E6.25237
G1 X118.756 Y104.782 E6.27992
G1 X119.148 Y105.117 E6.29612
G1 X119.525 Y105.475 E6.31246
G1 X119.883 Y105.852 E6.3288
G1 X120.221 Y106.248 E6.34516
G1 X120.537 Y106.66 E6.36148
G1 X120.832 Y107.089 E6.37784
G1 X121.104 Y107.533 E6.3942
G1 X121.35 Y107.985 E6.41037
G1 X121.711 Y108.778 E6.43775
G1 X122.003 Y109.602 E6.46522
G1 X122.14 Y110.096 E6.48133
G1 X122.251 Y110.6 E6.49755
G1 X122.381 Y111.466 E6.52507
G1 X122.421 Y111.98 E6.54127
G1 X122.435 Y112.495 E6.55746
G1 X122.396 Y113.372 E6.58505
G1 X122.338 Y113.883 E6.60121
G1 X122.252 Y114.396 E6.61756
G1 X122.14 Y114.903 E6.63388
G1 X122.001 Y115.405 E6.65025
G1 X121.836 Y115.898 E6.66659
G1 X121.645 Y116.382 E6.68294
G1 X121.429 Y116.855 E6.69928
G1 X121.192 Y117.312 E6.71546
G1 X120.736 Y118.055 E6.74286
G1 X120.218 Y118.756 E6.77025
G1 X119.883 Y119.148 E6.78645
G1 X119.528 Y119.521 E6.80263
G1 X118.882 Y120.114 E6.83019
G1 X118.479 Y120.434 E6.84636
G1 X118.06 Y120.733 E6.86254
G1 X117.312 Y121.192 E6.89012
G1 X116.855 Y121.429 E6.9063
G1 X116.382 Y121.645 E6.92264
G1 X115.898 Y121.836 E6.93899
G1 X115.409 Y121.999 E6.95519
G1 X114.559 Y122.219 E6.98278
G1 X114.054 Y122.313 E6.99892
G1 X113.538 Y122.38 E7.01527
G1 X113.02 Y122.421 E7.0316
G1 X112.505 Y122.435 E7.04779
G1 X111.629 Y122.397 E7.07534
G1 X111.117 Y122.338 E7.09154
G1 X110.604 Y122.252 E7.10789
G1 X110.097 Y122.14 E7.12421
G1 X109.6 Y122.002 E7.14042
G1 X108.772 Y121.709 E7.16802
G1 X108.301 Y121.504 E7.18416
G1 X107.836 Y121.272 E7.20049
G1 X107.383 Y121.016 E7.21684
G1 X106.949 Y120.739 E7.23302
G1 X106.243 Y120.217 E7.26061
G1 X105.852 Y119.883 E7.27677
G1 X105.479 Y119.528 E7.29295
G1 X104.886 Y118.882 E7.32051
G1 X104.566 Y118.479 E7.33668
G1 X104.264 Y118.056 E7.35301
G1 X103.984 Y117.617 E7.36937
G1 X103.73 Y117.168 E7.38558
G1 X103.352 Y116.376 E7.41316
G1 X103.164 Y115.898 E7.4293
G1 X102.999 Y115.405 E7.44564
G1 X102.86 Y114.903 E7.46201
G1 X102.749 Y114.401 E7.47817
G1 X102.619 Y113.532 E7.50578
G1 X102.579 Y113.02 E7.52192
G1 X102.565 Y112.505 E7.53811
G1 X102.604 Y111.628 E7.5657
G1 X102.662 Y111.117 E7.58186
G1 X102.748 Y110.604 E7.59821
G1 X102.86 Y110.097 E7.61453
G1 X102.998 Y109.6 E7.63074
G1 X103.263 Y108.851 E7.65571
G1 X103.263 Y108.851 F12000
G1 X102.939 Y108.673
;TYPE:External perimeter
;WIDTH:0.4
G1 F2400
G1 X102.951 Y108.638 E7.65681
G1 X103.165 Y108.147 E7.67274
G1 X103.406 Y107.664 E7.6888
G1 X103.671 Y107.195 E7.70483
G1 X103.96 Y106.742 E7.72082
G1 X104.498 Y106.015 E7.74773
G1 X104.846 Y105.608 E7.76366
G1 X105.217 Y105.217 E7.77969
G1 X105.608 Y104.846 E7.79572
G1 X106.017 Y104.497 E7.81171
G1 X106.743 Y103.959 E7.83859
G1 X107.195 Y103.671 E7.85453
G1 X107.664 Y103.406 E7.87056
G1 X108.147 Y103.165 E7.88662
G1 X108.64 Y102.951 E7.90261
G1 X109.49 Y102.65 E7.92944
G1 X110.008 Y102.506 E7.94543
G1 X110.535 Y102.389 E7.96149
G1 X111.067 Y102.3 E7.97754
G1 X111.601 Y102.239 E7.99353
G1 X112.503 Y102.2 E8.02039
G1 X113.039 Y102.214 E8.03634
G1 X113.577 Y102.256 E8.05239
G1 X114.111 Y102.327 E8.06842
G1 X114.64 Y102.425 E8.08442
G1 X115.513 Y102.651 E8.11125
G1 X116.023 Y102.821 E8.12724
G1 X116.523 Y103.018 E8.14323
G1 X117.339 Y103.407 E8.17012
G1 X117.805 Y103.671 E8.18605
G1 X118.258 Y103.96 E8.20204
G1 X118.983 Y104.497 E8.22888
G1 X119.392 Y104.846 E8.24487
G1 X119.783 Y105.217 E8.2609
G1 X120.154 Y105.608 E8.27693
G1 X120.505 Y106.018 E8.29299
G1 X120.833 Y106.446 E8.30903
G1 X121.138 Y106.89 E8.32505
G1 X121.42 Y107.35 E8.3411
G1 X121.676 Y107.822 E8.35707
G1 X122.05 Y108.642 E8.38388
G1 X122.351 Y109.492 E8.41071
G1 X122.494 Y110.008 E8.42664
G1 X122.61 Y110.533 E8.44263
G1 X122.744 Y111.425 E8.46946
G1 X122.786 Y111.961 E8.48545
G1 X122.8 Y112.498 E8.50143
G1 X122.76 Y113.401 E8.52832
G1 X122.7 Y113.933 E8.54425
G1 X122.611 Y114.465 E8.5603
G1 X122.494 Y114.992 E8.57636
G1 X122.35 Y115.511 E8.59238
G1 X122.179 Y116.023 E8.60844
G1 X121.981 Y116.524 E8.62447
G1 X121.758 Y117.015 E8.64051
G1 X121.509 Y117.492 E8.65652
G1 X121.039 Y118.26 E8.68331
G1 X120.503 Y118.983 E8.71008
G1 X120.154 Y119.392 E8.72607
G1 X119.784 Y119.782 E8.74206
G1 X119.119 Y120.391 E8.76889
G1 X118.699 Y120.726 E8.78487
G1 X118.261 Y121.038 E8.80087
G1 X117.492 Y121.509 E8.8277
G1 X117.015 Y121.758 E8.84371
G1 X116.524 Y121.981 E8.85975
G1 X116.023 Y122.179 E8.87578
G1 X115.513 Y122.349 E8.89177
G1 X114.638 Y122.576 E8.91866
G1 X114.111 Y122.673 E8.9346
G1 X113.577 Y122.744 E8.95063
G1 X113.039 Y122.786 E8.96668
G1 X112.502 Y122.8 E8.98266
G1 X111.601 Y122.761 E9.00949
G1 X111.067 Y122.7 E9.02548
G1 X110.535 Y122.611 E9.04153
G1 X110.008 Y122.494 E9.05759
G1 X109.49 Y122.35 E9.07358
G1 X108.638 Y122.049 E9.10046
G1 X108.147 Y121.835 E9.11639
G1 X107.665 Y121.594 E9.13242
G1 X107.195 Y121.329 E9.14847
G1 X106.742 Y121.04 E9.16446
G1 X106.015 Y120.502 E9.19137
G1 X105.608 Y120.154 E9.2073
G1 X105.218 Y119.784 E9.22329
G1 X104.609 Y119.119 E9.25012
G1 X104.274 Y118.699 E9.2661
G1 X103.961 Y118.26 E9.28214
G1 X103.671 Y117.805 E9.29819
G1 X103.407 Y117.337 E9.31417
G1 X103.018 Y116.521 E9.34106
G1 X102.821 Y116.023 E9.35699
G1 X102.65 Y115.511 E9.37305
G1 X102.506 Y114.992 E9.38907
G1 X102.39 Y114.467 E9.40506
G1 X102.256 Y113.573 E9.43195
G1 X102.214 Y113.039 E9.44789
G1 X102.2 Y112.502 E9.46387
G1 X102.24 Y111.599 E9.49076
G1 X102.3 Y111.067 E9.50669
G1 X102.389 Y110.535 E9.52274
G1 X102.506 Y110.008 E9.5388
G1 X102.65 Y109.49 E9.55479
G1 X102.919 Y108.73 E9.57877
G1 X103.073 Y108.36 F12000
G1 E7.57877 F2400
G92 E0
M107
;TYPE:Custom
; Filament-specific end gcode 
;END gcode for filament
M104 S0 ; turn off temperature
G28 X0  ; home X axis
M84     ; disable motors
; objects_info = {"objects":[]}
; filament used [mm] = 656.67
; filament used [cm3] = 1.58
; total filament used [g] = 0.00
; total filament cost = 0.00
; total filament used for wipe tower [g] = 0.00
; estimated printing time (normal mode) = 7m 45s
; estimated first layer printing time (normal mode) = 42s

; prusaslicer_config = begin
; arc_fitting = disabled
; autoemit_temperature_commands = 1
; avoid_crossing_curled_overhangs = 0
; avoid_crossing_perimeters = 0
; avoid_crossing_perimeters_max_detour = 0
; bed_custom_model = 
; bed_custom_texture = 
; bed_shape = -5x-5,230x-5,230x230,-5x230
; bed_temperature = 70
; before_layer_gcode = 
; between_objects_gcode = 
; binary_gcode = 0
; bottom_fill_pattern = monotonic
; bottom_solid_layers = 3
; bottom_solid_min_thickness = 0
; bridge_acceleration = 0
; bridge_angle = 0
; bridge_fan_speed = 35
; bridge_flow_ratio = 1
; bridge_speed = 60
; brim_separation = 0
; brim_type = outer_only
; brim_width = 3
; color_change_gcode = M600
; complete_objects = 0
; cooling = 1
; cooling_tube_length = 5
; cooling_tube_retraction = 91.5
; default_acceleration = 0
; default_filament_profile = 
; default_print_profile = 
; deretract_speed = 0
; disable_fan_first_layers = 3
; dont_support_bridges = 1
; draft_shield = disabled
; duplicate_distance = 6
; elefant_foot_compensation = 0
; enable_dynamic_fan_speeds = 0
; enable_dynamic_overhang_speeds = 0
; end_filament_gcode = "; Filament-specific end gcode \n;END gcode for filament\n"
; end_gcode = M104 S0 ; turn off temperature\nG28 X0  ; home X axis\nM84     ; disable motors\n
; external_perimeter_acceleration = 0
; external_perimeter_extrusion_width = 0.4
; external_perimeter_speed = 50%
; external_perimeters_first = 0
; extra_loading_move = -2
; extra_perimeters = 1
; extra_perimeters_on_overhangs = 0
; extruder_clearance_height = 20
; extruder_clearance_radius = 20
; extruder_colour = ""
; extruder_offset = 0x0
; extrusion_axis = E
; extrusion_multiplier = 0.96
; extrusion_width = 0.42
; fan_always_on = 0
; fan_below_layer_time = 60
; filament_colour = #29B2B2
; filament_cooling_final_speed = 3.4
; filament_cooling_initial_speed = 2.2
; filament_cooling_moves = 4
; filament_cost = 0
; filament_density = 0
; filament_diameter = 1.75
; filament_load_time = 0
; filament_loading_speed = 28
; filament_loading_speed_start = 3
; filament_max_volumetric_speed = 0
; filament_minimal_purge_on_wipe_tower = 15
; filament_multitool_ramming = 0
; filament_multitool_ramming_flow = 10
; filament_multitool_ramming_volume = 10
; filament_notes = ""
; filament_purge_multiplier = 100%
; filament_ramming_parameters = "120 100 6.6 6.8 7.2 7.6 7.9 8.2 8.7 9.4 9.9 10.0| 0.05 6.6 0.45 6.8 0.95 7.8 1.45 8.3 1.95 9.7 2.45 10 2.95 7.6 3.45 7.6 3.95 7.6 4.45 7.6 4.95 7.6"
; filament_settings_id = ElegooPrinter
; filament_soluble = 0
; filament_spool_weight = 0
; filament_stamping_distance = 0
; filament_stamping_loading_speed = 20
; filament_toolchange_delay = 0
; filament_type = PET
; filament_unload_time = 0
; filament_unloading_speed = 90
; filament_unloading_speed_start = 100
; filament_vendor = (Unknown)
; fill_angle = 45
; fill_density = 10%
; fill_pattern = rectilinear
; first_layer_acceleration = 0
; first_layer_acceleration_over_raft = 0
; first_layer_bed_temperature = 70
; first_layer_extrusion_width = 0.5
; first_layer_height = 0.2
; first_layer_speed = 30
; first_layer_speed_over_raft = 30
; first_layer_temperature = 235
; full_fan_speed_layer = 0
; fuzzy_skin = none
; fuzzy_skin_point_dist = 0.8
; fuzzy_skin_thickness = 0.3
; gap_fill_enabled = 1
; gap_fill_speed = 60
; gcode_comments = 0
; gcode_flavor = klipper
; gcode_label_objects = disabled
; gcode_resolution = 0.0125
; gcode_substitutions = 
; high_current_on_filament_swap = 0
; host_type = prusalink
; infill_acceleration = 0
; infill_anchor = 600%
; infill_anchor_max = 50
; infill_every_layers = 1
; infill_extruder = 1
; infill_extrusion_width = 0.42
; infill_first = 1
; infill_overlap = 0%
; infill_speed = 100
; interface_shells = 0
; ironing = 0
; ironing_flowrate = 15%
; ironing_spacing = 0.1
; ironing_speed = 15
; ironing_type = top
; layer_gcode = 
; layer_height = 0.21
; machine_limits_usage = time_estimate_only
; machine_max_acceleration_e = 10000,5000
; machine_max_acceleration_extruding = 1500,1250
; machine_max_acceleration_retracting = 1500,1250
; machine_max_acceleration_travel = 1500,1250
; machine_max_acceleration_x = 9000,1000
; machine_max_acceleration_y = 9000,1000
; machine_max_acceleration_z = 500,200
; machine_max_feedrate_e = 120,120
; machine_max_feedrate_x = 500,200
; machine_max_feedrate_y = 500,200
; machine_max_feedrate_z = 12,12
; machine_max_jerk_e = 2.5,2.5
; machine_max_jerk_x = 10,10
; machine_max_jerk_y = 10,10
; machine_max_jerk_z = 0.2,0.4
; machine_min_extruding_rate = 0,0
; machine_min_travel_rate = 0,0
; max_fan_speed = 35
; max_layer_height = 0
; max_print_height = 300
; max_print_speed = 150
; max_volumetric_extrusion_rate_slope_negative = 0
; max_volumetric_extrusion_rate_slope_positive = 0
; max_volumetric_speed = 0
; min_bead_width = 85%
; min_fan_speed = 30
; min_feature_size = 25%
; min_layer_height = 0.07
; min_print_speed = 10
; min_skirt_length = 0
; mmu_segmented_region_interlocking_depth = 0
; mmu_segmented_region_max_width = 0
; multimaterial_purging = 140
; notes = 
; nozzle_diameter = 0.4
; only_retract_when_crossing_perimeters = 0
; ooze_prevention = 0
; output_filename_format = [input_filename_base].gcode
; overhang_fan_speed_0 = 0
; overhang_fan_speed_1 = 0
; overhang_fan_speed_2 = 0
; overhang_fan_speed_3 = 0
; overhang_speed_0 = 15
; overhang_speed_1 = 15
; overhang_speed_2 = 20
; overhang_speed_3 = 25
; overhangs = 1
; parking_pos_retraction = 92
; pause_print_gcode = M601
; perimeter_acceleration = 0
; perimeter_extruder = 1
; perimeter_extrusion_width = 0.42
; perimeter_generator = classic
; perimeter_speed = 80
; perimeters = 4
; physical_printer_settings_id = 
; post_process = 
; print_settings_id = ElegooPrinter
; printer_model = 
; printer_notes = 
; printer_settings_id = ElegooPrinter
; printer_technology = FFF
; printer_variant = 
; printer_vendor = 
; raft_contact_distance = 0.1
; raft_expansion = 1.5
; raft_first_layer_density = 90%
; raft_first_layer_expansion = 1
; raft_layers = 0
; remaining_times = 0
; resolution = 0
; retract_before_travel = 2
; retract_before_wipe = 0%
; retract_layer_change = 0
; retract_length = 2
; retract_length_toolchange = 10
; retract_lift = 0.4
; retract_lift_above = 0
; retract_lift_below = 0
; retract_restart_extra = 0
; retract_restart_extra_toolchange = 0
; retract_speed = 40
; seam_position = aligned
; silent_mode = 1
; single_extruder_multi_material = 0
; single_extruder_multi_material_priming = 1
; skirt_distance = 10
; skirt_height = 1
; skirts = 0
; slice_closing_radius = 0.049
; slicing_mode = regular
; slowdown_below_layer_time = 5
; small_perimeter_speed = 60
; solid_infill_acceleration = 0
; solid_infill_below_area = 70
; solid_infill_every_layers = 0
; solid_infill_extruder = 1
; solid_infill_extrusion_width = 0.42
; solid_infill_speed = 80
; spiral_vase = 0
; staggered_inner_seams = 0
; standby_temperature_delta = -5
; start_filament_gcode = "; Filament gcode\n"
; start_gcode = M104 S0 ; Трюк: сообщаем слайсеру, что температура сопла установлена (в 0), чтобы он не вставлял свой M109\nM140 S0 ; Трюк: сообщаем слайсеру, что температура стола установлена (в 0), чтобы он не вставлял свой M190\nM104 S[first_layer_temperature] ; Реальный нагрев сопла без ожидания (для безопасности, если макрос не сработает)\nM140 S[first_layer_bed_temperature] ; Реальный нагрев стола без ожидания\nSTART_PRINT BED_TEMP=[first_layer_bed_temperature] EXTRUDER_TEMP=[first_layer_temperature]\n\n
; support_material = 1
; support_material_angle = 0
; support_material_auto = 1
; support_material_bottom_contact_distance = 0
; support_material_bottom_interface_layers = -1
; support_material_buildplate_only = 0
; support_material_closing_radius = 2
; support_material_contact_distance = 0.2
; support_material_enforce_layers = 0
; support_material_extruder = 1
; support_material_extrusion_width = 0.35
; support_material_interface_contact_loops = 0
; support_material_interface_extruder = 1
; support_material_interface_layers = 3
; support_material_interface_pattern = rectilinear
; support_material_interface_spacing = 0.5
; support_material_interface_speed = 100%
; support_material_pattern = rectilinear
; support_material_spacing = 1.5
; support_material_speed = 60
; support_material_style = organic
; support_material_synchronize_layers = 0
; support_material_threshold = 0
; support_material_with_sheath = 1
; support_material_xy_spacing = 50%
; support_tree_angle = 40
; support_tree_angle_slow = 25
; support_tree_branch_diameter = 2
; support_tree_branch_diameter_angle = 5
; support_tree_branch_diameter_double_wall = 3
; support_tree_branch_distance = 1
; support_tree_tip_diameter = 0.8
; support_tree_top_rate = 15%
; temperature = 235
; template_custom_gcode = 
; thick_bridges = 1
; thin_walls = 1
; thumbnails = 
; thumbnails_format = PNG
; toolchange_gcode = 
; top_fill_pattern = monotonic
; top_infill_extrusion_width = 0.42
; top_solid_infill_acceleration = 0
; top_solid_infill_speed = 70
; top_solid_layers = 3
; top_solid_min_thickness = 0
; travel_acceleration = 0
; travel_lift_before_obstacle = 0
; travel_max_lift = 0
; travel_ramping_lift = 0
; travel_slope = 0
; travel_speed = 200
; travel_speed_z = 0
; use_firmware_retraction = 0
; use_relative_e_distances = 0
; use_volumetric_e = 0
; variable_layer_height = 1
; wall_distribution_count = 1
; wall_transition_angle = 10
; wall_transition_filter_deviation = 25%
; wall_transition_length = 100%
; wipe = 0
; wipe_into_infill = 0
; wipe_into_objects = 0
; wipe_tower = 0
; wipe_tower_acceleration = 0
; wipe_tower_bridging = 10
; wipe_tower_brim_width = 2
; wipe_tower_cone_angle = 0
; wipe_tower_extra_flow = 100%
; wipe_tower_extra_spacing = 100%
; wipe_tower_extruder = 0
; wipe_tower_no_sparse_layers = 0
; wipe_tower_rotation_angle = 0
; wipe_tower_width = 60
; wipe_tower_x = 180
; wipe_tower_y = 140
; wiping_volumes_matrix = 0
; wiping_volumes_use_custom_matrix = 0
; xy_size_compensation = 0
; z_offset = 0
; prusaslicer_config = end
